domainID,siteID,plotID,trapID,nlcdClass,decimalLatitude,decimalLongitude,elevation,MDS1,MDS2
D02,SCBI,SCBI_004,S,deciduousForest,38.896755,-78.146463,312.6,-1.608573816,-0.795026162
D02,SCBI,SCBI_004,N,deciduousForest,38.897115,-78.146448,312.6,-1.603498123,-1.098558045
D02,SCBI,SCBI_004,W,deciduousForest,38.896941,-78.146686,312.6,-1.493911159,-1.055559729
D02,SCBI,SCBI_004,E,deciduousForest,38.89693,-78.146225,312.6,-1.580441667,-1.095331589
D02,SCBI,SCBI_010,N,deciduousForest,38.884956,-78.125145,491.3,-1.652106872,-0.792404197
D02,SCBI,SCBI_010,W,deciduousForest,38.884782,-78.125382,491.3,-1.188899892,-0.689450411
D02,SCBI,SCBI_010,E,deciduousForest,38.884771,-78.124922,491.3,-1.469663514,-0.690572723
D02,SCBI,SCBI_007,S,deciduousForest,38.884735,-78.130303,409.1,-1.736473923,-0.705702522
D02,SCBI,SCBI_003,S,deciduousForest,38.883131,-78.120378,568.7,-1.758474954,-0.832825878
D02,SCBI,SCBI_003,N,deciduousForest,38.883491,-78.120363,568.7,-1.659040746,-0.846230377
D02,SCBI,SCBI_002,W,deciduousForest,38.895218,-78.142931,316.8,-1.316721657,-0.895455889
D02,SCBI,SCBI_005,N,deciduousForest,38.900719,-78.161852,269.8,-1.48692007,-1.130280376
D02,SCBI,SCBI_005,S,deciduousForest,38.900359,-78.161866,269.8,-1.408048991,-1.375259983
D02,SCBI,SCBI_005,W,deciduousForest,38.900545,-78.162089,269.8,-1.596134323,-1.149742637
D02,SCBI,SCBI_005,E,deciduousForest,38.900533,-78.161629,269.8,-1.824880167,-1.352496942
D02,SCBI,SCBI_033,S,pastureHay,38.888737,-78.161309,299.3,-1.113758996,-1.524934571
D02,SCBI,SCBI_012,W,pastureHay,38.889101,-78.169126,264.6,-1.570613864,-1.281613862
D02,SCBI,SCBI_012,E,pastureHay,38.88909,-78.168665,264.6,-1.141149144,-1.49852495
D02,SCBI,SCBI_012,N,pastureHay,38.889275,-78.168888,264.6,-1.033419497,-1.516109359
D02,SCBI,SCBI_008,N,deciduousForest,38.888091,-78.147126,367.5,-1.683545219,-0.862857343
D02,SCBI,SCBI_008,S,deciduousForest,38.887731,-78.147141,367.5,-1.495337291,-0.956758964
D02,SCBI,SCBI_008,E,deciduousForest,38.887906,-78.146903,367.5,-1.202984388,-1.393204635
D02,SCBI,SCBI_008,W,deciduousForest,38.887917,-78.147364,367.5,-1.716900614,-1.143091244
D02,SCBI,SCBI_002,N,deciduousForest,38.895392,-78.142693,316.8,-1.299488133,-0.950743599
D02,SCBI,SCBI_033,E,pastureHay,38.888911,-78.161072,299.3,-1.012612551,-0.850553907
D02,SCBI,SCBI_010,S,deciduousForest,38.884596,-78.125159,491.3,-1.388642303,-0.859720914
D02,SCBI,SCBI_007,E,deciduousForest,38.884909,-78.130066,409.1,-1.709999309,-0.795158432
D02,SCBI,SCBI_007,W,deciduousForest,38.88492,-78.130526,409.1,-1.755456016,-0.756128125
D02,SCBI,SCBI_003,E,deciduousForest,38.883305,-78.12014,568.7,-1.801210002,-0.884102973
D02,SCBI,SCBI_002,S,deciduousForest,38.895032,-78.142708,316.8,-1.348068411,-0.777511198
D02,SCBI,SCBI_007,N,deciduousForest,38.885095,-78.130289,409.1,-1.540129958,-0.904692967
D02,SCBI,SCBI_003,W,deciduousForest,38.883316,-78.120601,568.7,-1.562735254,-0.939325153
D02,SCBI,SCBI_002,E,deciduousForest,38.895206,-78.14247,316.8,-1.838609932,-0.980181836
D02,SCBI,SCBI_033,W,pastureHay,38.888922,-78.161532,299.3,-1.248684345,-1.568874592
D03,DSNY,DSNY_004,N,woodyWetlands,28.099914,-81.399971,17.2,0.983369052,1.824540286
D03,DSNY,DSNY_001,E,woodyWetlands,28.096699,-81.418374,19,-172.3270165,149.7494754
D03,DSNY,DSNY_021,W,pastureHay,28.052639,-81.393579,18.1,0.842829768,1.705740372
D03,DSNY,DSNY_006,S,woodyWetlands,28.092784,-81.399334,19,0.983369052,1.824540286
D03,DSNY,DSNY_005,N,woodyWetlands,28.039822,-81.393318,17.8,0.654526088,1.575518141
D03,DSNY,DSNY_021,N,pastureHay,28.05282,-81.393376,18.1,0.771222497,1.770491646
D03,DSNY,DSNY_016,N,pastureHay,28.044127,-81.393639,18,0.300685431,1.47029899
D03,DSNY,DSNY_016,E,pastureHay,28.043947,-81.393435,18,0.80913199,1.615531108
D03,DSNY,DSNY_007,N,woodyWetlands,28.053291,-81.417504,16.1,0.667609538,1.863448973
D03,DSNY,DSNY_007,S,woodyWetlands,28.05293,-81.417502,16.1,0.61503479,1.724287934
D03,DSNY,DSNY_003,S,woodyWetlands,28.074028,-81.425532,17.2,0.68885303,1.536518031
D03,DSNY,DSNY_003,E,woodyWetlands,28.07421,-81.425329,17.2,0.535745632,1.569478407
D03,DSNY,DSNY_002,S,woodyWetlands,28.048066,-81.416883,16,1.235376066,1.405840867
D03,DSNY,DSNY_002,N,woodyWetlands,28.048427,-81.416885,16,1.025154886,1.57704199
D03,DSNY,DSNY_001,S,woodyWetlands,28.096518,-81.418577,19,0.707858529,1.516293374
D03,DSNY,DSNY_016,S,pastureHay,28.043766,-81.393638,18,0.22605121,1.465970726
D03,DSNY,DSNY_002,W,woodyWetlands,28.048246,-81.417087,16,0.929659734,1.74096405
D03,DSNY,DSNY_016,W,pastureHay,28.043945,-81.393842,18,0.262020924,1.250035562
D03,DSNY,DSNY_006,E,woodyWetlands,28.092965,-81.399131,19,0.675885392,1.389960193
D03,DSNY,DSNY_005,W,woodyWetlands,28.03964,-81.393521,17.8,0.903627066,1.638651971
D03,DSNY,DSNY_001,W,woodyWetlands,28.096698,-81.418781,19,0.903627066,1.638651971
D03,DSNY,DSNY_002,E,woodyWetlands,28.048247,-81.41668,16,0.745535889,1.891676555
D03,DSNY,DSNY_005,E,woodyWetlands,28.039642,-81.393114,17.8,0.510486379,1.378349826
D03,DSNY,DSNY_006,W,woodyWetlands,28.092964,-81.399538,19,0.676684567,1.268939354
D03,DSNY,DSNY_007,W,woodyWetlands,28.05311,-81.417706,16.1,0.688061365,1.697401303
D03,JERC,JERC_007,N,evergreenForest,31.198812,-84.476307,36.8,0.791531761,1.868436385
D03,JERC,JERC_001,N,deciduousForest,31.194498,-84.477072,37.9,0.532506223,1.182451442
D03,JERC,JERC_001,W,deciduousForest,31.194322,-84.477287,37.9,0.608076927,1.150855964
D03,OSBS,OSBS_004,N,evergreenForest,29.684257,-81.959114,36.8,0.551893976,0.765563306
D03,OSBS,OSBS_002,S,evergreenForest,29.703676,-81.956818,31.5,0.92134368,0.442975252
D03,OSBS,OSBS_003,N,evergreenForest,29.695171,-81.947424,33.9,0.276992774,0.748242621
D03,OSBS,OSBS_006,E,evergreenForest,29.686611,-81.982794,33,0.790467262,0.30754504
D03,OSBS,OSBS_002,N,evergreenForest,29.704037,-81.956821,31.5,0.871252049,0.492892404
D03,OSBS,OSBS_004,W,evergreenForest,29.684075,-81.959319,36.8,0.386113,0.453816088
D03,OSBS,OSBS_003,W,evergreenForest,29.694989,-81.947629,33.9,0.492490032,0.964448043
D03,OSBS,OSBS_005,W,woodyWetlands,29.696563,-82.025786,30.2,0.983369052,1.824540286
D03,OSBS,OSBS_004,E,evergreenForest,29.684078,-81.958906,36.8,0.720440961,0.700873133
D03,OSBS,OSBS_007,W,evergreenForest,29.690277,-81.962779,34.3,0.720440961,0.700873133
D03,OSBS,OSBS_003,E,evergreenForest,29.694992,-81.947216,33.9,0.599289979,0.87456701
D03,OSBS,OSBS_002,E,evergreenForest,29.703858,-81.956613,31.5,0.255099654,0.894436303
D03,OSBS,OSBS_008,N,evergreenForest,29.685236,-82.007161,45.2,0.720440961,0.700873133
D03,OSBS,OSBS_003,S,evergreenForest,29.69481,-81.947421,33.9,0.033280239,0.420600119
D03,OSBS,OSBS_006,N,evergreenForest,29.686789,-81.983002,33,0.720440961,0.700873133
D03,OSBS,OSBS_008,E,evergreenForest,29.685057,-82.006952,45.2,0.720440961,0.700873133
D07,ORNL,ORNL_031,E,pastureHay,35.948602,-84.221691,266.7,-0.08707203,-1.37316028
D07,ORNL,ORNL_031,W,pastureHay,35.948612,-84.222134,266.7,0.042084179,-1.442721367
D07,ORNL,ORNL_032,N,evergreenForest,35.944697,-84.326486,263.1,-0.285376889,-0.98593703
D07,ORNL,ORNL_032,W,evergreenForest,35.944521,-84.326714,263.1,-0.431010122,-0.971741599
D07,ORNL,ORNL_032,E,evergreenForest,35.944512,-84.326271,263.1,-0.357661872,-0.917532436
D07,ORNL,ORNL_029,W,evergreenForest,35.957652,-84.26206,272.5,-0.450492287,-0.748856507
D07,ORNL,ORNL_029,E,evergreenForest,35.957641,-84.261617,272.5,-0.534639714,-1.067085548
D07,ORNL,ORNL_027,E,evergreenForest,35.916306,-84.263059,245.6,-0.433847555,-1.182922736
D07,ORNL,ORNL_027,S,evergreenForest,35.916131,-84.263286,245.6,-0.587166158,-1.255731412
D07,ORNL,ORNL_027,W,evergreenForest,35.916316,-84.263501,245.6,-0.512957435,-1.159469501
D07,ORNL,ORNL_021,E,pastureHay,35.955636,-84.221125,277.6,-0.041081227,-1.399286974
D07,ORNL,ORNL_021,N,pastureHay,35.955821,-84.221341,277.6,-0.236018352,-1.381551096
D07,ORNL,ORNL_006,W,deciduousForest,35.938237,-84.323908,283.6,-0.419511816,-0.89879809
D07,ORNL,ORNL_006,S,deciduousForest,35.938052,-84.323692,283.6,-0.505285125,-1.197506864
D07,ORNL,ORNL_006,N,deciduousForest,35.938412,-84.32368,283.6,-0.381895855,-1.405311929
D07,ORNL,ORNL_004,W,deciduousForest,35.907952,-84.275434,296.1,-0.190816718,-1.763531141
D07,ORNL,ORNL_004,S,deciduousForest,35.907767,-84.275219,296.1,0.337640397,-1.552849834
D07,ORNL,ORNL_003,N,deciduousForest,35.966049,-84.230634,262,-0.533649487,-1.196225284
D07,ORNL,ORNL_003,W,deciduousForest,35.965874,-84.230862,262,-0.464531068,-1.104494066
D07,ORNL,ORNL_002,S,deciduousForest,35.982025,-84.21276,306.9,-0.370959162,-1.326195823
D07,ORNL,ORNL_002,W,deciduousForest,35.98221,-84.212975,306.9,-0.680260205,-1.140563972
D07,ORNL,ORNL_001,N,deciduousForest,35.93043,-84.270103,244.6,-0.427923727,-1.115895254
D07,ORNL,ORNL_001,W,deciduousForest,35.930255,-84.270331,244.6,-0.207291414,-1.749281226
D07,ORNL,ORNL_032,S,evergreenForest,35.944336,-84.326498,263.1,-0.395434213,-0.985072618
D07,ORNL,ORNL_027,N,evergreenForest,35.916491,-84.263274,245.6,-0.669670563,-1.045943002
D07,ORNL,ORNL_006,E,deciduousForest,35.938227,-84.323465,283.6,-0.513338226,-0.936231524
D07,ORNL,ORNL_003,S,deciduousForest,35.965689,-84.230647,262,-0.511552451,-1.134561761
D07,ORNL,ORNL_002,N,deciduousForest,35.982385,-84.212747,306.9,-0.77833979,-1.116660713
D07,ORNL,ORNL_001,E,deciduousForest,35.930245,-84.269888,244.6,-0.104354161,-2.120861249
D07,ORNL,ORNL_031,N,pastureHay,35.948787,-84.221906,266.7,-0.102425636,-1.331562859
D07,ORNL,ORNL_031,S,pastureHay,35.948427,-84.221919,266.7,-0.262898794,-1.360562037
D07,ORNL,ORNL_029,S,evergreenForest,35.957466,-84.261844,272.5,-0.483941582,-1.264788244
D07,ORNL,ORNL_021,W,pastureHay,35.955646,-84.221568,277.6,-0.410335133,-1.345535604
D07,ORNL,ORNL_021,S,pastureHay,35.955461,-84.221353,277.6,-0.149170339,-0.806801723
D07,ORNL,ORNL_004,N,deciduousForest,35.908127,-84.275206,296.1,-0.234149072,-1.73089
D07,ORNL,ORNL_029,N,evergreenForest,35.957827,-84.261832,272.5,0.108541926,-0.879001912
D07,ORNL,ORNL_004,E,deciduousForest,35.907942,-84.274991,296.1,-0.329320712,-1.304452646
D07,ORNL,ORNL_003,E,deciduousForest,35.965864,-84.230419,262,-0.370643609,-0.99774981
D10,CPER,CPER_003,W,grasslandHerbaceous,40.818452,-104.707406,1623.8,-0.17310427,-2.232841071
D10,CPER,CPER_006,W,grasslandHerbaceous,40.814765,-104.748318,1649.9,-0.469586043,-2.372974763
D10,CPER,CPER_006,E,grasslandHerbaceous,40.814764,-104.747844,1649.9,-0.515610241,-2.159397212
D10,CPER,CPER_005,E,grasslandHerbaceous,40.853094,-104.727767,1664.4,-0.575975153,-2.442874052
D10,CPER,CPER_010,W,grasslandHerbaceous,40.850012,-104.68163,1646.2,-0.379430584,-2.32877603
D10,CPER,CPER_010,E,grasslandHerbaceous,40.850011,-104.681156,1646.2,-0.117199001,-2.015198259
D10,CPER,CPER_007,S,grasslandHerbaceous,40.861738,-104.683829,1646.7,-0.19864713,-2.278495963
D10,CPER,CPER_004,E,grasslandHerbaceous,40.812749,-104.696642,1622.7,-0.28532154,-2.310549152
D10,CPER,CPER_002,W,grasslandHerbaceous,40.810939,-104.729481,1651.1,-0.394387118,-2.04997634
D10,CPER,CPER_002,S,grasslandHerbaceous,40.810758,-104.729244,1651.1,-0.36505192,-2.255346242
D10,CPER,CPER_001,W,grasslandHerbaceous,40.850863,-104.699778,1637.9,-0.104354161,-2.120861249
D10,CPER,CPER_001,S,grasslandHerbaceous,40.850682,-104.699541,1637.9,-0.215921703,-1.858386195
D10,CPER,CPER_001,E,grasslandHerbaceous,40.850862,-104.699303,1637.9,-0.104354161,-2.120861249
D10,CPER,CPER_003,E,grasslandHerbaceous,40.818451,-104.706932,1623.8,-0.492859326,-2.253893872
D10,CPER,CPER_003,S,grasslandHerbaceous,40.818271,-104.70717,1623.8,-0.328606047,-2.216660581
D10,CPER,CPER_003,S,grasslandHerbaceous,40.818271,-104.707165,0,-0.328606047,-2.216660581
D10,CPER,CPER_006,S,grasslandHerbaceous,40.814588,-104.748079,0,-0.402172243,-2.391158133
D10,CPER,CPER_005,W,grasslandHerbaceous,40.853094,-104.728244,0,-0.247887235,-2.381460747
D10,CPER,CPER_010,N,grasslandHerbaceous,40.85019,-104.681397,0,-0.385525254,-2.51725905
D10,CPER,CPER_010,W,grasslandHerbaceous,40.85001,-104.681636,0,-0.379430584,-2.32877603
D10,CPER,CPER_010,S,grasslandHerbaceous,40.849829,-104.681399,0,-0.095703938,-2.066457402
D10,CPER,CPER_009,N,grasslandHerbaceous,40.8263,-104.745902,0,-0.29495658,-2.098845994
D10,CPER,CPER_007,E,grasslandHerbaceous,40.861914,-104.683595,0,-0.303227355,-2.05584352
D10,CPER,CPER_007,N,grasslandHerbaceous,40.862095,-104.683831,0,-0.34150315,-2.287181761
D10,CPER,CPER_007,S,grasslandHerbaceous,40.861735,-104.683833,0,-0.19864713,-2.278495963
D10,CPER,CPER_004,S,grasslandHerbaceous,40.812569,-104.696874,0,-0.318757858,-2.154562684
D10,CPER,CPER_004,N,grasslandHerbaceous,40.81293,-104.696872,0,-0.263922492,-2.258723202
D10,CPER,CPER_004,W,grasslandHerbaceous,40.81275,-104.69711,0,-0.254457902,-2.29115845
D10,CPER,CPER_002,W,grasslandHerbaceous,40.810935,-104.729485,0,-0.572508035,-2.282217353
D10,CPER,CPER_001,W,grasslandHerbaceous,40.850866,-104.699772,0,-0.104354161,-2.120861249
D10,CPER,CPER_001,S,grasslandHerbaceous,40.850685,-104.699535,0,-0.215921703,-1.858386195
D10,CPER,CPER_005,S,grasslandHerbaceous,40.852913,-104.728007,0,-0.432979623,-2.323187561
D10,CPER,CPER_009,W,grasslandHerbaceous,40.826121,-104.74614,0,-0.287326994,-2.184031512
D10,CPER,CPER_007,W,grasslandHerbaceous,40.861916,-104.68407,0,-0.293452547,-2.430378383
D10,CPER,CPER_008,W,grasslandHerbaceous,40.798822,-104.749449,0,-0.657481008,-2.575501903
D10,CPER,CPER_004,E,grasslandHerbaceous,40.812749,-104.696636,0,-0.28532154,-2.310549152
D10,CPER,CPER_002,N,grasslandHerbaceous,40.811114,-104.729247,0,-0.357209054,-2.112166508
D10,CPER,CPER_003,E,grasslandHerbaceous,40.81845,-104.706927,0,-0.492859326,-2.253893872
D10,CPER,CPER_003,N,grasslandHerbaceous,40.818631,-104.707163,0,-0.403340566,-2.23463827
D10,CPER,CPER_003,W,grasslandHerbaceous,40.818451,-104.707401,0,-0.17310427,-2.232841071
D10,CPER,CPER_006,N,grasslandHerbaceous,40.814949,-104.748077,0,-0.243663956,-1.857960361
D10,CPER,CPER_009,E,grasslandHerbaceous,40.82612,-104.745666,0,-0.498831424,-2.37883952
D10,CPER,CPER_002,E,grasslandHerbaceous,40.810934,-104.729011,0,-0.475354736,-2.425781812
D10,CPER,CPER_001,N,grasslandHerbaceous,40.851046,-104.699534,0,-0.104354161,-2.120861249
D10,CPER,CPER_001,E,grasslandHerbaceous,40.850865,-104.699297,0,-0.104354161,-2.120861249
D10,CPER,CPER_006,E,grasslandHerbaceous,40.814768,-104.747841,0,-0.515610241,-2.159397212
D10,CPER,CPER_005,E,grasslandHerbaceous,40.853093,-104.727769,0,-0.26757872,-1.938921902
D10,CPER,CPER_008,N,grasslandHerbaceous,40.799002,-104.749211,0,-0.156963113,-1.957220155
D10,CPER,CPER_008,S,grasslandHerbaceous,40.798642,-104.749212,0,-0.922145791,-2.528007133
D10,CPER,CPER_008,E,grasslandHerbaceous,40.798821,-104.748975,0,-0.688392316,-2.561615727
D10,CPER,CPER_002,S,grasslandHerbaceous,40.810754,-104.729249,0,-0.36505192,-2.255346242
D10,CPER,CPER_006,W,grasslandHerbaceous,40.814769,-104.748315,0,-0.469586043,-2.372974763
D10,CPER,CPER_005,N,grasslandHerbaceous,40.853273,-104.728006,0,-0.599808692,-2.315991122
D10,CPER,CPER_009,S,grasslandHerbaceous,40.82594,-104.745904,0,-0.099297735,-1.871134792
D10,STER,STER_035,W,cultivatedCrops,40.469725,-103.016895,1362.2,-0.953579156,-2.103461121
D10,STER,STER_035,E,cultivatedCrops,40.469717,-103.016424,1362.2,-0.905911672,-2.173369655
D10,STER,STER_035,S,cultivatedCrops,40.469541,-103.016665,1362.2,-0.573748347,-2.177448237
D10,STER,STER_034,W,cultivatedCrops,40.47867,-103.019475,1365.8,-0.630166781,-1.941391751
D10,STER,STER_034,N,cultivatedCrops,40.478846,-103.019234,1365.8,-0.758021023,-1.816048107
D10,STER,STER_034,S,cultivatedCrops,40.478486,-103.019244,1365.8,-0.651514157,-1.965718951
D10,STER,STER_034,E,cultivatedCrops,40.478662,-103.019003,1365.8,-0.718698409,-1.794056643
D10,STER,STER_033,E,cultivatedCrops,40.476382,-103.011627,1356.6,-0.702817441,-1.84878252
D10,STER,STER_033,S,cultivatedCrops,40.476206,-103.011868,1356.6,-0.662685396,-1.871599961
D10,STER,STER_033,N,cultivatedCrops,40.476566,-103.011857,1356.6,-0.728940071,-1.857665309
D10,STER,STER_033,W,cultivatedCrops,40.47639,-103.012098,1356.6,-0.666352925,-1.825722514
D10,STER,STER_031,N,cultivatedCrops,40.470906,-103.011682,1353.3,-0.786047365,-1.953596655
D10,STER,STER_031,W,cultivatedCrops,40.47073,-103.011923,1353.3,-0.776270439,-2.005868129
D10,STER,STER_032,N,cultivatedCrops,40.472208,-103.025103,1362.6,-0.778610527,-1.875741131
D10,STER,STER_032,E,cultivatedCrops,40.472024,-103.024872,1362.6,-0.815985034,-1.917770383
D10,STER,STER_032,W,cultivatedCrops,40.472032,-103.025344,1362.6,-0.690092577,-1.924673776
D10,STER,STER_032,S,cultivatedCrops,40.471848,-103.025113,1362.6,-0.76314157,-1.892942671
D10,STER,STER_029,E,cultivatedCrops,40.468561,-103.011515,1353.3,-0.676983414,-1.803934297
D10,STER,STER_029,N,cultivatedCrops,40.468745,-103.011746,1353.3,-0.770676977,-2.054188397
D10,STER,STER_029,S,cultivatedCrops,40.468385,-103.011757,1353.3,-0.83918684,-2.009706686
D10,STER,STER_029,W,cultivatedCrops,40.468569,-103.011987,1353.3,-0.814605302,-1.994979412
D10,STER,STER_028,N,cultivatedCrops,40.473452,-103.018331,1359.5,-0.665980782,-1.994975804
D10,STER,STER_028,W,cultivatedCrops,40.473276,-103.018572,1359.5,-0.726324834,-2.0529626
D10,STER,STER_028,S,cultivatedCrops,40.473092,-103.018341,1359.5,-0.755296353,-1.94745603
D10,STER,STER_027,W,cultivatedCrops,40.480833,-103.019057,1368.4,-0.606241879,-1.874107907
D10,STER,STER_027,N,cultivatedCrops,40.481009,-103.018816,1368.4,-0.818556105,-2.043231684
D10,STER,STER_027,E,cultivatedCrops,40.480825,-103.018586,1368.4,-0.714732761,-1.947961498
D10,STER,STER_027,S,cultivatedCrops,40.480649,-103.018827,1368.4,-0.791639995,-2.117407488
D10,STER,STER_026,W,cultivatedCrops,40.474721,-103.024534,1360.7,-0.751171898,-2.083752453
D10,STER,STER_006,N,cultivatedCrops,40.464113,-103.03533,1361.2,-0.655518399,-2.097429307
D10,STER,STER_035,N,cultivatedCrops,40.469899,-103.016657,0,-0.885497989,-2.150415774
D10,STER,STER_035,E,cultivatedCrops,40.469715,-103.016427,0,-0.905911672,-2.173369655
D10,STER,STER_035,S,cultivatedCrops,40.469539,-103.016668,0,-0.573748347,-2.177448237
D10,STER,STER_034,E,cultivatedCrops,40.478662,-103.019002,0,-0.718698409,-1.794056643
D10,STER,STER_034,N,cultivatedCrops,40.478846,-103.019233,0,-0.758021023,-1.816048107
D10,STER,STER_033,S,cultivatedCrops,40.47621,-103.011872,0,-0.662685396,-1.871599961
D10,STER,STER_033,E,cultivatedCrops,40.476386,-103.011631,0,-0.702817441,-1.84878252
D10,STER,STER_033,W,cultivatedCrops,40.476394,-103.012102,0,-0.666352925,-1.825722514
D10,STER,STER_033,N,cultivatedCrops,40.47657,-103.011861,0,-0.728940071,-1.857665309
D10,STER,STER_031,E,cultivatedCrops,40.470721,-103.011449,0,-0.897409768,-1.937233271
D10,STER,STER_031,N,cultivatedCrops,40.470905,-103.01168,0,-0.786047365,-1.953596655
D10,STER,STER_031,S,cultivatedCrops,40.470545,-103.01169,0,-0.584157858,-1.949446102
D10,STER,STER_032,E,cultivatedCrops,40.472025,-103.024866,0,-0.815985034,-1.917770383
D10,STER,STER_032,W,cultivatedCrops,40.472033,-103.025338,0,-0.690092577,-1.924673776
D10,STER,STER_032,N,cultivatedCrops,40.472209,-103.025097,0,-0.778610527,-1.875741131
D10,STER,STER_032,S,cultivatedCrops,40.471849,-103.025107,0,-0.76314157,-1.892942671
D10,STER,STER_029,E,cultivatedCrops,40.468557,-103.011513,0,-0.676983414,-1.803934297
D10,STER,STER_029,N,cultivatedCrops,40.468742,-103.011744,0,-0.770676977,-2.054188397
D10,STER,STER_029,W,cultivatedCrops,40.468566,-103.011985,0,-0.814605302,-1.994979412
D10,STER,STER_029,S,cultivatedCrops,40.468381,-103.011754,0,-0.83918684,-2.009706686
D10,STER,STER_028,S,cultivatedCrops,40.473093,-103.018338,0,-0.755296353,-1.94745603
D10,STER,STER_028,W,cultivatedCrops,40.473277,-103.018568,0,-0.726324834,-2.0529626
D10,STER,STER_027,W,cultivatedCrops,40.480831,-103.019056,0,-0.68944802,-2.041759592
D10,STER,STER_027,E,cultivatedCrops,40.480823,-103.018585,0,-0.714732761,-1.947961498
D10,STER,STER_027,N,cultivatedCrops,40.481007,-103.018815,0,-0.818556105,-2.043231684
D10,STER,STER_027,S,cultivatedCrops,40.480647,-103.018826,0,-0.791639995,-2.117407488
D10,STER,STER_026,W,cultivatedCrops,40.474717,-103.024536,0,-0.751171898,-2.083752453
D10,STER,STER_026,E,cultivatedCrops,40.474709,-103.024064,0,-0.492182899,-2.016083697
D10,STER,STER_026,S,cultivatedCrops,40.474533,-103.024305,0,-0.601327576,-1.904658313
D10,STER,STER_026,N,cultivatedCrops,40.474893,-103.024295,0,-0.691675783,-2.019524623
D10,STER,STER_006,S,cultivatedCrops,40.463755,-103.035337,0,-0.625979109,-2.001635125
D10,STER,STER_006,E,cultivatedCrops,40.463931,-103.035096,0,-0.731032102,-2.011337135
D10,STER,STER_035,W,cultivatedCrops,40.469723,-103.016898,0,-0.953579156,-2.103461121
D10,STER,STER_034,W,cultivatedCrops,40.47867,-103.019474,0,-0.630166781,-1.941391751
D10,STER,STER_034,S,cultivatedCrops,40.478486,-103.019243,0,-0.651514157,-1.965718951
D10,STER,STER_031,W,cultivatedCrops,40.470729,-103.011921,0,-0.776270439,-2.005868129
D10,STER,STER_028,E,cultivatedCrops,40.473269,-103.018097,0,-0.812806071,-1.957014283
D10,STER,STER_028,N,cultivatedCrops,40.473453,-103.018327,0,-0.665980782,-1.994975804
D10,STER,STER_006,W,cultivatedCrops,40.463939,-103.035568,0,-0.587337461,-1.765433407
D10,STER,STER_006,N,cultivatedCrops,40.464115,-103.035327,0,-0.655518399,-2.097429307
D01,BART,BART_002,W,deciduousForest,44.035076,-71.2731,550.8,-1.776856393,-0.330166624
D01,BART,BART_066,S,mixedForest,44.056584,-71.310395,502.6,-2.102427996,-0.561049252
D01,BART,BART_068,E,mixedForest,44.052434,-71.309223,553.4,-1.85977631,-0.382303786
D03,DSNY,DSNY_009,N,pastureHay,28.073297,-81.428562,17.3,0.917466626,1.397873152
D03,DSNY,DSNY_009,E,pastureHay,28.073117,-81.428358,17.3,0.990525768,1.237137998
D03,DSNY,DSNY_009,S,pastureHay,28.072936,-81.428561,17.3,1.040626289,1.361984167
D03,DSNY,DSNY_007,E,woodyWetlands,28.053111,-81.417299,16.1,0.7524285,2.207023914
D03,JERC,JERC_006,E,mixedForest,31.187663,-84.455643,41.9,0.7524285,2.207023914
D03,OSBS,OSBS_001,E,woodyWetlands,29.702921,-82.008681,29.1,-0.286872104,0.807526317
D03,OSBS,OSBS_022,S,emergentHerbaceousWetlands,29.689299,-81.960692,24,1.143953144,0.659395616
D03,OSBS,OSBS_001,S,woodyWetlands,29.702739,-82.008886,29.1,-0.594786446,-0.107285203
D09,WOOD,WOOD_003,N,grasslandHerbaceous,47.118761,-99.239945,0,0.619924442,-6.346230887
D10,CPER,CPER_004,W,grasslandHerbaceous,40.81275,-104.697116,1622.7,-0.254457902,-2.29115845
D10,STER,STER_026,S,cultivatedCrops,40.474536,-103.024303,1360.7,-0.601327576,-1.904658313
D10,STER,STER_026,N,cultivatedCrops,40.474897,-103.024292,1360.7,-0.691675783,-2.019524623
D02,SCBI,SCBI_006,S,pastureHay,38.897429,-78.152014,298,-1.220529222,-1.432069953
D02,SCBI,SCBI_006,E,pastureHay,38.897603,-78.151776,298,-1.193322303,-1.176358439
D02,SCBI,SCBI_033,N,pastureHay,38.889097,-78.161295,299.3,-1.465747468,-1.624486493
D02,SCBI,SCBI_012,S,pastureHay,38.888915,-78.168903,264.6,-0.896093875,-1.309274718
D02,SCBI,SCBI_006,W,pastureHay,38.897614,-78.152237,298,-1.472738585,-1.432145578
D02,SCBI,SCBI_006,N,pastureHay,38.897789,-78.151999,298,-0.952433265,-1.283446895
D05,UNDE,UNDE_001,W,deciduousForest,46.234619,-89.56103,523.7,-1.439730759,-0.420184108
D05,UNDE,UNDE_017,N,mixedForest,46.23814,-89.496347,523.8,-8.403572916,-0.321596338
D05,UNDE,UNDE_017,E,mixedForest,46.237966,-89.49608,523.8,-3.082482795,-0.475315725
D05,UNDE,UNDE_017,S,mixedForest,46.237781,-89.496331,523.8,-1.439730759,-0.420184108
D05,UNDE,UNDE_017,W,mixedForest,46.237955,-89.496598,523.8,-8.377377434,-0.344862781
D05,UNDE,UNDE_011,W,woodyWetlands,46.215093,-89.505289,503.6,-1.327901756,-0.474960295
D05,UNDE,UNDE_011,E,woodyWetlands,46.215104,-89.504771,503.6,-2.070608492,-1.053744256
D05,UNDE,UNDE_008,S,mixedForest,46.256013,-89.515044,514.8,-2.070608492,-1.053744256
D05,UNDE,UNDE_003,W,woodyWetlands,46.256241,-89.536349,504.8,-2.227460254,-0.818356703
D05,UNDE,UNDE_001,E,deciduousForest,46.234631,-89.560512,523.7,-2.070608492,-1.053744256
D05,UNDE,UNDE_001,S,deciduousForest,46.234445,-89.560763,523.7,-2.195463272,-0.832393273
D05,UNDE,UNDE_010,E,woodyWetlands,46.237783,-89.541598,512.8,-8.380821353,-0.364174598
D09,WOOD,WOOD_002,E,grasslandHerbaceous,47.136135,-99.232632,0,-1.426490326,-1.930515134
D09,WOOD,WOOD_007,E,grasslandHerbaceous,47.134756,-99.249631,0,0.489476299,-5.996174693
D09,WOOD,WOOD_004,E,grasslandHerbaceous,47.12584,-99.253537,0,-0.410419649,-3.777434929
D09,WOOD,WOOD_023,N,emergentHerbaceousWetlands,47.130298,-99.267271,0,0.116160505,-5.554302183
D09,WOOD,WOOD_003,E,grasslandHerbaceous,47.118582,-99.239681,0,0.632030792,-6.303606728
D09,WOOD,WOOD_003,W,grasslandHerbaceous,47.118581,-99.240208,0,1.195007952,-7.514444066
D09,WOOD,WOOD_006,W,grasslandHerbaceous,47.142318,-99.247436,0,0.096513206,-5.570844058
D09,WOOD,WOOD_002,W,grasslandHerbaceous,47.136133,-99.233159,0,1.194864355,-7.517705183
D09,WOOD,WOOD_023,E,emergentHerbaceousWetlands,47.130119,-99.267006,0,0.296990846,-5.780245708
D09,WOOD,WOOD_023,S,emergentHerbaceousWetlands,47.129938,-99.267269,0,0.094858459,-5.572325078
D09,WOOD,WOOD_001,N,grasslandHerbaceous,47.128438,-99.257769,0,0.489540171,-5.996122731
D09,WOOD,WOOD_007,S,grasslandHerbaceous,47.134575,-99.249894,0,0.489353494,-5.996274551
D09,WOOD,WOOD_006,E,grasslandHerbaceous,47.142319,-99.246909,0,0.112992513,-5.556845271
D09,WOOD,WOOD_024,W,emergentHerbaceousWetlands,47.15117,-99.262912,0,0.100498643,-5.567335342
D09,WOOD,WOOD_001,S,grasslandHerbaceous,47.128078,-99.257767,0,0.116116581,-5.554337132
D01,BART,BART_025,W,evergreenForest,44.059381,-71.313392,542.8,-1.877351255,-0.357079907
D01,BART,BART_025,E,evergreenForest,44.059391,-71.312893,542.8,-2.331071547,-0.270612988
D01,BART,BART_025,N,evergreenForest,44.059566,-71.313149,542.8,-1.607708907,-0.499405217
D01,BART,BART_002,S,deciduousForest,44.034901,-71.272843,550.8,-2.054722779,-0.422302481
D01,BART,BART_002,N,deciduousForest,44.035261,-71.272857,550.8,-2.173484176,-0.188778609
D01,BART,BART_025,S,evergreenForest,44.059206,-71.313135,542.8,-1.983733708,-0.020335649
D01,BART,BART_028,N,evergreenForest,44.054255,-71.306539,485.7,-2.061056998,-0.254445124
D01,BART,BART_028,S,evergreenForest,44.053895,-71.306525,485.7,-2.09172877,-0.330895092
D01,BART,BART_028,W,evergreenForest,44.05407,-71.306781,485.7,-1.941854631,-0.264271912
D01,BART,BART_028,E,evergreenForest,44.05408,-71.306282,485.7,-1.900210891,-0.353966404
D01,BART,BART_066,E,mixedForest,44.056769,-71.310152,502.6,-1.780273614,-0.438395455
D01,BART,BART_066,W,mixedForest,44.056759,-71.310651,502.6,-2.086787206,-0.518669382
D01,BART,BART_066,N,mixedForest,44.056944,-71.310409,502.6,-2.331021773,-0.327969835
D01,BART,BART_068,S,mixedForest,44.052249,-71.309465,553.4,-1.995897257,-0.42509207
D01,BART,BART_068,N,mixedForest,44.052609,-71.309479,553.4,-1.932344794,-0.359651713
D01,BART,BART_068,W,mixedForest,44.052424,-71.309722,553.4,-1.860202222,-0.21861029
D01,BART,BART_031,S,evergreenForest,44.055353,-71.305088,414,-2.026020056,-0.446147773
D01,BART,BART_031,E,evergreenForest,44.055538,-71.304845,414,-1.927918308,-0.267585637
D01,BART,BART_031,N,evergreenForest,44.055713,-71.305102,414,-1.987898964,-0.24772941
D01,BART,BART_018,W,mixedForest,44.058469,-71.278107,315.5,-1.910178724,-0.195129585
D01,BART,BART_018,E,mixedForest,44.058479,-71.277608,315.5,-2.388935471,-0.176867017
D01,BART,BART_018,N,mixedForest,44.058654,-71.277864,315.5,-1.883742573,-0.400489252
D01,BART,BART_002,E,deciduousForest,44.035086,-71.272601,550.8,-2.062644449,-0.276549058
D01,BART,BART_018,S,mixedForest,44.058294,-71.27785,315.5,-2.220575016,-0.562702391
D01,BART,BART_031,W,evergreenForest,44.055528,-71.305344,414,-1.92633475,-0.18707541
D01,HARV,HARV_001,E,deciduousForest,42.424264,-72.258046,191.5,-2.277290364,-0.56043506
D01,HARV,HARV_022,W,evergreenForest,42.434182,-72.19902,188.8,-2.192194871,-0.07799412
D01,HARV,HARV_022,N,evergreenForest,42.434356,-72.198769,188.8,-2.359658944,-0.713726585
D01,HARV,HARV_022,E,evergreenForest,42.434171,-72.198534,188.8,-1.911001991,-0.047234396
D01,HARV,HARV_021,S,evergreenForest,42.452269,-72.250501,213.7,-2.332713396,-0.566206946
D01,HARV,HARV_014,N,mixedForest,42.471634,-72.265709,193.5,-2.160190498,-0.432746674
D01,HARV,HARV_014,S,mixedForest,42.471274,-72.265725,193.5,-2.273226276,-0.452038117
D01,HARV,HARV_014,E,mixedForest,42.471448,-72.265474,193.5,-2.209791717,-0.381731583
D01,HARV,HARV_014,W,mixedForest,42.47146,-72.26596,193.5,-2.194088772,-0.439587723
D01,HARV,HARV_013,E,evergreenForest,42.392297,-72.254337,180.3,-2.292557623,-0.639583127
D01,HARV,HARV_013,N,evergreenForest,42.392483,-72.254572,180.3,-2.498639233,-0.470995637
D01,HARV,HARV_013,W,evergreenForest,42.392309,-72.254822,180.3,-2.417397313,-0.680600313
D01,HARV,HARV_013,S,evergreenForest,42.392123,-72.254587,180.3,-2.515808147,-0.361346577
D01,HARV,HARV_010,S,mixedForest,42.424543,-72.254631,187.8,-2.294560752,-0.402569024
D01,HARV,HARV_010,E,mixedForest,42.424717,-72.25438,187.8,-2.053880441,-0.354161275
D01,HARV,HARV_010,N,mixedForest,42.424902,-72.254615,187.8,-2.076962152,-0.416104186
D01,HARV,HARV_006,E,deciduousForest,42.403084,-72.253502,177.9,-1.922361691,-0.514283939
D01,HARV,HARV_006,W,deciduousForest,42.403095,-72.253987,177.9,-1.894363208,-0.56263061
D01,HARV,HARV_005,E,deciduousForest,42.489503,-72.274907,177.2,-2.1697025,-0.464418224
D01,HARV,HARV_005,W,deciduousForest,42.489514,-72.275393,177.2,-2.196027475,-0.589766911
D01,HARV,HARV_005,N,deciduousForest,42.489689,-72.275143,177.2,-2.146524172,-0.589154289
D01,HARV,HARV_005,S,deciduousForest,42.489329,-72.275158,177.2,-2.304804419,-0.485966325
D01,HARV,HARV_002,W,deciduousForest,42.478607,-72.259809,192.8,-2.314137463,-0.050965221
D01,HARV,HARV_002,E,deciduousForest,42.478595,-72.259323,192.8,-2.096346194,-0.465079215
D01,HARV,HARV_002,S,deciduousForest,42.478421,-72.259574,192.8,-2.110622918,-0.302403014
D01,HARV,HARV_002,N,deciduousForest,42.478781,-72.259558,192.8,-2.125211522,-0.372711034
D01,HARV,HARV_004,E,mixedForest,42.427089,-72.22948,230.1,-2.423037817,-0.472836254
D01,HARV,HARV_004,N,mixedForest,42.427275,-72.229715,230.1,-2.229197125,-0.40432979
D01,HARV,HARV_004,S,mixedForest,42.426915,-72.229731,230.1,-2.318172184,-0.520576457
D01,HARV,HARV_004,W,mixedForest,42.427101,-72.229966,230.1,-2.303657031,-0.623665062
D01,HARV,HARV_001,N,deciduousForest,42.42445,-72.258281,191.5,-2.521717915,-0.302200103
D01,HARV,HARV_021,N,evergreenForest,42.452629,-72.250485,213.7,-1.887610779,-0.271973319
D01,HARV,HARV_010,W,mixedForest,42.424728,-72.254866,187.8,-2.216654907,-0.201496449
D01,HARV,HARV_001,S,deciduousForest,42.42409,-72.258297,191.5,-2.263599042,-0.400087098
D01,HARV,HARV_006,N,deciduousForest,42.403269,-72.253737,177.9,-2.14160425,-0.150689581
D01,HARV,HARV_006,S,deciduousForest,42.402909,-72.253752,177.9,-2.041716993,-0.00630304
D01,HARV,HARV_022,S,evergreenForest,42.433997,-72.198785,188.8,-1.93560782,-0.238081975
D01,HARV,HARV_021,W,evergreenForest,42.452455,-72.250736,213.7,-2.205716615,-0.491652593
D01,HARV,HARV_021,E,evergreenForest,42.452443,-72.25025,213.7,-1.818512655,-0.130335672
D03,DSNY,DSNY_021,E,pastureHay,28.052641,-81.393172,18.1,0.585542929,2.06182349
D03,DSNY,DSNY_009,W,pastureHay,28.073116,-81.428765,17.3,0.927805846,1.274275086
D03,DSNY,DSNY_003,N,woodyWetlands,28.07439,-81.425534,17.2,0.476114777,1.395109433
D03,DSNY,DSNY_021,S,pastureHay,28.052459,-81.393375,18.1,1.129732559,1.067003196
D03,DSNY,DSNY_006,N,woodyWetlands,28.093145,-81.399335,19,1.097724163,1.343212214
D03,DSNY,DSNY_004,S,woodyWetlands,28.099553,-81.39997,17.2,0.516523421,1.851239874
D03,DSNY,DSNY_001,N,woodyWetlands,28.096879,-81.418578,19,0.850819479,1.159406128
D03,DSNY,DSNY_004,W,woodyWetlands,28.099733,-81.400174,17.2,0.488391698,1.816919276
D03,DSNY,DSNY_005,S,woodyWetlands,28.039461,-81.393317,17.8,0.609613349,1.54153846
D03,DSNY,DSNY_004,E,woodyWetlands,28.099734,-81.399767,17.2,1.148674908,1.453408102
D03,DSNY,DSNY_003,W,woodyWetlands,28.074208,-81.425737,17.2,1.013309759,0.997844637
D03,JERC,JERC_001,E,deciduousForest,31.194314,-84.476867,37.9,0.632681145,1.93391688
D03,JERC,JERC_030,N,mixedForest,31.185279,-84.476058,36.3,0.374516628,2.118670179
D03,JERC,JERC_007,S,evergreenForest,31.198451,-84.476317,36.8,154.7578398,193.4293523
D03,JERC,JERC_007,W,evergreenForest,31.198636,-84.476522,36.8,0.726359275,2.117410979
D03,JERC,JERC_003,E,deciduousForest,31.196141,-84.473031,34.1,303.2371716,14.7082491
D03,JERC,JERC_008,N,mixedForest,31.195335,-84.450926,46.1,1.250107942,1.788747532
D03,JERC,JERC_030,E,mixedForest,31.185094,-84.475853,36.3,167.7616644,-32.75834916
D03,JERC,JERC_008,E,mixedForest,31.195151,-84.450721,46.1,-265.3425486,33.28493445
D03,OSBS,OSBS_022,N,emergentHerbaceousWetlands,29.68966,-81.960695,24,0.814001209,0.935078814
D03,OSBS,OSBS_005,E,woodyWetlands,29.696567,-82.025373,30.2,3.889770194,-7.676545619
D03,OSBS,OSBS_008,W,evergreenForest,29.685054,-82.007366,45.2,1.751468796,-1.58194414
D03,OSBS,OSBS_001,W,woodyWetlands,29.702918,-82.009095,29.1,-0.495565978,-0.061011043
D03,OSBS,OSBS_008,S,evergreenForest,29.684875,-82.007157,45.2,-1.648334255,-2.566636621
D03,OSBS,OSBS_006,W,evergreenForest,29.686607,-81.983207,33,80.56393916,67.55761589
D03,OSBS,OSBS_022,W,emergentHerbaceousWetlands,29.689478,-81.9609,24,1.752040043,0.915616449
D03,OSBS,OSBS_005,N,woodyWetlands,29.696745,-82.025581,30.2,1.282087907,1.526741229
D03,OSBS,OSBS_007,N,evergreenForest,29.690459,-81.962574,34.3,0.115216109,2.245579015
D09,WOOD,WOOD_004,S,grasslandHerbaceous,47.12566,-99.2538,0,0.124982162,-5.54745554
D09,WOOD,WOOD_007,W,grasslandHerbaceous,47.134755,-99.250158,0,0.111933919,-5.557705292
D09,WOOD,WOOD_006,N,grasslandHerbaceous,47.142498,-99.247173,0,0.357160126,-5.846858152
D09,WOOD,WOOD_005,E,grasslandHerbaceous,47.14934,-99.251664,0,0.48957427,-5.996094984
D09,WOOD,WOOD_001,E,grasslandHerbaceous,47.128258,-99.257504,0,0.124271072,-5.547994946
D10,CPER,CPER_010,E,grasslandHerbaceous,40.850009,-104.681161,0,-0.117199001,-2.015198259
