"uid","domainID","siteID","plotID","trapID","collectDate","etOHChangeDate","processingDate","identifiedDate","associatedSampleID","sampleID","targetTaxaPresent","sampleType","taxonID","scientificName","taxonRank","identificationQualifier","scientificNameAuthorship","morphospeciesID","individualCount","identificationReferences","identifiedBy","recordedBy","remarks","duplicateSampleIDQF"
"BE31C9FF2D73441592BA73B3AE51B8E6","D01","HARV","HARV_001","N","2014-05-20","2014-05-21","2014-05-21",,"HARV_001.20140520.ib.01","HARV_001.20140520.ib.01","N","invert bycatch",,,,,,,,,,"XBWa+3GMw2VPDBGMEaTC+eMrNADD06Q4",,0
"E11B7F55664343AF8F52DED92DD99507","D01","HARV","HARV_022","W","2014-05-20","2014-05-21","2014-05-21",,"HARV_022.W.20140520.oc.01",,"Y","other carabid",,,,,,,,,,"XBWa+3GMw2VPDBGMEaTC+eMrNADD06Q4",,0
"D214330F215E4361ACD0AD17793449D3","D01","HARV","HARV_022","N","2014-05-20","2014-05-21","2014-05-21",,"HARV_022.N.20140520.oc.01",,"Y","other carabid",,,,,,,,,,"XBWa+3GMw2VPDBGMEaTC+eMrNADD06Q4",,0
"AC06917BF4EE4FD09F8BF27F43B958AB","D01","HARV","HARV_022","N","2014-05-20","2014-05-21","2014-05-21",,"HARV_022.20140520.ib.01","HARV_022.20140520.ib.01","N","invert bycatch",,,,,,,,,,"XBWa+3GMw2VPDBGMEaTC+eMrNADD06Q4",,0
"4C257448C1604C2B835F7EF8FD39471B","D01","HARV","HARV_022","E","2014-05-20","2014-05-21","2014-05-21",,"HARV_022.E.20140520.oc.01",,"Y","other carabid",,,,,,,,,,"XBWa+3GMw2VPDBGMEaTC+eMrNADD06Q4",,0
"2575742383F648EDA206CBE5001735A4","D01","HARV","HARV_021","N","2014-05-20","2014-05-21","2014-05-21",,"HARV_021.20140520.ib.01","HARV_021.20140520.ib.01","N","invert bycatch",,,,,,,,,,"XBWa+3GMw2VPDBGMEaTC+eMrNADD06Q4",,0
"0066D46647AB4A2A918BA43C506A1F6D","D01","HARV","HARV_021","S","2014-05-20","2014-05-21","2014-05-21",,"HARV_021.S.20140520.oc.01",,"Y","other carabid",,,,,,,,,,"XBWa+3GMw2VPDBGMEaTC+eMrNADD06Q4",,0
"FDD8F5AFB7CB41BCBFCBC9A316D0CB9A","D01","HARV","HARV_014","S","2014-05-20","2014-05-21","2014-05-21","2014-11-16","HARV_014.S.20140520.PLECIN.01","HARV_014.S.20140520.PLECIN.01","N","vert bycatch herp","PLECIN","Plethodon cinereus","species",,"Green",,1,,"k/k/kBf3UsZO1iBmWXMyCKPJySRlqaon","XBWa+3GMw2VPDBGMEaTC+eMrNADD06Q4","Plethodon cinereus, Leadback color morph",0
"F8382862DFE54DFD831AB7FEC74898F5","D01","HARV","HARV_014","S","2014-05-20","2014-05-21","2014-05-21",,"HARV_014.S.20140520.oc.01",,"Y","other carabid",,,,,,,,,,"XBWa+3GMw2VPDBGMEaTC+eMrNADD06Q4",,0
"5BBE7FDC9E5D45009F7A1363493BFD01","D01","HARV","HARV_014","N","2014-05-20","2014-05-21","2014-05-21",,"HARV_014.20140520.ib.01","HARV_014.20140520.ib.01","N","invert bycatch",,,,,,,,,,"XBWa+3GMw2VPDBGMEaTC+eMrNADD06Q4",,0
"9DA5F2BE4D894603A3CC5CEEE96C4075","D01","HARV","HARV_014","N","2014-05-20","2014-05-21","2014-05-21",,"HARV_014.N.20140520.oc.01",,"Y","other carabid",,,,,,,,,,"XBWa+3GMw2VPDBGMEaTC+eMrNADD06Q4",,0
"66D73FBD55D14E92A7B799F1E553A4FB","D01","HARV","HARV_014","W","2014-05-20","2014-05-21","2014-05-21",,"HARV_014.W.20140520.oc.01",,"Y","other carabid",,,,,,,,,,"XBWa+3GMw2VPDBGMEaTC+eMrNADD06Q4",,0
"D690E387D1DE4D878B44ACC61A0521B6","D01","HARV","HARV_014","E","2014-05-20","2014-05-21","2014-05-21",,"HARV_014.E.20140520.oc.01",,"Y","other carabid",,,,,,,,,,"XBWa+3GMw2VPDBGMEaTC+eMrNADD06Q4",,0
"36C63E6372A940098AFA1B867D1EAC20","D01","HARV","HARV_013","E","2014-05-20","2014-05-21","2014-05-21","2014-05-20","HARV_013.E.20140520.PLECIN.01","HARV_013.E.20140520.PLECIN.01","Y","vert bycatch herp","PLECIN","Plethodon cinereus","species",,"Green",,1,,"4v8Iip1UQDTps5xXBZKHaW3WZMLzxe+m","XBWa+3GMw2VPDBGMEaTC+eMrNADD06Q4",,0
"95E62139425B4282947558034283EFCD","D01","HARV","HARV_013","S","2014-05-20","2014-05-21","2014-05-21",,"HARV_013.S.20140520.oc.01",,"Y","other carabid",,,,,,,,,,"XBWa+3GMw2VPDBGMEaTC+eMrNADD06Q4",,0
"7AB051213EAE41B583AC70E571B4E255","D01","HARV","HARV_013","E","2014-05-20","2014-05-21","2014-05-21",,"HARV_013.E.20140520.oc.01",,"Y","other carabid",,,,,,,,,,"XBWa+3GMw2VPDBGMEaTC+eMrNADD06Q4",,0
"1CBF0209CB4C4E6684E1B223BA866A26","D01","HARV","HARV_013","N","2014-05-20","2014-05-21","2014-05-21",,"HARV_013.20140520.ib.01","HARV_013.20140520.ib.01","N","invert bycatch",,,,,,,,,,"XBWa+3GMw2VPDBGMEaTC+eMrNADD06Q4",,0
"2C0E17D8692549B2AA0FE1661C11C25B","D01","HARV","HARV_013","N","2014-05-20","2014-05-21","2014-05-21",,"HARV_013.N.20140520.oc.01",,"Y","other carabid",,,,,,,,,,"XBWa+3GMw2VPDBGMEaTC+eMrNADD06Q4",,0
"87D23FB9B36D4F37A556B0DB11FFF1E1","D01","HARV","HARV_013","W","2014-05-20","2014-05-21","2014-05-21",,"HARV_013.W.20140520.oc.01",,"Y","other carabid",,,,,,,,,,"XBWa+3GMw2VPDBGMEaTC+eMrNADD06Q4",,0
"FA1F1C4043FC43768140F8FC6B226CDB","D01","HARV","HARV_010","N","2014-05-20","2014-05-21","2014-05-21",,"HARV_010.20140520.ib.01","HARV_010.20140520.ib.01","N","invert bycatch",,,,,,,,,,"XBWa+3GMw2VPDBGMEaTC+eMrNADD06Q4",,0
"A0859500582748E19E1B21B5D9F252A0","D01","HARV","HARV_010","E","2014-05-20","2014-05-21","2014-05-21",,"HARV_010.E.20140520.oc.01",,"Y","other carabid",,,,,,,,,,"XBWa+3GMw2VPDBGMEaTC+eMrNADD06Q4",,0
"3F98A67722E148738A0CB13DC6BC98CF","D01","HARV","HARV_010","S","2014-05-20","2014-05-21","2014-05-21",,"HARV_010.S.20140520.oc.01",,"Y","other carabid",,,,,,,,,,"XBWa+3GMw2VPDBGMEaTC+eMrNADD06Q4",,0
"A9A6601AC4B748AAB3702A3A550958E6","D01","HARV","HARV_010","N","2014-05-20","2014-05-21","2014-05-21","2014-05-20","HARV_010.N.20140520.PLECIN.01","HARV_010.20140520.PLECIN.01",,"vert bycatch herp","PLECIN","Plethodon cinereus","species",,"Green",,4,,"k/k/kBf3UsZO1iBmWXMyCKPJySRlqaon","XBWa+3GMw2VPDBGMEaTC+eMrNADD06Q4",,0
"C60F5D7F951B43E3BD4C8915D8F144D2","D01","HARV","HARV_010","N","2014-05-20","2014-05-21","2014-05-21",,"HARV_010.N.20140520.oc.01",,"Y","other carabid",,,,,,,,,,"XBWa+3GMw2VPDBGMEaTC+eMrNADD06Q4",,0
"8E222C88AE324243B3CD31D8CEE3F856","D01","HARV","HARV_006","W","2014-05-20","2014-05-21","2014-05-21",,"HARV_006.W.20140520.oc.01",,"Y","other carabid",,,,,,,,,,"XBWa+3GMw2VPDBGMEaTC+eMrNADD06Q4",,0
"795D26D3A28C42E89BE3B19E5871CEE9","D01","HARV","HARV_006","N","2014-05-20","2014-05-21","2014-05-21",,"HARV_006.20140520.ib.01","HARV_006.20140520.ib.01","N","invert bycatch",,,,,,,,,,"XBWa+3GMw2VPDBGMEaTC+eMrNADD06Q4",,0
"139F1CBC10B54941A6309023B21E9CDA","D01","HARV","HARV_006","E","2014-05-20","2014-05-21","2014-05-21",,"HARV_006.E.20140520.oc.01",,"Y","other carabid",,,,,,,,,,"XBWa+3GMw2VPDBGMEaTC+eMrNADD06Q4",,0
"97A4FC72D6EE4AA4ACCB40B99B0B27BA","D01","HARV","HARV_005","N","2014-05-20","2014-05-21","2014-05-21",,"HARV_005.20140520.ib.01","HARV_005.20140520.ib.01","Y","invert bycatch",,,,,,,,,,"XBWa+3GMw2VPDBGMEaTC+eMrNADD06Q4",,0
"034C336AED5C419E8DEAD78D208063BE","D01","HARV","HARV_005","S","2014-05-20","2014-05-21","2014-05-21",,"HARV_005.S.20140520.oc.01",,"Y","other carabid",,,,,,,,,,"XBWa+3GMw2VPDBGMEaTC+eMrNADD06Q4",,0
"BFC1585A63BA4F10947C342784246F81","D01","HARV","HARV_005","N","2014-05-20","2014-05-21","2014-05-21","2014-05-21","HARV_005.N.20140520.PLECIN.01","HARV_005.20140520.PLECIN.01","N","vert bycatch herp","PLECIN","Plethodon cinereus","species",,"Green",,2,,"4v8Iip1UQDTps5xXBZKHaW3WZMLzxe+m","XBWa+3GMw2VPDBGMEaTC+eMrNADD06Q4",,0
"6050EECB3459410DAFB9691369D990D4","D01","HARV","HARV_005","E","2014-05-20","2014-05-21","2014-05-21",,"HARV_005.E.20140520.oc.01",,"Y","other carabid",,,,,,,,,,"XBWa+3GMw2VPDBGMEaTC+eMrNADD06Q4",,0
"19BBF8DCE2EC4BBFB088A7410AC55501","D01","HARV","HARV_005","N","2014-05-20","2014-05-21","2014-05-21",,"HARV_005.N.20140520.oc.01",,"Y","other carabid",,,,,,,,,,"XBWa+3GMw2VPDBGMEaTC+eMrNADD06Q4",,0
"7EE418DD79FC4353A57BC764E7703207","D01","HARV","HARV_005","W","2014-05-20","2014-05-21","2014-05-21",,"HARV_005.W.20140520.oc.01",,"Y","other carabid",,,,,,,,,,"XBWa+3GMw2VPDBGMEaTC+eMrNADD06Q4",,0
"5772A9C6F4194986A599940637D3D8A5","D01","HARV","HARV_002","N","2014-05-20","2014-05-21","2014-05-21","2014-05-20","HARV_002.N.20140520.PLECIN.01","HARV_002.20140520.PLECIN.01","N","vert bycatch herp","PLECIN","Plethodon cinereus","species",,"Green",,4,,"4v8Iip1UQDTps5xXBZKHaW3WZMLzxe+m","XBWa+3GMw2VPDBGMEaTC+eMrNADD06Q4",,0
"A7896E3018C14F45AB7F9638BDC8423F","D01","HARV","HARV_002","S","2014-05-20","2014-05-21","2014-05-21",,"HARV_002.S.20140520.oc.01",,"Y","other carabid",,,,,,,,,,"XBWa+3GMw2VPDBGMEaTC+eMrNADD06Q4",,0
"58DAC6580FBE4004ACE6F3446E2A42F4","D01","HARV","HARV_002","E","2014-05-20","2014-05-21","2014-05-21",,"HARV_002.E.20140520.oc.01",,"Y","other carabid",,,,,,,,,,"XBWa+3GMw2VPDBGMEaTC+eMrNADD06Q4",,0
"B43B1424E898493699248D671346E5B5","D01","HARV","HARV_002","S","2014-05-20","2014-05-21","2014-05-21","2014-05-20","HARV_002.S.20140520.NOTVIR.01","HARV_002.S.20140520.NOTVIR.01","N","vert bycatch herp","NOTVIR","Notophthalmus viridescens","species",,"Rafinesque",,1,,"k/k/kBf3UsZO1iBmWXMyCKPJySRlqaon","XBWa+3GMw2VPDBGMEaTC+eMrNADD06Q4","Red Eft stage, juvenile NOTVIR.",0
"78BCEE9FA0874D669FD7FD171CE42CE8","D01","HARV","HARV_002","W","2014-05-20","2014-05-21","2014-05-21",,"HARV_002.W.20140520.oc.01",,"Y","other carabid",,,,,,,,,,"XBWa+3GMw2VPDBGMEaTC+eMrNADD06Q4",,0
"15F2B865294C4497AA48847D30325209","D01","HARV","HARV_002","N","2014-05-20","2014-05-21","2014-05-21",,"HARV_002.N.20140520.oc.01",,"Y","other carabid",,,,,,,,,,"XBWa+3GMw2VPDBGMEaTC+eMrNADD06Q4",,0
"FAE16A9B6B9940198EE86EB38ACD94F5","D01","HARV","HARV_002","N","2014-05-20","2014-05-21","2014-05-21",,"HARV_002.20140520.ib.01","HARV_002.20140520.ib.01","N","invert bycatch",,,,,,,,,,"XBWa+3GMw2VPDBGMEaTC+eMrNADD06Q4",,0
"212E0CCBF1604F8F917725448CE1F2EB","D01","HARV","HARV_004","N","2014-05-20","2014-05-21","2014-05-21",,"HARV_004.20140520.ib.01","HARV_004.20140520.ib.01","N","invert bycatch",,,,,,,,,,"XBWa+3GMw2VPDBGMEaTC+eMrNADD06Q4",,0
"091D9A0B4ADF445094201EEB886967A1","D01","HARV","HARV_004","E","2014-05-20","2014-05-21","2014-05-21",,"HARV_004.E.20140520.oc.01",,"Y","other carabid",,,,,,,,,,"XBWa+3GMw2VPDBGMEaTC+eMrNADD06Q4",,0
"2ADE30C4BAB2483B80CA08219F64502A","D01","HARV","HARV_004","S","2014-05-20","2014-05-21","2014-05-21",,"HARV_004.S.20140520.oc.01",,"Y","other carabid",,,,,,,,,,"XBWa+3GMw2VPDBGMEaTC+eMrNADD06Q4",,0
"350E57E6E9C8447FBEA3ACB06154EE20","D01","HARV","HARV_004","W","2014-05-20","2014-05-21","2014-05-21",,"HARV_004.W.20140520.oc.01",,"Y","other carabid",,,,,,,,,,"XBWa+3GMw2VPDBGMEaTC+eMrNADD06Q4",,0
"5A3A54F426214864907EA877B2EEF548","D01","HARV","HARV_004","N","2014-05-20","2014-05-21","2014-05-21","2014-05-20","HARV_004.N.20140520.PLECIN.01","HARV_004.20140520.PLECIN.01","Y","vert bycatch herp","PLECIN","Plethodon cinereus","species",,"Green",,3,,"k/k/kBf3UsZO1iBmWXMyCKPJySRlqaon","XBWa+3GMw2VPDBGMEaTC+eMrNADD06Q4",,0
"B88F8B188F1444DDAC64500611AC057E","D01","HARV","HARV_004","N","2014-05-20","2014-05-21","2014-05-21",,"HARV_004.N.20140520.oc.01",,"Y","other carabid",,,,,,,,,,"XBWa+3GMw2VPDBGMEaTC+eMrNADD06Q4",,0
"C646416E15F541D9984C185EC41A22FE","D01","HARV","HARV_001","E","2014-05-20","2014-05-21","2014-05-21",,"HARV_001.E.20140520.oc.01",,"Y","other carabid",,,,,,,,,,"XBWa+3GMw2VPDBGMEaTC+eMrNADD06Q4",,0
"BFE5E7077BC64339A699B6FCFDA2D48F","D01","HARV","HARV_001","N","2014-05-20","2014-05-21","2014-05-21",,"HARV_001.N.20140520.oc.01",,"Y","other carabid",,,,,,,,,,"XBWa+3GMw2VPDBGMEaTC+eMrNADD06Q4",,0
"8EA1A97D3B11482792FC1EE61BCD695A","D01","HARV","HARV_001","E","2014-05-20","2014-05-21","2014-05-21","2014-05-20","HARV_001.E.20140520.PLECIN.01","HARV_001.E.20140520.PLECIN.01","N","vert bycatch herp","PLECIN","Plethodon cinereus","species",,"Green",,1,,"k/k/kBf3UsZO1iBmWXMyCKPJySRlqaon","XBWa+3GMw2VPDBGMEaTC+eMrNADD06Q4",,0
"DCEF7C9E05384BF0AA8B73FE53E6E4E3","D01","HARV","HARV_001","N","2014-06-03","2014-06-04","2014-06-04",,"HARV_001.20140603.ib.01","HARV_001.20140603.ib.01","N","invert bycatch",,,,,,,,,,"bx2IzDOX0PRWxL2qYNwW0cIx2hiD7oH8",,0
"260448B2FF9E483A85F7E51FC8BB5EBC","D01","HARV","HARV_022","N","2014-06-03","2014-06-04","2014-06-04",,"HARV_022.N.20140603.oc.01",,"Y","other carabid",,,,,,,,,,"bx2IzDOX0PRWxL2qYNwW0cIx2hiD7oH8",,0
"6FF1DB5F2A074E3D9DABAFA9853F9640","D01","HARV","HARV_022","E","2014-06-03","2014-06-04","2014-06-04",,"HARV_022.E.20140603.oc.01",,"Y","other carabid",,,,,,,,,,"bx2IzDOX0PRWxL2qYNwW0cIx2hiD7oH8",,0
"27D31FAAC2354CA78B96CAE42B525B75","D01","HARV","HARV_022","N","2014-06-03","2014-06-04","2014-06-04",,"HARV_022.20140603.ib.01","HARV_022.20140603.ib.01","N","invert bycatch",,,,,,,,,,"bx2IzDOX0PRWxL2qYNwW0cIx2hiD7oH8",,0
"DB276DB1BB6D4446AFB4037BA0760D21","D01","HARV","HARV_021","N","2014-06-03","2014-06-04","2014-06-04",,"HARV_021.20140603.ib.01","HARV_021.20140603.ib.01","N","invert bycatch",,,,,,,,,,"bx2IzDOX0PRWxL2qYNwW0cIx2hiD7oH8",,0
"8CA88B3135BF473FB30CF2251F3529F3","D01","HARV","HARV_014","N","2014-06-03","2014-06-04","2014-06-04",,"HARV_014.N.20140603.oc.01",,"Y","other carabid",,,,,,,,,,"bx2IzDOX0PRWxL2qYNwW0cIx2hiD7oH8",,0
"3B0AC1783B8246EBA3C9D529B5DB62BC","D01","HARV","HARV_014","W","2014-06-03","2014-06-04","2014-06-04",,"HARV_014.W.20140603.oc.01",,"Y","other carabid",,,,,,,,,,"bx2IzDOX0PRWxL2qYNwW0cIx2hiD7oH8",,0
"5C597680D3E54997A614C46274D0927A","D01","HARV","HARV_014","S","2014-06-03","2014-06-04","2014-06-04",,"HARV_014.S.20140603.oc.01",,"Y","other carabid",,,,,,,,,,"bx2IzDOX0PRWxL2qYNwW0cIx2hiD7oH8",,0
"7B7314C28DB049949E5021A759797C6C","D01","HARV","HARV_014","N","2014-06-03","2014-06-04","2014-06-04",,"HARV_014.20140603.ib.01","HARV_014.20140603.ib.01","N","invert bycatch",,,,,,,,,,"bx2IzDOX0PRWxL2qYNwW0cIx2hiD7oH8",,0
"35A10F0FE1CA4E72AFA892C88FCA2A4D","D01","HARV","HARV_013","N","2014-06-03","2014-06-04","2014-06-04",,"HARV_013.20140603.ib.01","HARV_013.20140603.ib.01","N","invert bycatch",,,,,,,,,,"bx2IzDOX0PRWxL2qYNwW0cIx2hiD7oH8",,0
"BAB7946DB3DE4E248CDB019BED06CF10","D01","HARV","HARV_013","E","2014-06-03","2014-06-04","2014-06-04",,"HARV_013.E.20140603.oc.01",,"Y","other carabid",,,,,,,,,,"bx2IzDOX0PRWxL2qYNwW0cIx2hiD7oH8",,0
"3BCA24B17CCE461EADFA64264DF6F1E4","D01","HARV","HARV_013","S","2014-06-03","2014-06-04","2014-06-04",,"HARV_013.S.20140603.oc.01",,"Y","other carabid",,,,,,,,,,"bx2IzDOX0PRWxL2qYNwW0cIx2hiD7oH8",,0
"4057C04389CC450A8D9D19C04832767A","D01","HARV","HARV_010","N","2014-06-03","2014-06-04","2014-06-04",,"HARV_010.20140603.ib.01","HARV_010.20140603.ib.01","N","invert bycatch",,,,,,,,,,"bx2IzDOX0PRWxL2qYNwW0cIx2hiD7oH8",,0
"A28BB543DBBE4002BFC3DDC4A4CA34DF","D01","HARV","HARV_010","E","2014-06-03","2014-06-04","2014-06-04",,"HARV_010.E.20140603.oc.01",,"Y","other carabid",,,,,,,,,,"bx2IzDOX0PRWxL2qYNwW0cIx2hiD7oH8",,0
"4C747E87E22D41F78252B1DD2640538D","D01","HARV","HARV_010","S","2014-06-03","2014-06-04","2014-06-04",,"HARV_010.S.20140603.oc.01",,"Y","other carabid",,,,,,,,,,"bx2IzDOX0PRWxL2qYNwW0cIx2hiD7oH8",,0
"14801FFE13F94E8D82E28AC1737E5EBE","D01","HARV","HARV_010","N","2014-06-03","2014-06-04","2014-06-04",,"HARV_010.N.20140603.oc.01",,"Y","other carabid",,,,,,,,,,"bx2IzDOX0PRWxL2qYNwW0cIx2hiD7oH8",,0
"175802E741F14A9C83BEA54D7C7D0A9D","D01","HARV","HARV_006","W","2014-06-03","2014-06-04","2014-06-04",,"HARV_006.W.20140603.oc.01",,"Y","other carabid",,,,,,,,,,"bx2IzDOX0PRWxL2qYNwW0cIx2hiD7oH8",,0
"00C9A831484140D489A73EFD2334043A","D01","HARV","HARV_006","S","2014-06-03","2014-06-04","2014-06-04",,"HARV_006.S.20140603.oc.01",,"Y","other carabid",,,,,,,,,,"bx2IzDOX0PRWxL2qYNwW0cIx2hiD7oH8",,0
"876F0AD6CA6F4C9BA7030774DF984D04","D01","HARV","HARV_006","E","2014-06-03","2014-06-04","2014-06-04",,"HARV_006.E.20140603.oc.01",,"Y","other carabid",,,,,,,,,,"bx2IzDOX0PRWxL2qYNwW0cIx2hiD7oH8",,0
"250B1EF13EF94260AB63027738C50A3F","D01","HARV","HARV_006","N","2014-06-03","2014-06-04","2014-06-04",,"HARV_006.N.20140603.oc.01",,"Y","other carabid",,,,,,,,,,"bx2IzDOX0PRWxL2qYNwW0cIx2hiD7oH8",,0
"0A780652197142E095BB139CB3B6162F","D01","HARV","HARV_006","N","2014-06-03","2014-06-04","2014-06-04",,"HARV_006.20140603.ib.01","HARV_006.20140603.ib.01","N","invert bycatch",,,,,,,,,,"bx2IzDOX0PRWxL2qYNwW0cIx2hiD7oH8",,0
"81B0309D225F44F49D80915F8B83F2C2","D01","HARV","HARV_005","W","2014-06-03","2014-06-04","2014-06-04",,"HARV_005.W.20140603.oc.01",,"Y","other carabid",,,,,,,,,,"bx2IzDOX0PRWxL2qYNwW0cIx2hiD7oH8",,0
"0CF22B4D3B844923BE2CFE7EC4E722A8","D01","HARV","HARV_005","N","2014-06-03","2014-06-04","2014-06-04",,"HARV_005.20140603.ib.01","HARV_005.20140603.ib.01","N","invert bycatch",,,,,,,,,,"bx2IzDOX0PRWxL2qYNwW0cIx2hiD7oH8",,0
"D470F11A07D14E71934FBEBF2615A94F","D01","HARV","HARV_005","N","2014-06-03","2014-06-04","2014-06-04","2014-06-04","HARV_005.N.20140603.PLECIN.01","HARV_005.20140603.PLECIN.01","N","vert bycatch herp","PLECIN","Plethodon cinereus","species",,"Green",,3,,"bx2IzDOX0PRWxL2qYNwW0cIx2hiD7oH8","bx2IzDOX0PRWxL2qYNwW0cIx2hiD7oH8",,0
"1FE7B5CCFC1842C1BF728A32A9E4565A","D01","HARV","HARV_005","E","2014-06-03","2014-06-04","2014-06-04",,"HARV_005.E.20140603.oc.01",,"Y","other carabid",,,,,,,,,,"bx2IzDOX0PRWxL2qYNwW0cIx2hiD7oH8",,0
"1A6614DEBEE74C1E9A2A6CAB964898BD","D01","HARV","HARV_005","S","2014-06-03","2014-06-04","2014-06-04",,"HARV_005.S.20140603.oc.01",,"Y","other carabid",,,,,,,,,,"bx2IzDOX0PRWxL2qYNwW0cIx2hiD7oH8",,0
"E2FF0E48D89E44ECA4C343065E9B38E6","D01","HARV","HARV_002","N","2014-06-03","2014-06-04","2014-06-04","2014-06-04","HARV_002.N.20140603.PLECIN.01","HARV_002.N.20140603.PLECIN.01","N","vert bycatch herp","PLECIN","Plethodon cinereus","species",,"Green",,1,,"bx2IzDOX0PRWxL2qYNwW0cIx2hiD7oH8","bx2IzDOX0PRWxL2qYNwW0cIx2hiD7oH8",,0
"B664567E6CA34AFDAFA85B8627A45D51","D01","HARV","HARV_002","E","2014-06-03","2014-06-04","2014-06-04",,"HARV_002.E.20140603.oc.01",,"Y","other carabid",,,,,,,,,,"bx2IzDOX0PRWxL2qYNwW0cIx2hiD7oH8",,0
"D6DCC4EF3F4C40469079CCB59790EFCC","D01","HARV","HARV_002","N","2014-06-03","2014-06-04","2014-06-04",,"HARV_002.20140603.ib.01","HARV_002.20140603.ib.01","N","invert bycatch",,,,,,,,,,"bx2IzDOX0PRWxL2qYNwW0cIx2hiD7oH8",,0
"9AA505F099EF47BDB25EEBE3B0EEE1AC","D01","HARV","HARV_002","W","2014-06-03","2014-06-04","2014-06-04",,"HARV_002.W.20140603.oc.01",,"Y","other carabid",,,,,,,,,,"bx2IzDOX0PRWxL2qYNwW0cIx2hiD7oH8",,0
"DE3334F62B9147DE968C969ACAD61D1D","D01","HARV","HARV_002","N","2014-06-03","2014-06-04","2014-06-04",,"HARV_002.N.20140603.oc.01",,"Y","other carabid",,,,,,,,,,"bx2IzDOX0PRWxL2qYNwW0cIx2hiD7oH8",,0
"491EC2FF7DE841F0937811C63A3C7170","D01","HARV","HARV_004","E","2014-06-03","2014-06-04","2014-06-04",,"HARV_004.E.20140603.oc.01",,"Y","other carabid",,,,,,,,,,"bx2IzDOX0PRWxL2qYNwW0cIx2hiD7oH8",,0
"062B155C2EB641C689AC59C60E3BC725","D01","HARV","HARV_004","S","2014-06-03","2014-06-04","2014-06-04",,"HARV_004.S.20140603.oc.01",,"Y","other carabid",,,,,,,,,,"bx2IzDOX0PRWxL2qYNwW0cIx2hiD7oH8",,0
"038B0CFD400A41008BF29F8924F02753","D01","HARV","HARV_004","N","2014-06-03","2014-06-04","2014-06-04",,"HARV_004.N.20140603.oc.01",,"Y","other carabid",,,,,,,,,,"bx2IzDOX0PRWxL2qYNwW0cIx2hiD7oH8",,0
"A35651B1FCC641379B5E6A058D3CED54","D01","HARV","HARV_004","N","2014-06-03","2014-06-04","2014-06-04",,"HARV_004.20140603.ib.01","HARV_004.20140603.ib.01","N","invert bycatch",,,,,,,,,,"bx2IzDOX0PRWxL2qYNwW0cIx2hiD7oH8",,0
"9E4CC581FBAC469D917D022F8A88F9A1","D01","HARV","HARV_001","E","2014-06-03","2014-06-04","2014-06-04","2014-06-04","HARV_001.E.20140603.PLECIN.01","HARV_001.E.20140603.PLECIN.01","N","vert bycatch herp","PLECIN","Plethodon cinereus","species",,"Green",,1,,"bx2IzDOX0PRWxL2qYNwW0cIx2hiD7oH8","bx2IzDOX0PRWxL2qYNwW0cIx2hiD7oH8",,0
"8D3CE62EF76041F795AE3CE0442CF654","D01","HARV","HARV_001","S","2014-06-17","2014-06-18","2014-06-18",,"HARV_001.S.20140617.oc.01",,"Y","other carabid",,,,,,,,,,"IPTKIJlOlynEsXdNtjpcReVD3gBTCRSH",,0
"1870FF6BA22E4597985E266C3E879E86","D01","HARV","HARV_022","N","2014-06-17","2014-06-18","2014-06-18",,"HARV_022.20140617.ib.01","HARV_022.20140617.ib.01","N","invert bycatch",,,,,,,,,,"IPTKIJlOlynEsXdNtjpcReVD3gBTCRSH",,0
"61D74EE2AC414E8CB8E2856445932034","D01","HARV","HARV_022","N","2014-06-17","2014-06-18","2014-06-18",,"HARV_022.N.20140617.oc.01",,"Y","other carabid",,,,,,,,,,"IPTKIJlOlynEsXdNtjpcReVD3gBTCRSH",,0
"3ABF298483604789872FF11989E3972A","D01","HARV","HARV_022","E","2014-06-17","2014-06-18","2014-06-18",,"HARV_022.E.20140617.oc.01",,"Y","other carabid",,,,,,,,,,"IPTKIJlOlynEsXdNtjpcReVD3gBTCRSH",,0
"FEF4F924CD184FF1812A68C272F47FDB","D01","HARV","HARV_021","S","2014-06-17","2014-06-18","2014-06-18",,"HARV_021.S.20140617.oc.01",,"Y","other carabid",,,,,,,,,,"IPTKIJlOlynEsXdNtjpcReVD3gBTCRSH",,0
"5365415B87624F0FB6A5126F95157343","D01","HARV","HARV_021","N","2014-06-17","2014-06-18","2014-06-18",,"HARV_021.20140617.ib.01","HARV_021.20140617.ib.01","N","invert bycatch",,,,,,,,,,"IPTKIJlOlynEsXdNtjpcReVD3gBTCRSH",,0
"AE93A70758A34CD4A2073C369DBABBAC","D01","HARV","HARV_014","S","2014-06-17","2014-06-18","2014-06-18","2014-06-18","HARV_014.S.20140617.PLECIN.01","HARV_014.S.20140617.PLECIN.01","N","vert bycatch herp","PLECIN","Plethodon cinereus","species",,"Green",,,,"IPTKIJlOlynEsXdNtjpcReVD3gBTCRSH","IPTKIJlOlynEsXdNtjpcReVD3gBTCRSH",,0
"BCAD08912A1A4FD089822C4BCA509226","D01","HARV","HARV_014","N","2014-06-17","2014-06-18","2014-06-18",,"HARV_014.N.20140617.oc.01",,"Y","other carabid",,,,,,,,,,"IPTKIJlOlynEsXdNtjpcReVD3gBTCRSH",,0
"4AB15E913B3E481CA38D2747326D69A7","D01","HARV","HARV_014","E","2014-06-17","2014-06-18","2014-06-18",,"HARV_014.E.20140617.oc.01",,"Y","other carabid",,,,,,,,,,"IPTKIJlOlynEsXdNtjpcReVD3gBTCRSH",,0
"9413D68BF9D04D0CA0854A7954437960","D01","HARV","HARV_014","W","2014-06-17","2014-06-18","2014-06-18",,"HARV_014.W.20140617.oc.01",,"Y","other carabid",,,,,,,,,,"IPTKIJlOlynEsXdNtjpcReVD3gBTCRSH",,0
"C725467953B34DC18118219AB69DFBD5","D01","HARV","HARV_014","N","2014-06-17","2014-06-18","2014-06-18",,"HARV_014.20140617.ib.01","HARV_014.20140617.ib.01","Y","invert bycatch",,,,,,,,,,"IPTKIJlOlynEsXdNtjpcReVD3gBTCRSH",,0
"8BCD5B59660041679FDB10610AF1878E","D01","HARV","HARV_013","E","2014-06-17","2014-06-18","2014-06-18",,"HARV_013.E.20140617.oc.01",,"Y","other carabid",,,,,,,,,,"IPTKIJlOlynEsXdNtjpcReVD3gBTCRSH",,0
"CBDA6617397441B79B0C3A6D2CF8D2FB","D01","HARV","HARV_013","N","2014-06-17","2014-06-18","2014-06-18",,"HARV_013.20140617.ib.01","HARV_013.20140617.ib.01","N","invert bycatch",,,,,,,,,,"IPTKIJlOlynEsXdNtjpcReVD3gBTCRSH",,0
"1E066DD282124345B31E6D790E24889E","D01","HARV","HARV_010","S","2014-06-17","2014-06-18","2014-06-18",,"HARV_010.S.20140617.oc.01",,"Y","other carabid",,,,,,,,,,"IPTKIJlOlynEsXdNtjpcReVD3gBTCRSH",,0
"803D7EC4AB424AE9996977A69F13906A","D01","HARV","HARV_010","N","2014-06-17","2014-06-18","2014-06-18",,"HARV_010.20140617.ib.01","HARV_010.20140617.ib.01","N","invert bycatch",,,,,,,,,,"IPTKIJlOlynEsXdNtjpcReVD3gBTCRSH",,0
"58C68BF31D7B4886A44AE486EE1E0118","D01","HARV","HARV_010","E","2014-06-17","2014-06-18","2014-06-18","2014-06-18","HARV_010.E.20140617.PLECIN.01","HARV_010.E.20140617.PLECIN.01","N","vert bycatch herp","PLECIN","Plethodon cinereus","species",,"Green",,1,,"IPTKIJlOlynEsXdNtjpcReVD3gBTCRSH","IPTKIJlOlynEsXdNtjpcReVD3gBTCRSH",,0
"AB5837664C3C40E6938200B7F7390914","D01","HARV","HARV_010","N","2014-06-17","2014-06-18","2014-06-18",,"HARV_010.N.20140617.oc.01",,"Y","other carabid",,,,,,,,,,"IPTKIJlOlynEsXdNtjpcReVD3gBTCRSH",,0
"763BDB6F4BC84CF7B824C3A7DB8FEA16","D01","HARV","HARV_010","E","2014-06-17","2014-06-18","2014-06-18",,"HARV_010.E.20140617.oc.01",,"Y","other carabid",,,,,,,,,,"IPTKIJlOlynEsXdNtjpcReVD3gBTCRSH",,0
"E60CC3959A074C98BBBE493F32B1B12B","D01","HARV","HARV_006","S","2014-06-17","2014-06-18","2014-06-18",,"HARV_006.S.20140617.oc.01",,"Y","other carabid",,,,,,,,,,"IPTKIJlOlynEsXdNtjpcReVD3gBTCRSH",,0
"CD498C29FC6C4DA387B5D423EDBF13CD","D01","HARV","HARV_006","E","2014-06-17","2014-06-18","2014-06-18",,"HARV_006.E.20140617.oc.01",,"Y","other carabid",,,,,,,,,,"IPTKIJlOlynEsXdNtjpcReVD3gBTCRSH",,0
"8C41F6E969714E1F822308E69470C47B","D01","HARV","HARV_006","N","2014-06-17","2014-06-18","2014-06-18",,"HARV_006.20140617.ib.01","HARV_006.20140617.ib.01","N","invert bycatch",,,,,,,,,,"IPTKIJlOlynEsXdNtjpcReVD3gBTCRSH",,0
"BF05E72760554BFEA3EC0F685FA5FBC7","D01","HARV","HARV_005","N","2014-06-17","2014-06-18","2014-06-18",,"HARV_005.N.20140617.oc.01",,"Y","other carabid",,,,,,,,,,"IPTKIJlOlynEsXdNtjpcReVD3gBTCRSH",,0
"2C23DC16EBFB4E58BA66C54A2518FB02","D01","HARV","HARV_005","S","2014-06-17","2014-06-18","2014-06-18",,"HARV_005.S.20140617.oc.01",,"Y","other carabid",,,,,,,,,,"IPTKIJlOlynEsXdNtjpcReVD3gBTCRSH",,0
"1A514B282A6C4115A9856DC51FD3E27B","D01","HARV","HARV_005","N","2014-06-17","2014-06-18","2014-06-18",,"HARV_005.20140617.ib.01","HARV_005.20140617.ib.01","N","invert bycatch",,,,,,,,,,"IPTKIJlOlynEsXdNtjpcReVD3gBTCRSH",,0
"564D45D0734A4ADC835652B56BA68F88","D01","HARV","HARV_005","W","2014-06-17","2014-06-18","2014-06-18",,"HARV_005.W.20140617.oc.01",,"Y","other carabid",,,,,,,,,,"IPTKIJlOlynEsXdNtjpcReVD3gBTCRSH",,0
"E12D528D93C44EE193445D17C2DECB2C","D01","HARV","HARV_005","E","2014-06-17","2014-06-18","2014-06-18",,"HARV_005.E.20140617.oc.01",,"Y","other carabid",,,,,,,,,,"IPTKIJlOlynEsXdNtjpcReVD3gBTCRSH",,0
"601C428BFE094E5DA132287A976CCA04","D01","HARV","HARV_002","N","2014-06-17","2014-06-18","2014-06-18",,"HARV_002.20140617.ib.01","HARV_002.20140617.ib.01","N","invert bycatch",,,,,,,,,,"IPTKIJlOlynEsXdNtjpcReVD3gBTCRSH",,0
"A0391E13E59B47BE91E48C5595D2BE8F","D01","HARV","HARV_002","N","2014-06-17","2014-06-18","2014-06-18","2014-06-18","HARV_002.N.20140617.PLECIN.01","HARV_002.N.20140617.PLECIN.01","N","vert bycatch herp","PLECIN","Plethodon cinereus","species",,"Green",,1,,"IPTKIJlOlynEsXdNtjpcReVD3gBTCRSH","IPTKIJlOlynEsXdNtjpcReVD3gBTCRSH","This vertebrate bycatch was found in either the E or W trap.  No notes to distinguish which trap.",0
"EFE8B49B3388452BB97C740FCBDC9543","D01","HARV","HARV_002","N","2014-06-17","2014-06-18","2014-06-18","2014-06-18","HARV_002.N.20140617.NOTVIR.01","HARV_002.N.20140617.NOTVIR.01","N","vert bycatch herp","NOTVIR","Notophthalmus viridescens","species",,"Rafinesque",,1,,"IPTKIJlOlynEsXdNtjpcReVD3gBTCRSH","IPTKIJlOlynEsXdNtjpcReVD3gBTCRSH","This vertebrate bycatch was found in either the E or W trap.  No notes to distinguish which trap.",0
"52E91E92B0B54AC58CA90F0AB38D3A4B","D01","HARV","HARV_002","E","2014-06-17","2014-06-18","2014-06-18",,"HARV_002.E.20140617.oc.01",,"Y","other carabid",,,,,,,,,,"IPTKIJlOlynEsXdNtjpcReVD3gBTCRSH",,0
"47A6CBB738E142E9B0060FBFEE079797","D01","HARV","HARV_002","W","2014-06-17","2014-06-18","2014-06-18",,"HARV_002.W.20140617.oc.01",,"Y","other carabid",,,,,,,,,,"IPTKIJlOlynEsXdNtjpcReVD3gBTCRSH",,0
"940F4502D53E4162B9BF8507E918FC6E","D01","HARV","HARV_002","N","2014-06-17","2014-06-18","2014-06-18",,"HARV_002.N.20140617.oc.01",,"Y","other carabid",,,,,,,,,,"IPTKIJlOlynEsXdNtjpcReVD3gBTCRSH",,0
"70374E7CA2A5435D96A6A9ED43B0FC53","D01","HARV","HARV_004","N","2014-06-17","2014-06-18","2014-06-18","2014-06-18","HARV_004.N.20140617.PLECIN.01","HARV_004.20140617.PLECIN.01","N","vert bycatch herp","PLECIN","Plethodon cinereus","species",,"Green",,3,,"IPTKIJlOlynEsXdNtjpcReVD3gBTCRSH","IPTKIJlOlynEsXdNtjpcReVD3gBTCRSH",,0
"19ED18483859491CAED252A8DE48538E","D01","HARV","HARV_004","N","2014-06-17","2014-06-18","2014-06-18",,"HARV_004.20140617.ib.01","HARV_004.20140617.ib.01","N","invert bycatch",,,,,,,,,,"IPTKIJlOlynEsXdNtjpcReVD3gBTCRSH",,0
"C438A690A0074E7B87C4B0AF0BC8D0EE","D01","HARV","HARV_004","W","2014-06-17","2014-06-18","2014-06-18",,"HARV_004.W.20140617.oc.01",,"Y","other carabid",,,,,,,,,,"IPTKIJlOlynEsXdNtjpcReVD3gBTCRSH",,0
"4C4F74DFED1A40CD9684C4B5ABA4F6FC","D01","HARV","HARV_004","E","2014-06-17","2014-06-18","2014-06-18",,"HARV_004.E.20140617.oc.01",,"Y","other carabid",,,,,,,,,,"IPTKIJlOlynEsXdNtjpcReVD3gBTCRSH",,0
"F5114E52774440109B7EDD04A6FF8CF9","D01","HARV","HARV_001","N","2014-06-17","2014-06-18","2014-06-18",,"HARV_001.20140617.ib.01","HARV_001.20140617.ib.01","N","invert bycatch",,,,,,,,,,"IPTKIJlOlynEsXdNtjpcReVD3gBTCRSH",,0
"863F2FFE84534062866462FFC0EF4A53","D01","HARV","HARV_001","N","2014-07-01","2014-07-02","2014-07-02",,"HARV_001.20140701.ib.01","HARV_001.20140701.ib.01","N","invert bycatch",,,,,,,,,,"IPTKIJlOlynEsXdNtjpcReVD3gBTCRSH",,0
"BA716B7457594A0495EEB15BE6ADFCD8","D01","HARV","HARV_022","E","2014-07-01","2014-07-02","2014-07-02",,"HARV_022.E.20140701.oc.01",,"Y","other carabid",,,,,,,,,,"IPTKIJlOlynEsXdNtjpcReVD3gBTCRSH",,0
"0380ACFC47C44458B05A9601F6A6F109","D01","HARV","HARV_021","N","2014-07-01","2014-07-02","2014-07-02",,"HARV_021.20140701.ib.01","HARV_021.20140701.ib.01","N","invert bycatch",,,,,,,,,,"IPTKIJlOlynEsXdNtjpcReVD3gBTCRSH",,0
"4BA041F543544829A3095DA8662CCC1D","D01","HARV","HARV_021","N","2014-07-01","2014-07-02","2014-07-02",,"HARV_021.N.20140701.oc.01",,"Y","other carabid",,,,,,,,,,"IPTKIJlOlynEsXdNtjpcReVD3gBTCRSH",,0
"5A139C1B19844B74A08361A860337199","D01","HARV","HARV_014","E","2014-07-01","2014-07-02","2014-07-02",,"HARV_014.E.20140701.oc.01",,"Y","other carabid",,,,,,,,,,"IPTKIJlOlynEsXdNtjpcReVD3gBTCRSH",,0
"AFB1261B9D4B4401822DDAC130EB9CC4","D01","HARV","HARV_014","N","2014-07-01","2014-07-02","2014-07-02",,"HARV_014.N.20140701.oc.01",,"Y","other carabid",,,,,,,,,,"IPTKIJlOlynEsXdNtjpcReVD3gBTCRSH",,0
"84B70DE334EC42C994027CDC0CE3E9AD","D01","HARV","HARV_014","W","2014-07-01","2014-07-02","2014-07-02",,"HARV_014.W.20140701.oc.01",,"Y","other carabid",,,,,,,,,,"IPTKIJlOlynEsXdNtjpcReVD3gBTCRSH",,0
"FDBCFD715067424F93050AA76095E06A","D01","HARV","HARV_014","W","2014-07-01","2014-07-02","2014-07-02","2014-07-02","HARV_014.W.20140701.PLECIN.01","HARV_014.W.20140701.PLECIN.01","N","vert bycatch herp","PLECIN","Plethodon cinereus","species",,"Green",,1,,"IPTKIJlOlynEsXdNtjpcReVD3gBTCRSH","IPTKIJlOlynEsXdNtjpcReVD3gBTCRSH",,0
"77BB879A008040D38719522D8E163A03","D01","HARV","HARV_014","S","2014-07-01","2014-07-02","2014-07-02",,"HARV_014.S.20140701.oc.01",,"Y","other carabid",,,,,,,,,,"IPTKIJlOlynEsXdNtjpcReVD3gBTCRSH",,0
"C8539EB601064A6DADE0E4B7574BBB1C","D01","HARV","HARV_014","N","2014-07-01","2014-07-02","2014-07-02",,"HARV_014.20140701.ib.01","HARV_014.20140701.ib.01","N","invert bycatch",,,,,,,,,,"IPTKIJlOlynEsXdNtjpcReVD3gBTCRSH",,0
"860171F78EC046A885731FDA0F5E041A","D01","HARV","HARV_013","N","2014-07-01","2014-07-02","2014-07-02",,"HARV_013.20140701.ib.01","HARV_013.20140701.ib.01","N","invert bycatch",,,,,,,,,,"IPTKIJlOlynEsXdNtjpcReVD3gBTCRSH",,0
"3F19D0DC037043B68DC547A582939194","D01","HARV","HARV_010","S","2014-07-01","2014-07-02","2014-07-02",,"HARV_010.S.20140701.oc.01",,"Y","other carabid",,,,,,,,,,"IPTKIJlOlynEsXdNtjpcReVD3gBTCRSH",,0
"286BFC5CC49F48CE9214BE2962397AC8","D01","HARV","HARV_010","W","2014-07-01","2014-07-02","2014-07-02",,"HARV_010.W.20140701.oc.01",,"Y","other carabid",,,,,,,,,,"IPTKIJlOlynEsXdNtjpcReVD3gBTCRSH",,0
"C1459394E85147C1AB9DA6BAC99B5BCB","D01","HARV","HARV_010","N","2014-07-01","2014-07-02","2014-07-02",,"HARV_010.20140701.ib.01","HARV_010.20140701.ib.01","N","invert bycatch",,,,,,,,,,"IPTKIJlOlynEsXdNtjpcReVD3gBTCRSH",,0
"B9A9366A76264B06B36E564B46E0729C","D01","HARV","HARV_010","N","2014-07-01","2014-07-02","2014-07-02",,"HARV_010.N.20140701.oc.01",,"Y","other carabid",,,,,,,,,,"IPTKIJlOlynEsXdNtjpcReVD3gBTCRSH",,0
"A6E685AF844D4C3FAA600C6649472BCB","D01","HARV","HARV_006","E","2014-07-01","2014-07-02","2014-07-02",,"HARV_006.E.20140701.oc.01",,"Y","other carabid",,,,,,,,,,"IPTKIJlOlynEsXdNtjpcReVD3gBTCRSH",,0
"7384F08A884B4A719E0B17DFE1FB9DBB","D01","HARV","HARV_006","N","2014-07-01","2014-07-02","2014-07-02",,"HARV_006.20140701.ib.01","HARV_006.20140701.ib.01","N","invert bycatch",,,,,,,,,,"IPTKIJlOlynEsXdNtjpcReVD3gBTCRSH",,0
"283D6DB307C84838A867F2AE758B2275","D01","HARV","HARV_005","S","2014-07-01","2014-07-02","2014-07-02",,"HARV_005.S.20140701.oc.01",,"Y","other carabid",,,,,,,,,,"IPTKIJlOlynEsXdNtjpcReVD3gBTCRSH",,0
"21C8980A9B7645D0A13FC54F33C0F54E","D01","HARV","HARV_005","N","2014-07-01","2014-07-02","2014-07-02",,"HARV_005.20140701.ib.01","HARV_005.20140701.ib.01","N","invert bycatch",,,,,,,,,,"IPTKIJlOlynEsXdNtjpcReVD3gBTCRSH",,0
"5E2AB0801A8541DAB0B5A107DDF56522","D01","HARV","HARV_005","E","2014-07-01","2014-07-02","2014-07-02",,"HARV_005.E.20140701.oc.01",,"Y","other carabid",,,,,,,,,,"IPTKIJlOlynEsXdNtjpcReVD3gBTCRSH",,0
"07F6C67A911C48519998D69EEA1BBD68","D01","HARV","HARV_005","N","2014-07-01","2014-07-02","2014-07-02",,"HARV_005.N.20140701.oc.01",,"Y","other carabid",,,,,,,,,,"IPTKIJlOlynEsXdNtjpcReVD3gBTCRSH",,0
"2D907FBF9E944CACB48ED3570B4CB74A","D01","HARV","HARV_002","E","2014-07-01","2014-07-02","2014-07-02",,"HARV_002.E.20140701.oc.01",,"Y","other carabid",,,,,,,,,,"IPTKIJlOlynEsXdNtjpcReVD3gBTCRSH",,0
"643336400B314073A6916486D80E05A9","D01","HARV","HARV_002","S","2014-07-01","2014-07-02","2014-07-02",,"HARV_002.S.20140701.oc.01",,"Y","other carabid",,,,,,,,,,"IPTKIJlOlynEsXdNtjpcReVD3gBTCRSH",,0
"360F145925EA4A9B96A8ADB5AEEDA3B8","D01","HARV","HARV_002","W","2014-07-01","2014-07-02","2014-07-02",,"HARV_002.W.20140701.oc.01",,"Y","other carabid",,,,,,,,,,"IPTKIJlOlynEsXdNtjpcReVD3gBTCRSH",,0
"C1C0050B2489429C9A2889A2D2B84332","D01","HARV","HARV_002","N","2014-07-01","2014-07-02","2014-07-02",,"HARV_002.20140701.ib.01","HARV_002.20140701.ib.01","N","invert bycatch",,,,,,,,,,"IPTKIJlOlynEsXdNtjpcReVD3gBTCRSH",,0
"3DBCD97B063F488F9B86DE4AA73759F3","D01","HARV","HARV_002","N","2014-07-01","2014-07-02","2014-07-02",,"HARV_002.N.20140701.oc.01",,"Y","other carabid",,,,,,,,,,"IPTKIJlOlynEsXdNtjpcReVD3gBTCRSH",,0
"2F1939E54B29465B8100313950E3AD74","D01","HARV","HARV_004","N","2014-07-01","2014-07-02","2014-07-02","2014-07-02","HARV_004.N.20140701.PLECIN.01","HARV_004.N.20140701.PLECIN.01","N","vert bycatch herp","PLECIN","Plethodon cinereus","species",,"Green",,1,,"IPTKIJlOlynEsXdNtjpcReVD3gBTCRSH","IPTKIJlOlynEsXdNtjpcReVD3gBTCRSH",,0
"D04869A9BCF446A08E38FF0F8BEA6EDB","D01","HARV","HARV_004","N","2014-07-01","2014-07-02","2014-07-02",,"HARV_004.20140701.ib.01","HARV_004.20140701.ib.01","N","invert bycatch",,,,,,,,,,"IPTKIJlOlynEsXdNtjpcReVD3gBTCRSH",,0
"020B43AD4CCB48569D05AE576B426722","D01","HARV","HARV_004","N","2014-07-01","2014-07-02","2014-07-02",,"HARV_004.N.20140701.oc.01",,"Y","other carabid",,,,,,,,,,"IPTKIJlOlynEsXdNtjpcReVD3gBTCRSH",,0
"61C8DEB2A9DD4394924F2A6504F5E7BE","D01","HARV","HARV_004","S","2014-07-01","2014-07-02","2014-07-02",,"HARV_004.S.20140701.oc.01",,"Y","other carabid",,,,,,,,,,"IPTKIJlOlynEsXdNtjpcReVD3gBTCRSH",,0
"2F6F77425DF244ACB4618F0CFB5E425F","D01","HARV","HARV_004","E","2014-07-01","2014-07-02","2014-07-02",,"HARV_004.E.20140701.oc.01",,"Y","other carabid",,,,,,,,,,"IPTKIJlOlynEsXdNtjpcReVD3gBTCRSH",,0
"DDD8B05B731245468EED2D3E3342B6F3","D01","HARV","HARV_001","N","2014-07-01","2014-07-02","2014-07-02",,"HARV_001.N.20140701.oc.01",,"Y","other carabid",,,,,,,,,,"IPTKIJlOlynEsXdNtjpcReVD3gBTCRSH",,0
"7F68F2A4B5AE441FB93017B08E55C5C4","D01","HARV","HARV_001","E","2014-07-01","2014-07-02","2014-07-02",,"HARV_001.E.20140701.oc.01",,"Y","other carabid",,,,,,,,,,"IPTKIJlOlynEsXdNtjpcReVD3gBTCRSH",,0
"D511640211724A2A96E69F7E0A9C1CEE","D01","HARV","HARV_001","N","2014-07-15","2014-07-16","2014-07-16",,"HARV_001.20140715.ib.01","HARV_001.20140715.ib.01","N","invert bycatch",,,,,,,,,,"IPTKIJlOlynEsXdNtjpcReVD3gBTCRSH",,0
"59B1DACED46E454DAF0F9FF27FB041F0","D01","HARV","HARV_022","W","2014-07-15","2014-07-16","2014-07-16",,"HARV_022.W.20140715.oc.01",,"Y","other carabid",,,,,,,,,,"IPTKIJlOlynEsXdNtjpcReVD3gBTCRSH",,0
"C352EB0FC8DA4B9E9F371F0DAE40231B","D01","HARV","HARV_022","N","2014-07-15","2014-07-16","2014-07-16",,"HARV_022.20140715.ib.01","HARV_022.20140715.ib.01","N","invert bycatch",,,,,,,,,,"IPTKIJlOlynEsXdNtjpcReVD3gBTCRSH",,0
"9D6CBC3F0B9343EB8A8468DFDA2AE3F3","D01","HARV","HARV_021","S","2014-07-15","2014-07-16","2014-07-16","2014-07-16","HARV_021.S.20140715.PLECIN.01","HARV_021.S.20140715.PLECIN.01","N","vert bycatch herp","PLECIN","Plethodon cinereus","species",,"Green",,1,,"bx2IzDOX0PRWxL2qYNwW0cIx2hiD7oH8","5nSNnSHYvIu2L30FLkRVEImU5PGdjam1",,0
"B0028AEFB69648E1AFF2840B967AF076","D01","HARV","HARV_021","N","2014-07-15","2014-07-16","2014-07-16",,"HARV_021.20140715.ib.01","HARV_021.20140715.ib.01","N","invert bycatch",,,,,,,,,,"5nSNnSHYvIu2L30FLkRVEImU5PGdjam1",,0
"27483DFE3F6942C3A6D6154113BE6D49","D01","HARV","HARV_021","S","2014-07-15","2014-07-16","2014-07-16",,"HARV_021.S.20140715.oc.01",,"Y","other carabid",,,,,,,,,,"5nSNnSHYvIu2L30FLkRVEImU5PGdjam1",,0
"8DD911ED280345378A4133DACFEA90D7","D01","HARV","HARV_021","N","2014-07-15","2014-07-16","2014-07-16",,"HARV_021.N.20140715.oc.01",,"Y","other carabid",,,,,,,,,,"5nSNnSHYvIu2L30FLkRVEImU5PGdjam1",,0
"9F0A48360AC74AF9AA58897C22C284D5","D01","HARV","HARV_014","W","2014-07-15","2014-07-16","2014-07-16",,"HARV_014.W.20140715.oc.01",,"Y","other carabid",,,,,,,,,,"5nSNnSHYvIu2L30FLkRVEImU5PGdjam1",,0
"369E304242964E2A93A3666F8654A770","D01","HARV","HARV_014","N","2014-07-15","2014-07-16","2014-07-16",,"HARV_014.20140715.ib.01","HARV_014.20140715.ib.01","N","invert bycatch",,,,,,,,,,"5nSNnSHYvIu2L30FLkRVEImU5PGdjam1",,0
"A2FFAEEFD22E45B79A093DFC55BA35CA","D01","HARV","HARV_014","S","2014-07-15","2014-07-16","2014-07-16",,"HARV_014.S.20140715.oc.01",,"Y","other carabid",,,,,,,,,,"5nSNnSHYvIu2L30FLkRVEImU5PGdjam1",,0
"24A2405BC07E43AF93CABF07C9D175CA","D01","HARV","HARV_014","N","2014-07-15","2014-07-16","2014-07-16",,"HARV_014.N.20140715.oc.01",,"Y","other carabid",,,,,,,,,,"5nSNnSHYvIu2L30FLkRVEImU5PGdjam1",,0
"1B175BBF397F411281D34508B9C26979","D01","HARV","HARV_013","N","2014-07-15","2014-07-16","2014-07-16",,"HARV_013.N.20140715.oc.01",,"Y","other carabid",,,,,,,,,,"IPTKIJlOlynEsXdNtjpcReVD3gBTCRSH",,0
"D982A5C4DE1B43F59D4D724AFA7FBCA5","D01","HARV","HARV_013","E","2014-07-15","2014-07-16","2014-07-16","2014-07-16","HARV_013.E.20140715.PLECIN.01","HARV_013.E.20140715.PLECIN.01","N","vert bycatch herp","PLECIN","Plethodon cinereus","species",,"Green",,1,,"IPTKIJlOlynEsXdNtjpcReVD3gBTCRSH","IPTKIJlOlynEsXdNtjpcReVD3gBTCRSH",,0
"F4BBE526CDC54429A5D6C1F1735BB703","D01","HARV","HARV_013","N","2014-07-15","2014-07-16","2014-07-16",,"HARV_013.20140715.ib.01","HARV_013.20140715.ib.01","N","invert bycatch",,,,,,,,,,"IPTKIJlOlynEsXdNtjpcReVD3gBTCRSH",,0
"523E9F3D53EB430886D5236E480B1042","D01","HARV","HARV_010","N","2014-07-15","2014-07-16","2014-07-16",,"HARV_010.20140715.ib.01","HARV_010.20140715.ib.01","N","invert bycatch",,,,,,,,,,"IPTKIJlOlynEsXdNtjpcReVD3gBTCRSH",,0
"BE995088E33C42D0A52A17439962AC48","D01","HARV","HARV_010","E","2014-07-15","2014-07-16","2014-07-16",,"HARV_010.E.20140715.oc.01",,"Y","other carabid",,,,,,,,,,"IPTKIJlOlynEsXdNtjpcReVD3gBTCRSH",,0
"49BCFB4ABBA0475D8A219FA9C6A5498E","D01","HARV","HARV_010","N","2014-07-15","2014-07-16","2014-07-16",,"HARV_010.N.20140715.oc.01",,"Y","other carabid",,,,,,,,,,"IPTKIJlOlynEsXdNtjpcReVD3gBTCRSH",,0
"37369B3788D44EE4B81134FB196826FF","D01","HARV","HARV_010","S","2014-07-15","2014-07-16","2014-07-16",,"HARV_010.S.20140715.oc.01",,"Y","other carabid",,,,,,,,,,"IPTKIJlOlynEsXdNtjpcReVD3gBTCRSH",,0
"1A9BAA6B610A44C9B37D22320C312CBC","D01","HARV","HARV_006","N","2014-07-15","2014-07-16","2014-07-16",,"HARV_006.20140715.ib.01","HARV_006.20140715.ib.01","N","invert bycatch",,,,,,,,,,"IPTKIJlOlynEsXdNtjpcReVD3gBTCRSH",,0
"162E8772D5B64ABAA7DD9A4EDB3288D7","D01","HARV","HARV_006","N","2014-07-15","2014-07-16","2014-07-16",,"HARV_006.N.20140715.oc.01",,"Y","other carabid",,,,,,,,,,"IPTKIJlOlynEsXdNtjpcReVD3gBTCRSH",,0
"0C9F15F1D89547FF8019840DC2FC3954","D01","HARV","HARV_006","E","2014-07-15","2014-07-16","2014-07-16",,"HARV_006.E.20140715.oc.01",,"Y","other carabid",,,,,,,,,,"IPTKIJlOlynEsXdNtjpcReVD3gBTCRSH",,0
"4BD3B42A2DB446E9A665147C06246886","D01","HARV","HARV_005","N","2014-07-15","2014-07-16","2014-07-16",,"HARV_005.20140715.ib.01","HARV_005.20140715.ib.01","N","invert bycatch",,,,,,,,,,"5nSNnSHYvIu2L30FLkRVEImU5PGdjam1",,0
"BA2CEE74971A4AF793B0F8B441617131","D01","HARV","HARV_005","S","2014-07-15","2014-07-16","2014-07-16",,"HARV_005.S.20140715.oc.01",,"Y","other carabid",,,,,,,,,,"5nSNnSHYvIu2L30FLkRVEImU5PGdjam1",,0
"7B8FDE33D7FD407EAD1F8FA0C5257146","D01","HARV","HARV_005","E","2014-07-15","2014-07-16","2014-07-16",,"HARV_005.E.20140715.oc.01",,"Y","other carabid",,,,,,,,,,"5nSNnSHYvIu2L30FLkRVEImU5PGdjam1",,0
"E4636956F0B8479C9CA411E094B07E42","D01","HARV","HARV_005","N","2014-07-15","2014-07-16","2014-07-16",,"HARV_005.N.20140715.oc.01",,"Y","other carabid",,,,,,,,,,"5nSNnSHYvIu2L30FLkRVEImU5PGdjam1",,0
"3A30CDAC453043749D9C593D8D291A41","D01","HARV","HARV_002","N","2014-07-15","2014-07-16","2014-07-16",,"HARV_002.N.20140715.oc.01",,"Y","other carabid",,,,,,,,,,"5nSNnSHYvIu2L30FLkRVEImU5PGdjam1",,0
"EEEBCD7342A34A5794185CB843CEC299","D01","HARV","HARV_002","E","2014-07-15","2014-07-16","2014-07-16","2014-07-16","HARV_002.E.20140715.PLECIN.01","HARV_002.E.20140715.PLECIN.01","N","vert bycatch herp","PLECIN","Plethodon cinereus","species",,"Green",,1,,"bx2IzDOX0PRWxL2qYNwW0cIx2hiD7oH8","5nSNnSHYvIu2L30FLkRVEImU5PGdjam1",,0
"F9D19003E8654896BEEC926CF6B1692F","D01","HARV","HARV_002","N","2014-07-15","2014-07-16","2014-07-16",,"HARV_002.20140715.ib.01","HARV_002.20140715.ib.01","N","invert bycatch",,,,,,,,,,"5nSNnSHYvIu2L30FLkRVEImU5PGdjam1",,0
"EA3EBAEB3F1C42EDB3B1D5D601F2A564","D01","HARV","HARV_002","E","2014-07-15","2014-07-16","2014-07-16",,"HARV_002.E.20140715.oc.01",,"Y","other carabid",,,,,,,,,,"5nSNnSHYvIu2L30FLkRVEImU5PGdjam1",,0
"70DB4F9ECBD04BAE984F686121FDAB87","D01","HARV","HARV_002","S","2014-07-15","2014-07-16","2014-07-16",,"HARV_002.S.20140715.oc.01",,"Y","other carabid",,,,,,,,,,"5nSNnSHYvIu2L30FLkRVEImU5PGdjam1",,0
"5FF534DEEF684741BE901042BFBC7EBE","D01","HARV","HARV_004","N","2014-07-15","2014-07-16","2014-07-16",,"HARV_004.N.20140715.oc.01",,"Y","other carabid",,,,,,,,,,"IPTKIJlOlynEsXdNtjpcReVD3gBTCRSH",,0
"6F2C82410E1E4110B1B5FF5842FECF52","D01","HARV","HARV_004","N","2014-07-15","2014-07-16","2014-07-16",,"HARV_004.20140715.ib.01","HARV_004.20140715.ib.01","N","invert bycatch",,,,,,,,,,"IPTKIJlOlynEsXdNtjpcReVD3gBTCRSH",,0
"403BA52D6AFC4610A92964859BD4168B","D01","HARV","HARV_004","W","2014-07-15","2014-07-16","2014-07-16",,"HARV_004.W.20140715.oc.01",,"Y","other carabid",,,,,,,,,,"IPTKIJlOlynEsXdNtjpcReVD3gBTCRSH",,0
"95B2F90DB82848559790C5487A45845A","D01","HARV","HARV_004","E","2014-07-15","2014-07-16","2014-07-16",,"HARV_004.E.20140715.oc.01",,"Y","other carabid",,,,,,,,,,"IPTKIJlOlynEsXdNtjpcReVD3gBTCRSH",,0
"B335EE60544D406CBC59B774AECD87CF","D01","HARV","HARV_001","S","2014-07-15","2014-07-16","2014-07-16",,"HARV_001.S.20140715.oc.01",,"Y","other carabid",,,,,,,,,,"IPTKIJlOlynEsXdNtjpcReVD3gBTCRSH",,0
"D30B194CA5B24A9291D3F7ABD2BD3654","D01","HARV","HARV_001","N","2014-07-29","2014-07-30","2014-07-30",,"HARV_001.20140729.ib.01","HARV_001.20140729.ib.01","N","invert bycatch",,,,,,,,,,"bx2IzDOX0PRWxL2qYNwW0cIx2hiD7oH8",,0
"76FC91C880044376B3CC70BBE6CE2CE4","D01","HARV","HARV_022","E","2014-07-29","2014-07-30","2014-07-30",,"HARV_022.E.20140729.oc.01",,"Y","other carabid",,,,,,,,,,"bx2IzDOX0PRWxL2qYNwW0cIx2hiD7oH8",,0
"BC13EEE3C2244E49B1C6523BA0B111E6","D01","HARV","HARV_022","N","2014-07-29","2014-07-30","2014-07-30",,"HARV_022.20140729.ib.01","HARV_022.20140729.ib.01","N","invert bycatch",,,,,,,,,,"bx2IzDOX0PRWxL2qYNwW0cIx2hiD7oH8",,0
"C58EF20098284AB1BE5F9BCBD41CA34B","D01","HARV","HARV_021","N","2014-07-29","2014-07-30","2014-07-30",,"HARV_021.20140729.ib.01","HARV_021.20140729.ib.01","N","invert bycatch",,,,,,,,,,"bx2IzDOX0PRWxL2qYNwW0cIx2hiD7oH8",,0
"271865CA57624B5794641E8CA1283605","D01","HARV","HARV_021","N","2014-07-29","2014-07-30","2014-07-30",,"HARV_021.N.20140729.oc.01",,"Y","other carabid",,,,,,,,,,"bx2IzDOX0PRWxL2qYNwW0cIx2hiD7oH8",,0
"6DD2360C2390444899314CB45087B908","D01","HARV","HARV_014","N","2014-07-29","2014-07-30","2014-07-30",,"HARV_014.20140729.ib.01","HARV_014.20140729.ib.01","N","invert bycatch",,,,,,,,,,"bx2IzDOX0PRWxL2qYNwW0cIx2hiD7oH8",,0
"B33357EDC9444ED3A82B9E2E812960FD","D01","HARV","HARV_013","N","2014-07-29","2014-07-30","2014-07-30",,"HARV_013.20140729.ib.01","HARV_013.20140729.ib.01","N","invert bycatch",,,,,,,,,,"bx2IzDOX0PRWxL2qYNwW0cIx2hiD7oH8",,0
"7A24A604608A4E67ADF4FB4CDB2CF348","D01","HARV","HARV_010","S","2014-07-29","2014-07-30","2014-07-30",,"HARV_010.S.20140729.oc.01",,"Y","other carabid",,,,,,,,,,"bx2IzDOX0PRWxL2qYNwW0cIx2hiD7oH8",,0
"C02DB274288B4821910107693069972A","D01","HARV","HARV_010","N","2014-07-29","2014-07-30","2014-07-30",,"HARV_010.N.20140729.oc.01",,"Y","other carabid",,,,,,,,,,"bx2IzDOX0PRWxL2qYNwW0cIx2hiD7oH8",,0
"FDC568DDFF694EF5B866441A156330DD","D01","HARV","HARV_010","W","2014-07-29","2014-07-30","2014-07-30",,"HARV_010.W.20140729.oc.01",,"Y","other carabid",,,,,,,,,,"bx2IzDOX0PRWxL2qYNwW0cIx2hiD7oH8",,0
"DED8DC7EF8814A438C5F38DE788E7DF0","D01","HARV","HARV_010","N","2014-07-29","2014-07-30","2014-07-30",,"HARV_010.20140729.ib.01","HARV_010.20140729.ib.01","N","invert bycatch",,,,,,,,,,"bx2IzDOX0PRWxL2qYNwW0cIx2hiD7oH8",,0
"07E6B46902054FD9B552E76A0089F5B2","D01","HARV","HARV_010","E","2014-07-29","2014-07-30","2014-07-30",,"HARV_010.E.20140729.oc.01",,"Y","other carabid",,,,,,,,,,"bx2IzDOX0PRWxL2qYNwW0cIx2hiD7oH8",,0
"EF31191A4B5048CC8F64DB345841704C","D01","HARV","HARV_006","E","2014-07-29","2014-07-30","2014-07-30",,"HARV_006.E.20140729.oc.01",,"Y","other carabid",,,,,,,,,,"bx2IzDOX0PRWxL2qYNwW0cIx2hiD7oH8",,0
"8649FF22D71C44FAB014F7870FE4D320","D01","HARV","HARV_006","W","2014-07-29","2014-07-30","2014-07-30",,"HARV_006.W.20140729.oc.01",,"Y","other carabid",,,,,,,,,,"bx2IzDOX0PRWxL2qYNwW0cIx2hiD7oH8",,0
"9474135633304D69AF368345C8DEB46C","D01","HARV","HARV_006","N","2014-07-29","2014-07-30","2014-07-30",,"HARV_006.N.20140729.oc.01",,"Y","other carabid",,,,,,,,,,"bx2IzDOX0PRWxL2qYNwW0cIx2hiD7oH8",,0
"C1FFBDB007D141F2B7737912974272D2","D01","HARV","HARV_006","N","2014-07-29","2014-07-30","2014-07-30",,"HARV_006.20140729.ib.01","HARV_006.20140729.ib.01","N","invert bycatch",,,,,,,,,,"bx2IzDOX0PRWxL2qYNwW0cIx2hiD7oH8",,0
"855029584BB44A769526B87146EC7FDB","D01","HARV","HARV_006","S","2014-07-29","2014-07-30","2014-07-30",,"HARV_006.S.20140729.oc.01",,"Y","other carabid",,,,,,,,,,"bx2IzDOX0PRWxL2qYNwW0cIx2hiD7oH8",,0
"DD289C1684024F608DA5C8516593CBF2","D01","HARV","HARV_005","N","2014-07-29","2014-07-30","2014-07-30",,"HARV_005.20140729.ib.01","HARV_005.20140729.ib.01","N","invert bycatch",,,,,,,,,,"bx2IzDOX0PRWxL2qYNwW0cIx2hiD7oH8",,0
"D6A5863D798C4E64803CC349FE409A58","D01","HARV","HARV_002","E","2014-07-29","2014-07-30","2014-07-30",,"HARV_002.E.20140729.oc.01",,"Y","other carabid",,,,,,,,,,"bx2IzDOX0PRWxL2qYNwW0cIx2hiD7oH8",,0
"3A1457053D7A4F6B92B7FC9DDD412036","D01","HARV","HARV_002","N","2014-07-29","2014-07-30","2014-07-30",,"HARV_002.N.20140729.oc.01",,"Y","other carabid",,,,,,,,,,"bx2IzDOX0PRWxL2qYNwW0cIx2hiD7oH8",,0
"E34E03307AA748129D33435916B0CE4A","D01","HARV","HARV_002","N","2014-07-29","2014-07-30","2014-07-30",,"HARV_002.20140729.ib.01","HARV_002.20140729.ib.01","N","invert bycatch",,,,,,,,,,"bx2IzDOX0PRWxL2qYNwW0cIx2hiD7oH8",,0
"E88992D580D94817B48DD27D7DFB30A8","D01","HARV","HARV_002","S","2014-07-29","2014-07-30","2014-07-30",,"HARV_002.S.20140729.oc.01",,"Y","other carabid",,,,,,,,,,"bx2IzDOX0PRWxL2qYNwW0cIx2hiD7oH8",,0
"3A2C0FE3E0FE49999C1666AE655E3FDA","D01","HARV","HARV_004","N","2014-07-29","2014-07-30","2014-07-30",,"HARV_004.N.20140729.oc.01",,"Y","other carabid",,,,,,,,,,"bx2IzDOX0PRWxL2qYNwW0cIx2hiD7oH8",,0
"171F99282ED64D03A9C3E02794E7FAA7","D01","HARV","HARV_004","W","2014-07-29","2014-07-30","2014-07-30",,"HARV_004.W.20140729.oc.01",,"Y","other carabid",,,,,,,,,,"bx2IzDOX0PRWxL2qYNwW0cIx2hiD7oH8",,0
"2D9D36F6508341ACAFB4E7A83EC69F65","D01","HARV","HARV_004","N","2014-07-29","2014-07-30","2014-07-30",,"HARV_004.20140729.ib.01","HARV_004.20140729.ib.01","N","invert bycatch",,,,,,,,,,"bx2IzDOX0PRWxL2qYNwW0cIx2hiD7oH8",,0
"176EFF6623D7498B9888A71CB201C5DE","D01","HARV","HARV_001","S","2014-08-12","2014-08-13","2014-08-13",,"HARV_001.S.20140812.oc.01",,"Y","other carabid",,,,,,,,,,"bx2IzDOX0PRWxL2qYNwW0cIx2hiD7oH8",,0
"87E7659120A64827B96B055439379391","D01","HARV","HARV_022","N","2014-08-12","2014-08-13","2014-08-13",,"HARV_022.20140812.ib.01","HARV_022.20140812.ib.01","N","invert bycatch",,,,,,,,,,"bx2IzDOX0PRWxL2qYNwW0cIx2hiD7oH8",,0
"D78BB8C5C06240D4BC06C4E36C641D42","D01","HARV","HARV_022","S","2014-08-12","2014-08-13","2014-08-13",,"HARV_022.S.20140812.oc.01",,"Y","other carabid",,,,,,,,,,"bx2IzDOX0PRWxL2qYNwW0cIx2hiD7oH8",,0
"6740194AD9234773952AEA47684DFDB6","D01","HARV","HARV_021","E","2014-08-12","2014-08-13","2014-08-13",,"HARV_021.E.20140812.oc.01",,"Y","other carabid",,,,,,,,,,"bx2IzDOX0PRWxL2qYNwW0cIx2hiD7oH8",,0
"12FED65C0A254E30ABD2D6EFEA76ED0D","D01","HARV","HARV_021","S","2014-08-12","2014-08-13","2014-08-13",,"HARV_021.S.20140812.oc.01",,"Y","other carabid",,,,,,,,,,"bx2IzDOX0PRWxL2qYNwW0cIx2hiD7oH8",,0
"A0A4775C9D44462A954C4D9D408F7614","D01","HARV","HARV_021","N","2014-08-12","2014-08-13","2014-08-13",,"HARV_021.20140812.ib.01","HARV_021.20140812.ib.01","N","invert bycatch",,,,,,,,,,"bx2IzDOX0PRWxL2qYNwW0cIx2hiD7oH8",,0
"38140463BC534BCFBE4C2298F6E78258","D01","HARV","HARV_021","W","2014-08-12","2014-08-13","2014-08-13",,"HARV_021.W.20140812.oc.01",,"Y","other carabid",,,,,,,,,,"bx2IzDOX0PRWxL2qYNwW0cIx2hiD7oH8",,0
"8FFFA51CE7154D5EAEDF3D4B6844270E","D01","HARV","HARV_014","N","2014-08-12","2014-08-13","2014-08-13",,"HARV_014.N.20140812.oc.01",,"Y","other carabid",,,,,,,,,,"bx2IzDOX0PRWxL2qYNwW0cIx2hiD7oH8",,0
"235DBD163F7E4146AA67244B48AD2483","D01","HARV","HARV_014","S","2014-08-12","2014-08-13","2014-08-13",,"HARV_014.S.20140812.oc.01",,"Y","other carabid",,,,,,,,,,"bx2IzDOX0PRWxL2qYNwW0cIx2hiD7oH8",,0
"32F94901FAC04DF3999964F9DD8A0263","D01","HARV","HARV_014","W","2014-08-12","2014-08-13","2014-08-13",,"HARV_014.W.20140812.oc.01",,"Y","other carabid",,,,,,,,,,"bx2IzDOX0PRWxL2qYNwW0cIx2hiD7oH8",,0
"9C8A4BA4DAB648ABA973FCD6780081B7","D01","HARV","HARV_014","N","2014-08-12","2014-08-13","2014-08-13",,"HARV_014.20140812.ib.01","HARV_014.20140812.ib.01","N","invert bycatch",,,,,,,,,,"bx2IzDOX0PRWxL2qYNwW0cIx2hiD7oH8",,0
"02247C07058249888C75409AA82A41F6","D01","HARV","HARV_014","E","2014-08-12","2014-08-13","2014-08-13",,"HARV_014.E.20140812.oc.01",,"Y","other carabid",,,,,,,,,,"bx2IzDOX0PRWxL2qYNwW0cIx2hiD7oH8",,0
"4FCFEBCF39094B0A932B8B290BA57B21","D01","HARV","HARV_013","N","2014-08-12","2014-08-13","2014-08-13",,"HARV_013.20140812.ib.01","HARV_013.20140812.ib.01","N","invert bycatch",,,,,,,,,,"bx2IzDOX0PRWxL2qYNwW0cIx2hiD7oH8",,0
"B1B879A785B145D1BA8FD70FD41D8409","D01","HARV","HARV_010","S","2014-08-12","2014-08-13","2014-08-13",,"HARV_010.S.20140812.oc.01",,"Y","other carabid",,,,,,,,,,"bx2IzDOX0PRWxL2qYNwW0cIx2hiD7oH8",,0
"E91BB323BEFB49158C7F068C21C34A02","D01","HARV","HARV_010","E","2014-08-12","2014-08-13","2014-08-13",,"HARV_010.E.20140812.oc.01",,"Y","other carabid",,,,,,,,,,"bx2IzDOX0PRWxL2qYNwW0cIx2hiD7oH8",,0
"AAE86D7100DB4B5E8402E8596AC69E18","D01","HARV","HARV_010","N","2014-08-12","2014-08-13","2014-08-13",,"HARV_010.N.20140812.oc.01",,"Y","other carabid",,,,,,,,,,"bx2IzDOX0PRWxL2qYNwW0cIx2hiD7oH8",,0
"BF9293859AA8463CA2D6042CA8F8B9B0","D01","HARV","HARV_010","N","2014-08-12","2014-08-13","2014-08-13",,"HARV_010.20140812.ib.01","HARV_010.20140812.ib.01","N","invert bycatch",,,,,,,,,,"bx2IzDOX0PRWxL2qYNwW0cIx2hiD7oH8",,0
"A4C3330CFCB94E7AB823893129358FDF","D01","HARV","HARV_010","W","2014-08-12","2014-08-13","2014-08-13",,"HARV_010.W.20140812.oc.01",,"Y","other carabid",,,,,,,,,,"bx2IzDOX0PRWxL2qYNwW0cIx2hiD7oH8",,0
"791E868BB727448D9A03C84D337890DD","D01","HARV","HARV_006","S","2014-08-12","2014-08-13","2014-08-13",,"HARV_006.S.20140812.oc.01",,"Y","other carabid",,,,,,,,,,"bx2IzDOX0PRWxL2qYNwW0cIx2hiD7oH8",,0
"AFA1042A21D043F0B7932F19259CB719","D01","HARV","HARV_006","N","2014-08-12","2014-08-13","2014-08-13",,"HARV_006.N.20140812.oc.01",,"Y","other carabid",,,,,,,,,,"bx2IzDOX0PRWxL2qYNwW0cIx2hiD7oH8",,0
"9FD847E32ED84D1F9AB0D2A94CF56BF7","D01","HARV","HARV_006","N","2014-08-12","2014-08-13","2014-08-13",,"HARV_006.20140812.ib.01","HARV_006.20140812.ib.01","N","invert bycatch",,,,,,,,,,"bx2IzDOX0PRWxL2qYNwW0cIx2hiD7oH8",,0
"6D1D9A971304471BA553B8EA8651D09F","D01","HARV","HARV_006","W","2014-08-12","2014-08-13","2014-08-13",,"HARV_006.W.20140812.oc.01",,"Y","other carabid",,,,,,,,,,"bx2IzDOX0PRWxL2qYNwW0cIx2hiD7oH8",,0
"521372B82E1A4D6E84C0FC8B7EE05F3F","D01","HARV","HARV_006","E","2014-08-12","2014-08-13","2014-08-13",,"HARV_006.E.20140812.oc.01",,"Y","other carabid",,,,,,,,,,"bx2IzDOX0PRWxL2qYNwW0cIx2hiD7oH8",,0
"0A231DE8407945A89D1F99D1C5C7C2E0","D01","HARV","HARV_005","W","2014-08-12","2014-08-13","2014-08-13",,"HARV_005.W.20140812.oc.01",,"Y","other carabid",,,,,,,,,,"bx2IzDOX0PRWxL2qYNwW0cIx2hiD7oH8",,0
"4B181751FED4410DB65A5DAB1BF11049","D01","HARV","HARV_005","S","2014-08-12","2014-08-13","2014-08-13",,"HARV_005.S.20140812.oc.01",,"Y","other carabid",,,,,,,,,,"bx2IzDOX0PRWxL2qYNwW0cIx2hiD7oH8",,0
"ADDFC53711D044EF9352AC883E1D93DE","D01","HARV","HARV_005","N","2014-08-12","2014-08-13","2014-08-13",,"HARV_005.N.20140812.oc.01",,"Y","other carabid",,,,,,,,,,"bx2IzDOX0PRWxL2qYNwW0cIx2hiD7oH8",,0
"DF2109F1D28C48D6A34E1DF70BA7C84D","D01","HARV","HARV_005","E","2014-08-12","2014-08-13","2014-08-13",,"HARV_005.E.20140812.oc.01",,"Y","other carabid",,,,,,,,,,"bx2IzDOX0PRWxL2qYNwW0cIx2hiD7oH8",,0
"D0DD24BE2BF14EC0B04AE064B19F44D1","D01","HARV","HARV_005","N","2014-08-12","2014-08-13","2014-08-13",,"HARV_005.20140812.ib.01","HARV_005.20140812.ib.01","N","invert bycatch",,,,,,,,,,"bx2IzDOX0PRWxL2qYNwW0cIx2hiD7oH8",,0
"0A110DA79FDF43168284B5569EBB5EF1","D01","HARV","HARV_002","S","2014-08-12","2014-08-13","2014-08-13",,"HARV_002.S.20140812.oc.01",,"Y","other carabid",,,,,,,,,,"bx2IzDOX0PRWxL2qYNwW0cIx2hiD7oH8",,0
"C42C2DCFB2A04B679418649F7942766A","D01","HARV","HARV_002","N","2014-08-12","2014-08-13","2014-08-13",,"HARV_002.20140812.ib.01","HARV_002.20140812.ib.01","N","invert bycatch",,,,,,,,,,"bx2IzDOX0PRWxL2qYNwW0cIx2hiD7oH8",,0
"E24A053CC04A4F13877C5D779E3679EA","D01","HARV","HARV_002","N","2014-08-12","2014-08-13","2014-08-13",,"HARV_002.N.20140812.oc.01",,"Y","other carabid",,,,,,,,,,"bx2IzDOX0PRWxL2qYNwW0cIx2hiD7oH8",,0
"0303057350E240119ABB204B675B9E23","D01","HARV","HARV_002","E","2014-08-12","2014-08-13","2014-08-13",,"HARV_002.E.20140812.oc.01",,"Y","other carabid",,,,,,,,,,"bx2IzDOX0PRWxL2qYNwW0cIx2hiD7oH8",,0
"DAE710FFA32D43A8A4C215C1C996B2AA","D01","HARV","HARV_002","W","2014-08-12","2014-08-13","2014-08-13",,"HARV_002.W.20140812.oc.01",,"Y","other carabid",,,,,,,,,,"bx2IzDOX0PRWxL2qYNwW0cIx2hiD7oH8",,0
"F10306266517496B8188CB448C3B4C98","D01","HARV","HARV_004","N","2014-08-12","2014-08-13","2014-08-13",,"HARV_004.20140812.ib.01","HARV_004.20140812.ib.01","N","invert bycatch",,,,,,,,,,"bx2IzDOX0PRWxL2qYNwW0cIx2hiD7oH8",,0
"96A01C67AFCB4DFA9E1CD47ADD1E541D","D01","HARV","HARV_004","W","2014-08-12","2014-08-13","2014-08-13",,"HARV_004.W.20140812.oc.01",,"Y","other carabid",,,,,,,,,,"bx2IzDOX0PRWxL2qYNwW0cIx2hiD7oH8",,0
"4F905ECB28364A5CAF9C295400505D57","D01","HARV","HARV_004","N","2014-08-12","2014-08-13","2014-08-13",,"HARV_004.N.20140812.oc.01",,"Y","other carabid",,,,,,,,,,"bx2IzDOX0PRWxL2qYNwW0cIx2hiD7oH8",,0
"B719E4722B434EE98EBDE6548F8BAF84","D01","HARV","HARV_004","S","2014-08-12","2014-08-13","2014-08-13",,"HARV_004.S.20140812.oc.01",,"Y","other carabid",,,,,,,,,,"bx2IzDOX0PRWxL2qYNwW0cIx2hiD7oH8",,0
"16F9855F1AEC4616834B23B132B596FC","D01","HARV","HARV_001","N","2014-08-12","2014-08-13","2014-08-13",,"HARV_001.20140812.ib.01","HARV_001.20140812.ib.01","N","invert bycatch",,,,,,,,,,"bx2IzDOX0PRWxL2qYNwW0cIx2hiD7oH8",,0
"11AD72EBFD8742B0BC816DB2F40DBA18","D01","HARV","HARV_001","N","2014-08-12","2014-08-13","2014-08-13",,"HARV_001.N.20140812.oc.01",,"Y","other carabid",,,,,,,,,,"bx2IzDOX0PRWxL2qYNwW0cIx2hiD7oH8",,0
"1F506DE6B8704C86B2DC3578A6B51BB2","D01","HARV","HARV_001","S","2014-08-26","2014-08-27","2014-08-27",,"HARV_001.S.20140826.oc.01",,"Y","other carabid",,,,,,,,,,"IPTKIJlOlynEsXdNtjpcReVD3gBTCRSH",,0
"F849169D7ED7467BBB817F7B55BB6D58","D01","HARV","HARV_022","W","2014-08-26","2014-08-27","2014-08-27",,"HARV_022.W.20140826.oc.01",,"Y","other carabid",,,,,,,,,,"IPTKIJlOlynEsXdNtjpcReVD3gBTCRSH",,0
"2D263964D3824748BF700611966C89E6","D01","HARV","HARV_022","E","2014-08-26","2014-08-27","2014-08-27",,"HARV_022.E.20140826.oc.01",,"Y","other carabid",,,,,,,,,,"IPTKIJlOlynEsXdNtjpcReVD3gBTCRSH",,0
"1305E1945A8C42FD951A8A3B7BF591ED","D01","HARV","HARV_022","N","2014-08-26","2014-08-27","2014-08-27",,"HARV_022.20140826.ib.01","HARV_022.20140826.ib.01","N","invert bycatch",,,,,,,,,,"IPTKIJlOlynEsXdNtjpcReVD3gBTCRSH",,0
"6181F570FB094CE993651447E53C802D","D01","HARV","HARV_021","N","2014-08-26","2014-08-27","2014-08-27",,"HARV_021.20140826.ib.01","HARV_021.20140826.ib.01","N","invert bycatch",,,,,,,,,,"IPTKIJlOlynEsXdNtjpcReVD3gBTCRSH",,0
"70167BF6226149E580C807B25B9FA21A","D01","HARV","HARV_021","W","2014-08-26","2014-08-27","2014-08-27",,"HARV_021.W.20140826.oc.01",,"Y","other carabid",,,,,,,,,,"IPTKIJlOlynEsXdNtjpcReVD3gBTCRSH",,0
"560AD4AF31E542A28113875C41499AAC","D01","HARV","HARV_021","S","2014-08-26","2014-08-27","2014-08-27",,"HARV_021.S.20140826.oc.01",,"Y","other carabid",,,,,,,,,,"IPTKIJlOlynEsXdNtjpcReVD3gBTCRSH",,0
"914A50D994E7474B8765E0238E0A9FD8","D01","HARV","HARV_021","N","2014-08-26","2014-08-27","2014-08-27",,"HARV_021.N.20140826.oc.01",,"Y","other carabid",,,,,,,,,,"IPTKIJlOlynEsXdNtjpcReVD3gBTCRSH",,0
"A72349924E58400F8C283BF4AF79076E","D01","HARV","HARV_021","E","2014-08-26","2014-08-27","2014-08-27",,"HARV_021.E.20140826.oc.01",,"Y","other carabid",,,,,,,,,,"IPTKIJlOlynEsXdNtjpcReVD3gBTCRSH",,0
"C23E65013CB24468AFCF4B197E08EA94","D01","HARV","HARV_014","N","2014-08-26","2014-08-27","2014-08-27",,"HARV_014.20140826.ib.01","HARV_014.20140826.ib.01","N","invert bycatch",,,,,,,,,,"IPTKIJlOlynEsXdNtjpcReVD3gBTCRSH",,0
"A488F90C83A34F6792009CE476E68720","D01","HARV","HARV_014","S","2014-08-26","2014-08-27","2014-08-27","2014-08-27","HARV_014.S.20140826.PLECIN.01","HARV_014.S.20140826.PLECIN.01","N","vert bycatch herp","PLECIN","Plethodon cinereus","species",,"Green",,1,,"IPTKIJlOlynEsXdNtjpcReVD3gBTCRSH","IPTKIJlOlynEsXdNtjpcReVD3gBTCRSH",,0
"E18E907831F2422E8BFD8EDEC05FCC40","D01","HARV","HARV_014","E","2014-08-26","2014-08-27","2014-08-27",,"HARV_014.E.20140826.oc.01",,"Y","other carabid",,,,,,,,,,"IPTKIJlOlynEsXdNtjpcReVD3gBTCRSH",,0
"56D7FC1C2BE2421AAB6171157159D1ED","D01","HARV","HARV_014","N","2014-08-26","2014-08-27","2014-08-27",,"HARV_014.N.20140826.oc.01",,"Y","other carabid",,,,,,,,,,"IPTKIJlOlynEsXdNtjpcReVD3gBTCRSH",,0
"425A12CB3E894361B9A604F9CA68EF43","D01","HARV","HARV_014","W","2014-08-26","2014-08-27","2014-08-27",,"HARV_014.W.20140826.oc.01",,"Y","other carabid",,,,,,,,,,"IPTKIJlOlynEsXdNtjpcReVD3gBTCRSH",,0
"9A6849C19B84459898DD0AD50E4E29C6","D01","HARV","HARV_013","N","2014-08-26","2014-08-27","2014-08-27",,"HARV_013.20140826.ib.01","HARV_013.20140826.ib.01","N","invert bycatch",,,,,,,,,,"IPTKIJlOlynEsXdNtjpcReVD3gBTCRSH",,0
"56E3934CD2784684A1823E9741F25B6C","D01","HARV","HARV_013","W","2014-08-26","2014-08-27","2014-08-27",,"HARV_013.W.20140826.oc.01",,"Y","other carabid",,,,,,,,,,"IPTKIJlOlynEsXdNtjpcReVD3gBTCRSH",,0
"0BBBBE67490E4F9EB7A08BD5145A9185","D01","HARV","HARV_010","E","2014-08-26","2014-08-27","2014-08-27",,"HARV_010.E.20140826.oc.01",,"Y","other carabid",,,,,,,,,,"IPTKIJlOlynEsXdNtjpcReVD3gBTCRSH",,0
"23782FD651A44677BA53CA0219C4E99E","D01","HARV","HARV_010","S","2014-08-26","2014-08-27","2014-08-27",,"HARV_010.S.20140826.oc.01",,"Y","other carabid",,,,,,,,,,"IPTKIJlOlynEsXdNtjpcReVD3gBTCRSH",,0
"F8E9702B97B342C793F0E336DDE23FB7","D01","HARV","HARV_010","N","2014-08-26","2014-08-27","2014-08-27",,"HARV_010.N.20140826.oc.01",,"Y","other carabid",,,,,,,,,,"IPTKIJlOlynEsXdNtjpcReVD3gBTCRSH",,0
"27781E2BAA9A435A89C5545C2063C111","D01","HARV","HARV_010","W","2014-08-26","2014-08-27","2014-08-27",,"HARV_010.W.20140826.oc.01",,"Y","other carabid",,,,,,,,,,"IPTKIJlOlynEsXdNtjpcReVD3gBTCRSH",,0
"46A3F6424A7A461FB3CC31731ECF9172","D01","HARV","HARV_010","N","2014-08-26","2014-08-27","2014-08-27",,"HARV_010.20140826.ib.01","HARV_010.20140826.ib.01","N","invert bycatch",,,,,,,,,,"IPTKIJlOlynEsXdNtjpcReVD3gBTCRSH",,0
"87BCA1F1AD0948ADA9716A7E6A2AEE44","D01","HARV","HARV_006","N","2014-08-26","2014-08-27","2014-08-27",,"HARV_006.20140826.ib.01","HARV_006.20140826.ib.01","N","invert bycatch",,,,,,,,,,"IPTKIJlOlynEsXdNtjpcReVD3gBTCRSH",,0
"956C54055B634EDAA9B1D7E0FD9563B1","D01","HARV","HARV_006","E","2014-08-26","2014-08-27","2014-08-27",,"HARV_006.E.20140826.oc.01",,"Y","other carabid",,,,,,,,,,"IPTKIJlOlynEsXdNtjpcReVD3gBTCRSH",,0
"D7D63135F4284012B638C27C24401E17","D01","HARV","HARV_006","S","2014-08-26","2014-08-27","2014-08-27",,"HARV_006.S.20140826.oc.01",,"Y","other carabid",,,,,,,,,,"IPTKIJlOlynEsXdNtjpcReVD3gBTCRSH",,0
"3BEA60941EE842D3B81149AF4C1EFD0B","D01","HARV","HARV_006","W","2014-08-26","2014-08-27","2014-08-27",,"HARV_006.W.20140826.oc.01",,"Y","other carabid",,,,,,,,,,"IPTKIJlOlynEsXdNtjpcReVD3gBTCRSH",,0
"BD55BAF0FBEB4F8F943745E960B2C67F","D01","HARV","HARV_005","W","2014-08-26","2014-08-27","2014-08-27",,"HARV_005.W.20140826.oc.01",,"Y","other carabid",,,,,,,,,,"IPTKIJlOlynEsXdNtjpcReVD3gBTCRSH",,0
"1C9CE8D5A0F0494A890AEC24FE565BA9","D01","HARV","HARV_005","N","2014-08-26","2014-08-27","2014-08-27",,"HARV_005.20140826.ib.01","HARV_005.20140826.ib.01","N","invert bycatch",,,,,,,,,,"IPTKIJlOlynEsXdNtjpcReVD3gBTCRSH",,0
"5DB0A83D2F304B7AA1D17531E1A3D553","D01","HARV","HARV_005","N","2014-08-26","2014-08-27","2014-08-27",,"HARV_005.N.20140826.oc.01",,"Y","other carabid",,,,,,,,,,"IPTKIJlOlynEsXdNtjpcReVD3gBTCRSH",,0
"0F6092CD45F84F8FA0681A7577620A62","D01","HARV","HARV_005","E","2014-08-26","2014-08-27","2014-08-27",,"HARV_005.E.20140826.oc.01",,"Y","other carabid",,,,,,,,,,"IPTKIJlOlynEsXdNtjpcReVD3gBTCRSH",,0
"1B23C250F31E4D25B8A44445A246EBDC","D01","HARV","HARV_002","N","2014-08-26","2014-08-27","2014-08-27",,"HARV_002.20140826.ib.01","HARV_002.20140826.ib.01","N","invert bycatch",,,,,,,,,,"IPTKIJlOlynEsXdNtjpcReVD3gBTCRSH",,0
"2060705A4B0D42158105C29E65BAC450","D01","HARV","HARV_002","E","2014-08-26","2014-08-27","2014-08-27",,"HARV_002.E.20140826.oc.01",,"Y","other carabid",,,,,,,,,,"IPTKIJlOlynEsXdNtjpcReVD3gBTCRSH",,0
"F746F29BFE08439B96A0BA2E4469FDB6","D01","HARV","HARV_002","S","2014-08-26","2014-08-27","2014-08-27",,"HARV_002.S.20140826.oc.01",,"Y","other carabid",,,,,,,,,,"IPTKIJlOlynEsXdNtjpcReVD3gBTCRSH",,0
"28575E07EDBB4E77AF63ECBB9FE02056","D01","HARV","HARV_002","N","2014-08-26","2014-08-27","2014-08-27",,"HARV_002.N.20140826.oc.01",,"Y","other carabid",,,,,,,,,,"IPTKIJlOlynEsXdNtjpcReVD3gBTCRSH",,0
"25EC8545F2B54A1CB41F6E8A368CD27D","D01","HARV","HARV_004","W","2014-08-26","2014-08-27","2014-08-27",,"HARV_004.W.20140826.oc.01",,"Y","other carabid",,,,,,,,,,"IPTKIJlOlynEsXdNtjpcReVD3gBTCRSH",,0
"4E983CE9259B45738F0ECA1CF5A4F480","D01","HARV","HARV_004","E","2014-08-26","2014-08-27","2014-08-27",,"HARV_004.E.20140826.oc.01",,"Y","other carabid",,,,,,,,,,"IPTKIJlOlynEsXdNtjpcReVD3gBTCRSH",,0
"F95E3D3163E74C6A9E05559FED376FFC","D01","HARV","HARV_004","N","2014-08-26","2014-08-27","2014-08-27",,"HARV_004.20140826.ib.01","HARV_004.20140826.ib.01","N","invert bycatch",,,,,,,,,,"IPTKIJlOlynEsXdNtjpcReVD3gBTCRSH",,0
"7B5CFB3CEBC9437B9A6F92AC11ACCB46","D01","HARV","HARV_004","S","2014-08-26","2014-08-27","2014-08-27",,"HARV_004.S.20140826.oc.01",,"Y","other carabid",,,,,,,,,,"IPTKIJlOlynEsXdNtjpcReVD3gBTCRSH",,0
"E9F96B4A09F24DCFBF78E5EC49F95364","D01","HARV","HARV_004","N","2014-08-26","2014-08-27","2014-08-27",,"HARV_004.N.20140826.oc.01",,"Y","other carabid",,,,,,,,,,"IPTKIJlOlynEsXdNtjpcReVD3gBTCRSH",,0
"49A33545A58649669FA913B223E70307","D01","HARV","HARV_001","E","2014-08-26","2014-08-27","2014-08-27",,"HARV_001.E.20140826.oc.01",,"Y","other carabid",,,,,,,,,,"IPTKIJlOlynEsXdNtjpcReVD3gBTCRSH",,0
"5A233E4B769342F880DDD03D675C47C7","D01","HARV","HARV_001","N","2014-08-26","2014-08-27","2014-08-27",,"HARV_001.20140826.ib.01","HARV_001.20140826.ib.01","N","invert bycatch",,,,,,,,,,"IPTKIJlOlynEsXdNtjpcReVD3gBTCRSH",,0
"40DBBA4A3ECF44DE97ED7659C38C31F4","D01","HARV","HARV_001","S","2014-09-09","2014-09-10","2014-09-10",,"HARV_001.S.20140909.oc.01",,"Y","other carabid",,,,,,,,,,"bx2IzDOX0PRWxL2qYNwW0cIx2hiD7oH8",,0
"69F87F757DE64CBBA879B206B94142FB","D01","HARV","HARV_001","E","2014-09-09","2014-09-10","2014-09-10",,"HARV_001.E.20140909.oc.01",,"Y","other carabid",,,,,,,,,,"bx2IzDOX0PRWxL2qYNwW0cIx2hiD7oH8",,0
"A004BCAFBA9440D8847CC45F7DF8D284","D01","HARV","HARV_001","S","2014-09-09","2014-09-10","2014-09-10","2014-09-10","HARV_001.S.20140909.PLECIN.01","HARV_001.S.20140909.PLECIN.01","N","vert bycatch herp","PLECIN","Plethodon cinereus","species",,"Green",,1,,"bx2IzDOX0PRWxL2qYNwW0cIx2hiD7oH8","bx2IzDOX0PRWxL2qYNwW0cIx2hiD7oH8",,0
"665BC0805795495B98EB88C6CB6E384A","D01","HARV","HARV_001","N","2014-09-09","2014-09-10","2014-09-10",,"HARV_001.N.20140909.oc.01",,"Y","other carabid",,,,,,,,,,"bx2IzDOX0PRWxL2qYNwW0cIx2hiD7oH8",,0
"7EA28B8E6CA148D5BA5B6B591261F2C1","D01","HARV","HARV_001","N","2014-09-09","2014-09-10","2014-09-10",,"HARV_001.20140909.ib.01","HARV_001.20140909.ib.01","N","invert bycatch",,,,,,,,,,"bx2IzDOX0PRWxL2qYNwW0cIx2hiD7oH8",,0
"462F47178F2A44F4979C0C618BEAF4A2","D01","HARV","HARV_004","W","2014-09-09","2014-09-10","2014-09-10",,"HARV_004.W.20140909.oc.01",,"Y","other carabid",,,,,,,,,,"bx2IzDOX0PRWxL2qYNwW0cIx2hiD7oH8",,0
"CFCD496890E544B38F690FAB49E21B76","D01","HARV","HARV_004","N","2014-09-09","2014-09-10","2014-09-10","2014-09-10","HARV_004.N.20140909.PLECIN.01","HARV_004.N.20140909.PLECIN.01","N","vert bycatch herp","PLECIN","Plethodon cinereus","species",,"Green",,1,,"bx2IzDOX0PRWxL2qYNwW0cIx2hiD7oH8","bx2IzDOX0PRWxL2qYNwW0cIx2hiD7oH8",,0
"456493BF0EA340528D0DFCC76D15B7CB","D01","HARV","HARV_004","N","2014-09-09","2014-09-10","2014-09-10",,"HARV_004.N.20140909.oc.01",,"Y","other carabid",,,,,,,,,,"bx2IzDOX0PRWxL2qYNwW0cIx2hiD7oH8",,0
"6F1089FE0E10472391E9B725EE567F55","D01","HARV","HARV_004","N","2014-09-09","2014-09-10","2014-09-10",,"HARV_004.20140909.ib.01","HARV_004.20140909.ib.01","N","invert bycatch",,,,,,,,,,"bx2IzDOX0PRWxL2qYNwW0cIx2hiD7oH8",,0
"EF3159A291BC413CBC589337FF7A702E","D01","HARV","HARV_002","W","2014-09-09","2014-09-10","2014-09-10",,"HARV_002.W.20140909.oc.01",,"Y","other carabid",,,,,,,,,,"bx2IzDOX0PRWxL2qYNwW0cIx2hiD7oH8",,0
"D9519725A7A24B8D8A67E0ACBA58AE62","D01","HARV","HARV_002","W","2014-09-09","2014-09-10","2014-09-10","2014-09-10","HARV_002.W.20140909.PLECIN.01","HARV_002.W.20140909.PLECIN.01","N","vert bycatch herp","PLECIN","Plethodon cinereus","species",,"Green",,1,,"IPTKIJlOlynEsXdNtjpcReVD3gBTCRSH","bx2IzDOX0PRWxL2qYNwW0cIx2hiD7oH8",,0
"19B01591AF9E4463ABE8DF85C9DAA289","D01","HARV","HARV_002","N","2014-09-09","2014-09-10","2014-09-10",,"HARV_002.N.20140909.oc.01",,"Y","other carabid",,,,,,,,,,"bx2IzDOX0PRWxL2qYNwW0cIx2hiD7oH8",,0
"FC5BC72DDCA945DFAAACFDC164539518","D01","HARV","HARV_002","E","2014-09-09","2014-09-10","2014-09-10",,"HARV_002.E.20140909.oc.01",,"Y","other carabid",,,,,,,,,,"bx2IzDOX0PRWxL2qYNwW0cIx2hiD7oH8",,0
"A0EDAC68FBB44C77864CB4FE880BCEA1","D01","HARV","HARV_002","N","2014-09-09","2014-09-10","2014-09-10",,"HARV_002.20140909.ib.01","HARV_002.20140909.ib.01","N","invert bycatch",,,,,,,,,,"bx2IzDOX0PRWxL2qYNwW0cIx2hiD7oH8",,0
"9C60E0536E7E43A3B047785A721EE1CB","D01","HARV","HARV_005","E","2014-09-09","2014-09-10","2014-09-10",,"HARV_005.E.20140909.oc.01",,"Y","other carabid",,,,,,,,,,"bx2IzDOX0PRWxL2qYNwW0cIx2hiD7oH8",,0
"5C75305E22674F1388AEB4E76D945003","D01","HARV","HARV_005","W","2014-09-09","2014-09-10","2014-09-10",,"HARV_005.W.20140909.oc.01",,"Y","other carabid",,,,,,,,,,"bx2IzDOX0PRWxL2qYNwW0cIx2hiD7oH8",,0
"16918A6B93F84DF3864F14BF48136A08","D01","HARV","HARV_005","N","2014-09-09","2014-09-10","2014-09-10","2014-09-10","HARV_005.N.20140909.PLECIN.01","HARV_005.N.20140909.PLECIN.01","N","vert bycatch herp","PLECIN","Plethodon cinereus","species",,"Green",,1,,"IPTKIJlOlynEsXdNtjpcReVD3gBTCRSH","bx2IzDOX0PRWxL2qYNwW0cIx2hiD7oH8",,0
"D271A62258CD49C49EB7BD444E4CBEFF","D01","HARV","HARV_005","N","2014-09-09","2014-09-10","2014-09-10",,"HARV_005.20140909.ib.01","HARV_005.20140909.ib.01","N","invert bycatch",,,,,,,,,,"bx2IzDOX0PRWxL2qYNwW0cIx2hiD7oH8",,0
"CF12271E30FC458391BB651F9AB756F4","D01","HARV","HARV_006","E","2014-09-09","2014-09-10","2014-09-10",,"HARV_006.E.20140909.oc.01",,"Y","other carabid",,,,,,,,,,"bx2IzDOX0PRWxL2qYNwW0cIx2hiD7oH8",,0
"B53056261D14469E9EBD50DF88FFE330","D01","HARV","HARV_006","S","2014-09-09","2014-09-10","2014-09-10",,"HARV_006.S.20140909.oc.01",,"Y","other carabid",,,,,,,,,,"bx2IzDOX0PRWxL2qYNwW0cIx2hiD7oH8",,0
"49A88AF37D794CAAA3355BA634F0A007","D01","HARV","HARV_006","W","2014-09-09","2014-09-10","2014-09-10",,"HARV_006.W.20140909.oc.01",,"Y","other carabid",,,,,,,,,,"bx2IzDOX0PRWxL2qYNwW0cIx2hiD7oH8",,0
"972F796D92964B7B8EEFB24388A815E0","D01","HARV","HARV_006","N","2014-09-09","2014-09-10","2014-09-10",,"HARV_006.20140909.ib.01","HARV_006.20140909.ib.01","N","invert bycatch",,,,,,,,,,"bx2IzDOX0PRWxL2qYNwW0cIx2hiD7oH8",,0
"31AF3E83EE8942B0B1143D14B858DDDA","D01","HARV","HARV_010","W","2014-09-09","2014-09-10","2014-09-10",,"HARV_010.W.20140909.oc.01",,"Y","other carabid",,,,,,,,,,"bx2IzDOX0PRWxL2qYNwW0cIx2hiD7oH8",,0
"6F721035469344C7B1828C9567CA0B7C","D01","HARV","HARV_010","N","2014-09-09","2014-09-10","2014-09-10",,"HARV_010.N.20140909.oc.01",,"Y","other carabid",,,,,,,,,,"bx2IzDOX0PRWxL2qYNwW0cIx2hiD7oH8",,0
"D2552E233208462A81A853EC3ECF50E7","D01","HARV","HARV_010","N","2014-09-09","2014-09-10","2014-09-10",,"HARV_010.20140909.ib.01","HARV_010.20140909.ib.01","N","invert bycatch",,,,,,,,,,"bx2IzDOX0PRWxL2qYNwW0cIx2hiD7oH8",,0
"78C4CFFA5A794499BEE41C5F0B165319","D01","HARV","HARV_010","E","2014-09-09","2014-09-10","2014-09-10",,"HARV_010.E.20140909.oc.01",,"Y","other carabid",,,,,,,,,,"bx2IzDOX0PRWxL2qYNwW0cIx2hiD7oH8",,0
"CC3A17A924534100BBCE37503EA790F3","D01","HARV","HARV_013","N","2014-09-09","2014-09-10","2014-09-10",,"HARV_013.20140909.ib.01","HARV_013.20140909.ib.01","N","invert bycatch",,,,,,,,,,"bx2IzDOX0PRWxL2qYNwW0cIx2hiD7oH8",,0
"DC015B1CFA59425E91A03C0FAEBD9A2C","D01","HARV","HARV_013","E","2014-09-09","2014-09-10","2014-09-10","2014-09-10","HARV_013.E.20140909.PLECIN.01","HARV_013.E.20140909.PLECIN.01","N","vert bycatch herp","PLECIN","Plethodon cinereus","species",,"Green",,1,,"IPTKIJlOlynEsXdNtjpcReVD3gBTCRSH","bx2IzDOX0PRWxL2qYNwW0cIx2hiD7oH8",,0
"DBDCD8B219D7445EBF7FCC3EAD219FC0","D01","HARV","HARV_013","E","2014-09-09","2014-09-10","2014-09-10",,"HARV_013.E.20140909.oc.01",,"Y","other carabid",,,,,,,,,,"bx2IzDOX0PRWxL2qYNwW0cIx2hiD7oH8",,0
"46B3E7D5AFDB4095AEBE78B1C6E694BB","D01","HARV","HARV_013","N","2014-09-09","2014-09-10","2014-09-10",,"HARV_013.N.20140909.oc.01",,"Y","other carabid",,,,,,,,,,"bx2IzDOX0PRWxL2qYNwW0cIx2hiD7oH8",,0
"CA1F313ED44D40AEBDB14EEE52474127","D01","HARV","HARV_014","N","2014-09-09","2014-09-10","2014-09-10",,"HARV_014.N.20140909.oc.01",,"Y","other carabid",,,,,,,,,,"bx2IzDOX0PRWxL2qYNwW0cIx2hiD7oH8",,0
"72EAD15E2C164936B297E8A06CF83D5F","D01","HARV","HARV_014","W","2014-09-09","2014-09-10","2014-09-10",,"HARV_014.W.20140909.oc.01",,"Y","other carabid",,,,,,,,,,"bx2IzDOX0PRWxL2qYNwW0cIx2hiD7oH8",,0
"D0871BB240EF418CBD91EFF8BBCD417E","D01","HARV","HARV_014","E","2014-09-09","2014-09-10","2014-09-10",,"HARV_014.E.20140909.oc.01",,"Y","other carabid",,,,,,,,,,"bx2IzDOX0PRWxL2qYNwW0cIx2hiD7oH8",,0
"B53CCE2971E04903806D133D2549ACA6","D01","HARV","HARV_014","N","2014-09-09","2014-09-10","2014-09-10",,"HARV_014.20140909.ib.01","HARV_014.20140909.ib.01","N","invert bycatch",,,,,,,,,,"bx2IzDOX0PRWxL2qYNwW0cIx2hiD7oH8",,0
"E78CFC3FAFEA463091B5A6A6630E42A7","D01","HARV","HARV_021","S","2014-09-09","2014-09-10","2014-09-10",,"HARV_021.S.20140909.oc.01",,"Y","other carabid",,,,,,,,,,"bx2IzDOX0PRWxL2qYNwW0cIx2hiD7oH8",,0
"CC5AB45327B543D6ABED241FE7568236","D01","HARV","HARV_021","N","2014-09-09","2014-09-10","2014-09-10",,"HARV_021.20140909.ib.01","HARV_021.20140909.ib.01","N","invert bycatch",,,,,,,,,,"bx2IzDOX0PRWxL2qYNwW0cIx2hiD7oH8",,0
"61E2D83BB160491C80EF60097867B6B9","D01","HARV","HARV_021","N","2014-09-09","2014-09-10","2014-09-10",,"HARV_021.N.20140909.oc.01",,"Y","other carabid",,,,,,,,,,"bx2IzDOX0PRWxL2qYNwW0cIx2hiD7oH8",,0
"05B5AC34391045D59F8158DAA335292E","D01","HARV","HARV_022","S","2014-09-09","2014-09-10","2014-09-10",,"HARV_022.S.20140909.oc.01",,"Y","other carabid",,,,,,,,,,"bx2IzDOX0PRWxL2qYNwW0cIx2hiD7oH8",,0
"FC2E4F63716A49FD99023F6B33F376A6","D01","HARV","HARV_022","E","2014-09-09","2014-09-10","2014-09-10","2014-09-10","HARV_022.E.20140909.PLECIN.01","HARV_022.E.20140909.PLECIN.01","N","vert bycatch herp","PLECIN","Plethodon cinereus","species",,"Green",,1,,"bx2IzDOX0PRWxL2qYNwW0cIx2hiD7oH8","bx2IzDOX0PRWxL2qYNwW0cIx2hiD7oH8",,0
"48687D7AA4174B7AACEBDAE80D965BE3","D01","HARV","HARV_022","E","2014-09-09","2014-09-10","2014-09-10",,"HARV_022.E.20140909.oc.01",,"Y","other carabid",,,,,,,,,,"bx2IzDOX0PRWxL2qYNwW0cIx2hiD7oH8",,0
"92DAEE735C774B0A95A97146A53DB866","D01","HARV","HARV_022","N","2014-09-09","2014-09-10","2014-09-10",,"HARV_022.20140909.ib.01","HARV_022.20140909.ib.01","N","invert bycatch",,,,,,,,,,"bx2IzDOX0PRWxL2qYNwW0cIx2hiD7oH8",,0
