"uid","domainID","siteID","plotID","trapID","nlcdClass","decimalLatitude","decimalLongitude","geodeticDatum","coordinateUncertainty","elevation","elevationUncertainty","setDate","collectDate","boutNumber","eventID","sampleID","daysOfTrapping","cupStatus","lidStatus","fluidLevel","trapReset","samplingProtocol","recordedBy","remarks","missingRecordsPerBoutQF","duplicateCollectionEventQF","compareSetCollectDateQF"
"72558CD7502B428DAFF1617C32E7393F","D08","TALL","TALL_001","S","deciduousForest",32.977487,-87.432715,"WGS84",1.3,99.6,0.4,"2014-05-21","2014-06-04",1,"BET.TALL_001.2014.01","TALL_001.S.20140604",14,"ok","ok","ok","Y","NEON.DOC.014050","us1ZuF/YFaJ9IETdiexVrD+fHDIIxGwg",,0,0,0
"B0510EDB550142779143DB5C647C239F","D08","TALL","TALL_013","S","evergreenForest",32.884568,-87.454395,"WGS84",1.1,118.5,0.2,"2014-05-21","2014-06-04",1,"BET.TALL_013.2014.01","TALL_013.S.20140604",14,"ok","ok","ok","Y","NEON.DOC.014050","us1ZuF/YFaJ9IETdiexVrD+fHDIIxGwg",,0,0,0
"79F9C9632BD64E79AF7AE0E57206252D","D08","TALL","TALL_013","N","evergreenForest",32.884929,-87.454397,"WGS84",1.1,118.5,0.2,"2014-05-21","2014-06-04",1,"BET.TALL_013.2014.01","TALL_013.N.20140604",14,"ok","ok","ok","Y","NEON.DOC.014050","us1ZuF/YFaJ9IETdiexVrD+fHDIIxGwg",,0,0,0
"10DEA51E36064E47A26EB3D959A23A3B","D08","TALL","TALL_013","E","evergreenForest",32.884750,-87.454182,"WGS84",1.1,118.5,0.2,"2014-05-21","2014-06-04",1,"BET.TALL_013.2014.01","TALL_013.E.20140604",14,"ok","ok","ok","Y","NEON.DOC.014050","us1ZuF/YFaJ9IETdiexVrD+fHDIIxGwg",,0,0,0
"579F0EB059414322A6B4FAF8C530B610","D08","TALL","TALL_013","W","evergreenForest",32.884748,-87.454610,"WGS84",1.1,118.5,0.2,"2014-05-21","2014-06-04",1,"BET.TALL_013.2014.01","TALL_013.W.20140604",14,"ok","ok","ok","Y","NEON.DOC.014050","us1ZuF/YFaJ9IETdiexVrD+fHDIIxGwg",,0,0,0
"2197328ABB70474790F8C609DB5345DB","D08","TALL","TALL_009","N","evergreenForest",32.899977,-87.406680,"WGS84",1.2,106.0,0.4,"2014-05-21","2014-06-04",1,"BET.TALL_009.2014.01","TALL_009.N.20140604",14,"ok","ok","high","Y","NEON.DOC.014050","us1ZuF/YFaJ9IETdiexVrD+fHDIIxGwg",,0,0,0
"D72CF9207F6549C99B85EE289E4F2DE7","D08","TALL","TALL_009","E","evergreenForest",32.899797,-87.406465,"WGS84",1.2,106.0,0.4,"2014-05-21","2014-06-04",1,"BET.TALL_009.2014.01","TALL_009.E.20140604",14,"ok","ok","ok","Y","NEON.DOC.014050","us1ZuF/YFaJ9IETdiexVrD+fHDIIxGwg",,0,0,0
"67BE0E60F4C04095A2D27AD84CB3EE5C","D08","TALL","TALL_009","S","evergreenForest",32.899616,-87.406678,"WGS84",1.2,106.0,0.4,"2014-05-21","2014-06-04",1,"BET.TALL_009.2014.01","TALL_009.S.20140604",14,"ok","ok","ok","Y","NEON.DOC.014050","us1ZuF/YFaJ9IETdiexVrD+fHDIIxGwg",,0,0,0
"5F7F9355BBB946599FB758CADDBD43CF","D08","TALL","TALL_009","W","evergreenForest",32.899795,-87.406893,"WGS84",1.2,106.0,0.4,"2014-05-21","2014-06-04",1,"BET.TALL_009.2014.01","TALL_009.W.20140604",14,"ok","ok","high","Y","NEON.DOC.014050","us1ZuF/YFaJ9IETdiexVrD+fHDIIxGwg",,0,0,0
"E2EB9B9AA1A64EE892E2A864F573A321","D08","TALL","TALL_008","N","deciduousForest",32.921797,-87.433389,"WGS84",1.3,114.0,0.3,"2014-05-21","2014-06-04",1,"BET.TALL_008.2014.01","TALL_008.N.20140604",14,"ok","ok","ok","Y","NEON.DOC.014050","us1ZuF/YFaJ9IETdiexVrD+fHDIIxGwg",,0,0,0
"1FC2F944B67A4E318174C37EFBC69747","D08","TALL","TALL_008","E","deciduousForest",32.921618,-87.433174,"WGS84",1.3,114.0,0.3,"2014-05-21","2014-06-04",1,"BET.TALL_008.2014.01","TALL_008.E.20140604",14,"ok","ok","high","Y","NEON.DOC.014050","us1ZuF/YFaJ9IETdiexVrD+fHDIIxGwg",,0,0,0
"D33820E290D94DB98C29B144AEDC4A26","D08","TALL","TALL_008","S","deciduousForest",32.921436,-87.433387,"WGS84",1.3,114.0,0.3,"2014-05-21","2014-06-04",1,"BET.TALL_008.2014.01","TALL_008.S.20140604",14,"ok","ok","ok","Y","NEON.DOC.014050","us1ZuF/YFaJ9IETdiexVrD+fHDIIxGwg",,0,0,0
"54914D9AFBD64656B4D5A7714E2C3400","D08","TALL","TALL_008","W","deciduousForest",32.921616,-87.433602,"WGS84",1.3,114.0,0.3,"2014-05-21","2014-06-04",1,"BET.TALL_008.2014.01","TALL_008.W.20140604",14,"ok","ok","ok","Y","NEON.DOC.014050","us1ZuF/YFaJ9IETdiexVrD+fHDIIxGwg",,0,0,0
"A8AFE2E50C12487487B46D3789B4B932","D08","TALL","TALL_007","N","deciduousForest",32.974609,-87.426941,"WGS84",1.3,82.5,0.3,"2014-05-21","2014-06-04",1,"BET.TALL_007.2014.01","TALL_007.N.20140604",14,"ok","ok","ok","Y","NEON.DOC.014050","us1ZuF/YFaJ9IETdiexVrD+fHDIIxGwg",,0,0,0
"819FBE6F023A4E34863F9BEB44ECA5CB","D08","TALL","TALL_007","W","deciduousForest",32.974428,-87.427154,"WGS84",1.3,82.5,0.3,"2014-05-21","2014-06-04",1,"BET.TALL_007.2014.01","TALL_007.W.20140604",14,"ok","ok","ok","Y","NEON.DOC.014050","us1ZuF/YFaJ9IETdiexVrD+fHDIIxGwg",,0,0,0
"8C91DC2BA028433DB1676C4903CE5988","D08","TALL","TALL_007","S","deciduousForest",32.974248,-87.426940,"WGS84",1.3,82.5,0.3,"2014-05-21","2014-06-04",1,"BET.TALL_007.2014.01","TALL_007.S.20140604",14,"ok","ok","ok","Y","NEON.DOC.014050","us1ZuF/YFaJ9IETdiexVrD+fHDIIxGwg",,0,0,0
"C6B7FFA920D944A893C0240A2ADDAC44","D08","TALL","TALL_007","E","deciduousForest",32.974429,-87.426726,"WGS84",1.3,82.5,0.3,"2014-05-21","2014-06-04",1,"BET.TALL_007.2014.01","TALL_007.E.20140604",14,"ok","ok","ok","Y","NEON.DOC.014050","us1ZuF/YFaJ9IETdiexVrD+fHDIIxGwg",,0,0,0
"241F44295D2F486B89697E413EF1AC62","D08","TALL","TALL_006","W","evergreenForest",32.898842,-87.446342,"WGS84",1.3,98.7,0.4,"2014-05-21","2014-06-04",1,"BET.TALL_006.2014.01","TALL_006.W.20140604",14,"ok","ok","ok","Y","NEON.DOC.014050","us1ZuF/YFaJ9IETdiexVrD+fHDIIxGwg",,0,0,0
"6805D90D07D24F7B9F014AE93194D980","D08","TALL","TALL_006","N","evergreenForest",32.899023,-87.446129,"WGS84",1.3,98.7,0.4,"2014-05-21","2014-06-04",1,"BET.TALL_006.2014.01","TALL_006.N.20140604",14,"ok","ok","ok","Y","NEON.DOC.014050","us1ZuF/YFaJ9IETdiexVrD+fHDIIxGwg",,0,0,0
"73011715AE434E468E96772DEBD95FCC","D08","TALL","TALL_006","E","evergreenForest",32.898843,-87.445914,"WGS84",1.3,98.7,0.4,"2014-05-21","2014-06-04",1,"BET.TALL_006.2014.01","TALL_006.E.20140604",14,"ok","ok","ok","Y","NEON.DOC.014050","us1ZuF/YFaJ9IETdiexVrD+fHDIIxGwg",,0,0,0
"277A8AAEDE6C41619E131AF942DFDD5E","D08","TALL","TALL_006","S","evergreenForest",32.898662,-87.446127,"WGS84",1.3,98.7,0.4,"2014-05-21","2014-06-04",1,"BET.TALL_006.2014.01","TALL_006.S.20140604",14,"ok","ok","ok","Y","NEON.DOC.014050","us1ZuF/YFaJ9IETdiexVrD+fHDIIxGwg",,0,0,0
"15D76C09CCE345C69C881BA2A02F1870","D08","TALL","TALL_005","W","mixedForest",32.897124,-87.397560,"WGS84",1.3,123.6,0.4,"2014-05-21","2014-06-04",1,"BET.TALL_005.2014.01","TALL_005.W.20140604",14,"ok","ok","high","Y","NEON.DOC.014050","us1ZuF/YFaJ9IETdiexVrD+fHDIIxGwg",,0,0,0
"1A3FAE6F20F6402A94C2FB10CACE593D","D08","TALL","TALL_005","S","mixedForest",32.896944,-87.397346,"WGS84",1.3,123.6,0.4,"2014-05-21","2014-06-04",1,"BET.TALL_005.2014.01","TALL_005.S.20140604",14,"ok","ok","high","Y","NEON.DOC.014050","us1ZuF/YFaJ9IETdiexVrD+fHDIIxGwg",,0,0,0
"B71EDB8C9EDC444E92DE93C3CB08519B","D08","TALL","TALL_005","E","mixedForest",32.897125,-87.397133,"WGS84",1.3,123.6,0.4,"2014-05-21","2014-06-04",1,"BET.TALL_005.2014.01","TALL_005.E.20140604",14,"ok","ok","high","Y","NEON.DOC.014050","us1ZuF/YFaJ9IETdiexVrD+fHDIIxGwg",,0,0,0
"E6A14E7637324F879AC81339316B2C28","D08","TALL","TALL_005","N","mixedForest",32.897305,-87.397347,"WGS84",1.3,123.6,0.4,"2014-05-21","2014-06-04",1,"BET.TALL_005.2014.01","TALL_005.N.20140604",14,"ok","ok","high","Y","NEON.DOC.014050","us1ZuF/YFaJ9IETdiexVrD+fHDIIxGwg",,0,0,0
"A612917C9C4D4AF58E7EB55ADFF0EEF5","D08","TALL","TALL_004","E","evergreenForest",32.957884,-87.432399,"WGS84",1.1,133.0,0.1,"2014-05-21","2014-06-04",1,"BET.TALL_004.2014.01","TALL_004.E.20140604",14,"ok","ok","ok","Y","NEON.DOC.014050","us1ZuF/YFaJ9IETdiexVrD+fHDIIxGwg",,0,0,0
"E9DD627D9E2546E3914EB18FEB149A62","D08","TALL","TALL_004","W","evergreenForest",32.957883,-87.432827,"WGS84",1.1,133.0,0.1,"2014-05-21","2014-06-04",1,"BET.TALL_004.2014.01","TALL_004.W.20140604",14,"ok","ok","ok","Y","NEON.DOC.014050","us1ZuF/YFaJ9IETdiexVrD+fHDIIxGwg",,0,0,0
"C33219C0AE014333ABBC76B3BB178875","D08","TALL","TALL_004","N","evergreenForest",32.958064,-87.432614,"WGS84",1.1,133.0,0.1,"2014-05-21","2014-06-04",1,"BET.TALL_004.2014.01","TALL_004.N.20140604",14,"ok","ok","ok","Y","NEON.DOC.014050","us1ZuF/YFaJ9IETdiexVrD+fHDIIxGwg",,0,0,0
"1E7557B5051F49648B6105BD60467665","D08","TALL","TALL_004","S","evergreenForest",32.957703,-87.432612,"WGS84",1.1,133.0,0.1,"2014-05-21","2014-06-04",1,"BET.TALL_004.2014.01","TALL_004.S.20140604",14,"ok","ok","ok","Y","NEON.DOC.014050","us1ZuF/YFaJ9IETdiexVrD+fHDIIxGwg",,0,0,0
"F63D511C872840CF8D5879C8986182C9","D08","TALL","TALL_002","W","mixedForest",32.922158,-87.429107,"WGS84",1.2,119.2,0.4,"2014-05-21","2014-06-04",1,"BET.TALL_002.2014.01","TALL_002.W.20140604",14,"ok","ok","ok","Y","NEON.DOC.014050","us1ZuF/YFaJ9IETdiexVrD+fHDIIxGwg",,0,0,0
"79A06E2E88124B26A2F5B6171B0DB61C","D08","TALL","TALL_002","N","mixedForest",32.922339,-87.428894,"WGS84",1.2,119.2,0.4,"2014-05-21","2014-06-04",1,"BET.TALL_002.2014.01","TALL_002.N.20140604",14,"ok","ok","high","Y","NEON.DOC.014050","us1ZuF/YFaJ9IETdiexVrD+fHDIIxGwg",,0,0,0
"F56D94699B6948EA92ECB820943FBB69","D08","TALL","TALL_002","S","mixedForest",32.921978,-87.428892,"WGS84",1.2,119.2,0.4,"2014-05-21","2014-06-04",1,"BET.TALL_002.2014.01","TALL_002.S.20140604",14,"ok","ok","ok","Y","NEON.DOC.014050","us1ZuF/YFaJ9IETdiexVrD+fHDIIxGwg",,0,0,0
"A25AB6AB43C746E8AA95CC20342BA9B3","D08","TALL","TALL_002","E","mixedForest",32.922159,-87.428679,"WGS84",1.2,119.2,0.4,"2014-05-21","2014-06-04",1,"BET.TALL_002.2014.01","TALL_002.E.20140604",14,"ok","ok","high","Y","NEON.DOC.014050","us1ZuF/YFaJ9IETdiexVrD+fHDIIxGwg",,0,0,0
"D36843FC338547889000586BB1A935FE","D08","TALL","TALL_001","E","deciduousForest",32.977668,-87.432502,"WGS84",1.3,99.6,0.4,"2014-05-21","2014-06-04",1,"BET.TALL_001.2014.01","TALL_001.E.20140604",14,"ok","ok","high","Y","NEON.DOC.014050","us1ZuF/YFaJ9IETdiexVrD+fHDIIxGwg",,0,0,0
"E85C9FEA6D3342409B6D78E3508B252A","D08","TALL","TALL_001","W","deciduousForest",32.977666,-87.432930,"WGS84",1.3,99.6,0.4,"2014-05-21","2014-06-04",1,"BET.TALL_001.2014.01","TALL_001.W.20140604",14,"ok","ok","high","Y","NEON.DOC.014050","us1ZuF/YFaJ9IETdiexVrD+fHDIIxGwg",,0,0,0
"40E25492D18C4B35B78DB57A2CCD3596","D08","TALL","TALL_001","N","deciduousForest",32.977847,-87.432717,"WGS84",1.3,99.6,0.4,"2014-05-21","2014-06-04",1,"BET.TALL_001.2014.01","TALL_001.N.20140604",14,"ok","ok","high","Y","NEON.DOC.014050","us1ZuF/YFaJ9IETdiexVrD+fHDIIxGwg",,0,0,0
"8AF262E3C988427E9A895A5C99D0EC3F","D08","TALL","TALL_001","W","deciduousForest",32.977666,-87.432930,"WGS84",1.3,99.6,0.4,"2014-06-04","2014-06-18",2,"BET.TALL_001.2014.02","TALL_001.W.20140618",14,"ok","ok","high","Y","NEON.DOC.014050","us1ZuF/YFaJ9IETdiexVrD+fHDIIxGwg",,0,0,0
"344D29FDB68042B5865250DA27222D82","D08","TALL","TALL_013","S","evergreenForest",32.884568,-87.454395,"WGS84",1.1,118.5,0.2,"2014-06-04","2014-06-18",2,"BET.TALL_013.2014.02","TALL_013.S.20140618",14,"ok","ok","high","Y","NEON.DOC.014050","uXSN77Q7x9cACyt+x8PEhxuBjTDRBKZV",,0,0,0
"6D85E757B05241A8835B08FCB096CBCF","D08","TALL","TALL_013","W","evergreenForest",32.884748,-87.454610,"WGS84",1.1,118.5,0.2,"2014-06-04","2014-06-18",2,"BET.TALL_013.2014.02","TALL_013.W.20140618",14,"ok","ok","ok","Y","NEON.DOC.014050","uXSN77Q7x9cACyt+x8PEhxuBjTDRBKZV",,0,0,0
"5697352FFF274407893F67437B4E2F17","D08","TALL","TALL_013","E","evergreenForest",32.884750,-87.454182,"WGS84",1.1,118.5,0.2,"2014-06-04","2014-06-18",2,"BET.TALL_013.2014.02","TALL_013.E.20140618",14,"ok","ok","low","Y","NEON.DOC.014050","uXSN77Q7x9cACyt+x8PEhxuBjTDRBKZV",,0,0,0
"64CBDF1823A6494FA21C4B057B22C24E","D08","TALL","TALL_013","N","evergreenForest",32.884929,-87.454397,"WGS84",1.1,118.5,0.2,"2014-06-04","2014-06-18",2,"BET.TALL_013.2014.02","TALL_013.N.20140618",14,"ok","ok","ok","Y","NEON.DOC.014050","uXSN77Q7x9cACyt+x8PEhxuBjTDRBKZV",,0,0,0
"6D28F008A0474EE5AB705DC2C6863BBF","D08","TALL","TALL_009","S","evergreenForest",32.899616,-87.406678,"WGS84",1.2,106.0,0.4,"2014-06-04","2014-06-18",2,"BET.TALL_009.2014.02",,14,"disturbed","disturbed","low","Y","NEON.DOC.014050","uXSN77Q7x9cACyt+x8PEhxuBjTDRBKZV","plot disturbed by wildlife",0,0,0
"C018BACA72BA454D8EC004845B40A234","D08","TALL","TALL_009","W","evergreenForest",32.899795,-87.406893,"WGS84",1.2,106.0,0.4,"2014-06-04","2014-06-18",2,"BET.TALL_009.2014.02",,14,"disturbed","disturbed","low","Y","NEON.DOC.014050","uXSN77Q7x9cACyt+x8PEhxuBjTDRBKZV","plot disturbed by wildlife",0,0,0
"9B2FF8999DF547B5840DD1A7C928DC2A","D08","TALL","TALL_009","N","evergreenForest",32.899977,-87.406680,"WGS84",1.2,106.0,0.4,"2014-06-04","2014-06-18",2,"BET.TALL_009.2014.02","TALL_009.N.20140618",14,"ok","disturbed","ok","Y","NEON.DOC.014050","uXSN77Q7x9cACyt+x8PEhxuBjTDRBKZV",,0,0,0
"6D5381579CA14B7FBB8655398208DE8F","D08","TALL","TALL_009","E","evergreenForest",32.899797,-87.406465,"WGS84",1.2,106.0,0.4,"2014-06-04","2014-06-18",2,"BET.TALL_009.2014.02","TALL_009.E.20140618",14,"ok","ok","ok","Y","NEON.DOC.014050","uXSN77Q7x9cACyt+x8PEhxuBjTDRBKZV",,0,0,0
"011175F06FB14FF6B3110A30F5892ED7","D08","TALL","TALL_008","W","deciduousForest",32.921616,-87.433602,"WGS84",1.3,114.0,0.3,"2014-06-04","2014-06-18",2,"BET.TALL_008.2014.02","TALL_008.W.20140618",14,"ok","ok","ok","Y","NEON.DOC.014050","us1ZuF/YFaJ9IETdiexVrD+fHDIIxGwg",,0,0,0
"C3E8B9235FD64565895677E02D802BB0","D08","TALL","TALL_008","N","deciduousForest",32.921797,-87.433389,"WGS84",1.3,114.0,0.3,"2014-06-04","2014-06-18",2,"BET.TALL_008.2014.02","TALL_008.N.20140618",14,"ok","ok","ok","Y","NEON.DOC.014050","us1ZuF/YFaJ9IETdiexVrD+fHDIIxGwg",,0,0,0
"C82AACD3D7D0409592221B974A88172C","D08","TALL","TALL_008","S","deciduousForest",32.921436,-87.433387,"WGS84",1.3,114.0,0.3,"2014-06-04","2014-06-18",2,"BET.TALL_008.2014.02","TALL_008.S.20140618",14,"ok","ok","ok","Y","NEON.DOC.014050","us1ZuF/YFaJ9IETdiexVrD+fHDIIxGwg",,0,0,0
"AB763FBBA5EB41109DD5EF4FCF3EF524","D08","TALL","TALL_008","E","deciduousForest",32.921618,-87.433174,"WGS84",1.3,114.0,0.3,"2014-06-04","2014-06-18",2,"BET.TALL_008.2014.02","TALL_008.E.20140618",14,"ok","ok","ok","Y","NEON.DOC.014050","us1ZuF/YFaJ9IETdiexVrD+fHDIIxGwg",,0,0,0
"4544FAAF40D4413F8AA4D4ECDD04B686","D08","TALL","TALL_007","N","deciduousForest",32.974609,-87.426941,"WGS84",1.3,82.5,0.3,"2014-06-04","2014-06-18",2,"BET.TALL_007.2014.02","TALL_007.N.20140618",14,"ok","ok","high","Y","NEON.DOC.014050","us1ZuF/YFaJ9IETdiexVrD+fHDIIxGwg",,0,0,0
"4B9DCACC5ED44CCFA8A27CA240341C5D","D08","TALL","TALL_007","E","deciduousForest",32.974429,-87.426726,"WGS84",1.3,82.5,0.3,"2014-06-04","2014-06-18",2,"BET.TALL_007.2014.02","TALL_007.E.20140618",14,"ok","ok","high","Y","NEON.DOC.014050","us1ZuF/YFaJ9IETdiexVrD+fHDIIxGwg",,0,0,0
"40109AFBF7F34F3097B1CB758003D9E8","D08","TALL","TALL_007","S","deciduousForest",32.974248,-87.426940,"WGS84",1.3,82.5,0.3,"2014-06-04","2014-06-18",2,"BET.TALL_007.2014.02","TALL_007.S.20140618",14,"ok","ok","high","Y","NEON.DOC.014050","us1ZuF/YFaJ9IETdiexVrD+fHDIIxGwg",,0,0,0
"C5467CE8C056436080193699E9B58AEC","D08","TALL","TALL_007","W","deciduousForest",32.974428,-87.427154,"WGS84",1.3,82.5,0.3,"2014-06-04","2014-06-18",2,"BET.TALL_007.2014.02","TALL_007.W.20140618",14,"ok","ok","high","Y","NEON.DOC.014050","us1ZuF/YFaJ9IETdiexVrD+fHDIIxGwg",,0,0,0
"ED9A21CF3E434E0385DD1BAA8839BD6F","D08","TALL","TALL_006","N","evergreenForest",32.899023,-87.446129,"WGS84",1.3,98.7,0.4,"2014-06-04","2014-06-18",2,"BET.TALL_006.2014.02","TALL_006.N.20140618",14,"ok","ok","ok","Y","NEON.DOC.014050","uXSN77Q7x9cACyt+x8PEhxuBjTDRBKZV",,0,0,0
"8AECFA167C8B4E5F8D285A17A5F76D74","D08","TALL","TALL_006","W","evergreenForest",32.898842,-87.446342,"WGS84",1.3,98.7,0.4,"2014-06-04","2014-06-18",2,"BET.TALL_006.2014.02","TALL_006.W.20140618",14,"ok","ok","high","Y","NEON.DOC.014050","uXSN77Q7x9cACyt+x8PEhxuBjTDRBKZV",,0,0,0
"84C6CAA7580F4EF9979A888445B18386","D08","TALL","TALL_006","E","evergreenForest",32.898843,-87.445914,"WGS84",1.3,98.7,0.4,"2014-06-04","2014-06-18",2,"BET.TALL_006.2014.02","TALL_006.E.20140618",14,"ok","ok","high","Y","NEON.DOC.014050","uXSN77Q7x9cACyt+x8PEhxuBjTDRBKZV",,0,0,0
"74D2394898614A82B552CDBC977D7476","D08","TALL","TALL_006","S","evergreenForest",32.898662,-87.446127,"WGS84",1.3,98.7,0.4,"2014-06-04","2014-06-18",2,"BET.TALL_006.2014.02","TALL_006.S.20140618",14,"ok","ok","ok","Y","NEON.DOC.014050","uXSN77Q7x9cACyt+x8PEhxuBjTDRBKZV",,0,0,0
"569DD146E59A4E91812401CC4C96637B","D08","TALL","TALL_005","N","mixedForest",32.897305,-87.397347,"WGS84",1.3,123.6,0.4,"2014-06-04","2014-06-18",2,"BET.TALL_005.2014.02","TALL_005.N.20140618",14,"ok","ok","high","Y","NEON.DOC.014050","uXSN77Q7x9cACyt+x8PEhxuBjTDRBKZV",,0,0,0
"33858CF677F346CEBF000A640DE625F5","D08","TALL","TALL_005","W","mixedForest",32.897124,-87.397560,"WGS84",1.3,123.6,0.4,"2014-06-04","2014-06-18",2,"BET.TALL_005.2014.02","TALL_005.W.20140618",14,"ok","ok","ok","Y","NEON.DOC.014050","uXSN77Q7x9cACyt+x8PEhxuBjTDRBKZV",,0,0,0
"63DABA3B759B4518BB644271D158EDBF","D08","TALL","TALL_005","E","mixedForest",32.897125,-87.397133,"WGS84",1.3,123.6,0.4,"2014-06-04","2014-06-18",2,"BET.TALL_005.2014.02","TALL_005.E.20140618",14,"ok","ok","high","Y","NEON.DOC.014050","uXSN77Q7x9cACyt+x8PEhxuBjTDRBKZV",,0,0,0
"E153ADAB278B44B182C9C012CFDF1E1E","D08","TALL","TALL_005","S","mixedForest",32.896944,-87.397346,"WGS84",1.3,123.6,0.4,"2014-06-04","2014-06-18",2,"BET.TALL_005.2014.02","TALL_005.S.20140618",14,"ok","ok","ok","Y","NEON.DOC.014050","uXSN77Q7x9cACyt+x8PEhxuBjTDRBKZV",,0,0,0
"D0AC4AD71A6B4B529B5FA29EE017CAA0","D08","TALL","TALL_004","E","evergreenForest",32.957884,-87.432399,"WGS84",1.1,133.0,0.1,"2014-06-04","2014-06-18",2,"BET.TALL_004.2014.02","TALL_004.E.20140618",14,"ok","ok","ok","Y","NEON.DOC.014050","uXSN77Q7x9cACyt+x8PEhxuBjTDRBKZV",,0,0,0
"44178E4C18A34FC5B101FC8ADFC83CB7","D08","TALL","TALL_004","W","evergreenForest",32.957883,-87.432827,"WGS84",1.1,133.0,0.1,"2014-06-04","2014-06-18",2,"BET.TALL_004.2014.02","TALL_004.W.20140618",14,"ok","ok","ok","Y","NEON.DOC.014050","uXSN77Q7x9cACyt+x8PEhxuBjTDRBKZV",,0,0,0
"74D1732A78F44A6988D39ECD35DE654B","D08","TALL","TALL_004","S","evergreenForest",32.957703,-87.432612,"WGS84",1.1,133.0,0.1,"2014-06-04","2014-06-18",2,"BET.TALL_004.2014.02","TALL_004.S.20140618",14,"ok","ok","ok","Y","NEON.DOC.014050","uXSN77Q7x9cACyt+x8PEhxuBjTDRBKZV",,0,0,0
"EDE9993C33F04841B5BD984BB7CD3CFD","D08","TALL","TALL_004","N","evergreenForest",32.958064,-87.432614,"WGS84",1.1,133.0,0.1,"2014-06-04","2014-06-18",2,"BET.TALL_004.2014.02","TALL_004.N.20140618",14,"ok","ok","ok","Y","NEON.DOC.014050","uXSN77Q7x9cACyt+x8PEhxuBjTDRBKZV",,0,0,0
"152CE47ECF18493080C3466BBB8D5DBB","D08","TALL","TALL_003","S","mixedForest",32.893351,-87.415349,"WGS84",1.2,124.2,0.2,"2014-06-04","2014-06-18",2,"BET.TALL_003.2014.02","TALL_003.S.20140618",14,"ok","ok","ok","Y","NEON.DOC.014050","uXSN77Q7x9cACyt+x8PEhxuBjTDRBKZV",,0,0,0
"8B33BEDBEBDF447AA0B3CCC461BC9150","D08","TALL","TALL_003","E","mixedForest",32.893532,-87.415136,"WGS84",1.2,124.2,0.2,"2014-06-04","2014-06-18",2,"BET.TALL_003.2014.02","TALL_003.E.20140618",14,"ok","ok","ok","Y","NEON.DOC.014050","uXSN77Q7x9cACyt+x8PEhxuBjTDRBKZV",,0,0,0
"ABE3136F97DD428EAE1BD709FC3384C7","D08","TALL","TALL_003","W","mixedForest",32.893531,-87.415564,"WGS84",1.2,124.2,0.2,"2014-06-04","2014-06-18",2,"BET.TALL_003.2014.02","TALL_003.W.20140618",14,"ok","ok","ok","Y","NEON.DOC.014050","uXSN77Q7x9cACyt+x8PEhxuBjTDRBKZV",,0,0,0
"2D3AC8932B1E4503B1DAD8CC77BF3250","D08","TALL","TALL_003","N","mixedForest",32.893712,-87.415351,"WGS84",1.2,124.2,0.2,"2014-06-04","2014-06-18",2,"BET.TALL_003.2014.02","TALL_003.N.20140618",14,"ok","ok","ok","Y","NEON.DOC.014050","uXSN77Q7x9cACyt+x8PEhxuBjTDRBKZV",,0,0,0
"D8E23CE0B652479C866BECB7609C4DED","D08","TALL","TALL_002","N","mixedForest",32.922339,-87.428894,"WGS84",1.2,119.2,0.4,"2014-06-04","2014-06-18",2,"BET.TALL_002.2014.02","TALL_002.N.20140618",14,"ok","ok","ok","Y","NEON.DOC.014050","us1ZuF/YFaJ9IETdiexVrD+fHDIIxGwg",,0,0,0
"AE2D572DD07D4FA6BC15E582A2674A4B","D08","TALL","TALL_002","E","mixedForest",32.922159,-87.428679,"WGS84",1.2,119.2,0.4,"2014-06-04","2014-06-18",2,"BET.TALL_002.2014.02","TALL_002.E.20140618",14,"ok","ok","ok","Y","NEON.DOC.014050","us1ZuF/YFaJ9IETdiexVrD+fHDIIxGwg",,0,0,0
"B6FED292D5E54FB29213B93E680283A8","D08","TALL","TALL_002","S","mixedForest",32.921978,-87.428892,"WGS84",1.2,119.2,0.4,"2014-06-04","2014-06-18",2,"BET.TALL_002.2014.02","TALL_002.S.20140618",14,"ok","ok","ok","Y","NEON.DOC.014050","us1ZuF/YFaJ9IETdiexVrD+fHDIIxGwg",,0,0,0
"BFDCAD3DDD2A478E85D19757BE433CF7","D08","TALL","TALL_002","W","mixedForest",32.922158,-87.429107,"WGS84",1.2,119.2,0.4,"2014-06-04","2014-06-18",2,"BET.TALL_002.2014.02","TALL_002.W.20140618",14,"ok","ok","ok","Y","NEON.DOC.014050","us1ZuF/YFaJ9IETdiexVrD+fHDIIxGwg",,0,0,0
"9FE2C4E97872444E8DDB82C162A9539E","D08","TALL","TALL_001","N","deciduousForest",32.977847,-87.432717,"WGS84",1.3,99.6,0.4,"2014-06-04","2014-06-18",2,"BET.TALL_001.2014.02","TALL_001.N.20140618",14,"ok","ok","ok","Y","NEON.DOC.014050","us1ZuF/YFaJ9IETdiexVrD+fHDIIxGwg",,0,0,0
"E8DDBA06532E4442B15B484A20011375","D08","TALL","TALL_001","E","deciduousForest",32.977668,-87.432502,"WGS84",1.3,99.6,0.4,"2014-06-04","2014-06-18",2,"BET.TALL_001.2014.02","TALL_001.E.20140618",14,"ok","ok","ok","Y","NEON.DOC.014050","us1ZuF/YFaJ9IETdiexVrD+fHDIIxGwg",,0,0,0
"8CF6D1AE7D9C4670BDD4DD1D6873C98A","D08","TALL","TALL_001","S","deciduousForest",32.977487,-87.432715,"WGS84",1.3,99.6,0.4,"2014-06-04","2014-06-18",2,"BET.TALL_001.2014.02","TALL_001.S.20140618",14,"ok","ok","ok","Y","NEON.DOC.014050","us1ZuF/YFaJ9IETdiexVrD+fHDIIxGwg",,0,0,0
"53D686ADBAE4408A9009B69A74A7233C","D08","TALL","TALL_001","S","deciduousForest",32.977487,-87.432715,"WGS84",1.3,99.6,0.4,"2014-06-18","2014-07-02",3,"BET.TALL_001.2014.03","TALL_001.S.20140702",14,"ok","ok","ok","Y","NEON.DOC.014050","uXSN77Q7x9cACyt+x8PEhxuBjTDRBKZV",,0,0,0
"3E920B9607DE4A709D91F0A24E8D7DD6","D08","TALL","TALL_013","W","evergreenForest",32.884748,-87.454610,"WGS84",1.1,118.5,0.2,"2014-06-18","2014-07-02",3,"BET.TALL_013.2014.03","TALL_013.W.20140702",14,"ok","ok","ok","Y","NEON.DOC.014050","uXSN77Q7x9cACyt+x8PEhxuBjTDRBKZV",,0,0,0
"6E9B11A6F50E4DC3B82B1C7137EBA183","D08","TALL","TALL_013","N","evergreenForest",32.884929,-87.454397,"WGS84",1.1,118.5,0.2,"2014-06-18","2014-07-02",3,"BET.TALL_013.2014.03","TALL_013.N.20140702",14,"ok","ok","ok","Y","NEON.DOC.014050","uXSN77Q7x9cACyt+x8PEhxuBjTDRBKZV",,0,0,0
"D59D10C2022345B48D6918AE0E8C8B3C","D08","TALL","TALL_013","S","evergreenForest",32.884568,-87.454395,"WGS84",1.1,118.5,0.2,"2014-06-18","2014-07-02",3,"BET.TALL_013.2014.03","TALL_013.S.20140702",14,"ok","ok","ok","Y","NEON.DOC.014050","uXSN77Q7x9cACyt+x8PEhxuBjTDRBKZV",,0,0,0
"72C0D7C763AA4CCC9FBE8FB1E2ABC6F9","D08","TALL","TALL_013","E","evergreenForest",32.884750,-87.454182,"WGS84",1.1,118.5,0.2,"2014-06-18","2014-07-02",3,"BET.TALL_013.2014.03","TALL_013.E.20140702",14,"ok","ok","ok","Y","NEON.DOC.014050","uXSN77Q7x9cACyt+x8PEhxuBjTDRBKZV",,0,0,0
"6F6CE09C36684836840F544D3734439A","D08","TALL","TALL_009","S","evergreenForest",32.899616,-87.406678,"WGS84",1.2,106.0,0.4,"2014-06-18","2014-07-02",3,"BET.TALL_009.2014.03","TALL_009.S.20140702",14,"disturbed","disturbed","ok","Y","NEON.DOC.014050","v7wRdnV1gD6DA7NUoRhtXNeAYtN2k0WN",,0,0,0
"D6D5DD57F4634FC9B728614497695474","D08","TALL","TALL_009","W","evergreenForest",32.899795,-87.406893,"WGS84",1.2,106.0,0.4,"2014-06-18","2014-07-02",3,"BET.TALL_009.2014.03",,14,"disturbed","disturbed","ok","Y","NEON.DOC.014050","v7wRdnV1gD6DA7NUoRhtXNeAYtN2k0WN",,0,0,0
"4F75FF49B1B8492D8D3D62A345BDC793","D08","TALL","TALL_009","E","evergreenForest",32.899797,-87.406465,"WGS84",1.2,106.0,0.4,"2014-06-18","2014-07-02",3,"BET.TALL_009.2014.03","TALL_009.E.20140702",14,"ok","ok","ok","Y","NEON.DOC.014050","v7wRdnV1gD6DA7NUoRhtXNeAYtN2k0WN",,0,0,0
"47EE86E203BD4B398889822179D4749C","D08","TALL","TALL_009","N","evergreenForest",32.899977,-87.406680,"WGS84",1.2,106.0,0.4,"2014-06-18","2014-07-02",3,"BET.TALL_009.2014.03","TALL_009.N.20140702",14,"ok","ok","ok","Y","NEON.DOC.014050","v7wRdnV1gD6DA7NUoRhtXNeAYtN2k0WN",,0,0,0
"44B62042AC3344A984D41B02625010D7","D08","TALL","TALL_008","N","deciduousForest",32.921797,-87.433389,"WGS84",1.3,114.0,0.3,"2014-06-18","2014-07-02",3,"BET.TALL_008.2014.03","TALL_008.N.20140702",14,"ok","ok","ok","Y","NEON.DOC.014050","v7wRdnV1gD6DA7NUoRhtXNeAYtN2k0WN",,0,0,0
"A0AE92D604D1441EBB95087578B0E8A8","D08","TALL","TALL_008","W","deciduousForest",32.921616,-87.433602,"WGS84",1.3,114.0,0.3,"2014-06-18","2014-07-02",3,"BET.TALL_008.2014.03","TALL_008.W.20140702",14,"ok","ok","ok","Y","NEON.DOC.014050","v7wRdnV1gD6DA7NUoRhtXNeAYtN2k0WN",,0,0,0
"3475CF7704FA4BB197022C61DF183587","D08","TALL","TALL_008","E","deciduousForest",32.921618,-87.433174,"WGS84",1.3,114.0,0.3,"2014-06-18","2014-07-02",3,"BET.TALL_008.2014.03","TALL_008.E.20140702",14,"ok","ok","ok","Y","NEON.DOC.014050","v7wRdnV1gD6DA7NUoRhtXNeAYtN2k0WN",,0,0,0
"9DDD2B7C52464C27A60F65290B7E3D39","D08","TALL","TALL_008","S","deciduousForest",32.921436,-87.433387,"WGS84",1.3,114.0,0.3,"2014-06-18","2014-07-02",3,"BET.TALL_008.2014.03","TALL_008.S.20140702",14,"ok","ok","ok","Y","NEON.DOC.014050","v7wRdnV1gD6DA7NUoRhtXNeAYtN2k0WN",,0,0,0
"4FEAE40A207C48C98D0F7814D6572725","D08","TALL","TALL_007","E","deciduousForest",32.974429,-87.426726,"WGS84",1.3,82.5,0.3,"2014-06-18","2014-07-02",3,"BET.TALL_007.2014.03","TALL_007.E.20140702",14,"ok","ok","ok","Y","NEON.DOC.014050","uXSN77Q7x9cACyt+x8PEhxuBjTDRBKZV",,0,0,0
"1D0E9426FF8142AAB342D13032B92DF2","D08","TALL","TALL_007","W","deciduousForest",32.974428,-87.427154,"WGS84",1.3,82.5,0.3,"2014-06-18","2014-07-02",3,"BET.TALL_007.2014.03","TALL_007.W.20140702",14,"ok","ok","ok","Y","NEON.DOC.014050","uXSN77Q7x9cACyt+x8PEhxuBjTDRBKZV",,0,0,0
"7CC5004BC84E45AE8BAFA5E4643CF14D","D08","TALL","TALL_007","S","deciduousForest",32.974248,-87.426940,"WGS84",1.3,82.5,0.3,"2014-06-18","2014-07-02",3,"BET.TALL_007.2014.03","TALL_007.S.20140702",14,"ok","ok","ok","Y","NEON.DOC.014050","uXSN77Q7x9cACyt+x8PEhxuBjTDRBKZV",,0,0,0
"6D38EB03B98D432F8271D1AE3E836DC0","D08","TALL","TALL_007","N","deciduousForest",32.974609,-87.426941,"WGS84",1.3,82.5,0.3,"2014-06-18","2014-07-02",3,"BET.TALL_007.2014.03","TALL_007.N.20140702",14,"ok","ok","ok","Y","NEON.DOC.014050","uXSN77Q7x9cACyt+x8PEhxuBjTDRBKZV",,0,0,0
"9C3F740AE3124B3B92DB2849D551C83C","D08","TALL","TALL_006","S","evergreenForest",32.898662,-87.446127,"WGS84",1.3,98.7,0.4,"2014-06-18","2014-07-02",3,"BET.TALL_006.2014.03","TALL_006.S.20140702",14,"ok","ok","ok","Y","NEON.DOC.014050","uXSN77Q7x9cACyt+x8PEhxuBjTDRBKZV",,0,0,0
"BD975283C7B74A88AA9C259CEE8BFECE","D08","TALL","TALL_006","W","evergreenForest",32.898842,-87.446342,"WGS84",1.3,98.7,0.4,"2014-06-18","2014-07-02",3,"BET.TALL_006.2014.03","TALL_006.W.20140702",14,"ok","ok","high","Y","NEON.DOC.014050","uXSN77Q7x9cACyt+x8PEhxuBjTDRBKZV",,0,0,0
"D049561A9951411FA272B6DF2D681C9D","D08","TALL","TALL_006","N","evergreenForest",32.899023,-87.446129,"WGS84",1.3,98.7,0.4,"2014-06-18","2014-07-02",3,"BET.TALL_006.2014.03","TALL_006.N.20140702",14,"ok","ok","high","Y","NEON.DOC.014050","uXSN77Q7x9cACyt+x8PEhxuBjTDRBKZV",,0,0,0
"618617C4D0C24FF49479849CD5515773","D08","TALL","TALL_006","E","evergreenForest",32.898843,-87.445914,"WGS84",1.3,98.7,0.4,"2014-06-18","2014-07-02",3,"BET.TALL_006.2014.03","TALL_006.E.20140702",14,"ok","disturbed","high","Y","NEON.DOC.014050","uXSN77Q7x9cACyt+x8PEhxuBjTDRBKZV",,0,0,0
"01569372F39E4A1C86E640BBFC331530","D08","TALL","TALL_005","S","mixedForest",32.896944,-87.397346,"WGS84",1.3,123.6,0.4,"2014-06-18","2014-07-02",3,"BET.TALL_005.2014.03","TALL_005.S.20140702",14,"ok","ok","ok","Y","NEON.DOC.014050","v7wRdnV1gD6DA7NUoRhtXNeAYtN2k0WN",,0,0,0
"FCDF54AFE3624A73AF559F06C1B156A4","D08","TALL","TALL_005","N","mixedForest",32.897305,-87.397347,"WGS84",1.3,123.6,0.4,"2014-06-18","2014-07-02",3,"BET.TALL_005.2014.03","TALL_005.N.20140702",14,"ok","ok","ok","Y","NEON.DOC.014050","v7wRdnV1gD6DA7NUoRhtXNeAYtN2k0WN",,0,0,0
"13B9DB6AEADC4C4B8A83BAB198C7F9AB","D08","TALL","TALL_005","E","mixedForest",32.897125,-87.397133,"WGS84",1.3,123.6,0.4,"2014-06-18","2014-07-02",3,"BET.TALL_005.2014.03","TALL_005.E.20140702",14,"ok","ok","ok","Y","NEON.DOC.014050","v7wRdnV1gD6DA7NUoRhtXNeAYtN2k0WN",,0,0,0
"E98537A2ED084201AE42CBAE778EB3CE","D08","TALL","TALL_005","W","mixedForest",32.897124,-87.397560,"WGS84",1.3,123.6,0.4,"2014-06-18","2014-07-02",3,"BET.TALL_005.2014.03","TALL_005.W.20140702",14,"ok","ok","ok","Y","NEON.DOC.014050","v7wRdnV1gD6DA7NUoRhtXNeAYtN2k0WN",,0,0,0
"DF5A2162B060448AAD8C93DB001BB4D6","D08","TALL","TALL_004","S","evergreenForest",32.957703,-87.432612,"WGS84",1.1,133.0,0.1,"2014-06-18","2014-07-02",3,"BET.TALL_004.2014.03","TALL_004.S.20140702",14,"ok","ok","ok","Y","NEON.DOC.014050","uXSN77Q7x9cACyt+x8PEhxuBjTDRBKZV",,0,0,0
"E2F82EB5265144EEAC6BDE924A7124B8","D08","TALL","TALL_004","W","evergreenForest",32.957883,-87.432827,"WGS84",1.1,133.0,0.1,"2014-06-18","2014-07-02",3,"BET.TALL_004.2014.03","TALL_004.W.20140702",14,"ok","ok","high","Y","NEON.DOC.014050","uXSN77Q7x9cACyt+x8PEhxuBjTDRBKZV",,0,0,0
"63EF20176BF148569130AE7362317848","D08","TALL","TALL_004","E","evergreenForest",32.957884,-87.432399,"WGS84",1.1,133.0,0.1,"2014-06-18","2014-07-02",3,"BET.TALL_004.2014.03","TALL_004.E.20140702",14,"ok","ok","ok","Y","NEON.DOC.014050","uXSN77Q7x9cACyt+x8PEhxuBjTDRBKZV",,0,0,0
"31D31CBC2D964F89838459A11953F3E4","D08","TALL","TALL_004","N","evergreenForest",32.958064,-87.432614,"WGS84",1.1,133.0,0.1,"2014-06-18","2014-07-02",3,"BET.TALL_004.2014.03","TALL_004.N.20140702",14,"ok","ok","ok","Y","NEON.DOC.014050","uXSN77Q7x9cACyt+x8PEhxuBjTDRBKZV",,0,0,0
"8776541C2E3847338E5C37B0AF2E8D43","D08","TALL","TALL_003","N","mixedForest",32.893712,-87.415351,"WGS84",1.2,124.2,0.2,"2014-06-18","2014-07-02",3,"BET.TALL_003.2014.03","TALL_003.N.20140702",14,"ok","ok","high","Y","NEON.DOC.014050","v7wRdnV1gD6DA7NUoRhtXNeAYtN2k0WN",,0,0,0
"DDDB1A6522744970903D361716C043FC","D08","TALL","TALL_003","W","mixedForest",32.893531,-87.415564,"WGS84",1.2,124.2,0.2,"2014-06-18","2014-07-02",3,"BET.TALL_003.2014.03","TALL_003.W.20140702",14,"ok","ok","high","Y","NEON.DOC.014050","v7wRdnV1gD6DA7NUoRhtXNeAYtN2k0WN",,0,0,0
"D523ED1DAA2944C894E7E000ED74123A","D08","TALL","TALL_003","E","mixedForest",32.893532,-87.415136,"WGS84",1.2,124.2,0.2,"2014-06-18","2014-07-02",3,"BET.TALL_003.2014.03","TALL_003.E.20140702",14,"ok","ok","ok","Y","NEON.DOC.014050","v7wRdnV1gD6DA7NUoRhtXNeAYtN2k0WN",,0,0,0
"4C572D55419D4076ADAEE68482A98FB4","D08","TALL","TALL_003","S","mixedForest",32.893351,-87.415349,"WGS84",1.2,124.2,0.2,"2014-06-18","2014-07-02",3,"BET.TALL_003.2014.03","TALL_003.S.20140702",14,"ok","ok","ok","Y","NEON.DOC.014050","v7wRdnV1gD6DA7NUoRhtXNeAYtN2k0WN",,0,0,0
"B65E31D291694880A35E5A93741BC47F","D08","TALL","TALL_002","S","mixedForest",32.921978,-87.428892,"WGS84",1.2,119.2,0.4,"2014-06-18","2014-07-02",3,"BET.TALL_002.2014.03","TALL_002.S.20140702",14,"ok","ok","ok","Y","NEON.DOC.014050","v7wRdnV1gD6DA7NUoRhtXNeAYtN2k0WN",,0,0,0
"0DD872B7D30A4E7096C5EC4934918E7C","D08","TALL","TALL_002","W","mixedForest",32.922158,-87.429107,"WGS84",1.2,119.2,0.4,"2014-06-18","2014-07-02",3,"BET.TALL_002.2014.03","TALL_002.W.20140702",14,"ok","ok","ok","Y","NEON.DOC.014050","v7wRdnV1gD6DA7NUoRhtXNeAYtN2k0WN",,0,0,0
"F4E53BD68F0543A69430A86248782C5A","D08","TALL","TALL_002","E","mixedForest",32.922159,-87.428679,"WGS84",1.2,119.2,0.4,"2014-06-18","2014-07-02",3,"BET.TALL_002.2014.03","TALL_002.E.20140702",14,"ok","ok","ok","Y","NEON.DOC.014050","v7wRdnV1gD6DA7NUoRhtXNeAYtN2k0WN",,0,0,0
"B895520259924516BC0C38CCF82CE077","D08","TALL","TALL_002","N","mixedForest",32.922339,-87.428894,"WGS84",1.2,119.2,0.4,"2014-06-18","2014-07-02",3,"BET.TALL_002.2014.03","TALL_002.N.20140702",14,"ok","ok","ok","Y","NEON.DOC.014050","v7wRdnV1gD6DA7NUoRhtXNeAYtN2k0WN",,0,0,0
"F99E75A35A184D499041A6C063D9AC60","D08","TALL","TALL_001","W","deciduousForest",32.977666,-87.432930,"WGS84",1.3,99.6,0.4,"2014-06-18","2014-07-02",3,"BET.TALL_001.2014.03","TALL_001.W.20140702",14,"ok","ok","ok","Y","NEON.DOC.014050","uXSN77Q7x9cACyt+x8PEhxuBjTDRBKZV",,0,0,0
"4E8B391C5E3541568B2564DF0104BD0C","D08","TALL","TALL_001","E","deciduousForest",32.977668,-87.432502,"WGS84",1.3,99.6,0.4,"2014-06-18","2014-07-02",3,"BET.TALL_001.2014.03","TALL_001.E.20140702",14,"ok","ok","high","Y","NEON.DOC.014050","uXSN77Q7x9cACyt+x8PEhxuBjTDRBKZV",,0,0,0
"2A784303CEFF4735AE94D6AB29F36DD5","D08","TALL","TALL_001","N","deciduousForest",32.977847,-87.432717,"WGS84",1.3,99.6,0.4,"2014-06-18","2014-07-02",3,"BET.TALL_001.2014.03","TALL_001.N.20140702",14,"ok","ok","high","Y","NEON.DOC.014050","uXSN77Q7x9cACyt+x8PEhxuBjTDRBKZV",,0,0,0
"E25E18012FA34FB6A29DA4F4E93E1936","D08","TALL","TALL_001","N","deciduousForest",32.977847,-87.432717,"WGS84",1.3,99.6,0.4,"2014-07-02","2014-07-16",4,"BET.TALL_001.2014.04","TALL_001.N.20140716",14,"ok","disturbed","ok","Y","NEON.DOC.014050","g5F5uklRh2VDICiaJ2hO4u/g0vjt6FOn",,0,0,0
"8A9956CB00BB4D669BB9EB124C98C9F8","D08","TALL","TALL_013","S","evergreenForest",32.884568,-87.454395,"WGS84",1.1,118.5,0.2,"2014-07-02","2014-07-16",4,"BET.TALL_013.2014.04","TALL_013.S.20140716",14,"ok","ok","ok","Y","NEON.DOC.014050","g5F5uklRh2VDICiaJ2hO4u/g0vjt6FOn",,0,0,0
"FE525EE2EA0748F18902D665163FED39","D08","TALL","TALL_013","E","evergreenForest",32.884750,-87.454182,"WGS84",1.1,118.5,0.2,"2014-07-02","2014-07-16",4,"BET.TALL_013.2014.04","TALL_013.E.20140716",14,"ok","ok","ok","Y","NEON.DOC.014050","g5F5uklRh2VDICiaJ2hO4u/g0vjt6FOn",,0,0,0
"6E3A8F2CBE5142C299BAAE525A909375","D08","TALL","TALL_013","N","evergreenForest",32.884929,-87.454397,"WGS84",1.1,118.5,0.2,"2014-07-02","2014-07-16",4,"BET.TALL_013.2014.04","TALL_013.N.20140716",14,"ok","ok","ok","Y","NEON.DOC.014050","g5F5uklRh2VDICiaJ2hO4u/g0vjt6FOn",,0,0,0
"C152D51157B747B6BC6E6BF114D716EB","D08","TALL","TALL_013","W","evergreenForest",32.884748,-87.454610,"WGS84",1.1,118.5,0.2,"2014-07-02","2014-07-16",4,"BET.TALL_013.2014.04","TALL_013.W.20140716",14,"ok","ok","ok","Y","NEON.DOC.014050","g5F5uklRh2VDICiaJ2hO4u/g0vjt6FOn",,0,0,0
"543D5349AE934BEAB1525AA9D6B2D7DE","D08","TALL","TALL_009","W","evergreenForest",32.899795,-87.406893,"WGS84",1.2,106.0,0.4,"2014-07-02","2014-07-16",4,"BET.TALL_009.2014.04","TALL_009.W.20140716",14,"ok","ok","ok","Y","NEON.DOC.014050","KFr7JcBjQm9J5uplJHTZe2CPbWEwyKSf",,0,0,0
"B0767D6364A04EF69622B4F3DCED70C6","D08","TALL","TALL_009","E","evergreenForest",32.899797,-87.406465,"WGS84",1.2,106.0,0.4,"2014-07-02","2014-07-16",4,"BET.TALL_009.2014.04","TALL_009.E.20140716",14,"ok","ok","ok","Y","NEON.DOC.014050","KFr7JcBjQm9J5uplJHTZe2CPbWEwyKSf",,0,0,0
"89EE70D2BBF94A5EBF3D1E44D9E434FD","D08","TALL","TALL_009","N","evergreenForest",32.899977,-87.406680,"WGS84",1.2,106.0,0.4,"2014-07-02","2014-07-16",4,"BET.TALL_009.2014.04","TALL_009.N.20140716",14,"ok","ok","ok","Y","NEON.DOC.014050","KFr7JcBjQm9J5uplJHTZe2CPbWEwyKSf",,0,0,0
"77354224FE4747959D118A0D1899DB39","D08","TALL","TALL_009","S","evergreenForest",32.899616,-87.406678,"WGS84",1.2,106.0,0.4,"2014-07-02","2014-07-16",4,"BET.TALL_009.2014.04","TALL_009.S.20140716",14,"ok","ok","ok","Y","NEON.DOC.014050","KFr7JcBjQm9J5uplJHTZe2CPbWEwyKSf",,0,0,0
"D249C650B6644A7081A605F6E24F982F","D08","TALL","TALL_008","S","deciduousForest",32.921436,-87.433387,"WGS84",1.3,114.0,0.3,"2014-07-02","2014-07-16",4,"BET.TALL_008.2014.04","TALL_008.S.20140716",14,"ok","ok","ok","Y","NEON.DOC.014050","KFr7JcBjQm9J5uplJHTZe2CPbWEwyKSf",,0,0,0
"940CD5B0350745FCBD60C26C807213CF","D08","TALL","TALL_008","E","deciduousForest",32.921618,-87.433174,"WGS84",1.3,114.0,0.3,"2014-07-02","2014-07-16",4,"BET.TALL_008.2014.04","TALL_008.E.20140716",14,"ok","ok","ok","Y","NEON.DOC.014050","KFr7JcBjQm9J5uplJHTZe2CPbWEwyKSf",,0,0,0
"D36427022CAE4C46B6AF61BAF198D53F","D08","TALL","TALL_008","W","deciduousForest",32.921616,-87.433602,"WGS84",1.3,114.0,0.3,"2014-07-02","2014-07-16",4,"BET.TALL_008.2014.04","TALL_008.W.20140716",14,"ok","ok","ok","Y","NEON.DOC.014050","KFr7JcBjQm9J5uplJHTZe2CPbWEwyKSf",,0,0,0
"830A3BEA00C14E3DAD2234C3A5A489A8","D08","TALL","TALL_008","N","deciduousForest",32.921797,-87.433389,"WGS84",1.3,114.0,0.3,"2014-07-02","2014-07-16",4,"BET.TALL_008.2014.04","TALL_008.N.20140716",14,"ok","ok","ok","Y","NEON.DOC.014050","KFr7JcBjQm9J5uplJHTZe2CPbWEwyKSf",,0,0,0
"03ED778E73F14E05B88D21A2FA4AB8A7","D08","TALL","TALL_007","S","deciduousForest",32.974248,-87.426940,"WGS84",1.3,82.5,0.3,"2014-07-02","2014-07-16",4,"BET.TALL_007.2014.04","TALL_007.S.20140716",14,"ok","ok","ok","Y","NEON.DOC.014050","g5F5uklRh2VDICiaJ2hO4u/g0vjt6FOn",,0,0,0
"21655674A7AD4C52967BD8A9E15EA50D","D08","TALL","TALL_007","E","deciduousForest",32.974429,-87.426726,"WGS84",1.3,82.5,0.3,"2014-07-02","2014-07-16",4,"BET.TALL_007.2014.04","TALL_007.E.20140716",14,"ok","ok","ok","Y","NEON.DOC.014050","g5F5uklRh2VDICiaJ2hO4u/g0vjt6FOn",,0,0,0
"C90C952D8C4B4B97A0EF2D0680380F3F","D08","TALL","TALL_007","N","deciduousForest",32.974609,-87.426941,"WGS84",1.3,82.5,0.3,"2014-07-02","2014-07-16",4,"BET.TALL_007.2014.04","TALL_007.N.20140716",14,"ok","ok","high","Y","NEON.DOC.014050","g5F5uklRh2VDICiaJ2hO4u/g0vjt6FOn",,0,0,0
"2E64D539B4784F4FBD0DFED270F4C83A","D08","TALL","TALL_007","W","deciduousForest",32.974428,-87.427154,"WGS84",1.3,82.5,0.3,"2014-07-02","2014-07-16",4,"BET.TALL_007.2014.04","TALL_007.W.20140716",14,"ok","ok","ok","Y","NEON.DOC.014050","g5F5uklRh2VDICiaJ2hO4u/g0vjt6FOn",,0,0,0
"D2FD532DB206467A99750D5A26392951","D08","TALL","TALL_006","E","evergreenForest",32.898843,-87.445914,"WGS84",1.3,98.7,0.4,"2014-07-02","2014-07-16",4,"BET.TALL_006.2014.04","TALL_006.E.20140716",14,"ok","ok","ok","Y","NEON.DOC.014050","g5F5uklRh2VDICiaJ2hO4u/g0vjt6FOn",,0,0,0
"C8E9C309B378476EAEE1C7FB13DD1C10","D08","TALL","TALL_006","N","evergreenForest",32.899023,-87.446129,"WGS84",1.3,98.7,0.4,"2014-07-02","2014-07-16",4,"BET.TALL_006.2014.04","TALL_006.N.20140716",14,"ok","ok","ok","Y","NEON.DOC.014050","g5F5uklRh2VDICiaJ2hO4u/g0vjt6FOn",,0,0,0
"3C6338DC7FF545B18AC6C5541818EB25","D08","TALL","TALL_006","W","evergreenForest",32.898842,-87.446342,"WGS84",1.3,98.7,0.4,"2014-07-02","2014-07-16",4,"BET.TALL_006.2014.04","TALL_006.W.20140716",14,"ok","ok","ok","Y","NEON.DOC.014050","g5F5uklRh2VDICiaJ2hO4u/g0vjt6FOn",,0,0,0
"6FB5C741F1D64F4DB340C4F48B9B4A79","D08","TALL","TALL_006","S","evergreenForest",32.898662,-87.446127,"WGS84",1.3,98.7,0.4,"2014-07-02","2014-07-16",4,"BET.TALL_006.2014.04","TALL_006.S.20140716",14,"ok","ok","ok","Y","NEON.DOC.014050","g5F5uklRh2VDICiaJ2hO4u/g0vjt6FOn",,0,0,0
"88121766AC604EDC87465B5D7975E6ED","D08","TALL","TALL_005","N","mixedForest",32.897305,-87.397347,"WGS84",1.3,123.6,0.4,"2014-07-02","2014-07-16",4,"BET.TALL_005.2014.04","TALL_005.N.20140716",14,"ok","ok","ok","Y","NEON.DOC.014050","KFr7JcBjQm9J5uplJHTZe2CPbWEwyKSf",,0,0,0
"BD32FA57BC534C6182F040F8B99B0043","D08","TALL","TALL_005","E","mixedForest",32.897125,-87.397133,"WGS84",1.3,123.6,0.4,"2014-07-02","2014-07-16",4,"BET.TALL_005.2014.04","TALL_005.E.20140716",14,"ok","ok","ok","Y","NEON.DOC.014050","KFr7JcBjQm9J5uplJHTZe2CPbWEwyKSf",,0,0,0
"ADC5DC07EBD645B5AAAF73CE929A4216","D08","TALL","TALL_005","S","mixedForest",32.896944,-87.397346,"WGS84",1.3,123.6,0.4,"2014-07-02","2014-07-16",4,"BET.TALL_005.2014.04","TALL_005.S.20140716",14,"ok","ok","ok","Y","NEON.DOC.014050","KFr7JcBjQm9J5uplJHTZe2CPbWEwyKSf",,0,0,0
"16A0824EE9E74C7D8A30A7598015664B","D08","TALL","TALL_005","W","mixedForest",32.897124,-87.397560,"WGS84",1.3,123.6,0.4,"2014-07-02","2014-07-16",4,"BET.TALL_005.2014.04","TALL_005.W.20140716",14,"ok","ok","ok","Y","NEON.DOC.014050","KFr7JcBjQm9J5uplJHTZe2CPbWEwyKSf",,0,0,0
"39C2EEBC164F4567BA785E5B0D9EF67E","D08","TALL","TALL_004","W","evergreenForest",32.957883,-87.432827,"WGS84",1.1,133.0,0.1,"2014-07-02","2014-07-16",4,"BET.TALL_004.2014.04","TALL_004.W.20140716",14,"ok","ok","ok","Y","NEON.DOC.014050","g5F5uklRh2VDICiaJ2hO4u/g0vjt6FOn",,0,0,0
"FE6403F602A04E919E2A9307FBE7E91F","D08","TALL","TALL_004","E","evergreenForest",32.957884,-87.432399,"WGS84",1.1,133.0,0.1,"2014-07-02","2014-07-16",4,"BET.TALL_004.2014.04","TALL_004.E.20140716",14,"ok","ok","ok","Y","NEON.DOC.014050","g5F5uklRh2VDICiaJ2hO4u/g0vjt6FOn",,0,0,0
"D7125190770F43E5AEF0983DFCB7DAD6","D08","TALL","TALL_004","N","evergreenForest",32.958064,-87.432614,"WGS84",1.1,133.0,0.1,"2014-07-02","2014-07-16",4,"BET.TALL_004.2014.04","TALL_004.N.20140716",14,"ok","ok","ok","Y","NEON.DOC.014050","g5F5uklRh2VDICiaJ2hO4u/g0vjt6FOn",,0,0,0
"7FAB1BC66F4C40CCA10C693C828B890B","D08","TALL","TALL_004","S","evergreenForest",32.957703,-87.432612,"WGS84",1.1,133.0,0.1,"2014-07-02","2014-07-16",4,"BET.TALL_004.2014.04","TALL_004.S.20140716",14,"ok","ok","ok","Y","NEON.DOC.014050","g5F5uklRh2VDICiaJ2hO4u/g0vjt6FOn",,0,0,0
"1B575B9A49194BB0A93F93A161025FB3","D08","TALL","TALL_003","E","mixedForest",32.893532,-87.415136,"WGS84",1.2,124.2,0.2,"2014-07-02","2014-07-16",4,"BET.TALL_003.2014.04","TALL_003.E.20140716",14,"ok","disturbed","ok","Y","NEON.DOC.014050","KFr7JcBjQm9J5uplJHTZe2CPbWEwyKSf",,0,0,0
"EC4E7964A68942488E9037FA80B2AFFD","D08","TALL","TALL_003","S","mixedForest",32.893351,-87.415349,"WGS84",1.2,124.2,0.2,"2014-07-02","2014-07-16",4,"BET.TALL_003.2014.04","TALL_003.S.20140716",14,"ok","ok","ok","Y","NEON.DOC.014050","KFr7JcBjQm9J5uplJHTZe2CPbWEwyKSf",,0,0,0
"40D95DA0AAD149F497C8B382DC9AF60C","D08","TALL","TALL_003","W","mixedForest",32.893531,-87.415564,"WGS84",1.2,124.2,0.2,"2014-07-02","2014-07-16",4,"BET.TALL_003.2014.04","TALL_003.W.20140716",14,"ok","ok","ok","Y","NEON.DOC.014050","KFr7JcBjQm9J5uplJHTZe2CPbWEwyKSf",,0,0,0
"BE8A8AC77AAE4881A6C5048F6F700980","D08","TALL","TALL_003","N","mixedForest",32.893712,-87.415351,"WGS84",1.2,124.2,0.2,"2014-07-02","2014-07-16",4,"BET.TALL_003.2014.04","TALL_003.N.20140716",14,"ok","ok","ok","Y","NEON.DOC.014050","KFr7JcBjQm9J5uplJHTZe2CPbWEwyKSf",,0,0,0
"B1B5E3AC3F7F4ED684F7125112468091","D08","TALL","TALL_002","S","mixedForest",32.921978,-87.428892,"WGS84",1.2,119.2,0.4,"2014-07-02","2014-07-16",4,"BET.TALL_002.2014.04","TALL_002.S.20140716",14,"ok","ok","ok","Y","NEON.DOC.014050","KFr7JcBjQm9J5uplJHTZe2CPbWEwyKSf",,0,0,0
"7E1B916B324E47DF84085338405AEBF4","D08","TALL","TALL_002","W","mixedForest",32.922158,-87.429107,"WGS84",1.2,119.2,0.4,"2014-07-02","2014-07-16",4,"BET.TALL_002.2014.04","TALL_002.W.20140716",14,"ok","ok","ok","Y","NEON.DOC.014050","KFr7JcBjQm9J5uplJHTZe2CPbWEwyKSf",,0,0,0
"A3ABA75B3A9348BE854F27F8FD17A192","D08","TALL","TALL_002","N","mixedForest",32.922339,-87.428894,"WGS84",1.2,119.2,0.4,"2014-07-02","2014-07-16",4,"BET.TALL_002.2014.04","TALL_002.N.20140716",14,"ok","ok","high","Y","NEON.DOC.014050","KFr7JcBjQm9J5uplJHTZe2CPbWEwyKSf",,0,0,0
"9F642F45EB7C48F49949AAF6BA4272B3","D08","TALL","TALL_002","E","mixedForest",32.922159,-87.428679,"WGS84",1.2,119.2,0.4,"2014-07-02","2014-07-16",4,"BET.TALL_002.2014.04","TALL_002.E.20140716",14,"ok","ok","ok","Y","NEON.DOC.014050","KFr7JcBjQm9J5uplJHTZe2CPbWEwyKSf",,0,0,0
"DE90084C263C432AA61044DDABD44AC0","D08","TALL","TALL_001","E","deciduousForest",32.977668,-87.432502,"WGS84",1.3,99.6,0.4,"2014-07-02","2014-07-16",4,"BET.TALL_001.2014.04","TALL_001.E.20140716",14,"ok","ok","high","Y","NEON.DOC.014050","g5F5uklRh2VDICiaJ2hO4u/g0vjt6FOn",,0,0,0
"1B9BFF089C9E427C8E730A20867F5A48","D08","TALL","TALL_001","W","deciduousForest",32.977666,-87.432930,"WGS84",1.3,99.6,0.4,"2014-07-02","2014-07-16",4,"BET.TALL_001.2014.04","TALL_001.W.20140716",14,"ok","ok","high","Y","NEON.DOC.014050","g5F5uklRh2VDICiaJ2hO4u/g0vjt6FOn",,0,0,0
"CFE8B540FEE54A0480338B3A5A90007C","D08","TALL","TALL_001","S","deciduousForest",32.977487,-87.432715,"WGS84",1.3,99.6,0.4,"2014-07-02","2014-07-16",4,"BET.TALL_001.2014.04","TALL_001.S.20140716",14,"ok","disturbed","ok","Y","NEON.DOC.014050","g5F5uklRh2VDICiaJ2hO4u/g0vjt6FOn",,0,0,0
"BD3AA290D04D4402B115DAEB8003C8E3","D08","TALL","TALL_001","N","deciduousForest",32.977847,-87.432717,"WGS84",1.3,99.6,0.4,"2014-07-16","2014-07-30",5,"BET.TALL_001.2014.05","TALL_001.N.20140730",14,"ok","ok","ok","Y","NEON.DOC.014050","us1ZuF/YFaJ9IETdiexVrD+fHDIIxGwg",,0,0,0
"7F45150321364B43BE2F91A8E1105D69","D08","TALL","TALL_013","E","evergreenForest",32.884750,-87.454182,"WGS84",1.1,118.5,0.2,"2014-07-16","2014-07-30",5,"BET.TALL_013.2014.05","TALL_013.E.20140730",14,"ok","ok","ok","Y","NEON.DOC.014050","us1ZuF/YFaJ9IETdiexVrD+fHDIIxGwg",,0,0,0
"A17F1F03B3A248B68AC5160697442606","D08","TALL","TALL_013","W","evergreenForest",32.884748,-87.454610,"WGS84",1.1,118.5,0.2,"2014-07-16","2014-07-30",5,"BET.TALL_013.2014.05","TALL_013.W.20140730",14,"ok","ok","ok","Y","NEON.DOC.014050","us1ZuF/YFaJ9IETdiexVrD+fHDIIxGwg",,0,0,0
"93902D97C64A403CA7BCFDCF32151E75","D08","TALL","TALL_013","N","evergreenForest",32.884929,-87.454397,"WGS84",1.1,118.5,0.2,"2014-07-16","2014-07-30",5,"BET.TALL_013.2014.05","TALL_013.N.20140730",14,"ok","ok","ok","Y","NEON.DOC.014050","us1ZuF/YFaJ9IETdiexVrD+fHDIIxGwg",,0,0,0
"34C60031F4F746C08194CDD471A45181","D08","TALL","TALL_013","S","evergreenForest",32.884568,-87.454395,"WGS84",1.1,118.5,0.2,"2014-07-16","2014-07-30",5,"BET.TALL_013.2014.05","TALL_013.S.20140730",14,"ok","ok","ok","Y","NEON.DOC.014050","us1ZuF/YFaJ9IETdiexVrD+fHDIIxGwg",,0,0,0
"62D4875702744CC080BF2D272A6FAD52","D08","TALL","TALL_009","E","evergreenForest",32.899797,-87.406465,"WGS84",1.2,106.0,0.4,"2014-07-16","2014-07-30",5,"BET.TALL_009.2014.05","TALL_009.E.20140730",14,"ok","ok","ok","Y","NEON.DOC.014050","1BXlVo/+sgQnzGKl3MtQcn6rxZDFIa/f",,0,0,0
"FADA1146A40741B2A1276F892C434E1E","D08","TALL","TALL_009","W","evergreenForest",32.899795,-87.406893,"WGS84",1.2,106.0,0.4,"2014-07-16","2014-07-30",5,"BET.TALL_009.2014.05","TALL_009.W.20140730",14,"ok","disturbed","high","Y","NEON.DOC.014050","1BXlVo/+sgQnzGKl3MtQcn6rxZDFIa/f",,0,0,0
"1EF98144579545388042F48DB6303EE4","D08","TALL","TALL_009","N","evergreenForest",32.899977,-87.406680,"WGS84",1.2,106.0,0.4,"2014-07-16","2014-07-30",5,"BET.TALL_009.2014.05","TALL_009.N.20140730",14,"ok","ok","high","Y","NEON.DOC.014050","1BXlVo/+sgQnzGKl3MtQcn6rxZDFIa/f",,0,0,0
"5B41711C773348E3AF93259D474A3A8D","D08","TALL","TALL_009","S","evergreenForest",32.899616,-87.406678,"WGS84",1.2,106.0,0.4,"2014-07-16","2014-07-30",5,"BET.TALL_009.2014.05","TALL_009.S.20140730",14,"ok","ok","ok","Y","NEON.DOC.014050","1BXlVo/+sgQnzGKl3MtQcn6rxZDFIa/f",,0,0,0
"2AC152C4CAEA4F859F40B85BA9356667","D08","TALL","TALL_008","N","deciduousForest",32.921797,-87.433389,"WGS84",1.3,114.0,0.3,"2014-07-16","2014-07-30",5,"BET.TALL_008.2014.05","TALL_008.N.20140730",14,"ok","ok","ok","Y","NEON.DOC.014050","1BXlVo/+sgQnzGKl3MtQcn6rxZDFIa/f",,0,0,0
"B48FD289607A48A4828F1B66FF65327F","D08","TALL","TALL_008","E","deciduousForest",32.921618,-87.433174,"WGS84",1.3,114.0,0.3,"2014-07-16","2014-07-30",5,"BET.TALL_008.2014.05","TALL_008.E.20140730",14,"ok","ok","ok","Y","NEON.DOC.014050","1BXlVo/+sgQnzGKl3MtQcn6rxZDFIa/f",,0,0,0
"CFA56362CB874B8B857DB3608BBC107D","D08","TALL","TALL_008","S","deciduousForest",32.921436,-87.433387,"WGS84",1.3,114.0,0.3,"2014-07-16","2014-07-30",5,"BET.TALL_008.2014.05","TALL_008.S.20140730",14,"ok","ok","ok","Y","NEON.DOC.014050","1BXlVo/+sgQnzGKl3MtQcn6rxZDFIa/f",,0,0,0
"9A7EED43F0D24FAB8C43B439D28F86B9","D08","TALL","TALL_008","W","deciduousForest",32.921616,-87.433602,"WGS84",1.3,114.0,0.3,"2014-07-16","2014-07-30",5,"BET.TALL_008.2014.05","TALL_008.W.20140730",14,"ok","ok","ok","Y","NEON.DOC.014050","1BXlVo/+sgQnzGKl3MtQcn6rxZDFIa/f",,0,0,0
"185004E2EFBB45E5BA4A81C392441513","D08","TALL","TALL_007","N","deciduousForest",32.974609,-87.426941,"WGS84",1.3,82.5,0.3,"2014-07-16","2014-07-30",5,"BET.TALL_007.2014.05","TALL_007.N.20140730",14,"ok","ok","ok","Y","NEON.DOC.014050","us1ZuF/YFaJ9IETdiexVrD+fHDIIxGwg",,0,0,0
"4D73ECFA720646448EE0947A9718D9EF","D08","TALL","TALL_007","W","deciduousForest",32.974428,-87.427154,"WGS84",1.3,82.5,0.3,"2014-07-16","2014-07-30",5,"BET.TALL_007.2014.05","TALL_007.W.20140730",14,"ok","ok","ok","Y","NEON.DOC.014050","us1ZuF/YFaJ9IETdiexVrD+fHDIIxGwg",,0,0,0
"8C8FADB3B71C44D3A7B6CCF20DCB7D7E","D08","TALL","TALL_007","S","deciduousForest",32.974248,-87.426940,"WGS84",1.3,82.5,0.3,"2014-07-16","2014-07-30",5,"BET.TALL_007.2014.05","TALL_007.S.20140730",14,"ok","ok","ok","Y","NEON.DOC.014050","us1ZuF/YFaJ9IETdiexVrD+fHDIIxGwg",,0,0,0
"2D825ED66840424BB6FF39267554E24A","D08","TALL","TALL_007","E","deciduousForest",32.974429,-87.426726,"WGS84",1.3,82.5,0.3,"2014-07-16","2014-07-30",5,"BET.TALL_007.2014.05","TALL_007.E.20140730",14,"ok","ok","ok","Y","NEON.DOC.014050","us1ZuF/YFaJ9IETdiexVrD+fHDIIxGwg",,0,0,0
"D352055E5FBF45879D52F4C4BB2100C4","D08","TALL","TALL_006","W","evergreenForest",32.898842,-87.446342,"WGS84",1.3,98.7,0.4,"2014-07-16","2014-07-30",5,"BET.TALL_006.2014.05","TALL_006.W.20140730",14,"ok","ok","ok","Y","NEON.DOC.014050","us1ZuF/YFaJ9IETdiexVrD+fHDIIxGwg",,0,0,0
"C1177B7F02E54B6AABEC8D7C76D591D8","D08","TALL","TALL_006","S","evergreenForest",32.898662,-87.446127,"WGS84",1.3,98.7,0.4,"2014-07-16","2014-07-30",5,"BET.TALL_006.2014.05","TALL_006.S.20140730",14,"ok","ok","ok","Y","NEON.DOC.014050","us1ZuF/YFaJ9IETdiexVrD+fHDIIxGwg",,0,0,0
"26689D2991E843FCB03CFC69D40698F2","D08","TALL","TALL_006","N","evergreenForest",32.899023,-87.446129,"WGS84",1.3,98.7,0.4,"2014-07-16","2014-07-30",5,"BET.TALL_006.2014.05","TALL_006.N.20140730",14,"ok","ok","ok","Y","NEON.DOC.014050","us1ZuF/YFaJ9IETdiexVrD+fHDIIxGwg",,0,0,0
"4D613C1DC32743D3AD97654FB256BD81","D08","TALL","TALL_006","E","evergreenForest",32.898843,-87.445914,"WGS84",1.3,98.7,0.4,"2014-07-16","2014-07-30",5,"BET.TALL_006.2014.05","TALL_006.E.20140730",14,"ok","ok","ok","Y","NEON.DOC.014050","us1ZuF/YFaJ9IETdiexVrD+fHDIIxGwg",,0,0,0
"DCF0513F1142429EA67DD8CCEB25A985","D08","TALL","TALL_005","W","mixedForest",32.897124,-87.397560,"WGS84",1.3,123.6,0.4,"2014-07-16","2014-07-30",5,"BET.TALL_005.2014.05","TALL_005.W.20140730",14,"ok","ok","ok","Y","NEON.DOC.014050","1BXlVo/+sgQnzGKl3MtQcn6rxZDFIa/f",,0,0,0
"1C84A3B9672F422690BBD5D235A24E66","D08","TALL","TALL_005","S","mixedForest",32.896944,-87.397346,"WGS84",1.3,123.6,0.4,"2014-07-16","2014-07-30",5,"BET.TALL_005.2014.05","TALL_005.S.20140730",14,"ok","ok","ok","Y","NEON.DOC.014050","1BXlVo/+sgQnzGKl3MtQcn6rxZDFIa/f",,0,0,0
"98963764E42E43C08E105A027973658A","D08","TALL","TALL_005","N","mixedForest",32.897305,-87.397347,"WGS84",1.3,123.6,0.4,"2014-07-16","2014-07-30",5,"BET.TALL_005.2014.05","TALL_005.N.20140730",14,"ok","ok","ok","Y","NEON.DOC.014050","1BXlVo/+sgQnzGKl3MtQcn6rxZDFIa/f",,0,0,0
"1746DC5FFEF040F7B753A183A45B94FD","D08","TALL","TALL_005","E","mixedForest",32.897125,-87.397133,"WGS84",1.3,123.6,0.4,"2014-07-16","2014-07-30",5,"BET.TALL_005.2014.05","TALL_005.E.20140730",14,"ok","ok","ok","Y","NEON.DOC.014050","1BXlVo/+sgQnzGKl3MtQcn6rxZDFIa/f",,0,0,0
"AF006A016998477DA8EFBBDC979FCF4C","D08","TALL","TALL_004","E","evergreenForest",32.957884,-87.432399,"WGS84",1.1,133.0,0.1,"2014-07-16","2014-07-30",5,"BET.TALL_004.2014.05","TALL_004.E.20140730",14,"ok","ok","ok","Y","NEON.DOC.014050","us1ZuF/YFaJ9IETdiexVrD+fHDIIxGwg",,0,0,0
"26C58230E57949A8A358613846EDF74E","D08","TALL","TALL_004","N","evergreenForest",32.958064,-87.432614,"WGS84",1.1,133.0,0.1,"2014-07-16","2014-07-30",5,"BET.TALL_004.2014.05","TALL_004.N.20140730",14,"ok","ok","ok","Y","NEON.DOC.014050","us1ZuF/YFaJ9IETdiexVrD+fHDIIxGwg",,0,0,0
"D6685F2608FA4D3EBFF449DBE4469769","D08","TALL","TALL_004","W","evergreenForest",32.957883,-87.432827,"WGS84",1.1,133.0,0.1,"2014-07-16","2014-07-30",5,"BET.TALL_004.2014.05","TALL_004.W.20140730",14,"ok","ok","ok","Y","NEON.DOC.014050","us1ZuF/YFaJ9IETdiexVrD+fHDIIxGwg",,0,0,0
"43177D06D2984A3989A5CCE60861265C","D08","TALL","TALL_004","S","evergreenForest",32.957703,-87.432612,"WGS84",1.1,133.0,0.1,"2014-07-16","2014-07-30",5,"BET.TALL_004.2014.05","TALL_004.S.20140730",14,"ok","ok","ok","Y","NEON.DOC.014050","us1ZuF/YFaJ9IETdiexVrD+fHDIIxGwg",,0,0,0
"B576B44E48BE4D5689058B7B8C67471A","D08","TALL","TALL_003","W","mixedForest",32.893531,-87.415564,"WGS84",1.2,124.2,0.2,"2014-07-16","2014-07-30",5,"BET.TALL_003.2014.05","TALL_003.W.20140730",14,"ok","ok","ok","Y","NEON.DOC.014050","1BXlVo/+sgQnzGKl3MtQcn6rxZDFIa/f",,0,0,0
"961371DC17884A60B224C8B4E44F6EDF","D08","TALL","TALL_003","N","mixedForest",32.893712,-87.415351,"WGS84",1.2,124.2,0.2,"2014-07-16","2014-07-30",5,"BET.TALL_003.2014.05","TALL_003.N.20140730",14,"ok","ok","ok","Y","NEON.DOC.014050","1BXlVo/+sgQnzGKl3MtQcn6rxZDFIa/f",,0,0,0
"FC7EBA764B3A4DDB890E89335621393A","D08","TALL","TALL_003","S","mixedForest",32.893351,-87.415349,"WGS84",1.2,124.2,0.2,"2014-07-16","2014-07-30",5,"BET.TALL_003.2014.05","TALL_003.S.20140730",14,"ok","ok","ok","Y","NEON.DOC.014050","1BXlVo/+sgQnzGKl3MtQcn6rxZDFIa/f",,0,0,0
"13C404F7E79C49AEA6F08CB42EA823AD","D08","TALL","TALL_003","E","mixedForest",32.893532,-87.415136,"WGS84",1.2,124.2,0.2,"2014-07-16","2014-07-30",5,"BET.TALL_003.2014.05","TALL_003.E.20140730",14,"ok","ok","ok","Y","NEON.DOC.014050","1BXlVo/+sgQnzGKl3MtQcn6rxZDFIa/f",,0,0,0
"A7EA99461BED4664860A657FE2263FB5","D08","TALL","TALL_002","S","mixedForest",32.921978,-87.428892,"WGS84",1.2,119.2,0.4,"2014-07-16","2014-07-30",5,"BET.TALL_002.2014.05","TALL_002.S.20140730",14,"ok","ok","ok","Y","NEON.DOC.014050","1BXlVo/+sgQnzGKl3MtQcn6rxZDFIa/f",,0,0,0
"52FFAB1246FA4DEEBE48267A725EFE75","D08","TALL","TALL_002","N","mixedForest",32.922339,-87.428894,"WGS84",1.2,119.2,0.4,"2014-07-16","2014-07-30",5,"BET.TALL_002.2014.05","TALL_002.N.20140730",14,"ok","ok","ok","Y","NEON.DOC.014050","1BXlVo/+sgQnzGKl3MtQcn6rxZDFIa/f",,0,0,0
"BB81C4D8035E4BE58107EC82AB47952D","D08","TALL","TALL_002","E","mixedForest",32.922159,-87.428679,"WGS84",1.2,119.2,0.4,"2014-07-16","2014-07-30",5,"BET.TALL_002.2014.05","TALL_002.E.20140730",14,"ok","ok","ok","Y","NEON.DOC.014050","1BXlVo/+sgQnzGKl3MtQcn6rxZDFIa/f",,0,0,0
"6B5390C4E6AD4E70BD6276E143847FF5","D08","TALL","TALL_002","W","mixedForest",32.922158,-87.429107,"WGS84",1.2,119.2,0.4,"2014-07-16","2014-07-30",5,"BET.TALL_002.2014.05","TALL_002.W.20140730",14,"ok","ok","ok","Y","NEON.DOC.014050","1BXlVo/+sgQnzGKl3MtQcn6rxZDFIa/f",,0,0,0
"CD62E69CF51545D2B976545181CD2E73","D08","TALL","TALL_001","W","deciduousForest",32.977666,-87.432930,"WGS84",1.3,99.6,0.4,"2014-07-16","2014-07-30",5,"BET.TALL_001.2014.05","TALL_001.W.20140730",14,"ok","ok","ok","Y","NEON.DOC.014050","us1ZuF/YFaJ9IETdiexVrD+fHDIIxGwg",,0,0,0
"C5EA21329F7F4ADE90385BD5C6A61E35","D08","TALL","TALL_001","S","deciduousForest",32.977487,-87.432715,"WGS84",1.3,99.6,0.4,"2014-07-16","2014-07-30",5,"BET.TALL_001.2014.05","TALL_001.S.20140730",14,"ok","ok","ok","Y","NEON.DOC.014050","us1ZuF/YFaJ9IETdiexVrD+fHDIIxGwg",,0,0,0
"539E9589B85941ED82016F238AE9C2C6","D08","TALL","TALL_001","E","deciduousForest",32.977668,-87.432502,"WGS84",1.3,99.6,0.4,"2014-07-16","2014-07-30",5,"BET.TALL_001.2014.05","TALL_001.E.20140730",14,"ok","ok","high","Y","NEON.DOC.014050","us1ZuF/YFaJ9IETdiexVrD+fHDIIxGwg",,0,0,0
"C34A5156AAAC49948AA6DB92709DE492","D08","TALL","TALL_001","N","deciduousForest",32.977847,-87.432717,"WGS84",1.3,99.6,0.4,"2014-07-30","2014-08-13",6,"BET.TALL_001.2014.06","TALL_001.N.20140813",14,"ok","ok","ok","Y","NEON.DOC.014050","uXSN77Q7x9cACyt+x8PEhxuBjTDRBKZV",,0,0,0
"BA29E5AB09894BAFA01842A9714325B9","D08","TALL","TALL_013","W","evergreenForest",32.884748,-87.454610,"WGS84",1.1,118.5,0.2,"2014-07-30","2014-08-13",6,"BET.TALL_013.2014.06","TALL_013.W.20140813",14,"ok","ok","ok","Y","NEON.DOC.014050","uXSN77Q7x9cACyt+x8PEhxuBjTDRBKZV",,0,0,0
"021CF382083F49C9B537592EE205DE25","D08","TALL","TALL_013","S","evergreenForest",32.884568,-87.454395,"WGS84",1.1,118.5,0.2,"2014-07-30","2014-08-13",6,"BET.TALL_013.2014.06","TALL_013.S.20140813",14,"ok","ok","ok","Y","NEON.DOC.014050","uXSN77Q7x9cACyt+x8PEhxuBjTDRBKZV",,0,0,0
"A7084812328E45AA85ACE50557D19C49","D08","TALL","TALL_013","E","evergreenForest",32.884750,-87.454182,"WGS84",1.1,118.5,0.2,"2014-07-30","2014-08-13",6,"BET.TALL_013.2014.06","TALL_013.E.20140813",14,"ok","ok","ok","Y","NEON.DOC.014050","uXSN77Q7x9cACyt+x8PEhxuBjTDRBKZV",,0,0,0
"5E9EC64779C24D17ADCD78F4587E177C","D08","TALL","TALL_013","N","evergreenForest",32.884929,-87.454397,"WGS84",1.1,118.5,0.2,"2014-07-30","2014-08-13",6,"BET.TALL_013.2014.06","TALL_013.N.20140813",14,"ok","ok","ok","Y","NEON.DOC.014050","uXSN77Q7x9cACyt+x8PEhxuBjTDRBKZV",,0,0,0
"E702014D447946F581F4A6A00DDB3B4A","D08","TALL","TALL_009","S","evergreenForest",32.899616,-87.406678,"WGS84",1.2,106.0,0.4,"2014-07-30","2014-08-13",6,"BET.TALL_009.2014.06","TALL_009.S.20140813",14,"ok","ok","ok","Y","NEON.DOC.014050","g5F5uklRh2VDICiaJ2hO4u/g0vjt6FOn",,0,0,0
"9FBC7B1F7E3B40C2B822DD26FC900363","D08","TALL","TALL_009","N","evergreenForest",32.899977,-87.406680,"WGS84",1.2,106.0,0.4,"2014-07-30","2014-08-13",6,"BET.TALL_009.2014.06","TALL_009.N.20140813",14,"ok","ok","ok","Y","NEON.DOC.014050","g5F5uklRh2VDICiaJ2hO4u/g0vjt6FOn",,0,0,0
"6477B725F6B243A297F108111A2E7D21","D08","TALL","TALL_009","E","evergreenForest",32.899797,-87.406465,"WGS84",1.2,106.0,0.4,"2014-07-30","2014-08-13",6,"BET.TALL_009.2014.06","TALL_009.E.20140813",14,"ok","ok","ok","Y","NEON.DOC.014050","g5F5uklRh2VDICiaJ2hO4u/g0vjt6FOn",,0,0,0
"3D86DDB5314E481282ECD076C718FD64","D08","TALL","TALL_009","W","evergreenForest",32.899795,-87.406893,"WGS84",1.2,106.0,0.4,"2014-07-30","2014-08-13",6,"BET.TALL_009.2014.06","TALL_009.W.20140813",14,"ok","ok","ok","Y","NEON.DOC.014050","g5F5uklRh2VDICiaJ2hO4u/g0vjt6FOn",,0,0,0
"EFE01E1BAB8F4CA8A02BD824B160275C","D08","TALL","TALL_008","E","deciduousForest",32.921618,-87.433174,"WGS84",1.3,114.0,0.3,"2014-07-30","2014-08-13",6,"BET.TALL_008.2014.06","TALL_008.E.20140813",14,"ok","ok","ok","Y","NEON.DOC.014050","g5F5uklRh2VDICiaJ2hO4u/g0vjt6FOn",,0,0,0
"B691E0BAAB8A46AB9A97867C2958B756","D08","TALL","TALL_008","S","deciduousForest",32.921436,-87.433387,"WGS84",1.3,114.0,0.3,"2014-07-30","2014-08-13",6,"BET.TALL_008.2014.06","TALL_008.S.20140813",14,"ok","ok","ok","Y","NEON.DOC.014050","g5F5uklRh2VDICiaJ2hO4u/g0vjt6FOn",,0,0,0
"64ADC165626A4CE3AAC307B8C608365D","D08","TALL","TALL_008","N","deciduousForest",32.921797,-87.433389,"WGS84",1.3,114.0,0.3,"2014-07-30","2014-08-13",6,"BET.TALL_008.2014.06","TALL_008.N.20140813",14,"ok","ok","ok","Y","NEON.DOC.014050","g5F5uklRh2VDICiaJ2hO4u/g0vjt6FOn",,0,0,0
"CDBAA833F78543EDA1220A4D62A693D0","D08","TALL","TALL_008","W","deciduousForest",32.921616,-87.433602,"WGS84",1.3,114.0,0.3,"2014-07-30","2014-08-13",6,"BET.TALL_008.2014.06","TALL_008.W.20140813",14,"ok","ok","ok","Y","NEON.DOC.014050","g5F5uklRh2VDICiaJ2hO4u/g0vjt6FOn",,0,0,0
"A15C070DD07647B8AE320B01B06B58CF","D08","TALL","TALL_007","E","deciduousForest",32.974429,-87.426726,"WGS84",1.3,82.5,0.3,"2014-07-30","2014-08-13",6,"BET.TALL_007.2014.06","TALL_007.E.20140813",14,"ok","ok","ok","Y","NEON.DOC.014050","uXSN77Q7x9cACyt+x8PEhxuBjTDRBKZV",,0,0,0
"15F468488C824F4AAC6495E63F57C2D7","D08","TALL","TALL_007","W","deciduousForest",32.974428,-87.427154,"WGS84",1.3,82.5,0.3,"2014-07-30","2014-08-13",6,"BET.TALL_007.2014.06","TALL_007.W.20140813",14,"ok","ok","ok","Y","NEON.DOC.014050","uXSN77Q7x9cACyt+x8PEhxuBjTDRBKZV",,0,0,0
"FE154AD0396B41FBA03612AD75A0E8CC","D08","TALL","TALL_007","S","deciduousForest",32.974248,-87.426940,"WGS84",1.3,82.5,0.3,"2014-07-30","2014-08-13",6,"BET.TALL_007.2014.06","TALL_007.S.20140813",14,"ok","ok","ok","Y","NEON.DOC.014050","uXSN77Q7x9cACyt+x8PEhxuBjTDRBKZV",,0,0,0
"7C6CF447056E4B45872C7BFF5C4F9C67","D08","TALL","TALL_007","N","deciduousForest",32.974609,-87.426941,"WGS84",1.3,82.5,0.3,"2014-07-30","2014-08-13",6,"BET.TALL_007.2014.06","TALL_007.N.20140813",14,"ok","ok","ok","Y","NEON.DOC.014050","uXSN77Q7x9cACyt+x8PEhxuBjTDRBKZV",,0,0,0
"0EBA43AB721446659930C359DEDCACEA","D08","TALL","TALL_006","W","evergreenForest",32.898842,-87.446342,"WGS84",1.3,98.7,0.4,"2014-07-30","2014-08-13",6,"BET.TALL_006.2014.06","TALL_006.W.20140813",14,"ok","ok","ok","Y","NEON.DOC.014050","uXSN77Q7x9cACyt+x8PEhxuBjTDRBKZV",,0,0,0
"345E106B60DC444BB7E3D8236D894FA9","D08","TALL","TALL_006","E","evergreenForest",32.898843,-87.445914,"WGS84",1.3,98.7,0.4,"2014-07-30","2014-08-13",6,"BET.TALL_006.2014.06","TALL_006.E.20140813",14,"ok","ok","ok","Y","NEON.DOC.014050","uXSN77Q7x9cACyt+x8PEhxuBjTDRBKZV",,0,0,0
"59E362E2B97E46E7AC89CBBC2EBD5DAA","D08","TALL","TALL_006","N","evergreenForest",32.899023,-87.446129,"WGS84",1.3,98.7,0.4,"2014-07-30","2014-08-13",6,"BET.TALL_006.2014.06","TALL_006.N.20140813",14,"ok","ok","ok","Y","NEON.DOC.014050","uXSN77Q7x9cACyt+x8PEhxuBjTDRBKZV",,0,0,0
"CC5EF37E295A4215A5E12F60A6A5569C","D08","TALL","TALL_006","S","evergreenForest",32.898662,-87.446127,"WGS84",1.3,98.7,0.4,"2014-07-30","2014-08-13",6,"BET.TALL_006.2014.06","TALL_006.S.20140813",14,"ok","ok","ok","Y","NEON.DOC.014050","uXSN77Q7x9cACyt+x8PEhxuBjTDRBKZV",,0,0,0
"07F49E730B714D5A81AA1DFA54881397","D08","TALL","TALL_005","N","mixedForest",32.897305,-87.397347,"WGS84",1.3,123.6,0.4,"2014-07-30","2014-08-13",6,"BET.TALL_005.2014.06","TALL_005.N.20140813",14,"ok","ok","ok","Y","NEON.DOC.014050","g5F5uklRh2VDICiaJ2hO4u/g0vjt6FOn",,0,0,0
"D9E16CC63829435CB9DA80E166148BAE","D08","TALL","TALL_005","W","mixedForest",32.897124,-87.397560,"WGS84",1.3,123.6,0.4,"2014-07-30","2014-08-13",6,"BET.TALL_005.2014.06","TALL_005.W.20140813",14,"ok","ok","ok","Y","NEON.DOC.014050","g5F5uklRh2VDICiaJ2hO4u/g0vjt6FOn",,0,0,0
"22241E2A07C64937BB3D6FC92D0AC38C","D08","TALL","TALL_005","S","mixedForest",32.896944,-87.397346,"WGS84",1.3,123.6,0.4,"2014-07-30","2014-08-13",6,"BET.TALL_005.2014.06","TALL_005.S.20140813",14,"ok","ok","ok","Y","NEON.DOC.014050","g5F5uklRh2VDICiaJ2hO4u/g0vjt6FOn",,0,0,0
"86532F2C054B4DB6BA0F5702220FB9BF","D08","TALL","TALL_005","E","mixedForest",32.897125,-87.397133,"WGS84",1.3,123.6,0.4,"2014-07-30","2014-08-13",6,"BET.TALL_005.2014.06","TALL_005.E.20140813",14,"ok","ok","ok","Y","NEON.DOC.014050","g5F5uklRh2VDICiaJ2hO4u/g0vjt6FOn",,0,0,0
"7AAE761E61A142F7B10DD20E60FAFEE8","D08","TALL","TALL_004","N","evergreenForest",32.958064,-87.432614,"WGS84",1.1,133.0,0.1,"2014-07-30","2014-08-13",6,"BET.TALL_004.2014.06","TALL_004.N.20140813",14,"ok","ok","ok","Y","NEON.DOC.014050","uXSN77Q7x9cACyt+x8PEhxuBjTDRBKZV",,0,0,0
"5F85C5E1E1714E68AF1E558CF17708CB","D08","TALL","TALL_004","E","evergreenForest",32.957884,-87.432399,"WGS84",1.1,133.0,0.1,"2014-07-30","2014-08-13",6,"BET.TALL_004.2014.06","TALL_004.E.20140813",14,"ok","ok","ok","Y","NEON.DOC.014050","uXSN77Q7x9cACyt+x8PEhxuBjTDRBKZV",,0,0,0
"F1577F75D57941689EDD88AFF94AC375","D08","TALL","TALL_004","S","evergreenForest",32.957703,-87.432612,"WGS84",1.1,133.0,0.1,"2014-07-30","2014-08-13",6,"BET.TALL_004.2014.06","TALL_004.S.20140813",14,"ok","ok","ok","Y","NEON.DOC.014050","uXSN77Q7x9cACyt+x8PEhxuBjTDRBKZV",,0,0,0
"259E7452596E48FC9FC856968D1AB2C9","D08","TALL","TALL_004","W","evergreenForest",32.957883,-87.432827,"WGS84",1.1,133.0,0.1,"2014-07-30","2014-08-13",6,"BET.TALL_004.2014.06","TALL_004.W.20140813",14,"ok","ok","ok","Y","NEON.DOC.014050","uXSN77Q7x9cACyt+x8PEhxuBjTDRBKZV",,0,0,0
"798CADC758FC420EA7B3C99BF2C1E18E","D08","TALL","TALL_003","N","mixedForest",32.893712,-87.415351,"WGS84",1.2,124.2,0.2,"2014-07-30","2014-08-13",6,"BET.TALL_003.2014.06","TALL_003.N.20140813",14,"ok","ok","ok","Y","NEON.DOC.014050","g5F5uklRh2VDICiaJ2hO4u/g0vjt6FOn",,0,0,0
"A5AE49FD74D24466A3B541F5CE3A7428","D08","TALL","TALL_003","E","mixedForest",32.893532,-87.415136,"WGS84",1.2,124.2,0.2,"2014-07-30","2014-08-13",6,"BET.TALL_003.2014.06","TALL_003.E.20140813",14,"ok","ok","ok","Y","NEON.DOC.014050","g5F5uklRh2VDICiaJ2hO4u/g0vjt6FOn",,0,0,0
"59E140473DB54F00ADC9B6F4ABE87E6B","D08","TALL","TALL_003","S","mixedForest",32.893351,-87.415349,"WGS84",1.2,124.2,0.2,"2014-07-30","2014-08-13",6,"BET.TALL_003.2014.06","TALL_003.S.20140813",14,"ok","ok","ok","Y","NEON.DOC.014050","g5F5uklRh2VDICiaJ2hO4u/g0vjt6FOn",,0,0,0
"E36A2317EFAF4985ABF7397BA1EE1188","D08","TALL","TALL_003","W","mixedForest",32.893531,-87.415564,"WGS84",1.2,124.2,0.2,"2014-07-30","2014-08-13",6,"BET.TALL_003.2014.06","TALL_003.W.20140813",14,"ok","ok","ok","Y","NEON.DOC.014050","g5F5uklRh2VDICiaJ2hO4u/g0vjt6FOn",,0,0,0
"1864163735F24852836A71342528A264","D08","TALL","TALL_002","S","mixedForest",32.921978,-87.428892,"WGS84",1.2,119.2,0.4,"2014-07-30","2014-08-13",6,"BET.TALL_002.2014.06","TALL_002.S.20140813",14,"ok","ok","ok","Y","NEON.DOC.014050","g5F5uklRh2VDICiaJ2hO4u/g0vjt6FOn",,0,0,0
"F15A3228B0DC4B2DAED622E26F608A6F","D08","TALL","TALL_002","W","mixedForest",32.922158,-87.429107,"WGS84",1.2,119.2,0.4,"2014-07-30","2014-08-13",6,"BET.TALL_002.2014.06","TALL_002.W.20140813",14,"ok","ok","ok","Y","NEON.DOC.014050","g5F5uklRh2VDICiaJ2hO4u/g0vjt6FOn",,0,0,0
"6A521D38AA0F4BABB3613747E3E617CB","D08","TALL","TALL_002","E","mixedForest",32.922159,-87.428679,"WGS84",1.2,119.2,0.4,"2014-07-30","2014-08-13",6,"BET.TALL_002.2014.06","TALL_002.E.20140813",14,"ok","ok","ok","Y","NEON.DOC.014050","g5F5uklRh2VDICiaJ2hO4u/g0vjt6FOn",,0,0,0
"C4366AA292E640328B397345C4FCC136","D08","TALL","TALL_002","N","mixedForest",32.922339,-87.428894,"WGS84",1.2,119.2,0.4,"2014-07-30","2014-08-13",6,"BET.TALL_002.2014.06","TALL_002.N.20140813",14,"ok","ok","high","Y","NEON.DOC.014050","g5F5uklRh2VDICiaJ2hO4u/g0vjt6FOn",,0,0,0
"FE1C33BF001140F1B0842BAAF141ECD1","D08","TALL","TALL_001","E","deciduousForest",32.977668,-87.432502,"WGS84",1.3,99.6,0.4,"2014-07-30","2014-08-13",6,"BET.TALL_001.2014.06","TALL_001.E.20140813",14,"ok","ok","high","Y","NEON.DOC.014050","uXSN77Q7x9cACyt+x8PEhxuBjTDRBKZV",,0,0,0
"DBC4A1B09E924620B5BDAEDE4D6C2B2D","D08","TALL","TALL_001","S","deciduousForest",32.977487,-87.432715,"WGS84",1.3,99.6,0.4,"2014-07-30","2014-08-13",6,"BET.TALL_001.2014.06","TALL_001.S.20140813",14,"ok","ok","ok","Y","NEON.DOC.014050","uXSN77Q7x9cACyt+x8PEhxuBjTDRBKZV",,0,0,0
"FDB62C52EDF6402DB4D5CB02EE2F88E9","D08","TALL","TALL_001","W","deciduousForest",32.977666,-87.432930,"WGS84",1.3,99.6,0.4,"2014-07-30","2014-08-13",6,"BET.TALL_001.2014.06","TALL_001.W.20140813",14,"ok","ok","ok","Y","NEON.DOC.014050","uXSN77Q7x9cACyt+x8PEhxuBjTDRBKZV",,0,0,0
"2F50C12B86C343BB8EFE78839452A87A","D08","TALL","TALL_001","S","deciduousForest",32.977487,-87.432715,"WGS84",1.3,99.6,0.4,"2014-08-13","2014-08-27",7,"BET.TALL_001.2014.07","TALL_001.S.20140827",14,"ok","ok","high","Y","NEON.DOC.014050","ayFQEk40m3GE+0LGYr8eRjbpE3AVNxYl",,0,0,0
"F1EEAC54F22044E594635F3D965F6ACC","D08","TALL","TALL_013","W","evergreenForest",32.884748,-87.454610,"WGS84",1.1,118.5,0.2,"2014-08-13","2014-08-27",7,"BET.TALL_013.2014.07","TALL_013.W.20140827",14,"ok","ok","ok","Y","NEON.DOC.014050","ayFQEk40m3GE+0LGYr8eRjbpE3AVNxYl",,0,0,0
"F4B842A233A540F393C83DB95BA7F264","D08","TALL","TALL_013","E","evergreenForest",32.884750,-87.454182,"WGS84",1.1,118.5,0.2,"2014-08-13","2014-08-27",7,"BET.TALL_013.2014.07","TALL_013.E.20140827",14,"ok","ok","ok","Y","NEON.DOC.014050","ayFQEk40m3GE+0LGYr8eRjbpE3AVNxYl",,0,0,0
"AEB9723331374182AED4D3289DC8B022","D08","TALL","TALL_013","N","evergreenForest",32.884929,-87.454397,"WGS84",1.1,118.5,0.2,"2014-08-13","2014-08-27",7,"BET.TALL_013.2014.07","TALL_013.N.20140827",14,"ok","ok","ok","Y","NEON.DOC.014050","ayFQEk40m3GE+0LGYr8eRjbpE3AVNxYl",,0,0,0
"9FD5F23EAD9C4F60BC3F8B1CD1B14B3B","D08","TALL","TALL_013","S","evergreenForest",32.884568,-87.454395,"WGS84",1.1,118.5,0.2,"2014-08-13","2014-08-27",7,"BET.TALL_013.2014.07","TALL_013.S.20140827",14,"ok","ok","ok","Y","NEON.DOC.014050","ayFQEk40m3GE+0LGYr8eRjbpE3AVNxYl",,0,0,0
"CB0F188B4FED45C29944842A3EF20238","D08","TALL","TALL_009","S","evergreenForest",32.899616,-87.406678,"WGS84",1.2,106.0,0.4,"2014-08-13","2014-08-27",7,"BET.TALL_009.2014.07","TALL_009.S.20140827",14,"ok","ok","ok","Y","NEON.DOC.014050","uXSN77Q7x9cACyt+x8PEhxuBjTDRBKZV",,0,0,0
"4BA46FC2C9C74DCE85A5F95A2F7C4DED","D08","TALL","TALL_009","N","evergreenForest",32.899977,-87.406680,"WGS84",1.2,106.0,0.4,"2014-08-13","2014-08-27",7,"BET.TALL_009.2014.07","TALL_009.N.20140827",14,"ok","ok","ok","Y","NEON.DOC.014050","uXSN77Q7x9cACyt+x8PEhxuBjTDRBKZV",,0,0,0
"C21E05B7DA654FDFBB39D94028A8BAA3","D08","TALL","TALL_009","W","evergreenForest",32.899795,-87.406893,"WGS84",1.2,106.0,0.4,"2014-08-13","2014-08-27",7,"BET.TALL_009.2014.07","TALL_009.W.20140827",14,"ok","ok","ok","Y","NEON.DOC.014050","uXSN77Q7x9cACyt+x8PEhxuBjTDRBKZV",,0,0,0
"D9D8EBFD331742ED90E523A033065D38","D08","TALL","TALL_009","E","evergreenForest",32.899797,-87.406465,"WGS84",1.2,106.0,0.4,"2014-08-13","2014-08-27",7,"BET.TALL_009.2014.07","TALL_009.E.20140827",14,"ok","ok","ok","Y","NEON.DOC.014050","uXSN77Q7x9cACyt+x8PEhxuBjTDRBKZV",,0,0,0
"DE04F2ADCBAF49F5A076496F891535EB","D08","TALL","TALL_008","N","deciduousForest",32.921797,-87.433389,"WGS84",1.3,114.0,0.3,"2014-08-13","2014-08-27",7,"BET.TALL_008.2014.07","TALL_008.N.20140827",14,"ok","ok","ok","Y","NEON.DOC.014050","uXSN77Q7x9cACyt+x8PEhxuBjTDRBKZV",,0,0,0
"4C40096C3C11450397F2177D66CBF21C","D08","TALL","TALL_008","E","deciduousForest",32.921618,-87.433174,"WGS84",1.3,114.0,0.3,"2014-08-13","2014-08-27",7,"BET.TALL_008.2014.07","TALL_008.E.20140827",14,"ok","ok","ok","Y","NEON.DOC.014050","uXSN77Q7x9cACyt+x8PEhxuBjTDRBKZV",,0,0,0
"4E55E3E580CC40C9A3E71E14EA3F0738","D08","TALL","TALL_008","S","deciduousForest",32.921436,-87.433387,"WGS84",1.3,114.0,0.3,"2014-08-13","2014-08-27",7,"BET.TALL_008.2014.07","TALL_008.S.20140827",14,"ok","ok","ok","Y","NEON.DOC.014050","uXSN77Q7x9cACyt+x8PEhxuBjTDRBKZV",,0,0,0
"9F371AABECC14F34A34056EDE6B5D9A1","D08","TALL","TALL_008","W","deciduousForest",32.921616,-87.433602,"WGS84",1.3,114.0,0.3,"2014-08-13","2014-08-27",7,"BET.TALL_008.2014.07","TALL_008.W.20140827",14,"ok","ok","ok","Y","NEON.DOC.014050","uXSN77Q7x9cACyt+x8PEhxuBjTDRBKZV",,0,0,0
"CCCC3B72F53043B3B4EF2FEB8DFE2D25","D08","TALL","TALL_007","W","deciduousForest",32.974428,-87.427154,"WGS84",1.3,82.5,0.3,"2014-08-13","2014-08-27",7,"BET.TALL_007.2014.07","TALL_007.W.20140827",14,"ok","ok","ok","Y","NEON.DOC.014050","ayFQEk40m3GE+0LGYr8eRjbpE3AVNxYl",,0,0,0
"3B10276893D2443BA84576B840073540","D08","TALL","TALL_007","E","deciduousForest",32.974429,-87.426726,"WGS84",1.3,82.5,0.3,"2014-08-13","2014-08-27",7,"BET.TALL_007.2014.07","TALL_007.E.20140827",14,"ok","ok","high","Y","NEON.DOC.014050","ayFQEk40m3GE+0LGYr8eRjbpE3AVNxYl",,0,0,0
"6664FB5097134F32983313726A4CF448","D08","TALL","TALL_007","N","deciduousForest",32.974609,-87.426941,"WGS84",1.3,82.5,0.3,"2014-08-13","2014-08-27",7,"BET.TALL_007.2014.07","TALL_007.N.20140827",14,"ok","ok","ok","Y","NEON.DOC.014050","ayFQEk40m3GE+0LGYr8eRjbpE3AVNxYl",,0,0,0
"D32B80ABA7284FA690E801C1C3FB284F","D08","TALL","TALL_007","S","deciduousForest",32.974248,-87.426940,"WGS84",1.3,82.5,0.3,"2014-08-13","2014-08-27",7,"BET.TALL_007.2014.07","TALL_007.S.20140827",14,"ok","ok","ok","Y","NEON.DOC.014050","ayFQEk40m3GE+0LGYr8eRjbpE3AVNxYl",,0,0,0
"41A7FF4A5609404EBC2752D04CC8E05E","D08","TALL","TALL_006","S","evergreenForest",32.898662,-87.446127,"WGS84",1.3,98.7,0.4,"2014-08-13","2014-08-27",7,"BET.TALL_006.2014.07","TALL_006.S.20140827",14,"disturbed","ok","ok","Y","NEON.DOC.014050","ayFQEk40m3GE+0LGYr8eRjbpE3AVNxYl",,0,0,0
"41BFC48D012542C5BBDF081F92638D5C","D08","TALL","TALL_006","N","evergreenForest",32.899023,-87.446129,"WGS84",1.3,98.7,0.4,"2014-08-13","2014-08-27",7,"BET.TALL_006.2014.07","TALL_006.N.20140827",14,"disturbed","ok","ok","Y","NEON.DOC.014050","ayFQEk40m3GE+0LGYr8eRjbpE3AVNxYl",,0,0,0
"7A0372D28B6F470AAC29EF4CFF690FA9","D08","TALL","TALL_006","W","evergreenForest",32.898842,-87.446342,"WGS84",1.3,98.7,0.4,"2014-08-13","2014-08-27",7,"BET.TALL_006.2014.07","TALL_006.W.20140827",14,"disturbed","ok","high","Y","NEON.DOC.014050","ayFQEk40m3GE+0LGYr8eRjbpE3AVNxYl",,0,0,0
"0D6320DD882A4636859739869B8D7439","D08","TALL","TALL_006","E","evergreenForest",32.898843,-87.445914,"WGS84",1.3,98.7,0.4,"2014-08-13","2014-08-27",7,"BET.TALL_006.2014.07","TALL_006.E.20140827",14,"disturbed","ok","ok","Y","NEON.DOC.014050","ayFQEk40m3GE+0LGYr8eRjbpE3AVNxYl",,0,0,0
"14CCD2E70CD14A18BEB2652D9FB45B17","D08","TALL","TALL_005","N","mixedForest",32.897305,-87.397347,"WGS84",1.3,123.6,0.4,"2014-08-13","2014-08-27",7,"BET.TALL_005.2014.07","TALL_005.N.20140827",14,"ok","ok","ok","Y","NEON.DOC.014050","uXSN77Q7x9cACyt+x8PEhxuBjTDRBKZV",,0,0,0
"748477829B164AC09C9D3EBF51BED1DD","D08","TALL","TALL_005","E","mixedForest",32.897125,-87.397133,"WGS84",1.3,123.6,0.4,"2014-08-13","2014-08-27",7,"BET.TALL_005.2014.07","TALL_005.E.20140827",14,"ok","ok","ok","Y","NEON.DOC.014050","uXSN77Q7x9cACyt+x8PEhxuBjTDRBKZV",,0,0,0
"9B9F46FB82CA486DB1E0B10E03698DDE","D08","TALL","TALL_005","S","mixedForest",32.896944,-87.397346,"WGS84",1.3,123.6,0.4,"2014-08-13","2014-08-27",7,"BET.TALL_005.2014.07","TALL_005.S.20140827",14,"ok","ok","ok","Y","NEON.DOC.014050","uXSN77Q7x9cACyt+x8PEhxuBjTDRBKZV",,0,0,0
"B0F408BFB6404168A5CADAEC0865674F","D08","TALL","TALL_005","W","mixedForest",32.897124,-87.397560,"WGS84",1.3,123.6,0.4,"2014-08-13","2014-08-27",7,"BET.TALL_005.2014.07","TALL_005.W.20140827",14,"ok","ok","ok","Y","NEON.DOC.014050","uXSN77Q7x9cACyt+x8PEhxuBjTDRBKZV",,0,0,0
"A0644669395348C58E3A0EB391865A65","D08","TALL","TALL_004","W","evergreenForest",32.957883,-87.432827,"WGS84",1.1,133.0,0.1,"2014-08-13","2014-08-27",7,"BET.TALL_004.2014.07","TALL_004.W.20140827",14,"ok","ok","ok","Y","NEON.DOC.014050","ayFQEk40m3GE+0LGYr8eRjbpE3AVNxYl",,0,0,0
"8D18EECD8601474492BE6FED16B3F7A6","D08","TALL","TALL_004","E","evergreenForest",32.957884,-87.432399,"WGS84",1.1,133.0,0.1,"2014-08-13","2014-08-27",7,"BET.TALL_004.2014.07","TALL_004.E.20140827",14,"ok","ok","ok","Y","NEON.DOC.014050","ayFQEk40m3GE+0LGYr8eRjbpE3AVNxYl",,0,0,0
"479AAA7C5255481C94B73010AA0C1AE7","D08","TALL","TALL_004","S","evergreenForest",32.957703,-87.432612,"WGS84",1.1,133.0,0.1,"2014-08-13","2014-08-27",7,"BET.TALL_004.2014.07","TALL_004.S.20140827",14,"ok","ok","ok","Y","NEON.DOC.014050","ayFQEk40m3GE+0LGYr8eRjbpE3AVNxYl",,0,0,0
"22CEDDE545654BD5AFD7F640CA47EBF3","D08","TALL","TALL_004","N","evergreenForest",32.958064,-87.432614,"WGS84",1.1,133.0,0.1,"2014-08-13","2014-08-27",7,"BET.TALL_004.2014.07","TALL_004.N.20140827",14,"ok","ok","ok","Y","NEON.DOC.014050","ayFQEk40m3GE+0LGYr8eRjbpE3AVNxYl",,0,0,0
"234B3262429E4FF8A012A0F355DE761D","D08","TALL","TALL_003","W","mixedForest",32.893531,-87.415564,"WGS84",1.2,124.2,0.2,"2014-08-13","2014-08-27",7,"BET.TALL_003.2014.07","TALL_003.W.20140827",14,"ok","ok","ok","Y","NEON.DOC.014050","uXSN77Q7x9cACyt+x8PEhxuBjTDRBKZV",,0,0,0
"9B7EA1CB40BC4F3A94A0AFA8DA8938B2","D08","TALL","TALL_003","E","mixedForest",32.893532,-87.415136,"WGS84",1.2,124.2,0.2,"2014-08-13","2014-08-27",7,"BET.TALL_003.2014.07","TALL_003.E.20140827",14,"ok","ok","ok","Y","NEON.DOC.014050","uXSN77Q7x9cACyt+x8PEhxuBjTDRBKZV",,0,0,0
"8DE2D2C746AB41CA93EFB90029D599CF","D08","TALL","TALL_003","S","mixedForest",32.893351,-87.415349,"WGS84",1.2,124.2,0.2,"2014-08-13","2014-08-27",7,"BET.TALL_003.2014.07","TALL_003.S.20140827",14,"ok","ok","ok","Y","NEON.DOC.014050","uXSN77Q7x9cACyt+x8PEhxuBjTDRBKZV",,0,0,0
"C1C18155D0FD42C98BEFE5CED1DFDB34","D08","TALL","TALL_003","N","mixedForest",32.893712,-87.415351,"WGS84",1.2,124.2,0.2,"2014-08-13","2014-08-27",7,"BET.TALL_003.2014.07","TALL_003.N.20140827",14,"ok","ok","ok","Y","NEON.DOC.014050","uXSN77Q7x9cACyt+x8PEhxuBjTDRBKZV",,0,0,0
"BC91FBB4BE6744A08CEA2D687BC2AD89","D08","TALL","TALL_002","N","mixedForest",32.922339,-87.428894,"WGS84",1.2,119.2,0.4,"2014-08-13","2014-08-27",7,"BET.TALL_002.2014.07","TALL_002.N.20140827",14,"ok","ok","ok","Y","NEON.DOC.014050","uXSN77Q7x9cACyt+x8PEhxuBjTDRBKZV",,0,0,0
"583E33490849425EB6B092C5DB10B8A9","D08","TALL","TALL_002","S","mixedForest",32.921978,-87.428892,"WGS84",1.2,119.2,0.4,"2014-08-13","2014-08-27",7,"BET.TALL_002.2014.07","TALL_002.S.20140827",14,"ok","ok","ok","Y","NEON.DOC.014050","uXSN77Q7x9cACyt+x8PEhxuBjTDRBKZV",,0,0,0
"9B302590AF3A4A0EA2FD9D0B68AE1CC4","D08","TALL","TALL_002","E","mixedForest",32.922159,-87.428679,"WGS84",1.2,119.2,0.4,"2014-08-13","2014-08-27",7,"BET.TALL_002.2014.07","TALL_002.E.20140827",14,"ok","ok","ok","Y","NEON.DOC.014050","uXSN77Q7x9cACyt+x8PEhxuBjTDRBKZV",,0,0,0
"80895DCFDBA94F15881CE5E0678A1CDE","D08","TALL","TALL_002","W","mixedForest",32.922158,-87.429107,"WGS84",1.2,119.2,0.4,"2014-08-13","2014-08-27",7,"BET.TALL_002.2014.07","TALL_002.W.20140827",14,"ok","ok","ok","Y","NEON.DOC.014050","uXSN77Q7x9cACyt+x8PEhxuBjTDRBKZV",,0,0,0
"F0F0E7C918BF49838B91FA88A6CE6387","D08","TALL","TALL_001","N","deciduousForest",32.977847,-87.432717,"WGS84",1.3,99.6,0.4,"2014-08-13","2014-08-27",7,"BET.TALL_001.2014.07","TALL_001.N.20140827",14,"ok","ok","ok","Y","NEON.DOC.014050","ayFQEk40m3GE+0LGYr8eRjbpE3AVNxYl",,0,0,0
"06666A89EE9F44B79CF0063F6F9B3855","D08","TALL","TALL_001","E","deciduousForest",32.977668,-87.432502,"WGS84",1.3,99.6,0.4,"2014-08-13","2014-08-27",7,"BET.TALL_001.2014.07","TALL_001.E.20140827",14,"ok","ok","high","Y","NEON.DOC.014050","ayFQEk40m3GE+0LGYr8eRjbpE3AVNxYl",,0,0,0
"947721B0366E42798435C6711DF43851","D08","TALL","TALL_001","W","deciduousForest",32.977666,-87.432930,"WGS84",1.3,99.6,0.4,"2014-08-13","2014-08-27",7,"BET.TALL_001.2014.07","TALL_001.W.20140827",14,"ok","ok","high","Y","NEON.DOC.014050","ayFQEk40m3GE+0LGYr8eRjbpE3AVNxYl",,0,0,0
"B973E62521074CE5B5B4EB09E1272D55","D08","TALL","TALL_001","N","deciduousForest",32.977847,-87.432717,"WGS84",1.3,99.6,0.4,"2014-08-27","2014-09-10",8,"BET.TALL_001.2014.08","TALL_001.N.20140910",14,"ok","ok","ok","N","NEON.DOC.014050","us1ZuF/YFaJ9IETdiexVrD+fHDIIxGwg",,0,0,0
"F3F3BB6C2AF24EB3B7770DFADCBFA076","D08","TALL","TALL_001","E","deciduousForest",32.977668,-87.432502,"WGS84",1.3,99.6,0.4,"2014-08-27","2014-09-10",8,"BET.TALL_001.2014.08","TALL_001.E.20140910",14,"ok","ok","high","N","NEON.DOC.014050","us1ZuF/YFaJ9IETdiexVrD+fHDIIxGwg",,0,0,0
"C954F77D8DB44871A2072A6B757E337C","D08","TALL","TALL_001","W","deciduousForest",32.977666,-87.432930,"WGS84",1.3,99.6,0.4,"2014-08-27","2014-09-10",8,"BET.TALL_001.2014.08","TALL_001.W.20140910",14,"ok","ok","high","N","NEON.DOC.014050","us1ZuF/YFaJ9IETdiexVrD+fHDIIxGwg",,0,0,0
"49FE1C8C148E428B9412F6B0DB648C7E","D08","TALL","TALL_001","S","deciduousForest",32.977487,-87.432715,"WGS84",1.3,99.6,0.4,"2014-08-27","2014-09-10",8,"BET.TALL_001.2014.08","TALL_001.S.20140910",14,"ok","ok","ok","N","NEON.DOC.014050","us1ZuF/YFaJ9IETdiexVrD+fHDIIxGwg",,0,0,0
"E2FD5984E9FE438A87C2887F8E5E82A3","D08","TALL","TALL_002","E","mixedForest",32.922159,-87.428679,"WGS84",1.2,119.2,0.4,"2014-08-27","2014-09-10",8,"BET.TALL_002.2014.08","TALL_002.E.20140910",14,"ok","ok","ok","N","NEON.DOC.014050","ayFQEk40m3GE+0LGYr8eRjbpE3AVNxYl",,0,0,0
"E9491D6A9A9C4AE7AE4EEBE64E47C577","D08","TALL","TALL_002","N","mixedForest",32.922339,-87.428894,"WGS84",1.2,119.2,0.4,"2014-08-27","2014-09-10",8,"BET.TALL_002.2014.08","TALL_002.N.20140910",14,"ok","ok","ok","N","NEON.DOC.014050","ayFQEk40m3GE+0LGYr8eRjbpE3AVNxYl",,0,0,0
"7EE2111F4E894643B064980DA67A921A","D08","TALL","TALL_002","S","mixedForest",32.921978,-87.428892,"WGS84",1.2,119.2,0.4,"2014-08-27","2014-09-10",8,"BET.TALL_002.2014.08","TALL_002.S.20140910",14,"ok","ok","ok","N","NEON.DOC.014050","ayFQEk40m3GE+0LGYr8eRjbpE3AVNxYl",,0,0,0
"25AABFDFEC4B43F69A66024E373DA938","D08","TALL","TALL_002","W","mixedForest",32.922158,-87.429107,"WGS84",1.2,119.2,0.4,"2014-08-27","2014-09-10",8,"BET.TALL_002.2014.08","TALL_002.W.20140910",14,"ok","ok","ok","N","NEON.DOC.014050","ayFQEk40m3GE+0LGYr8eRjbpE3AVNxYl",,0,0,0
"12748678BB1542FA8A26A5EA6AF81C19","D08","TALL","TALL_003","W","mixedForest",32.893531,-87.415564,"WGS84",1.2,124.2,0.2,"2014-08-27","2014-09-10",8,"BET.TALL_003.2014.08","TALL_003.W.20140910",14,"ok","ok","ok","N","NEON.DOC.014050","ayFQEk40m3GE+0LGYr8eRjbpE3AVNxYl",,0,0,0
"69C8CC37218643F69B2670C90561B7F0","D08","TALL","TALL_003","N","mixedForest",32.893712,-87.415351,"WGS84",1.2,124.2,0.2,"2014-08-27","2014-09-10",8,"BET.TALL_003.2014.08","TALL_003.N.20140910",14,"ok","ok","ok","N","NEON.DOC.014050","ayFQEk40m3GE+0LGYr8eRjbpE3AVNxYl",,0,0,0
"B61BDF8D8CB048299C27D6FEA825E714","D08","TALL","TALL_003","S","mixedForest",32.893351,-87.415349,"WGS84",1.2,124.2,0.2,"2014-08-27","2014-09-10",8,"BET.TALL_003.2014.08","TALL_003.S.20140910",14,"ok","ok","ok","N","NEON.DOC.014050","ayFQEk40m3GE+0LGYr8eRjbpE3AVNxYl",,0,0,0
"016A72CDB070443DBC8E7455B5085018","D08","TALL","TALL_003","E","mixedForest",32.893532,-87.415136,"WGS84",1.2,124.2,0.2,"2014-08-27","2014-09-10",8,"BET.TALL_003.2014.08","TALL_003.E.20140910",14,"ok","ok","ok","N","NEON.DOC.014050","ayFQEk40m3GE+0LGYr8eRjbpE3AVNxYl",,0,0,0
"B3A8888D61B04C25887C5EED88969E98","D08","TALL","TALL_004","N","evergreenForest",32.958064,-87.432614,"WGS84",1.1,133.0,0.1,"2014-08-27","2014-09-10",8,"BET.TALL_004.2014.08","TALL_004.N.20140910",14,"ok","ok","ok","N","NEON.DOC.014050","us1ZuF/YFaJ9IETdiexVrD+fHDIIxGwg",,0,0,0
"ED4DFA8EEFAA4E80B419BF870EFF4E9D","D08","TALL","TALL_004","E","evergreenForest",32.957884,-87.432399,"WGS84",1.1,133.0,0.1,"2014-08-27","2014-09-10",8,"BET.TALL_004.2014.08","TALL_004.E.20140910",14,"ok","ok","ok","N","NEON.DOC.014050","us1ZuF/YFaJ9IETdiexVrD+fHDIIxGwg",,0,0,0
"8A0C0F0B637A46039E93DA3F155A5CC0","D08","TALL","TALL_004","S","evergreenForest",32.957703,-87.432612,"WGS84",1.1,133.0,0.1,"2014-08-27","2014-09-10",8,"BET.TALL_004.2014.08","TALL_004.S.20140910",14,"ok","ok","ok","N","NEON.DOC.014050","us1ZuF/YFaJ9IETdiexVrD+fHDIIxGwg",,0,0,0
"E6F952A4B920497D86D8423EDD6D3064","D08","TALL","TALL_004","W","evergreenForest",32.957883,-87.432827,"WGS84",1.1,133.0,0.1,"2014-08-27","2014-09-10",8,"BET.TALL_004.2014.08","TALL_004.W.20140910",14,"ok","ok","high","N","NEON.DOC.014050","us1ZuF/YFaJ9IETdiexVrD+fHDIIxGwg",,0,0,0
"FD3B6D6EE27246EDA90AC4E02ECF77DA","D08","TALL","TALL_005","W","mixedForest",32.897124,-87.397560,"WGS84",1.3,123.6,0.4,"2014-08-27","2014-09-10",8,"BET.TALL_005.2014.08",,14,"disturbed","disturbed","low","N","NEON.DOC.014050","ayFQEk40m3GE+0LGYr8eRjbpE3AVNxYl",,0,0,0
"90473E6901C6447C8F4F19DA7FD76706","D08","TALL","TALL_005","S","mixedForest",32.896944,-87.397346,"WGS84",1.3,123.6,0.4,"2014-08-27","2014-09-10",8,"BET.TALL_005.2014.08","TALL_005.S.20140910",14,"ok","ok","ok","N","NEON.DOC.014050","ayFQEk40m3GE+0LGYr8eRjbpE3AVNxYl",,0,0,0
"B5D2B64FF487415DB7A7488205CAAEC7","D08","TALL","TALL_005","E","mixedForest",32.897125,-87.397133,"WGS84",1.3,123.6,0.4,"2014-08-27","2014-09-10",8,"BET.TALL_005.2014.08","TALL_005.E.20140910",14,"ok","ok","ok","N","NEON.DOC.014050","ayFQEk40m3GE+0LGYr8eRjbpE3AVNxYl",,0,0,0
"B2A0B5C0D31845A680010921E22E9B23","D08","TALL","TALL_005","N","mixedForest",32.897305,-87.397347,"WGS84",1.3,123.6,0.4,"2014-08-27","2014-09-10",8,"BET.TALL_005.2014.08","TALL_005.N.20140910",14,"ok","ok","ok","N","NEON.DOC.014050","ayFQEk40m3GE+0LGYr8eRjbpE3AVNxYl",,0,0,0
"FF839DA98E524B3298FB6DB52FC22934","D08","TALL","TALL_006","S","evergreenForest",32.898662,-87.446127,"WGS84",1.3,98.7,0.4,"2014-08-27","2014-09-10",8,"BET.TALL_006.2014.08","TALL_006.S.20140910",14,"ok","ok","ok","N","NEON.DOC.014050","us1ZuF/YFaJ9IETdiexVrD+fHDIIxGwg",,0,0,0
"A3AA64A505BB4C96A4BE6F8137E2D729","D08","TALL","TALL_006","W","evergreenForest",32.898842,-87.446342,"WGS84",1.3,98.7,0.4,"2014-08-27","2014-09-10",8,"BET.TALL_006.2014.08","TALL_006.W.20140910",14,"ok","ok","ok","N","NEON.DOC.014050","us1ZuF/YFaJ9IETdiexVrD+fHDIIxGwg",,0,0,0
"796ACB3B735B48B3AFA7743BB864920E","D08","TALL","TALL_006","E","evergreenForest",32.898843,-87.445914,"WGS84",1.3,98.7,0.4,"2014-08-27","2014-09-10",8,"BET.TALL_006.2014.08","TALL_006.E.20140910",14,"ok","ok","ok","N","NEON.DOC.014050","us1ZuF/YFaJ9IETdiexVrD+fHDIIxGwg",,0,0,0
"E32280F3D22C480E94DA94C6A4B8B2C3","D08","TALL","TALL_006","N","evergreenForest",32.899023,-87.446129,"WGS84",1.3,98.7,0.4,"2014-08-27","2014-09-10",8,"BET.TALL_006.2014.08","TALL_006.N.20140910",14,"ok","ok","ok","N","NEON.DOC.014050","us1ZuF/YFaJ9IETdiexVrD+fHDIIxGwg",,0,0,0
"D37A9CE0DB1D4DB19E95A501953582D5","D08","TALL","TALL_007","N","deciduousForest",32.974609,-87.426941,"WGS84",1.3,82.5,0.3,"2014-08-27","2014-09-10",8,"BET.TALL_007.2014.08","TALL_007.N.20140910",14,"ok","ok","ok","N","NEON.DOC.014050","us1ZuF/YFaJ9IETdiexVrD+fHDIIxGwg",,0,0,0
"6B7CC3CA5AAE412FA528E4CCCFFAEF12","D08","TALL","TALL_007","S","deciduousForest",32.974248,-87.426940,"WGS84",1.3,82.5,0.3,"2014-08-27","2014-09-10",8,"BET.TALL_007.2014.08","TALL_007.S.20140910",14,"ok","disturbed","ok","N","NEON.DOC.014050","us1ZuF/YFaJ9IETdiexVrD+fHDIIxGwg",,0,0,0
"952C01C1E80449C9A900A1481C77DF2F","D08","TALL","TALL_007","E","deciduousForest",32.974429,-87.426726,"WGS84",1.3,82.5,0.3,"2014-08-27","2014-09-10",8,"BET.TALL_007.2014.08","TALL_007.E.20140910",14,"ok","ok","ok","N","NEON.DOC.014050","us1ZuF/YFaJ9IETdiexVrD+fHDIIxGwg",,0,0,0
"2C357A2B73D448CA9160983E39EE20AC","D08","TALL","TALL_007","W","deciduousForest",32.974428,-87.427154,"WGS84",1.3,82.5,0.3,"2014-08-27","2014-09-10",8,"BET.TALL_007.2014.08","TALL_007.W.20140910",14,"ok","ok","ok","N","NEON.DOC.014050","us1ZuF/YFaJ9IETdiexVrD+fHDIIxGwg",,0,0,0
"10D82148F85D41A7987B3E676555D047","D08","TALL","TALL_008","E","deciduousForest",32.921618,-87.433174,"WGS84",1.3,114.0,0.3,"2014-08-27","2014-09-10",8,"BET.TALL_008.2014.08","TALL_008.E.20140910",14,"ok","ok","ok","N","NEON.DOC.014050","ayFQEk40m3GE+0LGYr8eRjbpE3AVNxYl",,0,0,0
"50E2A3A31CF8469293EA4540FAF8D54E","D08","TALL","TALL_008","N","deciduousForest",32.921797,-87.433389,"WGS84",1.3,114.0,0.3,"2014-08-27","2014-09-10",8,"BET.TALL_008.2014.08","TALL_008.N.20140910",14,"ok","ok","ok","N","NEON.DOC.014050","ayFQEk40m3GE+0LGYr8eRjbpE3AVNxYl",,0,0,0
"3E9CCE9CA9004E54B568DF72C29E96E5","D08","TALL","TALL_008","W","deciduousForest",32.921616,-87.433602,"WGS84",1.3,114.0,0.3,"2014-08-27","2014-09-10",8,"BET.TALL_008.2014.08","TALL_008.W.20140910",14,"ok","ok","ok","N","NEON.DOC.014050","ayFQEk40m3GE+0LGYr8eRjbpE3AVNxYl",,0,0,0
"EAD2374572F942E3816BCF2C9367775F","D08","TALL","TALL_008","S","deciduousForest",32.921436,-87.433387,"WGS84",1.3,114.0,0.3,"2014-08-27","2014-09-10",8,"BET.TALL_008.2014.08","TALL_008.S.20140910",14,"ok","ok","ok","N","NEON.DOC.014050","ayFQEk40m3GE+0LGYr8eRjbpE3AVNxYl",,0,0,0
"52F05170811F43D5997AB37784F53BF7","D08","TALL","TALL_009","W","evergreenForest",32.899795,-87.406893,"WGS84",1.2,106.0,0.4,"2014-08-27","2014-09-10",8,"BET.TALL_009.2014.08","TALL_009.W.20140910",14,"ok","ok","ok","N","NEON.DOC.014050","ayFQEk40m3GE+0LGYr8eRjbpE3AVNxYl",,0,0,0
"8C8F18EC09704EEAA30FE1BA8EA4D7B6","D08","TALL","TALL_009","E","evergreenForest",32.899797,-87.406465,"WGS84",1.2,106.0,0.4,"2014-08-27","2014-09-10",8,"BET.TALL_009.2014.08","TALL_009.E.20140910",14,"ok","ok","ok","N","NEON.DOC.014050","ayFQEk40m3GE+0LGYr8eRjbpE3AVNxYl",,0,0,0
"832B5D5673EC4FFD8C3EC54E0601910C","D08","TALL","TALL_009","S","evergreenForest",32.899616,-87.406678,"WGS84",1.2,106.0,0.4,"2014-08-27","2014-09-10",8,"BET.TALL_009.2014.08","TALL_009.S.20140910",14,"ok","ok","ok","N","NEON.DOC.014050","ayFQEk40m3GE+0LGYr8eRjbpE3AVNxYl",,0,0,0
"44EAE3111BA643AD997CE6063492AEA3","D08","TALL","TALL_009","N","evergreenForest",32.899977,-87.406680,"WGS84",1.2,106.0,0.4,"2014-08-27","2014-09-10",8,"BET.TALL_009.2014.08","TALL_009.N.20140910",14,"ok","ok","ok","N","NEON.DOC.014050","ayFQEk40m3GE+0LGYr8eRjbpE3AVNxYl",,0,0,0
"893F09B411274FCC9F5AB680EEABC4D4","D08","TALL","TALL_013","W","evergreenForest",32.884748,-87.454610,"WGS84",1.1,118.5,0.2,"2014-08-27","2014-09-10",8,"BET.TALL_013.2014.08","TALL_013.W.20140910",14,"ok","ok","ok","N","NEON.DOC.014050","us1ZuF/YFaJ9IETdiexVrD+fHDIIxGwg",,0,0,0
"203658F200FB4689915A9E0659820D88","D08","TALL","TALL_013","E","evergreenForest",32.884750,-87.454182,"WGS84",1.1,118.5,0.2,"2014-08-27","2014-09-10",8,"BET.TALL_013.2014.08","TALL_013.E.20140910",14,"ok","ok","ok","N","NEON.DOC.014050","us1ZuF/YFaJ9IETdiexVrD+fHDIIxGwg",,0,0,0
"59B63A23F9604299BF1CF4EE46693A0E","D08","TALL","TALL_013","N","evergreenForest",32.884929,-87.454397,"WGS84",1.1,118.5,0.2,"2014-08-27","2014-09-10",8,"BET.TALL_013.2014.08","TALL_013.N.20140910",14,"ok","ok","ok","N","NEON.DOC.014050","us1ZuF/YFaJ9IETdiexVrD+fHDIIxGwg",,0,0,0
"6177C9EF909047FDAFB818B4411E95F4","D08","TALL","TALL_013","S","evergreenForest",32.884568,-87.454395,"WGS84",1.1,118.5,0.2,"2014-08-27","2014-09-10",8,"BET.TALL_013.2014.08","TALL_013.S.20140910",14,"ok","ok","ok","N","NEON.DOC.014050","us1ZuF/YFaJ9IETdiexVrD+fHDIIxGwg",,0,0,0
