"uid","domainID","siteID","plotID","trapID","nlcdClass","decimalLatitude","decimalLongitude","geodeticDatum","coordinateUncertainty","elevation","elevationUncertainty","setDate","collectDate","boutNumber","eventID","sampleID","daysOfTrapping","cupStatus","lidStatus","fluidLevel","trapReset","samplingProtocol","recordedBy","remarks","missingRecordsPerBoutQF","duplicateCollectionEventQF","compareSetCollectDateQF"
"3282D2A4C5AE409E94267043F56538E8","D01","HARV","HARV_001","E","deciduousForest",42.424264,-72.258046,"WGS84",,191.5,,"2014-05-06","2014-05-20",1,"BET.HARV_001.2014.01","HARV_001.E.20140520",14,"ok","ok","ok","Y","NEON.DOC.014050","4v8Iip1UQDTps5xXBZKHaW3WZMLzxe+m","1 red-back salamander in East trap.",0,0,0
"92C2887BEB9C4989A850E8FBE499A819","D01","HARV","HARV_022","E","evergreenForest",42.434171,-72.198534,"WGS84",,188.8,,"2014-05-06","2014-05-20",1,"BET.HARV_022.2014.01","HARV_022.E.20140520",14,"ok","ok","ok","Y","NEON.DOC.014050","4v8Iip1UQDTps5xXBZKHaW3WZMLzxe+m",,0,0,0
"CB13B86E4F7548CE855663D02F735C65","D01","HARV","HARV_022","N","evergreenForest",42.434356,-72.198769,"WGS84",,188.8,,"2014-05-06","2014-05-20",1,"BET.HARV_022.2014.01","HARV_022.N.20140520",14,"ok","ok","ok","Y","NEON.DOC.014050","4v8Iip1UQDTps5xXBZKHaW3WZMLzxe+m",,0,0,0
"AF63BE40B04A46D7851F0C1D6C026BBA","D01","HARV","HARV_022","W","evergreenForest",42.434182,-72.199020,"WGS84",,188.8,,"2014-05-06","2014-05-20",1,"BET.HARV_022.2014.01","HARV_022.W.20140520",14,"ok","ok","ok","Y","NEON.DOC.014050","4v8Iip1UQDTps5xXBZKHaW3WZMLzxe+m",,0,0,0
"EDEA87EC423F4356897FC67D9EBCB30C","D01","HARV","HARV_022","S","evergreenForest",42.433997,-72.198785,"WGS84",,188.8,,"2014-05-06","2014-05-20",1,"BET.HARV_022.2014.01","HARV_022.S.20140520",14,"ok","ok","ok","Y","NEON.DOC.014050","4v8Iip1UQDTps5xXBZKHaW3WZMLzxe+m",,0,0,0
"9B4F8A49AAD249EAA000EDF8BDA6AD53","D01","HARV","HARV_021","N","evergreenForest",42.452629,-72.250485,"WGS84",,213.7,,"2014-05-06","2014-05-20",1,"BET.HARV_021.2014.01","HARV_021.N.20140520",14,"ok","ok","ok","Y","NEON.DOC.014050","4v8Iip1UQDTps5xXBZKHaW3WZMLzxe+m",,0,0,0
"05E768167BCD491ABF6EF96572DB60E8","D01","HARV","HARV_021","E","evergreenForest",42.452443,-72.250250,"WGS84",,213.7,,"2014-05-06","2014-05-20",1,"BET.HARV_021.2014.01","HARV_021.E.20140520",14,"ok","ok","ok","Y","NEON.DOC.014050","4v8Iip1UQDTps5xXBZKHaW3WZMLzxe+m",,0,0,0
"D94C60E29B2A415BA8A665CC8DF68B4D","D01","HARV","HARV_021","W","evergreenForest",42.452455,-72.250736,"WGS84",,213.7,,"2014-05-06","2014-05-20",1,"BET.HARV_021.2014.01","HARV_021.W.20140520",14,"ok","ok","ok","Y","NEON.DOC.014050","4v8Iip1UQDTps5xXBZKHaW3WZMLzxe+m",,0,0,0
"035F2EBF4766420D82C54279659AD44E","D01","HARV","HARV_021","S","evergreenForest",42.452269,-72.250501,"WGS84",,213.7,,"2014-05-06","2014-05-20",1,"BET.HARV_021.2014.01","HARV_021.S.20140520",14,"ok","ok","ok","Y","NEON.DOC.014050","4v8Iip1UQDTps5xXBZKHaW3WZMLzxe+m",,0,0,0
"1FE7F9E477BF4FA89595D31D62530FC7","D01","HARV","HARV_014","N","mixedForest",42.471634,-72.265709,"WGS84",,193.5,,"2014-05-06","2014-05-20",1,"BET.HARV_014.2014.01","HARV_014.N.20140520",14,"ok","ok","ok","Y","NEON.DOC.014050","4v8Iip1UQDTps5xXBZKHaW3WZMLzxe+m",,0,0,0
"E3A4AAF589C646999431879238C069C2","D01","HARV","HARV_014","W","mixedForest",42.471460,-72.265960,"WGS84",,193.5,,"2014-05-06","2014-05-20",1,"BET.HARV_014.2014.01","HARV_014.W.20140520",14,"ok","ok","ok","Y","NEON.DOC.014050","4v8Iip1UQDTps5xXBZKHaW3WZMLzxe+m",,0,0,0
"27E958DB09794DB593FA355A911BFF85","D01","HARV","HARV_014","E","mixedForest",42.471448,-72.265474,"WGS84",,193.5,,"2014-05-06","2014-05-20",1,"BET.HARV_014.2014.01","HARV_014.E.20140520",14,"ok","ok","ok","Y","NEON.DOC.014050","4v8Iip1UQDTps5xXBZKHaW3WZMLzxe+m",,0,0,0
"3BBA1C221BBD45ED8420D9AD32B32470","D01","HARV","HARV_014","S","mixedForest",42.471274,-72.265725,"WGS84",,193.5,,"2014-05-06","2014-05-20",1,"BET.HARV_014.2014.01","HARV_014.S.20140520",14,"ok","ok","ok","Y","NEON.DOC.014050","4v8Iip1UQDTps5xXBZKHaW3WZMLzxe+m","1 salamander in South trap.",0,0,0
"76DAFC487ECA40F1A4986B26AF2AFFAA","D01","HARV","HARV_013","E","evergreenForest",42.392297,-72.254337,"WGS84",,180.3,,"2014-05-06","2014-05-20",1,"BET.HARV_013.2014.01","HARV_013.E.20140520",14,"ok","ok","ok","Y","NEON.DOC.014050","4v8Iip1UQDTps5xXBZKHaW3WZMLzxe+m","1 red-back salamander in East trap.",0,0,0
"C95E712296824C1EA49E987652994998","D01","HARV","HARV_013","N","evergreenForest",42.392483,-72.254572,"WGS84",,180.3,,"2014-05-06","2014-05-20",1,"BET.HARV_013.2014.01","HARV_013.N.20140520",14,"ok","ok","ok","Y","NEON.DOC.014050","4v8Iip1UQDTps5xXBZKHaW3WZMLzxe+m","Top cup of North trap broken but useable.  Replace next visit.",0,0,0
"A43BFC596BDF4C17863E0E8B33309B31","D01","HARV","HARV_013","S","evergreenForest",42.392123,-72.254587,"WGS84",,180.3,,"2014-05-06","2014-05-20",1,"BET.HARV_013.2014.01","HARV_013.S.20140520",14,"ok","ok","ok","Y","NEON.DOC.014050","4v8Iip1UQDTps5xXBZKHaW3WZMLzxe+m",,0,0,0
"E4E390D7619D4626BAA2AF24744BC3DD","D01","HARV","HARV_013","W","evergreenForest",42.392309,-72.254822,"WGS84",,180.3,,"2014-05-06","2014-05-20",1,"BET.HARV_013.2014.01","HARV_013.W.20140520",14,"ok","ok","ok","Y","NEON.DOC.014050","4v8Iip1UQDTps5xXBZKHaW3WZMLzxe+m",,0,0,0
"5C36642FBFE94A6A967E75840A2D6563","D01","HARV","HARV_010","W","mixedForest",42.424728,-72.254866,"WGS84",,187.8,,"2014-05-06","2014-05-20",1,"BET.HARV_010.2014.01","HARV_010.W.20140520",14,"ok","ok","ok","Y","NEON.DOC.014050","4v8Iip1UQDTps5xXBZKHaW3WZMLzxe+m","1 red-back salamander in West trap.",0,0,0
"B2590848B9FB4A9FA6E717A65A735047","D01","HARV","HARV_010","E","mixedForest",42.424717,-72.254380,"WGS84",,187.8,,"2014-05-06","2014-05-20",1,"BET.HARV_010.2014.01","HARV_010.E.20140520",14,"ok","disturbed","ok","Y","NEON.DOC.014050","4v8Iip1UQDTps5xXBZKHaW3WZMLzxe+m","1 red-back salamander in East trap.",0,0,0
"A7C1B7EDB9DD4C8988869D36776F1E8E","D01","HARV","HARV_010","S","mixedForest",42.424543,-72.254631,"WGS84",,187.8,,"2014-05-06","2014-05-20",1,"BET.HARV_010.2014.01","HARV_010.S.20140520",14,"ok","ok","ok","Y","NEON.DOC.014050","4v8Iip1UQDTps5xXBZKHaW3WZMLzxe+m",,0,0,0
"51B099EB9A41462F9748BD56E9F2C427","D01","HARV","HARV_010","N","mixedForest",42.424902,-72.254615,"WGS84",,187.8,,"2014-05-06","2014-05-20",1,"BET.HARV_010.2014.01","HARV_010.N.20140520",14,"ok","ok","ok","Y","NEON.DOC.014050","4v8Iip1UQDTps5xXBZKHaW3WZMLzxe+m","2 red-back salamanders in North trap.",0,0,0
"47C31586EA3247E5A2C406B7172D4E6B","D01","HARV","HARV_006","E","deciduousForest",42.403084,-72.253502,"WGS84",,177.9,,"2014-05-06","2014-05-20",1,"BET.HARV_006.2014.01","HARV_006.E.20140520",14,"ok","ok","ok","Y","NEON.DOC.014050","4v8Iip1UQDTps5xXBZKHaW3WZMLzxe+m",,0,0,0
"0758412F74C94313901B697BC7E361E1","D01","HARV","HARV_006","N","deciduousForest",42.403269,-72.253737,"WGS84",,177.9,,"2014-05-06","2014-05-20",1,"BET.HARV_006.2014.01","HARV_006.N.20140520",14,"ok","ok","ok","Y","NEON.DOC.014050","4v8Iip1UQDTps5xXBZKHaW3WZMLzxe+m",,0,0,0
"410406EB481F44749B3604F3370842E4","D01","HARV","HARV_006","W","deciduousForest",42.403095,-72.253987,"WGS84",,177.9,,"2014-05-06","2014-05-20",1,"BET.HARV_006.2014.01","HARV_006.W.20140520",14,"ok","ok","ok","Y","NEON.DOC.014050","4v8Iip1UQDTps5xXBZKHaW3WZMLzxe+m",,0,0,0
"CF466DE15BBA48A79EAFC97F6717AA26","D01","HARV","HARV_006","S","deciduousForest",42.402909,-72.253752,"WGS84",,177.9,,"2014-05-06","2014-05-20",1,"BET.HARV_006.2014.01","HARV_006.S.20140520",14,"ok","ok","ok","Y","NEON.DOC.014050","4v8Iip1UQDTps5xXBZKHaW3WZMLzxe+m","1 red-back salamander in South trap.",0,0,0
"FC5ED8786E404DF9BD5AC6C8C32DBAAE","D01","HARV","HARV_005","S","deciduousForest",42.489329,-72.275158,"WGS84",,177.2,,"2014-05-06","2014-05-20",1,"BET.HARV_005.2014.01","HARV_005.S.20140520",14,"ok","ok","ok","Y","NEON.DOC.014050","4v8Iip1UQDTps5xXBZKHaW3WZMLzxe+m",,0,0,0
"0BF248FE65F840979F3DA931A7BDA774","D01","HARV","HARV_005","E","deciduousForest",42.489503,-72.274907,"WGS84",,177.2,,"2014-05-06","2014-05-20",1,"BET.HARV_005.2014.01","HARV_005.E.20140520",14,"ok","ok","ok","Y","NEON.DOC.014050","4v8Iip1UQDTps5xXBZKHaW3WZMLzxe+m",,0,0,0
"B156343256014C549D083AC8C7419A8B","D01","HARV","HARV_005","N","deciduousForest",42.489689,-72.275143,"WGS84",,177.2,,"2014-05-06","2014-05-20",1,"BET.HARV_005.2014.01","HARV_005.N.20140520",14,"ok","ok","ok","Y","NEON.DOC.014050","4v8Iip1UQDTps5xXBZKHaW3WZMLzxe+m","1 salamander in North trap.",0,0,0
"3D290E4F20084052A4D7B2B206F0774D","D01","HARV","HARV_005","W","deciduousForest",42.489514,-72.275393,"WGS84",,177.2,,"2014-05-06","2014-05-20",1,"BET.HARV_005.2014.01","HARV_005.W.20140520",14,"ok","ok","ok","Y","NEON.DOC.014050","4v8Iip1UQDTps5xXBZKHaW3WZMLzxe+m","1 salamander in West trap",0,0,0
"4E2B84D41C564B30B774BCC977480388","D01","HARV","HARV_002","S","deciduousForest",42.478421,-72.259574,"WGS84",,192.8,,"2014-05-06","2014-05-20",1,"BET.HARV_002.2014.01","HARV_002.S.20140520",14,"ok","ok","ok","Y","NEON.DOC.014050","4v8Iip1UQDTps5xXBZKHaW3WZMLzxe+m","1 red eft in South trap.",0,0,0
"88B9F184CB3C4B3DB3FF76E811D10B94","D01","HARV","HARV_002","E","deciduousForest",42.478595,-72.259323,"WGS84",,192.8,,"2014-05-06","2014-05-20",1,"BET.HARV_002.2014.01","HARV_002.E.20140520",14,"ok","ok","ok","Y","NEON.DOC.014050","4v8Iip1UQDTps5xXBZKHaW3WZMLzxe+m","2 red-back salamanders in East trap.",0,0,0
"C470067924804117BEE1CB8FF569616C","D01","HARV","HARV_002","W","deciduousForest",42.478607,-72.259809,"WGS84",,192.8,,"2014-05-06","2014-05-20",1,"BET.HARV_002.2014.01","HARV_002.W.20140520",14,"ok","ok","ok","Y","NEON.DOC.014050","4v8Iip1UQDTps5xXBZKHaW3WZMLzxe+m",,0,0,0
"155C5F32C87D443A97806833D133D574","D01","HARV","HARV_002","N","deciduousForest",42.478781,-72.259558,"WGS84",,192.8,,"2014-05-06","2014-05-20",1,"BET.HARV_002.2014.01","HARV_002.N.20140520",14,"ok","ok","ok","Y","NEON.DOC.014050","4v8Iip1UQDTps5xXBZKHaW3WZMLzxe+m","2 red-back salamanders in North trap.",0,0,0
"59574B9BFD3C4DE6A019152C64E548C6","D01","HARV","HARV_004","E","mixedForest",42.427089,-72.229480,"WGS84",,230.1,,"2014-05-06","2014-05-20",1,"BET.HARV_004.2014.01","HARV_004.E.20140520",14,"ok","ok","ok","Y","NEON.DOC.014050","4v8Iip1UQDTps5xXBZKHaW3WZMLzxe+m","1 red-back salamander in East trap.",0,0,0
"91BC8B28BAF3490C8161369542AFBFB1","D01","HARV","HARV_004","N","mixedForest",42.427275,-72.229715,"WGS84",,230.1,,"2014-05-06","2014-05-20",1,"BET.HARV_004.2014.01","HARV_004.N.20140520",14,"ok","ok","ok","Y","NEON.DOC.014050","4v8Iip1UQDTps5xXBZKHaW3WZMLzxe+m","1 red-back salamander in North trap.",0,0,0
"75BB3C47EF3C4A18BCD7F49F155C605B","D01","HARV","HARV_004","S","mixedForest",42.426915,-72.229731,"WGS84",,230.1,,"2014-05-06","2014-05-20",1,"BET.HARV_004.2014.01","HARV_004.S.20140520",14,"ok","ok","ok","Y","NEON.DOC.014050","4v8Iip1UQDTps5xXBZKHaW3WZMLzxe+m",,0,0,0
"569C15D7215842A4A47A28F1E0272178","D01","HARV","HARV_004","W","mixedForest",42.427101,-72.229966,"WGS84",,230.1,,"2014-05-06","2014-05-20",1,"BET.HARV_004.2014.01","HARV_004.W.20140520",14,"ok","ok","ok","Y","NEON.DOC.014050","4v8Iip1UQDTps5xXBZKHaW3WZMLzxe+m","1 red-back salamander in West trap.",0,0,0
"E0858D19B67B4E45A80DFDF1991C43E1","D01","HARV","HARV_001","W","deciduousForest",42.424276,-72.258532,"WGS84",,191.5,,"2014-05-06","2014-05-20",1,"BET.HARV_001.2014.01","HARV_001.W.20140520",14,"ok","ok","ok","Y","NEON.DOC.014050","4v8Iip1UQDTps5xXBZKHaW3WZMLzxe+m",,0,0,0
"2CEA36D40D1B4484B6555C95AF10A3FD","D01","HARV","HARV_001","N","deciduousForest",42.424450,-72.258281,"WGS84",,191.5,,"2014-05-06","2014-05-20",1,"BET.HARV_001.2014.01","HARV_001.N.20140520",14,"ok","ok","ok","Y","NEON.DOC.014050","4v8Iip1UQDTps5xXBZKHaW3WZMLzxe+m",,0,0,0
"086F1E398D164CDCB5B774FA6E60F8CB","D01","HARV","HARV_001","S","deciduousForest",42.424090,-72.258297,"WGS84",,191.5,,"2014-05-06","2014-05-20",1,"BET.HARV_001.2014.01","HARV_001.S.20140520",14,"ok","ok","ok","Y","NEON.DOC.014050","4v8Iip1UQDTps5xXBZKHaW3WZMLzxe+m",,0,0,0
"CDA5FD09D5974A278CC04936D6242AD9","D01","HARV","HARV_001","S","deciduousForest",42.424090,-72.258297,"WGS84",,191.5,,"2014-05-20","2014-06-03",2,"BET.HARV_001.2014.02","HARV_001.S.20140603",14,"ok","ok","ok","Y","NEON.DOC.014050","bx2IzDOX0PRWxL2qYNwW0cIx2hiD7oH8",,0,0,0
"6DF3BDCE8A75446280E67AE1418EF2F1","D01","HARV","HARV_022","N","evergreenForest",42.434356,-72.198769,"WGS84",,188.8,,"2014-05-20","2014-06-03",2,"BET.HARV_022.2014.02","HARV_022.N.20140603",14,"ok","ok","ok","Y","NEON.DOC.014050","bx2IzDOX0PRWxL2qYNwW0cIx2hiD7oH8",,0,0,0
"E6486764F51347DB9B4A3340754A00FA","D01","HARV","HARV_022","S","evergreenForest",42.433997,-72.198785,"WGS84",,188.8,,"2014-05-20","2014-06-03",2,"BET.HARV_022.2014.02","HARV_022.S.20140603",14,"ok","ok","ok","Y","NEON.DOC.014050","bx2IzDOX0PRWxL2qYNwW0cIx2hiD7oH8",,0,0,0
"8104FE7530314A76977C37E5247451A1","D01","HARV","HARV_022","E","evergreenForest",42.434171,-72.198534,"WGS84",,188.8,,"2014-05-20","2014-06-03",2,"BET.HARV_022.2014.02","HARV_022.E.20140603",14,"ok","ok","ok","Y","NEON.DOC.014050","bx2IzDOX0PRWxL2qYNwW0cIx2hiD7oH8",,0,0,0
"C3FEB26DB450408EBF70CA7223AFA1CE","D01","HARV","HARV_022","W","evergreenForest",42.434182,-72.199020,"WGS84",,188.8,,"2014-05-20","2014-06-03",2,"BET.HARV_022.2014.02","HARV_022.W.20140603",14,"ok","ok","ok","Y","NEON.DOC.014050","bx2IzDOX0PRWxL2qYNwW0cIx2hiD7oH8",,0,0,0
"BF3703E57DC6487FA80AC50D4064EBCB","D01","HARV","HARV_021","E","evergreenForest",42.452443,-72.250250,"WGS84",,213.7,,"2014-05-20","2014-06-03",2,"BET.HARV_021.2014.02","HARV_021.E.20140603",14,"ok","ok","low","Y","NEON.DOC.014050","bx2IzDOX0PRWxL2qYNwW0cIx2hiD7oH8",,0,0,0
"5DEE3503A5D549F88268BBBFF50B7144","D01","HARV","HARV_021","N","evergreenForest",42.452629,-72.250485,"WGS84",,213.7,,"2014-05-20","2014-06-03",2,"BET.HARV_021.2014.02","HARV_021.N.20140603",14,"ok","missing","ok","Y","NEON.DOC.014050","bx2IzDOX0PRWxL2qYNwW0cIx2hiD7oH8",,0,0,0
"B85B3137310A477EAB1E6C30A931CDDB","D01","HARV","HARV_021","W","evergreenForest",42.452455,-72.250736,"WGS84",,213.7,,"2014-05-20","2014-06-03",2,"BET.HARV_021.2014.02","HARV_021.W.20140603",14,"ok","ok","ok","Y","NEON.DOC.014050","bx2IzDOX0PRWxL2qYNwW0cIx2hiD7oH8",,0,0,0
"F2188B8A185B4A01959BC5E9FBF80C04","D01","HARV","HARV_021","S","evergreenForest",42.452269,-72.250501,"WGS84",,213.7,,"2014-05-20","2014-06-03",2,"BET.HARV_021.2014.02","HARV_021.S.20140603",14,"ok","ok","ok","Y","NEON.DOC.014050","bx2IzDOX0PRWxL2qYNwW0cIx2hiD7oH8",,0,0,0
"1A4B63142D4045528B125CEF415E65B2","D01","HARV","HARV_014","N","mixedForest",42.471634,-72.265709,"WGS84",,193.5,,"2014-05-20","2014-06-03",2,"BET.HARV_014.2014.02","HARV_014.N.20140603",14,"ok","ok","ok","Y","NEON.DOC.014050","bx2IzDOX0PRWxL2qYNwW0cIx2hiD7oH8",,0,0,0
"24A1EB2DBD594CC3A36B20671529CB18","D01","HARV","HARV_014","E","mixedForest",42.471448,-72.265474,"WGS84",,193.5,,"2014-05-20","2014-06-03",2,"BET.HARV_014.2014.02","HARV_014.E.20140603",14,"ok","ok","ok","Y","NEON.DOC.014050","bx2IzDOX0PRWxL2qYNwW0cIx2hiD7oH8",,0,0,0
"F1C9BA48D0D047B09D5D8596538C7798","D01","HARV","HARV_014","W","mixedForest",42.471460,-72.265960,"WGS84",,193.5,,"2014-05-20","2014-06-03",2,"BET.HARV_014.2014.02","HARV_014.W.20140603",14,"ok","ok","ok","Y","NEON.DOC.014050","bx2IzDOX0PRWxL2qYNwW0cIx2hiD7oH8",,0,0,0
"48437B5EBE9B4F51B7B94BB9CE725426","D01","HARV","HARV_014","S","mixedForest",42.471274,-72.265725,"WGS84",,193.5,,"2014-05-20","2014-06-03",2,"BET.HARV_014.2014.02","HARV_014.S.20140603",14,"ok","ok","ok","Y","NEON.DOC.014050","bx2IzDOX0PRWxL2qYNwW0cIx2hiD7oH8",,0,0,0
"254BE0BC0C75453A92685903540FD927","D01","HARV","HARV_013","N","evergreenForest",42.392483,-72.254572,"WGS84",,180.3,,"2014-05-20","2014-06-03",2,"BET.HARV_013.2014.02","HARV_013.N.20140603",14,"ok","ok","ok","Y","NEON.DOC.014050","bx2IzDOX0PRWxL2qYNwW0cIx2hiD7oH8",,0,0,0
"6B049CA943174369B308DD10CB0DA7ED","D01","HARV","HARV_013","S","evergreenForest",42.392123,-72.254587,"WGS84",,180.3,,"2014-05-20","2014-06-03",2,"BET.HARV_013.2014.02","HARV_013.S.20140603",14,"ok","ok","ok","Y","NEON.DOC.014050","bx2IzDOX0PRWxL2qYNwW0cIx2hiD7oH8",,0,0,0
"BEE44271408E4566BF35DFC020604F44","D01","HARV","HARV_013","E","evergreenForest",42.392297,-72.254337,"WGS84",,180.3,,"2014-05-20","2014-06-03",2,"BET.HARV_013.2014.02","HARV_013.E.20140603",14,"ok","ok","ok","Y","NEON.DOC.014050","bx2IzDOX0PRWxL2qYNwW0cIx2hiD7oH8",,0,0,0
"06BC211F98A64D1ABE3FAAA87B5D811F","D01","HARV","HARV_013","W","evergreenForest",42.392309,-72.254822,"WGS84",,180.3,,"2014-05-20","2014-06-03",2,"BET.HARV_013.2014.02","HARV_013.W.20140603",14,"ok","ok","ok","Y","NEON.DOC.014050","bx2IzDOX0PRWxL2qYNwW0cIx2hiD7oH8",,0,0,0
"72EA14CA57FB4F46A21EE00FCF78D3E5","D01","HARV","HARV_010","S","mixedForest",42.424543,-72.254631,"WGS84",,187.8,,"2014-05-20","2014-06-03",2,"BET.HARV_010.2014.02","HARV_010.S.20140603",14,"ok","ok","ok","Y","NEON.DOC.014050","bx2IzDOX0PRWxL2qYNwW0cIx2hiD7oH8",,0,0,0
"C20E893DD39145A89F343E200549A326","D01","HARV","HARV_010","N","mixedForest",42.424902,-72.254615,"WGS84",,187.8,,"2014-05-20","2014-06-03",2,"BET.HARV_010.2014.02","HARV_010.N.20140603",14,"ok","ok","ok","Y","NEON.DOC.014050","bx2IzDOX0PRWxL2qYNwW0cIx2hiD7oH8",,0,0,0
"A1A3ECE5862A43E783295AF374490497","D01","HARV","HARV_010","E","mixedForest",42.424717,-72.254380,"WGS84",,187.8,,"2014-05-20","2014-06-03",2,"BET.HARV_010.2014.02","HARV_010.E.20140603",14,"ok","ok","ok","Y","NEON.DOC.014050","bx2IzDOX0PRWxL2qYNwW0cIx2hiD7oH8",,0,0,0
"D79A24FB4E05481B9E7A781C71888255","D01","HARV","HARV_010","W","mixedForest",42.424728,-72.254866,"WGS84",,187.8,,"2014-05-20","2014-06-03",2,"BET.HARV_010.2014.02","HARV_010.W.20140603",14,"ok","ok","ok","Y","NEON.DOC.014050","bx2IzDOX0PRWxL2qYNwW0cIx2hiD7oH8",,0,0,0
"5629C6B6565349A1BB72FDB66C46C68F","D01","HARV","HARV_006","S","deciduousForest",42.402909,-72.253752,"WGS84",,177.9,,"2014-05-20","2014-06-03",2,"BET.HARV_006.2014.02","HARV_006.S.20140603",14,"ok","ok","ok","Y","NEON.DOC.014050","bx2IzDOX0PRWxL2qYNwW0cIx2hiD7oH8",,0,0,0
"EFC5144723A546FE87294ABD4DBC2A0E","D01","HARV","HARV_006","E","deciduousForest",42.403084,-72.253502,"WGS84",,177.9,,"2014-05-20","2014-06-03",2,"BET.HARV_006.2014.02","HARV_006.E.20140603",14,"ok","ok","high","Y","NEON.DOC.014050","bx2IzDOX0PRWxL2qYNwW0cIx2hiD7oH8",,0,0,0
"E15254F5F3CB4F06B01EF0FE78DE01EF","D01","HARV","HARV_006","N","deciduousForest",42.403269,-72.253737,"WGS84",,177.9,,"2014-05-20","2014-06-03",2,"BET.HARV_006.2014.02","HARV_006.N.20140603",14,"ok","ok","ok","Y","NEON.DOC.014050","bx2IzDOX0PRWxL2qYNwW0cIx2hiD7oH8",,0,0,0
"F66A5780E84048658D69658FBC262366","D01","HARV","HARV_006","W","deciduousForest",42.403095,-72.253987,"WGS84",,177.9,,"2014-05-20","2014-06-03",2,"BET.HARV_006.2014.02","HARV_006.W.20140603",14,"ok","ok","ok","Y","NEON.DOC.014050","bx2IzDOX0PRWxL2qYNwW0cIx2hiD7oH8",,0,0,0
"06E03FC6011642A7AC0CBF71988BC8D9","D01","HARV","HARV_005","W","deciduousForest",42.489514,-72.275393,"WGS84",,177.2,,"2014-05-20","2014-06-03",2,"BET.HARV_005.2014.02","HARV_005.W.20140603",14,"ok","ok","ok","Y","NEON.DOC.014050","bx2IzDOX0PRWxL2qYNwW0cIx2hiD7oH8",,0,0,0
"A65FC01C102147AC9C51AA3F2DCC11EE","D01","HARV","HARV_005","S","deciduousForest",42.489329,-72.275158,"WGS84",,177.2,,"2014-05-20","2014-06-03",2,"BET.HARV_005.2014.02","HARV_005.S.20140603",14,"ok","ok","ok","Y","NEON.DOC.014050","bx2IzDOX0PRWxL2qYNwW0cIx2hiD7oH8",,0,0,0
"E54E1DAEDDD843DCA9E1E585A2976A4A","D01","HARV","HARV_005","N","deciduousForest",42.489689,-72.275143,"WGS84",,177.2,,"2014-05-20","2014-06-03",2,"BET.HARV_005.2014.02",,14,"disturbed","disturbed","low","Y","NEON.DOC.014050","bx2IzDOX0PRWxL2qYNwW0cIx2hiD7oH8","Cup tipped out.",0,0,0
"A69C3DB6FD7A4E28A3219A4B04DE5679","D01","HARV","HARV_005","E","deciduousForest",42.489503,-72.274907,"WGS84",,177.2,,"2014-05-20","2014-06-03",2,"BET.HARV_005.2014.02","HARV_005.E.20140603",14,"ok","ok","ok","Y","NEON.DOC.014050","bx2IzDOX0PRWxL2qYNwW0cIx2hiD7oH8",,0,0,0
"B98A3073C1F44BA28BDB335CCFDBF3CD","D01","HARV","HARV_002","N","deciduousForest",42.478781,-72.259558,"WGS84",,192.8,,"2014-05-20","2014-06-03",2,"BET.HARV_002.2014.02","HARV_002.N.20140603",14,"ok","ok","ok","Y","NEON.DOC.014050","bx2IzDOX0PRWxL2qYNwW0cIx2hiD7oH8",,0,0,0
"8211EDF5CC6D4D44B5ABCC4907C31AD4","D01","HARV","HARV_002","E","deciduousForest",42.478595,-72.259323,"WGS84",,192.8,,"2014-05-20","2014-06-03",2,"BET.HARV_002.2014.02","HARV_002.E.20140603",14,"ok","ok","ok","Y","NEON.DOC.014050","bx2IzDOX0PRWxL2qYNwW0cIx2hiD7oH8",,0,0,0
"73D43479C4E742179EFAAAF8B79186CA","D01","HARV","HARV_002","S","deciduousForest",42.478421,-72.259574,"WGS84",,192.8,,"2014-05-20","2014-06-03",2,"BET.HARV_002.2014.02","HARV_002.S.20140603",14,"ok","ok","ok","Y","NEON.DOC.014050","bx2IzDOX0PRWxL2qYNwW0cIx2hiD7oH8",,0,0,0
"490AA099D7DE40739DE8C36231653C48","D01","HARV","HARV_002","W","deciduousForest",42.478607,-72.259809,"WGS84",,192.8,,"2014-05-20","2014-06-03",2,"BET.HARV_002.2014.02","HARV_002.W.20140603",14,"ok","ok","ok","Y","NEON.DOC.014050","bx2IzDOX0PRWxL2qYNwW0cIx2hiD7oH8",,0,0,0
"F1AC38690ED746D2B860125D610B8B32","D01","HARV","HARV_004","E","mixedForest",42.427089,-72.229480,"WGS84",,230.1,,"2014-05-20","2014-06-03",2,"BET.HARV_004.2014.02","HARV_004.E.20140603",14,"ok","ok","ok","Y","NEON.DOC.014050","bx2IzDOX0PRWxL2qYNwW0cIx2hiD7oH8",,0,0,0
"7BB7D864672D42CD9F6B5616960B3DF7","D01","HARV","HARV_004","W","mixedForest",42.427101,-72.229966,"WGS84",,230.1,,"2014-05-20","2014-06-03",2,"BET.HARV_004.2014.02","HARV_004.W.20140603",14,"ok","ok","ok","Y","NEON.DOC.014050","bx2IzDOX0PRWxL2qYNwW0cIx2hiD7oH8",,0,0,0
"9894BB70F45A43D1BE3F74642ED777A3","D01","HARV","HARV_004","S","mixedForest",42.426915,-72.229731,"WGS84",,230.1,,"2014-05-20","2014-06-03",2,"BET.HARV_004.2014.02","HARV_004.S.20140603",14,"ok","ok","ok","Y","NEON.DOC.014050","bx2IzDOX0PRWxL2qYNwW0cIx2hiD7oH8",,0,0,0
"C53929B1C1FD480CBE0D55C8F9756E04","D01","HARV","HARV_004","N","mixedForest",42.427275,-72.229715,"WGS84",,230.1,,"2014-05-20","2014-06-03",2,"BET.HARV_004.2014.02","HARV_004.N.20140603",14,"ok","ok","ok","Y","NEON.DOC.014050","bx2IzDOX0PRWxL2qYNwW0cIx2hiD7oH8",,0,0,0
"ED373509525D4AF1A8061C6BF91416C3","D01","HARV","HARV_001","N","deciduousForest",42.424450,-72.258281,"WGS84",,191.5,,"2014-05-20","2014-06-03",2,"BET.HARV_001.2014.02","HARV_001.N.20140603",14,"ok","ok","ok","Y","NEON.DOC.014050","bx2IzDOX0PRWxL2qYNwW0cIx2hiD7oH8",,0,0,0
"B985924FF80C495B97F4DB10AAD58D88","D01","HARV","HARV_001","E","deciduousForest",42.424264,-72.258046,"WGS84",,191.5,,"2014-05-20","2014-06-03",2,"BET.HARV_001.2014.02","HARV_001.E.20140603",14,"ok","ok","ok","Y","NEON.DOC.014050","bx2IzDOX0PRWxL2qYNwW0cIx2hiD7oH8",,0,0,0
"92E384E1445D4C5B803D4D66278901D3","D01","HARV","HARV_001","W","deciduousForest",42.424276,-72.258532,"WGS84",,191.5,,"2014-05-20","2014-06-03",2,"BET.HARV_001.2014.02","HARV_001.W.20140603",14,"ok","ok","ok","Y","NEON.DOC.014050","bx2IzDOX0PRWxL2qYNwW0cIx2hiD7oH8",,0,0,0
"D9B7D2CF8E3545DD8272398B9DE586B7","D01","HARV","HARV_001","W","deciduousForest",42.424276,-72.258532,"WGS84",,191.5,,"2014-06-03","2014-06-17",3,"BET.HARV_001.2014.03","HARV_001.W.20140617",14,"ok","ok","ok","Y","NEON.DOC.014050","IPTKIJlOlynEsXdNtjpcReVD3gBTCRSH",,0,0,0
"BF0A9C0A947C4AE18CA4F6ECDE7BEF3E","D01","HARV","HARV_022","W","evergreenForest",42.434182,-72.199020,"WGS84",,188.8,,"2014-06-03","2014-06-17",3,"BET.HARV_022.2014.03","HARV_022.W.20140617",14,"ok","ok","ok","Y","NEON.DOC.014050","IPTKIJlOlynEsXdNtjpcReVD3gBTCRSH",,0,0,0
"D4E6E0C8249C41AD8417319907248F7B","D01","HARV","HARV_022","S","evergreenForest",42.433997,-72.198785,"WGS84",,188.8,,"2014-06-03","2014-06-17",3,"BET.HARV_022.2014.03","HARV_022.S.20140617",14,"ok","ok","ok","Y","NEON.DOC.014050","IPTKIJlOlynEsXdNtjpcReVD3gBTCRSH",,0,0,0
"58FD5ECC58D14E229F6BA8F6B0B25129","D01","HARV","HARV_022","N","evergreenForest",42.434356,-72.198769,"WGS84",,188.8,,"2014-06-03","2014-06-17",3,"BET.HARV_022.2014.03","HARV_022.N.20140617",14,"ok","ok","ok","Y","NEON.DOC.014050","IPTKIJlOlynEsXdNtjpcReVD3gBTCRSH",,0,0,0
"E83FB28165DD4983A4BB9E1BC36D8FC1","D01","HARV","HARV_022","E","evergreenForest",42.434171,-72.198534,"WGS84",,188.8,,"2014-06-03","2014-06-17",3,"BET.HARV_022.2014.03","HARV_022.E.20140617",14,"ok","ok","ok","Y","NEON.DOC.014050","IPTKIJlOlynEsXdNtjpcReVD3gBTCRSH",,0,0,0
"DA6928C8F6814237858BE72EC16857A4","D01","HARV","HARV_021","W","evergreenForest",42.452455,-72.250736,"WGS84",,213.7,,"2014-06-03","2014-06-17",3,"BET.HARV_021.2014.03","HARV_021.W.20140617",14,"ok","ok","ok","Y","NEON.DOC.014050","IPTKIJlOlynEsXdNtjpcReVD3gBTCRSH",,0,0,0
"3FA7D792E3BF481B9CF1110F9D0387FA","D01","HARV","HARV_021","S","evergreenForest",42.452269,-72.250501,"WGS84",,213.7,,"2014-06-03","2014-06-17",3,"BET.HARV_021.2014.03","HARV_021.S.20140617",14,"ok","ok","ok","Y","NEON.DOC.014050","IPTKIJlOlynEsXdNtjpcReVD3gBTCRSH",,0,0,0
"7B5A1239414B48FFAD43D295B955B64C","D01","HARV","HARV_021","E","evergreenForest",42.452443,-72.250250,"WGS84",,213.7,,"2014-06-03","2014-06-17",3,"BET.HARV_021.2014.03","HARV_021.E.20140617",14,"ok","ok","ok","Y","NEON.DOC.014050","IPTKIJlOlynEsXdNtjpcReVD3gBTCRSH",,0,0,0
"990F863639AC45ACBB209CF1F4195F48","D01","HARV","HARV_021","N","evergreenForest",42.452629,-72.250485,"WGS84",,213.7,,"2014-06-03","2014-06-17",3,"BET.HARV_021.2014.03","HARV_021.N.20140617",14,"ok","ok","low","Y","NEON.DOC.014050","IPTKIJlOlynEsXdNtjpcReVD3gBTCRSH",,0,0,0
"E1CD2C46420349D7A59B5118162CD990","D01","HARV","HARV_014","E","mixedForest",42.471448,-72.265474,"WGS84",,193.5,,"2014-06-03","2014-06-17",3,"BET.HARV_014.2014.03","HARV_014.E.20140617",14,"ok","ok","ok","Y","NEON.DOC.014050","IPTKIJlOlynEsXdNtjpcReVD3gBTCRSH",,0,0,0
"FBD12326DFDF4F5EAF2AC04A5E1F5423","D01","HARV","HARV_014","S","mixedForest",42.471274,-72.265725,"WGS84",,193.5,,"2014-06-03","2014-06-17",3,"BET.HARV_014.2014.03","HARV_014.S.20140617",14,"ok","ok","ok","Y","NEON.DOC.014050","IPTKIJlOlynEsXdNtjpcReVD3gBTCRSH",,0,0,0
"3630077913C1445991A58044AD501785","D01","HARV","HARV_014","N","mixedForest",42.471634,-72.265709,"WGS84",,193.5,,"2014-06-03","2014-06-17",3,"BET.HARV_014.2014.03","HARV_014.N.20140617",14,"ok","ok","ok","Y","NEON.DOC.014050","IPTKIJlOlynEsXdNtjpcReVD3gBTCRSH",,0,0,0
"05C32786600341E99B3AABD588BBBA55","D01","HARV","HARV_014","W","mixedForest",42.471460,-72.265960,"WGS84",,193.5,,"2014-06-03","2014-06-17",3,"BET.HARV_014.2014.03","HARV_014.W.20140617",14,"ok","ok","ok","Y","NEON.DOC.014050","IPTKIJlOlynEsXdNtjpcReVD3gBTCRSH",,0,0,0
"0B9FDD28188E4A88A6E63C5AAA6E3904","D01","HARV","HARV_013","S","evergreenForest",42.392123,-72.254587,"WGS84",,180.3,,"2014-06-03","2014-06-17",3,"BET.HARV_013.2014.03","HARV_013.S.20140617",14,"ok","ok","ok","Y","NEON.DOC.014050","IPTKIJlOlynEsXdNtjpcReVD3gBTCRSH",,0,0,0
"5181ED884B774F95A8B702AF31DE535F","D01","HARV","HARV_013","E","evergreenForest",42.392297,-72.254337,"WGS84",,180.3,,"2014-06-03","2014-06-17",3,"BET.HARV_013.2014.03","HARV_013.E.20140617",14,"ok","ok","ok","Y","NEON.DOC.014050","IPTKIJlOlynEsXdNtjpcReVD3gBTCRSH",,0,0,0
"877F2D98E3E74F219B805C7FB835F64F","D01","HARV","HARV_013","N","evergreenForest",42.392483,-72.254572,"WGS84",,180.3,,"2014-06-03","2014-06-17",3,"BET.HARV_013.2014.03","HARV_013.N.20140617",14,"ok","ok","ok","Y","NEON.DOC.014050","IPTKIJlOlynEsXdNtjpcReVD3gBTCRSH",,0,0,0
"94CD082FEC5F4AF9B6CD256120DEE93D","D01","HARV","HARV_013","W","evergreenForest",42.392309,-72.254822,"WGS84",,180.3,,"2014-06-03","2014-06-17",3,"BET.HARV_013.2014.03","HARV_013.W.20140617",14,"ok","ok","ok","Y","NEON.DOC.014050","IPTKIJlOlynEsXdNtjpcReVD3gBTCRSH",,0,0,0
"7F7F2D2E584F4F2A9A179103607131A3","D01","HARV","HARV_010","E","mixedForest",42.424717,-72.254380,"WGS84",,187.8,,"2014-06-03","2014-06-17",3,"BET.HARV_010.2014.03","HARV_010.E.20140617",14,"ok","ok","ok","Y","NEON.DOC.014050","IPTKIJlOlynEsXdNtjpcReVD3gBTCRSH",,0,0,0
"F4AF9B52AE5345AF8AD8DF1336C81091","D01","HARV","HARV_010","W","mixedForest",42.424728,-72.254866,"WGS84",,187.8,,"2014-06-03","2014-06-17",3,"BET.HARV_010.2014.03","HARV_010.W.20140617",14,"ok","ok","ok","Y","NEON.DOC.014050","IPTKIJlOlynEsXdNtjpcReVD3gBTCRSH",,0,0,0
"72CFC61FA89944A3AE8C45CCEF8B76E1","D01","HARV","HARV_010","N","mixedForest",42.424902,-72.254615,"WGS84",,187.8,,"2014-06-03","2014-06-17",3,"BET.HARV_010.2014.03","HARV_010.N.20140617",14,"ok","ok","ok","Y","NEON.DOC.014050","IPTKIJlOlynEsXdNtjpcReVD3gBTCRSH",,0,0,0
"827F490A103D4D389C0C089871E6A010","D01","HARV","HARV_010","S","mixedForest",42.424543,-72.254631,"WGS84",,187.8,,"2014-06-03","2014-06-17",3,"BET.HARV_010.2014.03","HARV_010.S.20140617",14,"ok","ok","ok","Y","NEON.DOC.014050","IPTKIJlOlynEsXdNtjpcReVD3gBTCRSH",,0,0,0
"0E804BAC82BA478B9B56E9775861A9B9","D01","HARV","HARV_006","N","deciduousForest",42.403269,-72.253737,"WGS84",,177.9,,"2014-06-03","2014-06-17",3,"BET.HARV_006.2014.03","HARV_006.N.20140617",14,"ok","ok","ok","Y","NEON.DOC.014050","IPTKIJlOlynEsXdNtjpcReVD3gBTCRSH",,0,0,0
"5994E057815644BD98CB0426DC0EC048","D01","HARV","HARV_006","S","deciduousForest",42.402909,-72.253752,"WGS84",,177.9,,"2014-06-03","2014-06-17",3,"BET.HARV_006.2014.03","HARV_006.S.20140617",14,"ok","ok","ok","Y","NEON.DOC.014050","IPTKIJlOlynEsXdNtjpcReVD3gBTCRSH",,0,0,0
"63967F4906734A568447A10C0B76CC6E","D01","HARV","HARV_006","W","deciduousForest",42.403095,-72.253987,"WGS84",,177.9,,"2014-06-03","2014-06-17",3,"BET.HARV_006.2014.03","HARV_006.W.20140617",14,"ok","ok","ok","Y","NEON.DOC.014050","IPTKIJlOlynEsXdNtjpcReVD3gBTCRSH",,0,0,0
"00C21D35D4A94FB587DF03C87EBBB765","D01","HARV","HARV_006","E","deciduousForest",42.403084,-72.253502,"WGS84",,177.9,,"2014-06-03","2014-06-17",3,"BET.HARV_006.2014.03","HARV_006.E.20140617",14,"ok","ok","ok","Y","NEON.DOC.014050","IPTKIJlOlynEsXdNtjpcReVD3gBTCRSH",,0,0,0
"25A30464517445D2A4055C02026FF51D","D01","HARV","HARV_005","W","deciduousForest",42.489514,-72.275393,"WGS84",,177.2,,"2014-06-03","2014-06-17",3,"BET.HARV_005.2014.03","HARV_005.W.20140617",14,"ok","ok","ok","Y","NEON.DOC.014050","IPTKIJlOlynEsXdNtjpcReVD3gBTCRSH",,0,0,0
"E6E12DFCE31F409C9C8109A7B057F119","D01","HARV","HARV_005","E","deciduousForest",42.489503,-72.274907,"WGS84",,177.2,,"2014-06-03","2014-06-17",3,"BET.HARV_005.2014.03","HARV_005.E.20140617",14,"ok","ok","ok","Y","NEON.DOC.014050","IPTKIJlOlynEsXdNtjpcReVD3gBTCRSH",,0,0,0
"5C0CF2C0D2664137AB7D117BFFF895B8","D01","HARV","HARV_005","N","deciduousForest",42.489689,-72.275143,"WGS84",,177.2,,"2014-06-03","2014-06-17",3,"BET.HARV_005.2014.03","HARV_005.N.20140617",14,"ok","ok","ok","Y","NEON.DOC.014050","IPTKIJlOlynEsXdNtjpcReVD3gBTCRSH",,0,0,0
"F2F20304846341F28CAB7D31BFCB9C89","D01","HARV","HARV_005","S","deciduousForest",42.489329,-72.275158,"WGS84",,177.2,,"2014-06-03","2014-06-17",3,"BET.HARV_005.2014.03","HARV_005.S.20140617",14,"ok","ok","ok","Y","NEON.DOC.014050","IPTKIJlOlynEsXdNtjpcReVD3gBTCRSH",,0,0,0
"1666BED65590453F8D6D63D0C80070A4","D01","HARV","HARV_002","N","deciduousForest",42.478781,-72.259558,"WGS84",,192.8,,"2014-06-03","2014-06-17",3,"BET.HARV_002.2014.03","HARV_002.N.20140617",14,"missing","ok","ok","Y","NEON.DOC.014050","IPTKIJlOlynEsXdNtjpcReVD3gBTCRSH",,0,0,0
"F3A1B53EA05E4B2FB82EEDD4766BB949","D01","HARV","HARV_002","W","deciduousForest",42.478607,-72.259809,"WGS84",,192.8,,"2014-06-03","2014-06-17",3,"BET.HARV_002.2014.03","HARV_002.W.20140617",14,"ok","ok","ok","Y","NEON.DOC.014050","IPTKIJlOlynEsXdNtjpcReVD3gBTCRSH",,0,0,0
"FAE9F0AF19104488B1877AC13F05E774","D01","HARV","HARV_002","S","deciduousForest",42.478421,-72.259574,"WGS84",,192.8,,"2014-06-03","2014-06-17",3,"BET.HARV_002.2014.03","HARV_002.S.20140617",14,"ok","ok","ok","Y","NEON.DOC.014050","IPTKIJlOlynEsXdNtjpcReVD3gBTCRSH",,0,0,0
"54DD05381AF245289D355A0C4667A11B","D01","HARV","HARV_002","E","deciduousForest",42.478595,-72.259323,"WGS84",,192.8,,"2014-06-03","2014-06-17",3,"BET.HARV_002.2014.03","HARV_002.E.20140617",14,"ok","ok","ok","Y","NEON.DOC.014050","IPTKIJlOlynEsXdNtjpcReVD3gBTCRSH",,0,0,0
"7705143A267347358F57A47E299B0555","D01","HARV","HARV_004","E","mixedForest",42.427089,-72.229480,"WGS84",,230.1,,"2014-06-03","2014-06-17",3,"BET.HARV_004.2014.03","HARV_004.E.20140617",14,"ok","ok","ok","Y","NEON.DOC.014050","IPTKIJlOlynEsXdNtjpcReVD3gBTCRSH",,0,0,0
"0AB57F2F932E4AC484A4AC204553CE8C","D01","HARV","HARV_004","S","mixedForest",42.426915,-72.229731,"WGS84",,230.1,,"2014-06-03","2014-06-17",3,"BET.HARV_004.2014.03","HARV_004.S.20140617",14,"ok","ok","ok","Y","NEON.DOC.014050","IPTKIJlOlynEsXdNtjpcReVD3gBTCRSH",,0,0,0
"A38D491BE7344577857CFA7E296D46E5","D01","HARV","HARV_004","W","mixedForest",42.427101,-72.229966,"WGS84",,230.1,,"2014-06-03","2014-06-17",3,"BET.HARV_004.2014.03","HARV_004.W.20140617",14,"ok","ok","ok","Y","NEON.DOC.014050","IPTKIJlOlynEsXdNtjpcReVD3gBTCRSH",,0,0,0
"BE7DB9EC336E4446AE7A10D420E9E055","D01","HARV","HARV_004","N","mixedForest",42.427275,-72.229715,"WGS84",,230.1,,"2014-06-03","2014-06-17",3,"BET.HARV_004.2014.03","HARV_004.N.20140617",14,"ok","ok","ok","Y","NEON.DOC.014050","IPTKIJlOlynEsXdNtjpcReVD3gBTCRSH",,0,0,0
"60A374F406454D6E88BFBD20304D2538","D01","HARV","HARV_001","S","deciduousForest",42.424090,-72.258297,"WGS84",,191.5,,"2014-06-03","2014-06-17",3,"BET.HARV_001.2014.03","HARV_001.S.20140617",14,"ok","ok","ok","Y","NEON.DOC.014050","IPTKIJlOlynEsXdNtjpcReVD3gBTCRSH",,0,0,0
"52C438F9EEE248BBB5B223F5678CFE58","D01","HARV","HARV_001","E","deciduousForest",42.424264,-72.258046,"WGS84",,191.5,,"2014-06-03","2014-06-17",3,"BET.HARV_001.2014.03","HARV_001.E.20140617",14,"ok","ok","ok","Y","NEON.DOC.014050","IPTKIJlOlynEsXdNtjpcReVD3gBTCRSH",,0,0,0
"01D08C3E0B1D494CB141F73B480620E0","D01","HARV","HARV_001","N","deciduousForest",42.424450,-72.258281,"WGS84",,191.5,,"2014-06-03","2014-06-17",3,"BET.HARV_001.2014.03","HARV_001.N.20140617",14,"ok","ok","ok","Y","NEON.DOC.014050","IPTKIJlOlynEsXdNtjpcReVD3gBTCRSH",,0,0,0
"9CEDC9AB71824DE687F12300FF5FDBCA","D01","HARV","HARV_001","E","deciduousForest",42.424264,-72.258046,"WGS84",,191.5,,"2014-06-17","2014-07-01",4,"BET.HARV_001.2014.04","HARV_001.E.20140701",14,"ok","ok","ok","Y","NEON.DOC.014050","IPTKIJlOlynEsXdNtjpcReVD3gBTCRSH",,0,0,0
"8C6DB996FC3C43338D1D8A6730C3BC22","D01","HARV","HARV_022","W","evergreenForest",42.434182,-72.199020,"WGS84",,188.8,,"2014-06-17","2014-07-01",4,"BET.HARV_022.2014.04","HARV_022.W.20140701",14,"ok","ok","ok","Y","NEON.DOC.014050","IPTKIJlOlynEsXdNtjpcReVD3gBTCRSH",,0,0,0
"403E3327E40148D4A1D6535B66DE2B98","D01","HARV","HARV_022","E","evergreenForest",42.434171,-72.198534,"WGS84",,188.8,,"2014-06-17","2014-07-01",4,"BET.HARV_022.2014.04","HARV_022.E.20140701",14,"ok","ok","ok","Y","NEON.DOC.014050","IPTKIJlOlynEsXdNtjpcReVD3gBTCRSH",,0,0,0
"C1C85A3DE3CC479998C9844532EF23EF","D01","HARV","HARV_022","S","evergreenForest",42.433997,-72.198785,"WGS84",,188.8,,"2014-06-17","2014-07-01",4,"BET.HARV_022.2014.04","HARV_022.S.20140701",14,"ok","ok","low","Y","NEON.DOC.014050","IPTKIJlOlynEsXdNtjpcReVD3gBTCRSH",,0,0,0
"74249E91500F4F49B526084AAC92930F","D01","HARV","HARV_022","N","evergreenForest",42.434356,-72.198769,"WGS84",,188.8,,"2014-06-17","2014-07-01",4,"BET.HARV_022.2014.04","HARV_022.N.20140701",14,"ok","ok","ok","Y","NEON.DOC.014050","IPTKIJlOlynEsXdNtjpcReVD3gBTCRSH",,0,0,0
"BCF08A80B90F4A0BBA39A8D0BB1EEDA8","D01","HARV","HARV_021","E","evergreenForest",42.452443,-72.250250,"WGS84",,213.7,,"2014-06-17","2014-07-01",4,"BET.HARV_021.2014.04","HARV_021.E.20140701",14,"ok","ok","ok","Y","NEON.DOC.014050","IPTKIJlOlynEsXdNtjpcReVD3gBTCRSH",,0,0,0
"98D0A436D31548F886EFAF41412736C2","D01","HARV","HARV_021","W","evergreenForest",42.452455,-72.250736,"WGS84",,213.7,,"2014-06-17","2014-07-01",4,"BET.HARV_021.2014.04","HARV_021.W.20140701",14,"ok","ok","ok","Y","NEON.DOC.014050","IPTKIJlOlynEsXdNtjpcReVD3gBTCRSH",,0,0,0
"A4DC35D9E9EA4187A393B4216451F74E","D01","HARV","HARV_021","N","evergreenForest",42.452629,-72.250485,"WGS84",,213.7,,"2014-06-17","2014-07-01",4,"BET.HARV_021.2014.04","HARV_021.N.20140701",14,"ok","ok","ok","Y","NEON.DOC.014050","IPTKIJlOlynEsXdNtjpcReVD3gBTCRSH",,0,0,0
"56B4D0FC32E842BA869EB19684A414AB","D01","HARV","HARV_021","S","evergreenForest",42.452269,-72.250501,"WGS84",,213.7,,"2014-06-17","2014-07-01",4,"BET.HARV_021.2014.04","HARV_021.S.20140701",14,"ok","ok","ok","Y","NEON.DOC.014050","IPTKIJlOlynEsXdNtjpcReVD3gBTCRSH",,0,0,0
"7C91DAFE86F4443586BADE58DFEE7E4D","D01","HARV","HARV_014","W","mixedForest",42.471460,-72.265960,"WGS84",,193.5,,"2014-06-17","2014-07-01",4,"BET.HARV_014.2014.04","HARV_014.W.20140701",14,"ok","ok","ok","Y","NEON.DOC.014050","IPTKIJlOlynEsXdNtjpcReVD3gBTCRSH",,0,0,0
"F6E0D8F1D6DE4B998C228AE1C78551F9","D01","HARV","HARV_014","S","mixedForest",42.471274,-72.265725,"WGS84",,193.5,,"2014-06-17","2014-07-01",4,"BET.HARV_014.2014.04","HARV_014.S.20140701",14,"ok","ok","ok","Y","NEON.DOC.014050","IPTKIJlOlynEsXdNtjpcReVD3gBTCRSH",,0,0,0
"2B5F5421AE3340B8BAAA3597CB6BED12","D01","HARV","HARV_014","N","mixedForest",42.471634,-72.265709,"WGS84",,193.5,,"2014-06-17","2014-07-01",4,"BET.HARV_014.2014.04","HARV_014.N.20140701",14,"ok","ok","ok","Y","NEON.DOC.014050","IPTKIJlOlynEsXdNtjpcReVD3gBTCRSH",,0,0,0
"A10D95E0BA0D4BEFB1DC24BB906245D7","D01","HARV","HARV_014","E","mixedForest",42.471448,-72.265474,"WGS84",,193.5,,"2014-06-17","2014-07-01",4,"BET.HARV_014.2014.04","HARV_014.E.20140701",14,"ok","ok","ok","Y","NEON.DOC.014050","IPTKIJlOlynEsXdNtjpcReVD3gBTCRSH",,0,0,0
"196823E40F544E09B843DE88A1934D85","D01","HARV","HARV_013","S","evergreenForest",42.392123,-72.254587,"WGS84",,180.3,,"2014-06-17","2014-07-01",4,"BET.HARV_013.2014.04","HARV_013.S.20140701",14,"ok","ok","ok","Y","NEON.DOC.014050","IPTKIJlOlynEsXdNtjpcReVD3gBTCRSH",,0,0,0
"C767D36D2999467BA74119034D857296","D01","HARV","HARV_013","E","evergreenForest",42.392297,-72.254337,"WGS84",,180.3,,"2014-06-17","2014-07-01",4,"BET.HARV_013.2014.04","HARV_013.E.20140701",14,"ok","ok","ok","Y","NEON.DOC.014050","IPTKIJlOlynEsXdNtjpcReVD3gBTCRSH",,0,0,0
"9ABC945324F045ADB67424815E94065A","D01","HARV","HARV_013","N","evergreenForest",42.392483,-72.254572,"WGS84",,180.3,,"2014-06-17","2014-07-01",4,"BET.HARV_013.2014.04","HARV_013.N.20140701",14,"ok","ok","ok","Y","NEON.DOC.014050","IPTKIJlOlynEsXdNtjpcReVD3gBTCRSH",,0,0,0
"6C3B3A0372A540E4AC0D4CE932BD1D00","D01","HARV","HARV_013","W","evergreenForest",42.392309,-72.254822,"WGS84",,180.3,,"2014-06-17","2014-07-01",4,"BET.HARV_013.2014.04","HARV_013.W.20140701",14,"ok","ok","ok","Y","NEON.DOC.014050","IPTKIJlOlynEsXdNtjpcReVD3gBTCRSH",,0,0,0
"41B4F14E20614624A98A4D3B93CB5A50","D01","HARV","HARV_010","E","mixedForest",42.424717,-72.254380,"WGS84",,187.8,,"2014-06-17","2014-07-01",4,"BET.HARV_010.2014.04","HARV_010.E.20140701",14,"ok","ok","ok","Y","NEON.DOC.014050","IPTKIJlOlynEsXdNtjpcReVD3gBTCRSH",,0,0,0
"C6102DAD7C2C4BD289C0AFF91008D750","D01","HARV","HARV_010","W","mixedForest",42.424728,-72.254866,"WGS84",,187.8,,"2014-06-17","2014-07-01",4,"BET.HARV_010.2014.04","HARV_010.W.20140701",14,"ok","ok","ok","Y","NEON.DOC.014050","IPTKIJlOlynEsXdNtjpcReVD3gBTCRSH",,0,0,0
"2BD02E92A74F4C73BB1F9E5F31B3232F","D01","HARV","HARV_010","N","mixedForest",42.424902,-72.254615,"WGS84",,187.8,,"2014-06-17","2014-07-01",4,"BET.HARV_010.2014.04","HARV_010.N.20140701",14,"ok","ok","ok","Y","NEON.DOC.014050","IPTKIJlOlynEsXdNtjpcReVD3gBTCRSH",,0,0,0
"B295F55490E14FE1BC0A2A558E416845","D01","HARV","HARV_010","S","mixedForest",42.424543,-72.254631,"WGS84",,187.8,,"2014-06-17","2014-07-01",4,"BET.HARV_010.2014.04","HARV_010.S.20140701",14,"ok","ok","ok","Y","NEON.DOC.014050","IPTKIJlOlynEsXdNtjpcReVD3gBTCRSH",,0,0,0
"F285A68F1FC44B1FBF569DB87E8C765C","D01","HARV","HARV_006","E","deciduousForest",42.403084,-72.253502,"WGS84",,177.9,,"2014-06-17","2014-07-01",4,"BET.HARV_006.2014.04","HARV_006.E.20140701",14,"ok","ok","ok","Y","NEON.DOC.014050","IPTKIJlOlynEsXdNtjpcReVD3gBTCRSH",,0,0,0
"AB9ACE0C13B641BB9DA94E0BF7C9682B","D01","HARV","HARV_006","W","deciduousForest",42.403095,-72.253987,"WGS84",,177.9,,"2014-06-17","2014-07-01",4,"BET.HARV_006.2014.04","HARV_006.W.20140701",14,"ok","ok","ok","Y","NEON.DOC.014050","IPTKIJlOlynEsXdNtjpcReVD3gBTCRSH",,0,0,0
"8BA9DCE8F1CF40ABB7755A943599F2E2","D01","HARV","HARV_006","N","deciduousForest",42.403269,-72.253737,"WGS84",,177.9,,"2014-06-17","2014-07-01",4,"BET.HARV_006.2014.04","HARV_006.N.20140701",14,"ok","ok","ok","Y","NEON.DOC.014050","IPTKIJlOlynEsXdNtjpcReVD3gBTCRSH",,0,0,0
"04B0E1B9F7B3465E98D2F49A1F3FD3FA","D01","HARV","HARV_006","S","deciduousForest",42.402909,-72.253752,"WGS84",,177.9,,"2014-06-17","2014-07-01",4,"BET.HARV_006.2014.04","HARV_006.S.20140701",14,"ok","ok","ok","Y","NEON.DOC.014050","IPTKIJlOlynEsXdNtjpcReVD3gBTCRSH",,0,0,0
"8154B15477E847129C87FEB7426E9769","D01","HARV","HARV_005","W","deciduousForest",42.489514,-72.275393,"WGS84",,177.2,,"2014-06-17","2014-07-01",4,"BET.HARV_005.2014.04","HARV_005.W.20140701",14,"ok","ok","ok","Y","NEON.DOC.014050","IPTKIJlOlynEsXdNtjpcReVD3gBTCRSH",,0,0,0
"975881EC9ACF4F36B05DE50F636748B5","D01","HARV","HARV_005","N","deciduousForest",42.489689,-72.275143,"WGS84",,177.2,,"2014-06-17","2014-07-01",4,"BET.HARV_005.2014.04","HARV_005.N.20140701",14,"ok","ok","ok","Y","NEON.DOC.014050","IPTKIJlOlynEsXdNtjpcReVD3gBTCRSH",,0,0,0
"4D24B4DFA13D41C4BE5BE83BD8001F4E","D01","HARV","HARV_005","S","deciduousForest",42.489329,-72.275158,"WGS84",,177.2,,"2014-06-17","2014-07-01",4,"BET.HARV_005.2014.04","HARV_005.S.20140701",14,"ok","ok","ok","Y","NEON.DOC.014050","IPTKIJlOlynEsXdNtjpcReVD3gBTCRSH",,0,0,0
"8E8025442015495298A0D9E64D9EDC47","D01","HARV","HARV_005","E","deciduousForest",42.489503,-72.274907,"WGS84",,177.2,,"2014-06-17","2014-07-01",4,"BET.HARV_005.2014.04","HARV_005.E.20140701",14,"ok","ok","ok","Y","NEON.DOC.014050","IPTKIJlOlynEsXdNtjpcReVD3gBTCRSH",,0,0,0
"9B0A516372CB40B39E7A70B1417B9B4B","D01","HARV","HARV_002","S","deciduousForest",42.478421,-72.259574,"WGS84",,192.8,,"2014-06-17","2014-07-01",4,"BET.HARV_002.2014.04","HARV_002.S.20140701",14,"ok","ok","ok","Y","NEON.DOC.014050","IPTKIJlOlynEsXdNtjpcReVD3gBTCRSH",,0,0,0
"22E2B138A60C4CD589D4F6B132B3C386","D01","HARV","HARV_002","E","deciduousForest",42.478595,-72.259323,"WGS84",,192.8,,"2014-06-17","2014-07-01",4,"BET.HARV_002.2014.04","HARV_002.E.20140701",14,"ok","ok","ok","Y","NEON.DOC.014050","IPTKIJlOlynEsXdNtjpcReVD3gBTCRSH",,0,0,0
"9BA53350433B4998B26422651931D3BC","D01","HARV","HARV_002","N","deciduousForest",42.478781,-72.259558,"WGS84",,192.8,,"2014-06-17","2014-07-01",4,"BET.HARV_002.2014.04","HARV_002.N.20140701",14,"ok","ok","ok","Y","NEON.DOC.014050","IPTKIJlOlynEsXdNtjpcReVD3gBTCRSH",,0,0,0
"003BE558CBBA4C618CBDD99AC841FE3E","D01","HARV","HARV_002","W","deciduousForest",42.478607,-72.259809,"WGS84",,192.8,,"2014-06-17","2014-07-01",4,"BET.HARV_002.2014.04","HARV_002.W.20140701",14,"ok","ok","ok","Y","NEON.DOC.014050","IPTKIJlOlynEsXdNtjpcReVD3gBTCRSH",,0,0,0
"60D073BB148F4F9684D3FF25CC1154C6","D01","HARV","HARV_004","W","mixedForest",42.427101,-72.229966,"WGS84",,230.1,,"2014-06-17","2014-07-01",4,"BET.HARV_004.2014.04","HARV_004.W.20140701",14,"ok","ok","ok","Y","NEON.DOC.014050","IPTKIJlOlynEsXdNtjpcReVD3gBTCRSH",,0,0,0
"EAF1CDD9E22E401F98FDA22D5E128D3C","D01","HARV","HARV_004","N","mixedForest",42.427275,-72.229715,"WGS84",,230.1,,"2014-06-17","2014-07-01",4,"BET.HARV_004.2014.04","HARV_004.N.20140701",14,"ok","ok","ok","Y","NEON.DOC.014050","IPTKIJlOlynEsXdNtjpcReVD3gBTCRSH",,0,0,0
"A006CF3ECEE7402C8D878E3171B0D58C","D01","HARV","HARV_004","S","mixedForest",42.426915,-72.229731,"WGS84",,230.1,,"2014-06-17","2014-07-01",4,"BET.HARV_004.2014.04","HARV_004.S.20140701",14,"ok","ok","ok","Y","NEON.DOC.014050","IPTKIJlOlynEsXdNtjpcReVD3gBTCRSH",,0,0,0
"5AA6020E0A814804B0BB9A179B553C17","D01","HARV","HARV_004","E","mixedForest",42.427089,-72.229480,"WGS84",,230.1,,"2014-06-17","2014-07-01",4,"BET.HARV_004.2014.04","HARV_004.E.20140701",14,"ok","ok","ok","Y","NEON.DOC.014050","IPTKIJlOlynEsXdNtjpcReVD3gBTCRSH",,0,0,0
"EC7628E21CB24A5190255F6501CAE72D","D01","HARV","HARV_001","S","deciduousForest",42.424090,-72.258297,"WGS84",,191.5,,"2014-06-17","2014-07-01",4,"BET.HARV_001.2014.04","HARV_001.S.20140701",14,"ok","ok","ok","Y","NEON.DOC.014050","IPTKIJlOlynEsXdNtjpcReVD3gBTCRSH",,0,0,0
"9431D5F24C944E01A48C9E4EB65C8ACF","D01","HARV","HARV_001","W","deciduousForest",42.424276,-72.258532,"WGS84",,191.5,,"2014-06-17","2014-07-01",4,"BET.HARV_001.2014.04","HARV_001.W.20140701",14,"ok","ok","ok","Y","NEON.DOC.014050","IPTKIJlOlynEsXdNtjpcReVD3gBTCRSH",,0,0,0
"F5C7311F6BFE43E08BEF14FA79EDCE4C","D01","HARV","HARV_001","N","deciduousForest",42.424450,-72.258281,"WGS84",,191.5,,"2014-06-17","2014-07-01",4,"BET.HARV_001.2014.04","HARV_001.N.20140701",14,"ok","ok","low","Y","NEON.DOC.014050","IPTKIJlOlynEsXdNtjpcReVD3gBTCRSH",,0,0,0
"26607CD48C5946D194790DF86E943933","D01","HARV","HARV_001","W","deciduousForest",42.424276,-72.258532,"WGS84",,191.5,,"2014-07-01","2014-07-15",5,"BET.HARV_001.2014.05","HARV_001.W.20140715",14,"ok","ok","ok","Y","NEON.DOC.014050","IPTKIJlOlynEsXdNtjpcReVD3gBTCRSH",,0,0,0
"D42BA9A07D224A16AACEC8A0B3777E1E","D01","HARV","HARV_022","W","evergreenForest",42.434182,-72.199020,"WGS84",,188.8,,"2014-07-01","2014-07-15",5,"BET.HARV_022.2014.05","HARV_022.W.20140715",14,"ok","ok","ok","Y","NEON.DOC.014050","IPTKIJlOlynEsXdNtjpcReVD3gBTCRSH",,0,0,0
"138DEDE5F250457C810143957B2D5FE8","D01","HARV","HARV_022","S","evergreenForest",42.433997,-72.198785,"WGS84",,188.8,,"2014-07-01","2014-07-15",5,"BET.HARV_022.2014.05","HARV_022.S.20140715",14,"ok","ok","ok","Y","NEON.DOC.014050","IPTKIJlOlynEsXdNtjpcReVD3gBTCRSH",,0,0,0
"04E2AFE7D68C4C1682F1770936B56D48","D01","HARV","HARV_022","N","evergreenForest",42.434356,-72.198769,"WGS84",,188.8,,"2014-07-01","2014-07-15",5,"BET.HARV_022.2014.05","HARV_022.N.20140715",14,"ok","ok","ok","Y","NEON.DOC.014050","IPTKIJlOlynEsXdNtjpcReVD3gBTCRSH",,0,0,0
"8E2D9EF6F6804468AE5299B9E8F6A6CD","D01","HARV","HARV_022","E","evergreenForest",42.434171,-72.198534,"WGS84",,188.8,,"2014-07-01","2014-07-15",5,"BET.HARV_022.2014.05","HARV_022.E.20140715",14,"ok","ok","ok","Y","NEON.DOC.014050","IPTKIJlOlynEsXdNtjpcReVD3gBTCRSH",,0,0,0
"69B07A6EC57C47AFA3AC81741541E9A6","D01","HARV","HARV_021","W","evergreenForest",42.452455,-72.250736,"WGS84",,213.7,,"2014-07-01","2014-07-15",5,"BET.HARV_021.2014.05","HARV_021.W.20140715",14,"ok","ok","ok","Y","NEON.DOC.014050","IPTKIJlOlynEsXdNtjpcReVD3gBTCRSH",,0,0,0
"CD05203ABF5942FBA1BD1A0E03128979","D01","HARV","HARV_021","E","evergreenForest",42.452443,-72.250250,"WGS84",,213.7,,"2014-07-01","2014-07-15",5,"BET.HARV_021.2014.05","HARV_021.E.20140715",14,"ok","ok","ok","Y","NEON.DOC.014050","IPTKIJlOlynEsXdNtjpcReVD3gBTCRSH",,0,0,0
"368ED641FFA143D38354F9DD5D47FA11","D01","HARV","HARV_021","N","evergreenForest",42.452629,-72.250485,"WGS84",,213.7,,"2014-07-01","2014-07-15",5,"BET.HARV_021.2014.05","HARV_021.N.20140715",14,"ok","ok","ok","Y","NEON.DOC.014050","IPTKIJlOlynEsXdNtjpcReVD3gBTCRSH",,0,0,0
"69BD965A4FB6427FB25928CE7A5FCB25","D01","HARV","HARV_021","S","evergreenForest",42.452269,-72.250501,"WGS84",,213.7,,"2014-07-01","2014-07-15",5,"BET.HARV_021.2014.05","HARV_021.S.20140715",14,"ok","ok","ok","Y","NEON.DOC.014050","IPTKIJlOlynEsXdNtjpcReVD3gBTCRSH",,0,0,0
"BE853B8E63E4441B998E907E420B083D","D01","HARV","HARV_014","N","mixedForest",42.471634,-72.265709,"WGS84",,193.5,,"2014-07-01","2014-07-15",5,"BET.HARV_014.2014.05","HARV_014.N.20140715",14,"ok","ok","ok","Y","NEON.DOC.014050","IPTKIJlOlynEsXdNtjpcReVD3gBTCRSH",,0,0,0
"494F8D0AF5F249F1992C4AD955AE3EB1","D01","HARV","HARV_014","W","mixedForest",42.471460,-72.265960,"WGS84",,193.5,,"2014-07-01","2014-07-15",5,"BET.HARV_014.2014.05","HARV_014.W.20140715",14,"ok","ok","ok","Y","NEON.DOC.014050","IPTKIJlOlynEsXdNtjpcReVD3gBTCRSH",,0,0,0
"B8131B06C9034E6283541E796F3EB0E5","D01","HARV","HARV_014","S","mixedForest",42.471274,-72.265725,"WGS84",,193.5,,"2014-07-01","2014-07-15",5,"BET.HARV_014.2014.05","HARV_014.S.20140715",14,"ok","ok","ok","Y","NEON.DOC.014050","IPTKIJlOlynEsXdNtjpcReVD3gBTCRSH",,0,0,0
"86F1A91A3BDE428997D41C69ADF9ECC4","D01","HARV","HARV_014","E","mixedForest",42.471448,-72.265474,"WGS84",,193.5,,"2014-07-01","2014-07-15",5,"BET.HARV_014.2014.05","HARV_014.E.20140715",14,"ok","ok","ok","Y","NEON.DOC.014050","IPTKIJlOlynEsXdNtjpcReVD3gBTCRSH",,0,0,0
"D27815D262F2411C805656A907255F5D","D01","HARV","HARV_013","E","evergreenForest",42.392297,-72.254337,"WGS84",,180.3,,"2014-07-01","2014-07-15",5,"BET.HARV_013.2014.05","HARV_013.E.20140715",14,"ok","ok","ok","Y","NEON.DOC.014050","IPTKIJlOlynEsXdNtjpcReVD3gBTCRSH",,0,0,0
"0EC058DD523D418E8C265183F705BC8F","D01","HARV","HARV_013","S","evergreenForest",42.392123,-72.254587,"WGS84",,180.3,,"2014-07-01","2014-07-15",5,"BET.HARV_013.2014.05","HARV_013.S.20140715",14,"ok","ok","ok","Y","NEON.DOC.014050","IPTKIJlOlynEsXdNtjpcReVD3gBTCRSH",,0,0,0
"2A865A7C1D5947CB8243D663E13E9016","D01","HARV","HARV_013","N","evergreenForest",42.392483,-72.254572,"WGS84",,180.3,,"2014-07-01","2014-07-15",5,"BET.HARV_013.2014.05","HARV_013.N.20140715",14,"ok","ok","ok","Y","NEON.DOC.014050","IPTKIJlOlynEsXdNtjpcReVD3gBTCRSH",,0,0,0
"227272BFCB954A79A1E54C263E30F67A","D01","HARV","HARV_013","W","evergreenForest",42.392309,-72.254822,"WGS84",,180.3,,"2014-07-01","2014-07-15",5,"BET.HARV_013.2014.05","HARV_013.W.20140715",14,"ok","ok","ok","Y","NEON.DOC.014050","IPTKIJlOlynEsXdNtjpcReVD3gBTCRSH",,0,0,0
"F468783C13C54BF0A61DA166A3260A80","D01","HARV","HARV_010","E","mixedForest",42.424717,-72.254380,"WGS84",,187.8,,"2014-07-01","2014-07-15",5,"BET.HARV_010.2014.05","HARV_010.E.20140715",14,"ok","ok","ok","Y","NEON.DOC.014050","IPTKIJlOlynEsXdNtjpcReVD3gBTCRSH",,0,0,0
"DD17170E603649E5B13A02A9BFC1985A","D01","HARV","HARV_010","S","mixedForest",42.424543,-72.254631,"WGS84",,187.8,,"2014-07-01","2014-07-15",5,"BET.HARV_010.2014.05","HARV_010.S.20140715",14,"ok","ok","ok","Y","NEON.DOC.014050","IPTKIJlOlynEsXdNtjpcReVD3gBTCRSH",,0,0,0
"C0D8B6EBB8664CA9828C924AE05758B8","D01","HARV","HARV_010","W","mixedForest",42.424728,-72.254866,"WGS84",,187.8,,"2014-07-01","2014-07-15",5,"BET.HARV_010.2014.05","HARV_010.W.20140715",14,"ok","ok","ok","Y","NEON.DOC.014050","IPTKIJlOlynEsXdNtjpcReVD3gBTCRSH",,0,0,0
"30FFCCC7EEB745E7B3533A52479E7AB0","D01","HARV","HARV_010","N","mixedForest",42.424902,-72.254615,"WGS84",,187.8,,"2014-07-01","2014-07-15",5,"BET.HARV_010.2014.05","HARV_010.N.20140715",14,"ok","ok","ok","Y","NEON.DOC.014050","IPTKIJlOlynEsXdNtjpcReVD3gBTCRSH",,0,0,0
"220638F60FAB4D27ABEBBDAFF882022B","D01","HARV","HARV_006","E","deciduousForest",42.403084,-72.253502,"WGS84",,177.9,,"2014-07-01","2014-07-15",5,"BET.HARV_006.2014.05","HARV_006.E.20140715",14,"ok","ok","high","Y","NEON.DOC.014050","IPTKIJlOlynEsXdNtjpcReVD3gBTCRSH",,0,0,0
"5242D001A24D49D98DC6FBF298DFD955","D01","HARV","HARV_006","W","deciduousForest",42.403095,-72.253987,"WGS84",,177.9,,"2014-07-01","2014-07-15",5,"BET.HARV_006.2014.05","HARV_006.W.20140715",14,"ok","ok","ok","Y","NEON.DOC.014050","IPTKIJlOlynEsXdNtjpcReVD3gBTCRSH",,0,0,0
"E2E2A7457AD8403AA91CCB0A0B14B236","D01","HARV","HARV_006","S","deciduousForest",42.402909,-72.253752,"WGS84",,177.9,,"2014-07-01","2014-07-15",5,"BET.HARV_006.2014.05","HARV_006.S.20140715",14,"ok","ok","ok","Y","NEON.DOC.014050","IPTKIJlOlynEsXdNtjpcReVD3gBTCRSH",,0,0,0
"2D90FD564642466DAF27CD512BCA3FED","D01","HARV","HARV_006","N","deciduousForest",42.403269,-72.253737,"WGS84",,177.9,,"2014-07-01","2014-07-15",5,"BET.HARV_006.2014.05","HARV_006.N.20140715",14,"ok","ok","ok","Y","NEON.DOC.014050","IPTKIJlOlynEsXdNtjpcReVD3gBTCRSH",,0,0,0
"49527385244C4671950C7681C9D726CA","D01","HARV","HARV_005","N","deciduousForest",42.489689,-72.275143,"WGS84",,177.2,,"2014-07-01","2014-07-15",5,"BET.HARV_005.2014.05","HARV_005.N.20140715",14,"ok","ok","ok","Y","NEON.DOC.014050","IPTKIJlOlynEsXdNtjpcReVD3gBTCRSH",,0,0,0
"CE9D0B7F1BFF4F5A91C73BC6B5FF3200","D01","HARV","HARV_005","W","deciduousForest",42.489514,-72.275393,"WGS84",,177.2,,"2014-07-01","2014-07-15",5,"BET.HARV_005.2014.05","HARV_005.W.20140715",14,"ok","ok","ok","Y","NEON.DOC.014050","IPTKIJlOlynEsXdNtjpcReVD3gBTCRSH",,0,0,0
"33DC36C112E243698D5646F803602F8A","D01","HARV","HARV_005","S","deciduousForest",42.489329,-72.275158,"WGS84",,177.2,,"2014-07-01","2014-07-15",5,"BET.HARV_005.2014.05","HARV_005.S.20140715",14,"ok","ok","ok","Y","NEON.DOC.014050","IPTKIJlOlynEsXdNtjpcReVD3gBTCRSH",,0,0,0
"2B66C5EFC6F0489A95505B00B1D2C55E","D01","HARV","HARV_005","E","deciduousForest",42.489503,-72.274907,"WGS84",,177.2,,"2014-07-01","2014-07-15",5,"BET.HARV_005.2014.05","HARV_005.E.20140715",14,"ok","ok","ok","Y","NEON.DOC.014050","IPTKIJlOlynEsXdNtjpcReVD3gBTCRSH",,0,0,0
"A7F99F1ADEAC4F939D926675A8F091DB","D01","HARV","HARV_002","S","deciduousForest",42.478421,-72.259574,"WGS84",,192.8,,"2014-07-01","2014-07-15",5,"BET.HARV_002.2014.05","HARV_002.S.20140715",14,"ok","ok","ok","Y","NEON.DOC.014050","IPTKIJlOlynEsXdNtjpcReVD3gBTCRSH",,0,0,0
"CC04E5DCB7574ABD947961E002B7654D","D01","HARV","HARV_002","N","deciduousForest",42.478781,-72.259558,"WGS84",,192.8,,"2014-07-01","2014-07-15",5,"BET.HARV_002.2014.05","HARV_002.N.20140715",14,"ok","ok","ok","Y","NEON.DOC.014050","IPTKIJlOlynEsXdNtjpcReVD3gBTCRSH",,0,0,0
"B843E8092BC249DAB94EF179F5660341","D01","HARV","HARV_002","W","deciduousForest",42.478607,-72.259809,"WGS84",,192.8,,"2014-07-01","2014-07-15",5,"BET.HARV_002.2014.05","HARV_002.W.20140715",14,"ok","ok","ok","Y","NEON.DOC.014050","IPTKIJlOlynEsXdNtjpcReVD3gBTCRSH",,0,0,0
"572C26A46D3B4BA4AAF40EF8F820C5A3","D01","HARV","HARV_002","E","deciduousForest",42.478595,-72.259323,"WGS84",,192.8,,"2014-07-01","2014-07-15",5,"BET.HARV_002.2014.05","HARV_002.E.20140715",14,"ok","ok","ok","Y","NEON.DOC.014050","IPTKIJlOlynEsXdNtjpcReVD3gBTCRSH",,0,0,0
"5B6B0CE1655142C9BF6F58B18C8FF7C0","D01","HARV","HARV_004","E","mixedForest",42.427089,-72.229480,"WGS84",,230.1,,"2014-07-01","2014-07-15",5,"BET.HARV_004.2014.05","HARV_004.E.20140715",14,"ok","ok","ok","Y","NEON.DOC.014050","IPTKIJlOlynEsXdNtjpcReVD3gBTCRSH",,0,0,0
"24A7E3931D004706B9C5E22C7DA7EB3F","D01","HARV","HARV_004","S","mixedForest",42.426915,-72.229731,"WGS84",,230.1,,"2014-07-01","2014-07-15",5,"BET.HARV_004.2014.05","HARV_004.S.20140715",14,"ok","ok","ok","Y","NEON.DOC.014050","IPTKIJlOlynEsXdNtjpcReVD3gBTCRSH",,0,0,0
"A0E141A088304ABE86596CD6240BCA61","D01","HARV","HARV_004","W","mixedForest",42.427101,-72.229966,"WGS84",,230.1,,"2014-07-01","2014-07-15",5,"BET.HARV_004.2014.05","HARV_004.W.20140715",14,"ok","ok","ok","Y","NEON.DOC.014050","IPTKIJlOlynEsXdNtjpcReVD3gBTCRSH",,0,0,0
"B60DA28340F446B9835460CFC16EA983","D01","HARV","HARV_004","N","mixedForest",42.427275,-72.229715,"WGS84",,230.1,,"2014-07-01","2014-07-15",5,"BET.HARV_004.2014.05","HARV_004.N.20140715",14,"ok","ok","ok","Y","NEON.DOC.014050","IPTKIJlOlynEsXdNtjpcReVD3gBTCRSH",,0,0,0
"A384E187825A497EA777F8D0CAA976C4","D01","HARV","HARV_001","E","deciduousForest",42.424264,-72.258046,"WGS84",,191.5,,"2014-07-01","2014-07-15",5,"BET.HARV_001.2014.05","HARV_001.E.20140715",14,"ok","ok","ok","Y","NEON.DOC.014050","IPTKIJlOlynEsXdNtjpcReVD3gBTCRSH",,0,0,0
"1EA664FA423D4371823DAFCE73F9A10E","D01","HARV","HARV_001","S","deciduousForest",42.424090,-72.258297,"WGS84",,191.5,,"2014-07-01","2014-07-15",5,"BET.HARV_001.2014.05","HARV_001.S.20140715",14,"ok","ok","ok","Y","NEON.DOC.014050","IPTKIJlOlynEsXdNtjpcReVD3gBTCRSH",,0,0,0
"0150F587790A4D598324546E425848C1","D01","HARV","HARV_001","N","deciduousForest",42.424450,-72.258281,"WGS84",,191.5,,"2014-07-01","2014-07-15",5,"BET.HARV_001.2014.05","HARV_001.N.20140715",14,"ok","ok","ok","Y","NEON.DOC.014050","IPTKIJlOlynEsXdNtjpcReVD3gBTCRSH",,0,0,0
"57CBBC730109467FA8B39006AE3AC3F1","D01","HARV","HARV_001","E","deciduousForest",42.424264,-72.258046,"WGS84",,191.5,,"2014-07-15","2014-07-29",6,"BET.HARV_001.2014.06","HARV_001.E.20140729",14,"ok","ok","ok","Y","NEON.DOC.014050","bx2IzDOX0PRWxL2qYNwW0cIx2hiD7oH8",,0,0,0
"9CEC4B358A444CC7AF4A0A311D043C40","D01","HARV","HARV_022","W","evergreenForest",42.434182,-72.199020,"WGS84",,188.8,,"2014-07-15","2014-07-29",6,"BET.HARV_022.2014.06","HARV_022.W.20140729",14,"ok","ok","ok","Y","NEON.DOC.014050","bx2IzDOX0PRWxL2qYNwW0cIx2hiD7oH8",,0,0,0
"F9ACDFEA64FF4604BA37D7CCA83CC43B","D01","HARV","HARV_022","N","evergreenForest",42.434356,-72.198769,"WGS84",,188.8,,"2014-07-15","2014-07-29",6,"BET.HARV_022.2014.06","HARV_022.N.20140729",14,"ok","ok","ok","Y","NEON.DOC.014050","bx2IzDOX0PRWxL2qYNwW0cIx2hiD7oH8",,0,0,0
"91C34A76F5C24067A2B68347A1E3FA91","D01","HARV","HARV_022","E","evergreenForest",42.434171,-72.198534,"WGS84",,188.8,,"2014-07-15","2014-07-29",6,"BET.HARV_022.2014.06","HARV_022.E.20140729",14,"ok","ok","ok","Y","NEON.DOC.014050","bx2IzDOX0PRWxL2qYNwW0cIx2hiD7oH8",,0,0,0
"AA155007697C4E8C8CE6A890EF27A938","D01","HARV","HARV_022","S","evergreenForest",42.433997,-72.198785,"WGS84",,188.8,,"2014-07-15","2014-07-29",6,"BET.HARV_022.2014.06","HARV_022.S.20140729",14,"ok","ok","ok","Y","NEON.DOC.014050","bx2IzDOX0PRWxL2qYNwW0cIx2hiD7oH8",,0,0,0
"41C67736445441E595BD042F89B137BD","D01","HARV","HARV_021","W","evergreenForest",42.452455,-72.250736,"WGS84",,213.7,,"2014-07-15","2014-07-29",6,"BET.HARV_021.2014.06","HARV_021.W.20140729",14,"ok","ok","ok","Y","NEON.DOC.014050","bx2IzDOX0PRWxL2qYNwW0cIx2hiD7oH8",,0,0,0
"272BDDB6C3334137B2CF4EBBA31CC8B5","D01","HARV","HARV_021","E","evergreenForest",42.452443,-72.250250,"WGS84",,213.7,,"2014-07-15","2014-07-29",6,"BET.HARV_021.2014.06","HARV_021.E.20140729",14,"ok","ok","ok","Y","NEON.DOC.014050","bx2IzDOX0PRWxL2qYNwW0cIx2hiD7oH8",,0,0,0
"382D3882CF824ED38ACF5790FB50AF2E","D01","HARV","HARV_021","S","evergreenForest",42.452269,-72.250501,"WGS84",,213.7,,"2014-07-15","2014-07-29",6,"BET.HARV_021.2014.06","HARV_021.S.20140729",14,"ok","ok","ok","Y","NEON.DOC.014050","bx2IzDOX0PRWxL2qYNwW0cIx2hiD7oH8",,0,0,0
"E538443A226A4161A1AF73FB9D30F5B6","D01","HARV","HARV_021","N","evergreenForest",42.452629,-72.250485,"WGS84",,213.7,,"2014-07-15","2014-07-29",6,"BET.HARV_021.2014.06","HARV_021.N.20140729",14,"ok","disturbed","ok","Y","NEON.DOC.014050","bx2IzDOX0PRWxL2qYNwW0cIx2hiD7oH8",,0,0,0
"D0DFEF0100924B12B76BA5E2CBDC0364","D01","HARV","HARV_014","W","mixedForest",42.471460,-72.265960,"WGS84",,193.5,,"2014-07-15","2014-07-29",6,"BET.HARV_014.2014.06","HARV_014.W.20140729",14,"ok","ok","ok","Y","NEON.DOC.014050","bx2IzDOX0PRWxL2qYNwW0cIx2hiD7oH8",,0,0,0
"C38DE0E485EA40D1853A55BE38D96BE6","D01","HARV","HARV_014","E","mixedForest",42.471448,-72.265474,"WGS84",,193.5,,"2014-07-15","2014-07-29",6,"BET.HARV_014.2014.06","HARV_014.E.20140729",14,"ok","ok","ok","Y","NEON.DOC.014050","bx2IzDOX0PRWxL2qYNwW0cIx2hiD7oH8",,0,0,0
"803E52E09F404C1897FA4402132503CD","D01","HARV","HARV_014","N","mixedForest",42.471634,-72.265709,"WGS84",,193.5,,"2014-07-15","2014-07-29",6,"BET.HARV_014.2014.06","HARV_014.N.20140729",14,"ok","ok","ok","Y","NEON.DOC.014050","bx2IzDOX0PRWxL2qYNwW0cIx2hiD7oH8",,0,0,0
"F447CED62EB844BB94555E4A764E18CD","D01","HARV","HARV_014","S","mixedForest",42.471274,-72.265725,"WGS84",,193.5,,"2014-07-15","2014-07-29",6,"BET.HARV_014.2014.06","HARV_014.S.20140729",14,"ok","ok","ok","Y","NEON.DOC.014050","bx2IzDOX0PRWxL2qYNwW0cIx2hiD7oH8",,0,0,0
"EA805F78A6EE49D9A7632A006702A771","D01","HARV","HARV_013","S","evergreenForest",42.392123,-72.254587,"WGS84",,180.3,,"2014-07-15","2014-07-29",6,"BET.HARV_013.2014.06","HARV_013.S.20140729",14,"ok","ok","ok","Y","NEON.DOC.014050","bx2IzDOX0PRWxL2qYNwW0cIx2hiD7oH8",,0,0,0
"D5A4E571988640BDBFBE1E0D53AABA51","D01","HARV","HARV_013","E","evergreenForest",42.392297,-72.254337,"WGS84",,180.3,,"2014-07-15","2014-07-29",6,"BET.HARV_013.2014.06","HARV_013.E.20140729",14,"ok","ok","ok","Y","NEON.DOC.014050","bx2IzDOX0PRWxL2qYNwW0cIx2hiD7oH8",,0,0,0
"A1E249BB0150459A8FF4357DD5765541","D01","HARV","HARV_013","N","evergreenForest",42.392483,-72.254572,"WGS84",,180.3,,"2014-07-15","2014-07-29",6,"BET.HARV_013.2014.06","HARV_013.N.20140729",14,"ok","ok","ok","Y","NEON.DOC.014050","bx2IzDOX0PRWxL2qYNwW0cIx2hiD7oH8",,0,0,0
"0ADE9DF74A294B5FA22CD0398B0B7539","D01","HARV","HARV_013","W","evergreenForest",42.392309,-72.254822,"WGS84",,180.3,,"2014-07-15","2014-07-29",6,"BET.HARV_013.2014.06","HARV_013.W.20140729",14,"ok","ok","ok","Y","NEON.DOC.014050","bx2IzDOX0PRWxL2qYNwW0cIx2hiD7oH8",,0,0,0
"43C762747B70470B87A8FDF590338A64","D01","HARV","HARV_010","S","mixedForest",42.424543,-72.254631,"WGS84",,187.8,,"2014-07-15","2014-07-29",6,"BET.HARV_010.2014.06","HARV_010.S.20140729",14,"ok","ok","ok","Y","NEON.DOC.014050","bx2IzDOX0PRWxL2qYNwW0cIx2hiD7oH8",,0,0,0
"E6A1BEC6BF624EF9870437B9DE977C85","D01","HARV","HARV_010","N","mixedForest",42.424902,-72.254615,"WGS84",,187.8,,"2014-07-15","2014-07-29",6,"BET.HARV_010.2014.06","HARV_010.N.20140729",14,"ok","ok","ok","Y","NEON.DOC.014050","bx2IzDOX0PRWxL2qYNwW0cIx2hiD7oH8",,0,0,0
"E1367F7819A242CB87F3EF0D2B51DA77","D01","HARV","HARV_010","W","mixedForest",42.424728,-72.254866,"WGS84",,187.8,,"2014-07-15","2014-07-29",6,"BET.HARV_010.2014.06","HARV_010.W.20140729",14,"ok","ok","ok","Y","NEON.DOC.014050","bx2IzDOX0PRWxL2qYNwW0cIx2hiD7oH8",,0,0,0
"2E25383D2F7B4F499D98E11DA394E569","D01","HARV","HARV_010","E","mixedForest",42.424717,-72.254380,"WGS84",,187.8,,"2014-07-15","2014-07-29",6,"BET.HARV_010.2014.06","HARV_010.E.20140729",14,"ok","ok","ok","Y","NEON.DOC.014050","bx2IzDOX0PRWxL2qYNwW0cIx2hiD7oH8",,0,0,0
"14DBDDA3358E4FE5894EDD2B55D37DC6","D01","HARV","HARV_006","N","deciduousForest",42.403269,-72.253737,"WGS84",,177.9,,"2014-07-15","2014-07-29",6,"BET.HARV_006.2014.06","HARV_006.N.20140729",14,"ok","ok","ok","Y","NEON.DOC.014050","bx2IzDOX0PRWxL2qYNwW0cIx2hiD7oH8",,0,0,0
"E23B5E4E61BD44E0A45755B023B17161","D01","HARV","HARV_006","S","deciduousForest",42.402909,-72.253752,"WGS84",,177.9,,"2014-07-15","2014-07-29",6,"BET.HARV_006.2014.06","HARV_006.S.20140729",14,"ok","ok","ok","Y","NEON.DOC.014050","bx2IzDOX0PRWxL2qYNwW0cIx2hiD7oH8",,0,0,0
"03B5B37CDEDD418882F3FBC685FE18A8","D01","HARV","HARV_006","E","deciduousForest",42.403084,-72.253502,"WGS84",,177.9,,"2014-07-15","2014-07-29",6,"BET.HARV_006.2014.06","HARV_006.E.20140729",14,"ok","ok","high","Y","NEON.DOC.014050","bx2IzDOX0PRWxL2qYNwW0cIx2hiD7oH8",,0,0,0
"8EF5375F1E7344ADB0E334A8B8739DDD","D01","HARV","HARV_006","W","deciduousForest",42.403095,-72.253987,"WGS84",,177.9,,"2014-07-15","2014-07-29",6,"BET.HARV_006.2014.06","HARV_006.W.20140729",14,"ok","ok","ok","Y","NEON.DOC.014050","bx2IzDOX0PRWxL2qYNwW0cIx2hiD7oH8",,0,0,0
"79D607B156C74BAE8781B0C15D77B129","D01","HARV","HARV_005","S","deciduousForest",42.489329,-72.275158,"WGS84",,177.2,,"2014-07-15","2014-07-29",6,"BET.HARV_005.2014.06","HARV_005.S.20140729",14,"ok","ok","ok","Y","NEON.DOC.014050","bx2IzDOX0PRWxL2qYNwW0cIx2hiD7oH8",,0,0,0
"5E0DA04854CE49A5AA4AEAB479D367D3","D01","HARV","HARV_005","N","deciduousForest",42.489689,-72.275143,"WGS84",,177.2,,"2014-07-15","2014-07-29",6,"BET.HARV_005.2014.06","HARV_005.N.20140729",14,"ok","ok","ok","Y","NEON.DOC.014050","bx2IzDOX0PRWxL2qYNwW0cIx2hiD7oH8",,0,0,0
"4A4DBB55D856473D931B8D19DD0CA273","D01","HARV","HARV_005","E","deciduousForest",42.489503,-72.274907,"WGS84",,177.2,,"2014-07-15","2014-07-29",6,"BET.HARV_005.2014.06","HARV_005.E.20140729",14,"ok","ok","ok","Y","NEON.DOC.014050","bx2IzDOX0PRWxL2qYNwW0cIx2hiD7oH8",,0,0,0
"3B1BFB18741948C5A4109DBAC175D31A","D01","HARV","HARV_005","W","deciduousForest",42.489514,-72.275393,"WGS84",,177.2,,"2014-07-15","2014-07-29",6,"BET.HARV_005.2014.06","HARV_005.W.20140729",14,"ok","ok","ok","Y","NEON.DOC.014050","bx2IzDOX0PRWxL2qYNwW0cIx2hiD7oH8",,0,0,0
"4FEAB4E779F14A6AB0D03CACD4288D39","D01","HARV","HARV_002","W","deciduousForest",42.478607,-72.259809,"WGS84",,192.8,,"2014-07-15","2014-07-29",6,"BET.HARV_002.2014.06","HARV_002.W.20140729",14,"ok","ok","ok","Y","NEON.DOC.014050","bx2IzDOX0PRWxL2qYNwW0cIx2hiD7oH8",,0,0,0
"D090D46CCC3E40BA98875E1329B75DA3","D01","HARV","HARV_002","S","deciduousForest",42.478421,-72.259574,"WGS84",,192.8,,"2014-07-15","2014-07-29",6,"BET.HARV_002.2014.06","HARV_002.S.20140729",14,"ok","ok","high","Y","NEON.DOC.014050","bx2IzDOX0PRWxL2qYNwW0cIx2hiD7oH8",,0,0,0
"8679FB3642FD440E96A7BD260C4D2EFC","D01","HARV","HARV_002","N","deciduousForest",42.478781,-72.259558,"WGS84",,192.8,,"2014-07-15","2014-07-29",6,"BET.HARV_002.2014.06","HARV_002.N.20140729",14,"ok","ok","ok","Y","NEON.DOC.014050","bx2IzDOX0PRWxL2qYNwW0cIx2hiD7oH8",,0,0,0
"C9B8E12F8DC24EDCB8A35AFF61A1D22B","D01","HARV","HARV_002","E","deciduousForest",42.478595,-72.259323,"WGS84",,192.8,,"2014-07-15","2014-07-29",6,"BET.HARV_002.2014.06","HARV_002.E.20140729",14,"ok","ok","ok","Y","NEON.DOC.014050","bx2IzDOX0PRWxL2qYNwW0cIx2hiD7oH8",,0,0,0
"A30A7E5260C64F72B36598CCA1DD44EA","D01","HARV","HARV_004","E","mixedForest",42.427089,-72.229480,"WGS84",,230.1,,"2014-07-15","2014-07-29",6,"BET.HARV_004.2014.06","HARV_004.E.20140729",14,"ok","ok","ok","Y","NEON.DOC.014050","bx2IzDOX0PRWxL2qYNwW0cIx2hiD7oH8",,0,0,0
"EC41EC9C495A4B22B8778933398CB3E5","D01","HARV","HARV_004","S","mixedForest",42.426915,-72.229731,"WGS84",,230.1,,"2014-07-15","2014-07-29",6,"BET.HARV_004.2014.06","HARV_004.S.20140729",14,"ok","ok","ok","Y","NEON.DOC.014050","bx2IzDOX0PRWxL2qYNwW0cIx2hiD7oH8",,0,0,0
"1816DA6112BD494EB626184E953E16D4","D01","HARV","HARV_004","W","mixedForest",42.427101,-72.229966,"WGS84",,230.1,,"2014-07-15","2014-07-29",6,"BET.HARV_004.2014.06","HARV_004.W.20140729",14,"ok","ok","ok","Y","NEON.DOC.014050","bx2IzDOX0PRWxL2qYNwW0cIx2hiD7oH8",,0,0,0
"08F5D64A5CAB450D854EF496D04DAAFF","D01","HARV","HARV_004","N","mixedForest",42.427275,-72.229715,"WGS84",,230.1,,"2014-07-15","2014-07-29",6,"BET.HARV_004.2014.06","HARV_004.N.20140729",14,"ok","ok","high","Y","NEON.DOC.014050","bx2IzDOX0PRWxL2qYNwW0cIx2hiD7oH8","250mL of PG.",0,0,0
"7E9D4C4B7E314AAD8D23822C753C2378","D01","HARV","HARV_001","S","deciduousForest",42.424090,-72.258297,"WGS84",,191.5,,"2014-07-15","2014-07-29",6,"BET.HARV_001.2014.06","HARV_001.S.20140729",14,"ok","ok","ok","Y","NEON.DOC.014050","bx2IzDOX0PRWxL2qYNwW0cIx2hiD7oH8",,0,0,0
"0426DEC6C58142918C60F2B3C062F14F","D01","HARV","HARV_001","N","deciduousForest",42.424450,-72.258281,"WGS84",,191.5,,"2014-07-15","2014-07-29",6,"BET.HARV_001.2014.06","HARV_001.N.20140729",14,"ok","ok","ok","Y","NEON.DOC.014050","bx2IzDOX0PRWxL2qYNwW0cIx2hiD7oH8",,0,0,0
"A5CE0B476C7E48BC9C9EB08FAD8DEA8E","D01","HARV","HARV_001","W","deciduousForest",42.424276,-72.258532,"WGS84",,191.5,,"2014-07-15","2014-07-29",6,"BET.HARV_001.2014.06","HARV_001.W.20140729",14,"ok","ok","ok","Y","NEON.DOC.014050","bx2IzDOX0PRWxL2qYNwW0cIx2hiD7oH8",,0,0,0
"9A2C446EC7584EC082070C3602858363","D01","HARV","HARV_001","N","deciduousForest",42.424450,-72.258281,"WGS84",,191.5,,,"2014-08-12",7,"BET.HARV_001.2014.07",,,,,,,"NEON.DOC.014050",,"This record is generated by the system",1,,
"AD6DFC7A40C3476F91E8E988D66A39CD","D01","HARV","HARV_022","S","evergreenForest",42.433997,-72.198785,"WGS84",,188.8,,"2014-07-29","2014-08-12",7,"BET.HARV_022.2014.07","HARV_022.S.20140812",14,"ok","ok","ok","Y","NEON.DOC.014050","bx2IzDOX0PRWxL2qYNwW0cIx2hiD7oH8",,0,0,0
"912A4330831F47BC8ADCAEC014849F86","D01","HARV","HARV_022","W","evergreenForest",42.434182,-72.199020,"WGS84",,188.8,,"2014-07-29","2014-08-12",7,"BET.HARV_022.2014.07","HARV_022.W.20140812",14,"ok","ok","ok","Y","NEON.DOC.014050","bx2IzDOX0PRWxL2qYNwW0cIx2hiD7oH8",,0,0,0
"B489733FBCCE45158C218E469CBC74C9","D01","HARV","HARV_022","N","evergreenForest",42.434356,-72.198769,"WGS84",,188.8,,"2014-07-29","2014-08-12",7,"BET.HARV_022.2014.07","HARV_022.N.20140812",14,"ok","ok","ok","Y","NEON.DOC.014050","bx2IzDOX0PRWxL2qYNwW0cIx2hiD7oH8",,0,0,0
"06617138266343338B859F4F3E62C818","D01","HARV","HARV_022","E","evergreenForest",42.434171,-72.198534,"WGS84",,188.8,,"2014-07-29","2014-08-12",7,"BET.HARV_022.2014.07","HARV_022.E.20140812",14,"ok","ok","ok","Y","NEON.DOC.014050","bx2IzDOX0PRWxL2qYNwW0cIx2hiD7oH8",,0,0,0
"72F191F4EAA1468FA337D0C940C00497","D01","HARV","HARV_021","S","evergreenForest",42.452269,-72.250501,"WGS84",,213.7,,"2014-07-29","2014-08-12",7,"BET.HARV_021.2014.07","HARV_021.S.20140812",14,"ok","ok","ok","Y","NEON.DOC.014050","bx2IzDOX0PRWxL2qYNwW0cIx2hiD7oH8",,0,0,0
"DDC58E0D77A84F12B1AFD0EE2C53A9CB","D01","HARV","HARV_021","W","evergreenForest",42.452455,-72.250736,"WGS84",,213.7,,"2014-07-29","2014-08-12",7,"BET.HARV_021.2014.07","HARV_021.W.20140812",14,"ok","ok","ok","Y","NEON.DOC.014050","bx2IzDOX0PRWxL2qYNwW0cIx2hiD7oH8",,0,0,0
"B378D7CF9EAD4B41B36AB12F35028183","D01","HARV","HARV_021","N","evergreenForest",42.452629,-72.250485,"WGS84",,213.7,,"2014-07-29","2014-08-12",7,"BET.HARV_021.2014.07","HARV_021.N.20140812",14,"ok","ok","ok","Y","NEON.DOC.014050","bx2IzDOX0PRWxL2qYNwW0cIx2hiD7oH8",,0,0,0
"4033CA5E31F246EE9833D5F71B4CB469","D01","HARV","HARV_021","E","evergreenForest",42.452443,-72.250250,"WGS84",,213.7,,"2014-07-29","2014-08-12",7,"BET.HARV_021.2014.07","HARV_021.E.20140812",14,"ok","ok","ok","Y","NEON.DOC.014050","bx2IzDOX0PRWxL2qYNwW0cIx2hiD7oH8",,0,0,0
"80E080046E6245E88043F24E8E14CDD4","D01","HARV","HARV_014","S","mixedForest",42.471274,-72.265725,"WGS84",,193.5,,"2014-07-29","2014-08-12",7,"BET.HARV_014.2014.07","HARV_014.S.20140812",14,"ok","ok","ok","Y","NEON.DOC.014050","bx2IzDOX0PRWxL2qYNwW0cIx2hiD7oH8",,0,0,0
"E81DC77645B04F709EECF602C3DACA0A","D01","HARV","HARV_014","E","mixedForest",42.471448,-72.265474,"WGS84",,193.5,,"2014-07-29","2014-08-12",7,"BET.HARV_014.2014.07","HARV_014.E.20140812",14,"ok","ok","ok","Y","NEON.DOC.014050","bx2IzDOX0PRWxL2qYNwW0cIx2hiD7oH8",,0,0,0
"BB456B973E5348659476FB16EC282020","D01","HARV","HARV_014","N","mixedForest",42.471634,-72.265709,"WGS84",,193.5,,"2014-07-29","2014-08-12",7,"BET.HARV_014.2014.07","HARV_014.N.20140812",14,"ok","ok","ok","Y","NEON.DOC.014050","bx2IzDOX0PRWxL2qYNwW0cIx2hiD7oH8",,0,0,0
"8708BE9AF8134B6390A274A181DB5EE2","D01","HARV","HARV_014","W","mixedForest",42.471460,-72.265960,"WGS84",,193.5,,"2014-07-29","2014-08-12",7,"BET.HARV_014.2014.07","HARV_014.W.20140812",14,"ok","ok","ok","Y","NEON.DOC.014050","bx2IzDOX0PRWxL2qYNwW0cIx2hiD7oH8",,0,0,0
"E354CE2F6F7C4657AE7F2DB1C8AE78B9","D01","HARV","HARV_013","E","evergreenForest",42.392297,-72.254337,"WGS84",,180.3,,"2014-07-29","2014-08-12",7,"BET.HARV_013.2014.07","HARV_013.E.20140812",14,"ok","disturbed","ok","Y","NEON.DOC.014050","bx2IzDOX0PRWxL2qYNwW0cIx2hiD7oH8",,0,0,0
"F054166AC2834371A32C786C0E22E24B","D01","HARV","HARV_013","S","evergreenForest",42.392123,-72.254587,"WGS84",,180.3,,"2014-07-29","2014-08-12",7,"BET.HARV_013.2014.07","HARV_013.S.20140812",14,"ok","ok","high","Y","NEON.DOC.014050","bx2IzDOX0PRWxL2qYNwW0cIx2hiD7oH8",,0,0,0
"BC355AD64F09453DB1E002E8ED7F500B","D01","HARV","HARV_013","W","evergreenForest",42.392309,-72.254822,"WGS84",,180.3,,"2014-07-29","2014-08-12",7,"BET.HARV_013.2014.07","HARV_013.W.20140812",14,"ok","ok","ok","Y","NEON.DOC.014050","bx2IzDOX0PRWxL2qYNwW0cIx2hiD7oH8",,0,0,0
"CC8D9A496CCB488B8C7292E563E0CE83","D01","HARV","HARV_013","N","evergreenForest",42.392483,-72.254572,"WGS84",,180.3,,"2014-07-29","2014-08-12",7,"BET.HARV_013.2014.07","HARV_013.N.20140812",14,"ok","ok","ok","Y","NEON.DOC.014050","bx2IzDOX0PRWxL2qYNwW0cIx2hiD7oH8",,0,0,0
"D0FFE017310043E8BB2D083CDB6A59B6","D01","HARV","HARV_010","N","mixedForest",42.424902,-72.254615,"WGS84",,187.8,,"2014-07-29","2014-08-12",7,"BET.HARV_010.2014.07","HARV_010.N.20140812",14,"ok","ok","ok","Y","NEON.DOC.014050","bx2IzDOX0PRWxL2qYNwW0cIx2hiD7oH8",,0,0,0
"8219029D7AD54A5DBAD09E9152A38578","D01","HARV","HARV_010","S","mixedForest",42.424543,-72.254631,"WGS84",,187.8,,"2014-07-29","2014-08-12",7,"BET.HARV_010.2014.07","HARV_010.S.20140812",14,"ok","ok","ok","Y","NEON.DOC.014050","bx2IzDOX0PRWxL2qYNwW0cIx2hiD7oH8",,0,0,0
"31B879F1A7804A728C9B2FEF4CB69B03","D01","HARV","HARV_010","W","mixedForest",42.424728,-72.254866,"WGS84",,187.8,,"2014-07-29","2014-08-12",7,"BET.HARV_010.2014.07","HARV_010.W.20140812",14,"ok","ok","ok","Y","NEON.DOC.014050","bx2IzDOX0PRWxL2qYNwW0cIx2hiD7oH8",,0,0,0
"2484FA549BEE41508861873E0DBC1159","D01","HARV","HARV_010","E","mixedForest",42.424717,-72.254380,"WGS84",,187.8,,"2014-07-29","2014-08-12",7,"BET.HARV_010.2014.07","HARV_010.E.20140812",14,"ok","ok","ok","Y","NEON.DOC.014050","bx2IzDOX0PRWxL2qYNwW0cIx2hiD7oH8",,0,0,0
"746BA3002A0741F5965B42CEFFA0111C","D01","HARV","HARV_006","E","deciduousForest",42.403084,-72.253502,"WGS84",,177.9,,"2014-07-29","2014-08-12",7,"BET.HARV_006.2014.07","HARV_006.E.20140812",14,"ok","ok","ok","Y","NEON.DOC.014050","bx2IzDOX0PRWxL2qYNwW0cIx2hiD7oH8",,0,0,0
"9AAB14FB61EA41698194B7A0FB1D10B1","D01","HARV","HARV_006","N","deciduousForest",42.403269,-72.253737,"WGS84",,177.9,,"2014-07-29","2014-08-12",7,"BET.HARV_006.2014.07","HARV_006.N.20140812",14,"ok","ok","ok","Y","NEON.DOC.014050","bx2IzDOX0PRWxL2qYNwW0cIx2hiD7oH8",,0,0,0
"6227531B1C404FEC9C1986F5ECDC0836","D01","HARV","HARV_006","S","deciduousForest",42.402909,-72.253752,"WGS84",,177.9,,"2014-07-29","2014-08-12",7,"BET.HARV_006.2014.07","HARV_006.S.20140812",14,"ok","ok","ok","Y","NEON.DOC.014050","bx2IzDOX0PRWxL2qYNwW0cIx2hiD7oH8","Trap was flooded with mud.  Some small bycatch may have been missed.",0,0,0
"57787360C4FB4DA8A28B2CA723E7840E","D01","HARV","HARV_006","W","deciduousForest",42.403095,-72.253987,"WGS84",,177.9,,"2014-07-29","2014-08-12",7,"BET.HARV_006.2014.07","HARV_006.W.20140812",14,"ok","ok","ok","Y","NEON.DOC.014050","bx2IzDOX0PRWxL2qYNwW0cIx2hiD7oH8",,0,0,0
"058A32F18FD24AAE8FE880583DAF7795","D01","HARV","HARV_005","N","deciduousForest",42.489689,-72.275143,"WGS84",,177.2,,"2014-07-29","2014-08-12",7,"BET.HARV_005.2014.07","HARV_005.N.20140812",14,"ok","ok","ok","Y","NEON.DOC.014050","bx2IzDOX0PRWxL2qYNwW0cIx2hiD7oH8",,0,0,0
"FBD9BBB852ED40EDB6BC2A125C3E4CAE","D01","HARV","HARV_005","E","deciduousForest",42.489503,-72.274907,"WGS84",,177.2,,"2014-07-29","2014-08-12",7,"BET.HARV_005.2014.07","HARV_005.E.20140812",14,"ok","ok","ok","Y","NEON.DOC.014050","bx2IzDOX0PRWxL2qYNwW0cIx2hiD7oH8",,0,0,0
"61438F10A1144860AE3BEFF711E468FC","D01","HARV","HARV_005","S","deciduousForest",42.489329,-72.275158,"WGS84",,177.2,,"2014-07-29","2014-08-12",7,"BET.HARV_005.2014.07","HARV_005.S.20140812",14,"ok","ok","ok","Y","NEON.DOC.014050","bx2IzDOX0PRWxL2qYNwW0cIx2hiD7oH8",,0,0,0
"9E491D0997B74103BBB021E70101A0F0","D01","HARV","HARV_005","W","deciduousForest",42.489514,-72.275393,"WGS84",,177.2,,"2014-07-29","2014-08-12",7,"BET.HARV_005.2014.07","HARV_005.W.20140812",14,"ok","ok","ok","Y","NEON.DOC.014050","bx2IzDOX0PRWxL2qYNwW0cIx2hiD7oH8",,0,0,0
"D1F3B77B3B2243D19E4A89DF6E2E277B","D01","HARV","HARV_002","N","deciduousForest",42.478781,-72.259558,"WGS84",,192.8,,"2014-07-29","2014-08-12",7,"BET.HARV_002.2014.07","HARV_002.N.20140812",14,"ok","ok","ok","Y","NEON.DOC.014050","bx2IzDOX0PRWxL2qYNwW0cIx2hiD7oH8",,0,0,0
"D3CDEE4913EC4E15BC865B4E55F7129A","D01","HARV","HARV_002","E","deciduousForest",42.478595,-72.259323,"WGS84",,192.8,,"2014-07-29","2014-08-12",7,"BET.HARV_002.2014.07","HARV_002.E.20140812",14,"ok","ok","ok","Y","NEON.DOC.014050","bx2IzDOX0PRWxL2qYNwW0cIx2hiD7oH8",,0,0,0
"3F9F6F5759484E62893AA59A8525C636","D01","HARV","HARV_002","S","deciduousForest",42.478421,-72.259574,"WGS84",,192.8,,"2014-07-29","2014-08-12",7,"BET.HARV_002.2014.07","HARV_002.S.20140812",14,"ok","ok","ok","Y","NEON.DOC.014050","bx2IzDOX0PRWxL2qYNwW0cIx2hiD7oH8",,0,0,0
"6FCFBC4D2055489BACE10349C648C8FE","D01","HARV","HARV_002","W","deciduousForest",42.478607,-72.259809,"WGS84",,192.8,,"2014-07-29","2014-08-12",7,"BET.HARV_002.2014.07","HARV_002.W.20140812",14,"ok","ok","ok","Y","NEON.DOC.014050","bx2IzDOX0PRWxL2qYNwW0cIx2hiD7oH8",,0,0,0
"A35D3ACB7C544EA4B39E8E04811069A9","D01","HARV","HARV_004","E","mixedForest",42.427089,-72.229480,"WGS84",,230.1,,"2014-07-29","2014-08-12",7,"BET.HARV_004.2014.07","HARV_004.E.20140812",14,"ok","ok","ok","Y","NEON.DOC.014050","bx2IzDOX0PRWxL2qYNwW0cIx2hiD7oH8",,0,0,0
"76C2E12F74324D1998E45D8AF10B9A54","D01","HARV","HARV_004","N","mixedForest",42.427275,-72.229715,"WGS84",,230.1,,"2014-07-29","2014-08-12",7,"BET.HARV_004.2014.07","HARV_004.N.20140812",14,"ok","ok","ok","Y","NEON.DOC.014050","bx2IzDOX0PRWxL2qYNwW0cIx2hiD7oH8",,0,0,0
"B6EB1BF0B4634DE282CF69A3BF91AD37","D01","HARV","HARV_004","S","mixedForest",42.426915,-72.229731,"WGS84",,230.1,,"2014-07-29","2014-08-12",7,"BET.HARV_004.2014.07","HARV_004.S.20140812",14,"ok","ok","ok","Y","NEON.DOC.014050","bx2IzDOX0PRWxL2qYNwW0cIx2hiD7oH8",,0,0,0
"36F57F6A57A74844AC33E95EDC0B6BA6","D01","HARV","HARV_004","W","mixedForest",42.427101,-72.229966,"WGS84",,230.1,,"2014-07-29","2014-08-12",7,"BET.HARV_004.2014.07","HARV_004.W.20140812",14,"ok","ok","ok","Y","NEON.DOC.014050","bx2IzDOX0PRWxL2qYNwW0cIx2hiD7oH8",,0,0,0
"2550F3DF5A774083A5D04328D17F8F0B","D01","HARV","HARV_001","W","deciduousForest",42.424276,-72.258532,"WGS84",,191.5,,"2014-07-29","2014-08-12",7,"BET.HARV_001.2014.07","HARV_001.W.20140812",14,"ok","ok","ok","Y","NEON.DOC.014050","bx2IzDOX0PRWxL2qYNwW0cIx2hiD7oH8",,0,1,0
"31884349BDB44750A8E8615B3A7F55D1","D01","HARV","HARV_001","E","deciduousForest",42.424264,-72.258046,"WGS84",,191.5,,"2014-07-29","2014-08-12",7,"BET.HARV_001.2014.07","HARV_001.E.20140812",14,"ok","ok","ok","Y","NEON.DOC.014050","bx2IzDOX0PRWxL2qYNwW0cIx2hiD7oH8",,0,0,0
"DD1DD5458407408CBE61AB00840470D5","D01","HARV","HARV_001","S","deciduousForest",42.424090,-72.258297,"WGS84",,191.5,,"2014-07-29","2014-08-12",7,"BET.HARV_001.2014.07","HARV_001.S.20140812",14,"ok","ok","ok","Y","NEON.DOC.014050","bx2IzDOX0PRWxL2qYNwW0cIx2hiD7oH8",,0,0,0
"07AACB3CD47D47B28A8553274C9BD2B1","D01","HARV","HARV_001","S","deciduousForest",42.424090,-72.258297,"WGS84",,191.5,,"2014-08-12","2014-08-26",8,"BET.HARV_001.2014.08","HARV_001.S.20140826",14,"ok","ok","ok","Y","NEON.DOC.014050","bx2IzDOX0PRWxL2qYNwW0cIx2hiD7oH8",,0,0,0
"7C3065C14EF740F8B53289C317B046A0","D01","HARV","HARV_022","E","evergreenForest",42.434171,-72.198534,"WGS84",,188.8,,"2014-08-12","2014-08-26",8,"BET.HARV_022.2014.08","HARV_022.E.20140826",14,"ok","ok","ok","Y","NEON.DOC.014050","bx2IzDOX0PRWxL2qYNwW0cIx2hiD7oH8",,0,0,0
"329E2AB8B3044678B3F8AC5DABCEA2E3","D01","HARV","HARV_022","S","evergreenForest",42.433997,-72.198785,"WGS84",,188.8,,"2014-08-12","2014-08-26",8,"BET.HARV_022.2014.08","HARV_022.S.20140826",14,"ok","ok","ok","Y","NEON.DOC.014050","bx2IzDOX0PRWxL2qYNwW0cIx2hiD7oH8",,0,0,0
"C98222578A1240A59720DA2C617F30AE","D01","HARV","HARV_022","W","evergreenForest",42.434182,-72.199020,"WGS84",,188.8,,"2014-08-12","2014-08-26",8,"BET.HARV_022.2014.08","HARV_022.W.20140826",14,"ok","ok","ok","Y","NEON.DOC.014050","bx2IzDOX0PRWxL2qYNwW0cIx2hiD7oH8",,0,0,0
"012FE108D6AE4BC38EFC297D46E8B7D5","D01","HARV","HARV_022","N","evergreenForest",42.434356,-72.198769,"WGS84",,188.8,,"2014-08-12","2014-08-26",8,"BET.HARV_022.2014.08","HARV_022.N.20140826",14,"ok","ok","ok","Y","NEON.DOC.014050","bx2IzDOX0PRWxL2qYNwW0cIx2hiD7oH8",,0,0,0
"C19F7AFE06F54B07B246FF46FD1797D5","D01","HARV","HARV_021","N","evergreenForest",42.452629,-72.250485,"WGS84",,213.7,,"2014-08-12","2014-08-26",8,"BET.HARV_021.2014.08","HARV_021.N.20140826",14,"ok","ok","ok","Y","NEON.DOC.014050","bx2IzDOX0PRWxL2qYNwW0cIx2hiD7oH8",,0,0,0
"43B6FEDBFFB0428BA00947B025DACCEC","D01","HARV","HARV_021","E","evergreenForest",42.452443,-72.250250,"WGS84",,213.7,,"2014-08-12","2014-08-26",8,"BET.HARV_021.2014.08","HARV_021.E.20140826",14,"ok","ok","ok","Y","NEON.DOC.014050","bx2IzDOX0PRWxL2qYNwW0cIx2hiD7oH8",,0,0,0
"0D39594544AF4C33B845A0F7FC52AC41","D01","HARV","HARV_021","S","evergreenForest",42.452269,-72.250501,"WGS84",,213.7,,"2014-08-12","2014-08-26",8,"BET.HARV_021.2014.08","HARV_021.S.20140826",14,"ok","ok","ok","Y","NEON.DOC.014050","bx2IzDOX0PRWxL2qYNwW0cIx2hiD7oH8",,0,0,0
"4415EDBCCE9C44DFA7E600BDFF6B4AA6","D01","HARV","HARV_021","W","evergreenForest",42.452455,-72.250736,"WGS84",,213.7,,"2014-08-12","2014-08-26",8,"BET.HARV_021.2014.08","HARV_021.W.20140826",14,"ok","ok","ok","Y","NEON.DOC.014050","bx2IzDOX0PRWxL2qYNwW0cIx2hiD7oH8",,0,0,0
"ED352301715342C5ADC5EFC8D52780B1","D01","HARV","HARV_014","N","mixedForest",42.471634,-72.265709,"WGS84",,193.5,,"2014-08-12","2014-08-26",8,"BET.HARV_014.2014.08","HARV_014.N.20140826",14,"ok","ok","ok","Y","NEON.DOC.014050","bx2IzDOX0PRWxL2qYNwW0cIx2hiD7oH8",,0,0,0
"6094D3B2C8AC425D95619A3FCB3A743F","D01","HARV","HARV_014","S","mixedForest",42.471274,-72.265725,"WGS84",,193.5,,"2014-08-12","2014-08-26",8,"BET.HARV_014.2014.08","HARV_014.S.20140826",14,"ok","ok","ok","Y","NEON.DOC.014050","bx2IzDOX0PRWxL2qYNwW0cIx2hiD7oH8",,0,0,0
"9182DBE4B88F4C63A15B849CF2988429","D01","HARV","HARV_014","W","mixedForest",42.471460,-72.265960,"WGS84",,193.5,,"2014-08-12","2014-08-26",8,"BET.HARV_014.2014.08","HARV_014.W.20140826",14,"ok","ok","ok","Y","NEON.DOC.014050","bx2IzDOX0PRWxL2qYNwW0cIx2hiD7oH8",,0,0,0
"8AE5C98F44734A81A5C068D86EE59843","D01","HARV","HARV_014","E","mixedForest",42.471448,-72.265474,"WGS84",,193.5,,"2014-08-12","2014-08-26",8,"BET.HARV_014.2014.08","HARV_014.E.20140826",14,"ok","ok","ok","Y","NEON.DOC.014050","bx2IzDOX0PRWxL2qYNwW0cIx2hiD7oH8",,0,0,0
"86FB1640AD9E4D1C8A176FBA18072CA9","D01","HARV","HARV_013","N","evergreenForest",42.392483,-72.254572,"WGS84",,180.3,,"2014-08-12","2014-08-26",8,"BET.HARV_013.2014.08","HARV_013.N.20140826",14,"ok","ok","ok","Y","NEON.DOC.014050","bx2IzDOX0PRWxL2qYNwW0cIx2hiD7oH8",,0,0,0
"B5852E0E56344572ABB784717C37E77F","D01","HARV","HARV_013","W","evergreenForest",42.392309,-72.254822,"WGS84",,180.3,,"2014-08-12","2014-08-26",8,"BET.HARV_013.2014.08","HARV_013.W.20140826",14,"ok","ok","ok","Y","NEON.DOC.014050","bx2IzDOX0PRWxL2qYNwW0cIx2hiD7oH8",,0,0,0
"F64D111D96F24D4488AFD239D13B3882","D01","HARV","HARV_013","E","evergreenForest",42.392297,-72.254337,"WGS84",,180.3,,"2014-08-12","2014-08-26",8,"BET.HARV_013.2014.08","HARV_013.E.20140826",14,"ok","ok","ok","Y","NEON.DOC.014050","bx2IzDOX0PRWxL2qYNwW0cIx2hiD7oH8",,0,0,0
"3342226A69F440F29182663F7E4DEA81","D01","HARV","HARV_013","S","evergreenForest",42.392123,-72.254587,"WGS84",,180.3,,"2014-08-12","2014-08-26",8,"BET.HARV_013.2014.08","HARV_013.S.20140826",14,"ok","ok","ok","Y","NEON.DOC.014050","bx2IzDOX0PRWxL2qYNwW0cIx2hiD7oH8",,0,0,0
"095BB7FF2B134B77A2E341B636BCBC5D","D01","HARV","HARV_010","S","mixedForest",42.424543,-72.254631,"WGS84",,187.8,,"2014-08-12","2014-08-26",8,"BET.HARV_010.2014.08","HARV_010.S.20140826",14,"ok","ok","ok","Y","NEON.DOC.014050","bx2IzDOX0PRWxL2qYNwW0cIx2hiD7oH8",,0,0,0
"0E9E2C84EE824639977C7B5FDA1C21B7","D01","HARV","HARV_010","E","mixedForest",42.424717,-72.254380,"WGS84",,187.8,,"2014-08-12","2014-08-26",8,"BET.HARV_010.2014.08","HARV_010.E.20140826",14,"ok","ok","ok","Y","NEON.DOC.014050","bx2IzDOX0PRWxL2qYNwW0cIx2hiD7oH8",,0,0,0
"58F5308E41174CE38045AFEF3972D043","D01","HARV","HARV_010","N","mixedForest",42.424902,-72.254615,"WGS84",,187.8,,"2014-08-12","2014-08-26",8,"BET.HARV_010.2014.08","HARV_010.N.20140826",14,"ok","ok","ok","Y","NEON.DOC.014050","bx2IzDOX0PRWxL2qYNwW0cIx2hiD7oH8",,0,0,0
"537462FB0BA94205BADEE44287E2FC74","D01","HARV","HARV_010","W","mixedForest",42.424728,-72.254866,"WGS84",,187.8,,"2014-08-12","2014-08-26",8,"BET.HARV_010.2014.08","HARV_010.W.20140826",14,"ok","ok","high","Y","NEON.DOC.014050","bx2IzDOX0PRWxL2qYNwW0cIx2hiD7oH8",,0,0,0
"6EE4E0056E2143E88B9FA81A9C68128E","D01","HARV","HARV_006","W","deciduousForest",42.403095,-72.253987,"WGS84",,177.9,,"2014-08-12","2014-08-26",8,"BET.HARV_006.2014.08","HARV_006.W.20140826",14,"ok","disturbed","ok","Y","NEON.DOC.014050","bx2IzDOX0PRWxL2qYNwW0cIx2hiD7oH8",,0,0,0
"48961FB777AB4A4FB36608394BED63C4","D01","HARV","HARV_006","S","deciduousForest",42.402909,-72.253752,"WGS84",,177.9,,"2014-08-12","2014-08-26",8,"BET.HARV_006.2014.08","HARV_006.S.20140826",14,"ok","ok","ok","Y","NEON.DOC.014050","bx2IzDOX0PRWxL2qYNwW0cIx2hiD7oH8",,0,0,0
"D7E0A426F847438492BFB9B3FA810059","D01","HARV","HARV_006","N","deciduousForest",42.403269,-72.253737,"WGS84",,177.9,,"2014-08-12","2014-08-26",8,"BET.HARV_006.2014.08","HARV_006.N.20140826",14,"ok","ok","ok","Y","NEON.DOC.014050","bx2IzDOX0PRWxL2qYNwW0cIx2hiD7oH8",,0,0,0
"89220E44EEE846A68909A1A1862ECAA8","D01","HARV","HARV_006","E","deciduousForest",42.403084,-72.253502,"WGS84",,177.9,,"2014-08-12","2014-08-26",8,"BET.HARV_006.2014.08","HARV_006.E.20140826",14,"ok","ok","ok","Y","NEON.DOC.014050","bx2IzDOX0PRWxL2qYNwW0cIx2hiD7oH8",,0,0,0
"0EAE58E81C70467489BCCA2DF25BF12F","D01","HARV","HARV_005","W","deciduousForest",42.489514,-72.275393,"WGS84",,177.2,,"2014-08-12","2014-08-26",8,"BET.HARV_005.2014.08","HARV_005.W.20140826",14,"ok","ok","ok","Y","NEON.DOC.014050","bx2IzDOX0PRWxL2qYNwW0cIx2hiD7oH8",,0,0,0
"B7E4FA8D8A484846855043D8C1E4CCF7","D01","HARV","HARV_005","E","deciduousForest",42.489503,-72.274907,"WGS84",,177.2,,"2014-08-12","2014-08-26",8,"BET.HARV_005.2014.08","HARV_005.E.20140826",14,"ok","ok","ok","Y","NEON.DOC.014050","bx2IzDOX0PRWxL2qYNwW0cIx2hiD7oH8",,0,0,0
"EF556A1A37B34547AC72A340C2E1278B","D01","HARV","HARV_005","N","deciduousForest",42.489689,-72.275143,"WGS84",,177.2,,"2014-08-12","2014-08-26",8,"BET.HARV_005.2014.08","HARV_005.N.20140826",14,"ok","ok","ok","Y","NEON.DOC.014050","bx2IzDOX0PRWxL2qYNwW0cIx2hiD7oH8",,0,0,0
"DAC86CC320A34EFC8DDFC65A52BCC212","D01","HARV","HARV_005","S","deciduousForest",42.489329,-72.275158,"WGS84",,177.2,,"2014-08-12","2014-08-26",8,"BET.HARV_005.2014.08",,14,"disturbed","disturbed","low","Y","NEON.DOC.014050","bx2IzDOX0PRWxL2qYNwW0cIx2hiD7oH8","South trap ripped apart, presumably by a bear.  ",0,0,0
"29AAA029E03344A8B41104C2F91B7B82","D01","HARV","HARV_002","S","deciduousForest",42.478421,-72.259574,"WGS84",,192.8,,"2014-08-12","2014-08-26",8,"BET.HARV_002.2014.08","HARV_002.S.20140826",14,"ok","ok","ok","Y","NEON.DOC.014050","bx2IzDOX0PRWxL2qYNwW0cIx2hiD7oH8",,0,0,0
"4366717343544AD89FC62BAB510AE3BE","D01","HARV","HARV_002","W","deciduousForest",42.478607,-72.259809,"WGS84",,192.8,,"2014-08-12","2014-08-26",8,"BET.HARV_002.2014.08","HARV_002.W.20140826",14,"ok","ok","ok","Y","NEON.DOC.014050","bx2IzDOX0PRWxL2qYNwW0cIx2hiD7oH8",,0,0,0
"5C2EC990F6F94F1BB7F6FA401F3FAB01","D01","HARV","HARV_002","N","deciduousForest",42.478781,-72.259558,"WGS84",,192.8,,"2014-08-12","2014-08-26",8,"BET.HARV_002.2014.08","HARV_002.N.20140826",14,"ok","ok","ok","Y","NEON.DOC.014050","bx2IzDOX0PRWxL2qYNwW0cIx2hiD7oH8",,0,0,0
"B714814334EF4079BE00478956530C32","D01","HARV","HARV_002","E","deciduousForest",42.478595,-72.259323,"WGS84",,192.8,,"2014-08-12","2014-08-26",8,"BET.HARV_002.2014.08","HARV_002.E.20140826",14,"ok","ok","ok","Y","NEON.DOC.014050","bx2IzDOX0PRWxL2qYNwW0cIx2hiD7oH8",,0,0,0
"4A744399F0AF4F8097D1815D2259047E","D01","HARV","HARV_004","E","mixedForest",42.427089,-72.229480,"WGS84",,230.1,,"2014-08-12","2014-08-26",8,"BET.HARV_004.2014.08","HARV_004.E.20140826",14,"ok","ok","ok","Y","NEON.DOC.014050","bx2IzDOX0PRWxL2qYNwW0cIx2hiD7oH8",,0,0,0
"7FAE509F09C944608065F8106681D41D","D01","HARV","HARV_004","S","mixedForest",42.426915,-72.229731,"WGS84",,230.1,,"2014-08-12","2014-08-26",8,"BET.HARV_004.2014.08","HARV_004.S.20140826",14,"ok","ok","low","Y","NEON.DOC.014050","bx2IzDOX0PRWxL2qYNwW0cIx2hiD7oH8",,0,0,0
"72552FAEDE6E450F8217C658F4B2C516","D01","HARV","HARV_004","W","mixedForest",42.427101,-72.229966,"WGS84",,230.1,,"2014-08-12","2014-08-26",8,"BET.HARV_004.2014.08","HARV_004.W.20140826",14,"ok","ok","ok","Y","NEON.DOC.014050","bx2IzDOX0PRWxL2qYNwW0cIx2hiD7oH8",,0,0,0
"D41418D198F64F8C9B256FE86F37F463","D01","HARV","HARV_004","N","mixedForest",42.427275,-72.229715,"WGS84",,230.1,,"2014-08-12","2014-08-26",8,"BET.HARV_004.2014.08","HARV_004.N.20140826",14,"ok","ok","ok","Y","NEON.DOC.014050","bx2IzDOX0PRWxL2qYNwW0cIx2hiD7oH8",,0,0,0
"CAD192895E46485A9FF21FD6B4B44491","D01","HARV","HARV_001","E","deciduousForest",42.424264,-72.258046,"WGS84",,191.5,,"2014-08-12","2014-08-26",8,"BET.HARV_001.2014.08","HARV_001.E.20140826",14,"ok","ok","ok","Y","NEON.DOC.014050","bx2IzDOX0PRWxL2qYNwW0cIx2hiD7oH8",,0,0,0
"EDD68023768E40DD8ED9D345656895FD","D01","HARV","HARV_001","N","deciduousForest",42.424450,-72.258281,"WGS84",,191.5,,"2014-08-12","2014-08-26",8,"BET.HARV_001.2014.08","HARV_001.N.20140826",14,"ok","ok","ok","Y","NEON.DOC.014050","bx2IzDOX0PRWxL2qYNwW0cIx2hiD7oH8",,0,0,0
"F1BFECD860A949A9B57654B8D65AA39E","D01","HARV","HARV_001","W","deciduousForest",42.424276,-72.258532,"WGS84",,191.5,,"2014-08-12","2014-08-26",8,"BET.HARV_001.2014.08","HARV_001.W.20140826",14,"ok","ok","ok","Y","NEON.DOC.014050","bx2IzDOX0PRWxL2qYNwW0cIx2hiD7oH8",,0,0,0
"86B9B7A8379B4A52956FC28B5340553E","D01","HARV","HARV_001","N","deciduousForest",42.424450,-72.258281,"WGS84",,191.5,,"2014-08-26","2014-09-09",9,"BET.HARV_001.2014.09","HARV_001.N.20140909",14,"ok","ok","ok","N","NEON.DOC.014050","bx2IzDOX0PRWxL2qYNwW0cIx2hiD7oH8",,0,0,0
"66498BC9E9A447EEB4BF2D5C340B2D17","D01","HARV","HARV_001","S","deciduousForest",42.424090,-72.258297,"WGS84",,191.5,,"2014-08-26","2014-09-09",9,"BET.HARV_001.2014.09","HARV_001.S.20140909",14,"ok","ok","ok","N","NEON.DOC.014050","bx2IzDOX0PRWxL2qYNwW0cIx2hiD7oH8",,0,0,0
"84258CE3AAC843E6B38EEDE093453274","D01","HARV","HARV_001","E","deciduousForest",42.424264,-72.258046,"WGS84",,191.5,,"2014-08-26","2014-09-09",9,"BET.HARV_001.2014.09","HARV_001.E.20140909",14,"ok","ok","ok","N","NEON.DOC.014050","bx2IzDOX0PRWxL2qYNwW0cIx2hiD7oH8",,0,0,0
"DAE5AF99052947E1B3DD58F25BB673CC","D01","HARV","HARV_001","W","deciduousForest",42.424276,-72.258532,"WGS84",,191.5,,"2014-08-26","2014-09-09",9,"BET.HARV_001.2014.09","HARV_001.W.20140909",14,"ok","ok","ok","N","NEON.DOC.014050","bx2IzDOX0PRWxL2qYNwW0cIx2hiD7oH8",,0,0,0
"4A6FD82DF1A74FF680E26026E7759C9E","D01","HARV","HARV_004","S","mixedForest",42.426915,-72.229731,"WGS84",,230.1,,"2014-08-26","2014-09-09",9,"BET.HARV_004.2014.09","HARV_004.S.20140909",14,"ok","ok","ok","N","NEON.DOC.014050","bx2IzDOX0PRWxL2qYNwW0cIx2hiD7oH8",,0,0,0
"3735321B93C74ACDBF3637283AB5A59D","D01","HARV","HARV_004","N","mixedForest",42.427275,-72.229715,"WGS84",,230.1,,"2014-08-26","2014-09-09",9,"BET.HARV_004.2014.09","HARV_004.N.20140909",14,"ok","ok","ok","N","NEON.DOC.014050","bx2IzDOX0PRWxL2qYNwW0cIx2hiD7oH8",,0,0,0
"6093C69DB5F94161ADF1A764815D9569","D01","HARV","HARV_004","W","mixedForest",42.427101,-72.229966,"WGS84",,230.1,,"2014-08-26","2014-09-09",9,"BET.HARV_004.2014.09","HARV_004.W.20140909",14,"ok","ok","ok","N","NEON.DOC.014050","bx2IzDOX0PRWxL2qYNwW0cIx2hiD7oH8",,0,0,0
"BE431FB62FC74DF8B33574D736BF0DE1","D01","HARV","HARV_004","E","mixedForest",42.427089,-72.229480,"WGS84",,230.1,,"2014-08-26","2014-09-09",9,"BET.HARV_004.2014.09","HARV_004.E.20140909",14,"ok","ok","ok","N","NEON.DOC.014050","bx2IzDOX0PRWxL2qYNwW0cIx2hiD7oH8",,0,0,0
"BE8CEE4CECFF4366AF88E673D3C5582A","D01","HARV","HARV_002","S","deciduousForest",42.478421,-72.259574,"WGS84",,192.8,,"2014-08-26","2014-09-09",9,"BET.HARV_002.2014.09","HARV_002.S.20140909",14,"ok","ok","ok","N","NEON.DOC.014050","bx2IzDOX0PRWxL2qYNwW0cIx2hiD7oH8",,0,0,0
"D6B3C4B985FB4EA4BBB52E17B9E18C4C","D01","HARV","HARV_002","N","deciduousForest",42.478781,-72.259558,"WGS84",,192.8,,"2014-08-26","2014-09-09",9,"BET.HARV_002.2014.09","HARV_002.N.20140909",14,"ok","ok","ok","N","NEON.DOC.014050","bx2IzDOX0PRWxL2qYNwW0cIx2hiD7oH8",,0,0,0
"82A420F46EEB4390B3A01AF215AE12D0","D01","HARV","HARV_002","W","deciduousForest",42.478607,-72.259809,"WGS84",,192.8,,"2014-08-26","2014-09-09",9,"BET.HARV_002.2014.09","HARV_002.W.20140909",14,"ok","ok","ok","N","NEON.DOC.014050","bx2IzDOX0PRWxL2qYNwW0cIx2hiD7oH8",,0,0,0
"CE76073D2DED43E196773DFC35FD7233","D01","HARV","HARV_002","E","deciduousForest",42.478595,-72.259323,"WGS84",,192.8,,"2014-08-26","2014-09-09",9,"BET.HARV_002.2014.09","HARV_002.E.20140909",14,"ok","ok","ok","N","NEON.DOC.014050","bx2IzDOX0PRWxL2qYNwW0cIx2hiD7oH8",,0,0,0
"479404A1F5984189A840FA93FAD6874D","D01","HARV","HARV_005","N","deciduousForest",42.489689,-72.275143,"WGS84",,177.2,,"2014-08-26","2014-09-09",9,"BET.HARV_005.2014.09","HARV_005.N.20140909",14,"ok","ok","ok","N","NEON.DOC.014050","bx2IzDOX0PRWxL2qYNwW0cIx2hiD7oH8",,0,0,0
"BD4A114B3331492788C4587D43C6E7D2","D01","HARV","HARV_005","E","deciduousForest",42.489503,-72.274907,"WGS84",,177.2,,"2014-08-26","2014-09-09",9,"BET.HARV_005.2014.09","HARV_005.E.20140909",14,"ok","ok","ok","N","NEON.DOC.014050","bx2IzDOX0PRWxL2qYNwW0cIx2hiD7oH8",,0,0,0
"7DB6E3C8DFD8414FAC32ED0387ED9D28","D01","HARV","HARV_005","W","deciduousForest",42.489514,-72.275393,"WGS84",,177.2,,"2014-08-26","2014-09-09",9,"BET.HARV_005.2014.09","HARV_005.W.20140909",14,"ok","ok","ok","N","NEON.DOC.014050","bx2IzDOX0PRWxL2qYNwW0cIx2hiD7oH8",,0,0,0
"0CF141DCAAE94CDABA1D18F650B42416","D01","HARV","HARV_005","S","deciduousForest",42.489329,-72.275158,"WGS84",,177.2,,"2014-08-26","2014-09-09",9,"BET.HARV_005.2014.09",,14,"disturbed","disturbed","low","N","NEON.DOC.014050","bx2IzDOX0PRWxL2qYNwW0cIx2hiD7oH8",,0,0,0
"59B0360E777542089A98B4C8F8E6A1B7","D01","HARV","HARV_006","W","deciduousForest",42.403095,-72.253987,"WGS84",,177.9,,"2014-08-26","2014-09-09",9,"BET.HARV_006.2014.09","HARV_006.W.20140909",14,"ok","ok","ok","N","NEON.DOC.014050","bx2IzDOX0PRWxL2qYNwW0cIx2hiD7oH8",,0,0,0
"AC788E6CA1E94E98814EAD00ABBC4511","D01","HARV","HARV_006","S","deciduousForest",42.402909,-72.253752,"WGS84",,177.9,,"2014-08-26","2014-09-09",9,"BET.HARV_006.2014.09","HARV_006.S.20140909",14,"ok","ok","ok","N","NEON.DOC.014050","bx2IzDOX0PRWxL2qYNwW0cIx2hiD7oH8",,0,0,0
"73380BA497DE4F52820E585F22EF78C4","D01","HARV","HARV_006","E","deciduousForest",42.403084,-72.253502,"WGS84",,177.9,,"2014-08-26","2014-09-09",9,"BET.HARV_006.2014.09","HARV_006.E.20140909",14,"ok","ok","ok","N","NEON.DOC.014050","bx2IzDOX0PRWxL2qYNwW0cIx2hiD7oH8",,0,0,0
"7346B4DC0E584AA89DE4C0B30AAFA691","D01","HARV","HARV_006","N","deciduousForest",42.403269,-72.253737,"WGS84",,177.9,,"2014-08-26","2014-09-09",9,"BET.HARV_006.2014.09","HARV_006.N.20140909",14,"ok","ok","ok","N","NEON.DOC.014050","bx2IzDOX0PRWxL2qYNwW0cIx2hiD7oH8",,0,0,0
"54B1B482F9414072AF9CE4A6F1BF9FAC","D01","HARV","HARV_010","N","mixedForest",42.424902,-72.254615,"WGS84",,187.8,,"2014-08-26","2014-09-09",9,"BET.HARV_010.2014.09","HARV_010.N.20140909",14,"missing","missing","ok","N","NEON.DOC.014050","bx2IzDOX0PRWxL2qYNwW0cIx2hiD7oH8",,0,0,0
"3656E4DB27C849F48F0862CD81D70E62","D01","HARV","HARV_010","E","mixedForest",42.424717,-72.254380,"WGS84",,187.8,,"2014-08-26","2014-09-09",9,"BET.HARV_010.2014.09","HARV_010.E.20140909",14,"ok","ok","ok","N","NEON.DOC.014050","bx2IzDOX0PRWxL2qYNwW0cIx2hiD7oH8",,0,0,0
"2130D2D094A649AE85481AD85E6A353A","D01","HARV","HARV_010","S","mixedForest",42.424543,-72.254631,"WGS84",,187.8,,"2014-08-26","2014-09-09",9,"BET.HARV_010.2014.09","HARV_010.S.20140909",14,"ok","ok","ok","N","NEON.DOC.014050","bx2IzDOX0PRWxL2qYNwW0cIx2hiD7oH8",,0,0,0
"E54278B34F8143EBA4EEC7946F9CE5DD","D01","HARV","HARV_010","W","mixedForest",42.424728,-72.254866,"WGS84",,187.8,,"2014-08-26","2014-09-09",9,"BET.HARV_010.2014.09","HARV_010.W.20140909",14,"ok","ok","ok","N","NEON.DOC.014050","bx2IzDOX0PRWxL2qYNwW0cIx2hiD7oH8",,0,0,0
"6F7F662333B4460CAE48D75C8F6AF41C","D01","HARV","HARV_013","E","evergreenForest",42.392297,-72.254337,"WGS84",,180.3,,"2014-08-26","2014-09-09",9,"BET.HARV_013.2014.09","HARV_013.E.20140909",14,"ok","ok","ok","N","NEON.DOC.014050","bx2IzDOX0PRWxL2qYNwW0cIx2hiD7oH8",,0,0,0
"94D32370165D4EEFB268D50EF0F4E818","D01","HARV","HARV_013","W","evergreenForest",42.392309,-72.254822,"WGS84",,180.3,,"2014-08-26","2014-09-09",9,"BET.HARV_013.2014.09","HARV_013.W.20140909",14,"ok","ok","ok","N","NEON.DOC.014050","bx2IzDOX0PRWxL2qYNwW0cIx2hiD7oH8",,0,0,0
"34F645A156CE461DBF99E2F3FBAF86B5","D01","HARV","HARV_013","N","evergreenForest",42.392483,-72.254572,"WGS84",,180.3,,"2014-08-26","2014-09-09",9,"BET.HARV_013.2014.09","HARV_013.N.20140909",14,"ok","ok","ok","N","NEON.DOC.014050","bx2IzDOX0PRWxL2qYNwW0cIx2hiD7oH8",,0,0,0
"C7D7C5EE03C34470A3C7C24BC1C2A4DC","D01","HARV","HARV_013","S","evergreenForest",42.392123,-72.254587,"WGS84",,180.3,,"2014-08-26","2014-09-09",9,"BET.HARV_013.2014.09","HARV_013.S.20140909",14,"ok","ok","ok","N","NEON.DOC.014050","bx2IzDOX0PRWxL2qYNwW0cIx2hiD7oH8",,0,0,0
"70935530D4114627A81DB47BDC010EC4","D01","HARV","HARV_014","S","mixedForest",42.471274,-72.265725,"WGS84",,193.5,,"2014-08-26","2014-09-09",9,"BET.HARV_014.2014.09","HARV_014.S.20140909",14,"ok","ok","ok","N","NEON.DOC.014050","bx2IzDOX0PRWxL2qYNwW0cIx2hiD7oH8",,0,0,0
"E08BE15D67D742238C0D9F475665B2F9","D01","HARV","HARV_014","W","mixedForest",42.471460,-72.265960,"WGS84",,193.5,,"2014-08-26","2014-09-09",9,"BET.HARV_014.2014.09","HARV_014.W.20140909",14,"ok","ok","ok","N","NEON.DOC.014050","bx2IzDOX0PRWxL2qYNwW0cIx2hiD7oH8",,0,0,0
"703A75F7D75E4721897CD2A28AC4F5C2","D01","HARV","HARV_014","E","mixedForest",42.471448,-72.265474,"WGS84",,193.5,,"2014-08-26","2014-09-09",9,"BET.HARV_014.2014.09","HARV_014.E.20140909",14,"ok","ok","ok","N","NEON.DOC.014050","bx2IzDOX0PRWxL2qYNwW0cIx2hiD7oH8",,0,0,0
"DE7EB5C44E294EA1B85AD7FD5973CE6E","D01","HARV","HARV_014","N","mixedForest",42.471634,-72.265709,"WGS84",,193.5,,"2014-08-26","2014-09-09",9,"BET.HARV_014.2014.09","HARV_014.N.20140909",14,"ok","ok","ok","N","NEON.DOC.014050","bx2IzDOX0PRWxL2qYNwW0cIx2hiD7oH8",,0,0,0
"FB79F9007BB042408F30530EF31D7B6C","D01","HARV","HARV_021","S","evergreenForest",42.452269,-72.250501,"WGS84",,213.7,,"2014-08-26","2014-09-09",9,"BET.HARV_021.2014.09","HARV_021.S.20140909",14,"ok","ok","ok","N","NEON.DOC.014050","bx2IzDOX0PRWxL2qYNwW0cIx2hiD7oH8",,0,0,0
"690BE4A320F444F2A8ADC4BBF3042C90","D01","HARV","HARV_021","N","evergreenForest",42.452629,-72.250485,"WGS84",,213.7,,"2014-08-26","2014-09-09",9,"BET.HARV_021.2014.09","HARV_021.N.20140909",14,"ok","ok","ok","N","NEON.DOC.014050","bx2IzDOX0PRWxL2qYNwW0cIx2hiD7oH8",,0,0,0
"C9A3DD096A864309A2D9B9AD0501D9E4","D01","HARV","HARV_021","W","evergreenForest",42.452455,-72.250736,"WGS84",,213.7,,"2014-08-26","2014-09-09",9,"BET.HARV_021.2014.09","HARV_021.W.20140909",14,"ok","ok","ok","N","NEON.DOC.014050","bx2IzDOX0PRWxL2qYNwW0cIx2hiD7oH8",,0,0,0
"3746E369590A4EC7A7DA856C5776E155","D01","HARV","HARV_021","E","evergreenForest",42.452443,-72.250250,"WGS84",,213.7,,"2014-08-26","2014-09-09",9,"BET.HARV_021.2014.09","HARV_021.E.20140909",14,"ok","ok","ok","N","NEON.DOC.014050","bx2IzDOX0PRWxL2qYNwW0cIx2hiD7oH8",,0,0,0
"AE80121C9C184F0FBC2BE5DA5DB6B10B","D01","HARV","HARV_022","S","evergreenForest",42.433997,-72.198785,"WGS84",,188.8,,"2014-08-26","2014-09-09",9,"BET.HARV_022.2014.09","HARV_022.S.20140909",14,"ok","ok","ok","N","NEON.DOC.014050","bx2IzDOX0PRWxL2qYNwW0cIx2hiD7oH8",,0,0,0
"FF10AEE994F74C3191F6C4516A0FDB24","D01","HARV","HARV_022","N","evergreenForest",42.434356,-72.198769,"WGS84",,188.8,,"2014-08-26","2014-09-09",9,"BET.HARV_022.2014.09","HARV_022.N.20140909",14,"ok","ok","ok","N","NEON.DOC.014050","bx2IzDOX0PRWxL2qYNwW0cIx2hiD7oH8",,0,0,0
"694E187EFFCF4841B91A34F3478F10A5","D01","HARV","HARV_022","E","evergreenForest",42.434171,-72.198534,"WGS84",,188.8,,"2014-08-26","2014-09-09",9,"BET.HARV_022.2014.09","HARV_022.E.20140909",14,"ok","ok","ok","N","NEON.DOC.014050","bx2IzDOX0PRWxL2qYNwW0cIx2hiD7oH8",,0,0,0
"5E11F057A1C9446F8B5ABB45918DC262","D01","HARV","HARV_022","W","evergreenForest",42.434182,-72.199020,"WGS84",,188.8,,"2014-08-26","2014-09-09",9,"BET.HARV_022.2014.09","HARV_022.W.20140909",14,"ok","ok","ok","N","NEON.DOC.014050","bx2IzDOX0PRWxL2qYNwW0cIx2hiD7oH8",,0,0,0
