"uid","domainID","siteID","plotID","trapID","collectDate","etOHChangeDate","processingDate","identifiedDate","associatedSampleID","sampleID","targetTaxaPresent","sampleType","taxonID","scientificName","taxonRank","identificationQualifier","scientificNameAuthorship","morphospeciesID","individualCount","identificationReferences","identifiedBy","recordedBy","remarks","duplicateSampleIDQF"
"9FD3F98DE6174CE0A630472C3A07FD5F","D03","DSNY","DSNY_009","N","2014-04-14","2014-04-17","2014-04-17",,"DSNY_009.N.20140414.oc.01",,"Y","other carabid",,,,,,,,,,"iiDgbhaUgfNp3U3OpmVG3zaygcMeRRyi",,0
"01640E08C00A42889FCBC73A5C34402F","D03","DSNY","DSNY_009","E","2014-04-14","2014-04-17","2014-04-17",,"DSNY_009.E.20140414.oc.01",,"Y","other carabid",,,,,,,,,,"iiDgbhaUgfNp3U3OpmVG3zaygcMeRRyi",,0
"293BAEB8F9124C528B559C4F998D2701","D03","DSNY","DSNY_001","N","2014-04-16","2014-04-17","2014-04-17",,"DSNY_001.20140416.ib.01","DSNY_001.20140416.ib.01","N","invert bycatch",,,,,,,,,,"iiDgbhaUgfPlmO3sDuElTmkNgYTXyxbk","no beetles",0
"BAD4FAC3A13E460392BF467AA2A9D127","D03","DSNY","DSNY_021","N","2014-04-16","2014-04-17","2014-04-17",,"DSNY_021.20140416.ib.01","DSNY_021.20140416.ib.01","Y","invert bycatch",,,,,,,,,,"iiDgbhaUgfNp3U3OpmVG3zaygcMeRRyi",,0
"CF424530C1974486961E51E0B1B40108","D03","DSNY","DSNY_021","E","2014-04-16","2014-04-17","2014-04-17",,"DSNY_021.E.20140416.oc.01",,"Y","other carabid",,,,,,,,,,"iiDgbhaUgfNp3U3OpmVG3zaygcMeRRyi",,0
"E5055C263165476792286E3316D04ABD","D03","DSNY","DSNY_021","W","2014-04-16","2014-04-17","2014-04-17",,"DSNY_021.W.20140416.oc.01",,"Y","other carabid",,,,,,,,,,"iiDgbhaUgfNp3U3OpmVG3zaygcMeRRyi",,0
"AC717147B60C4824B782121149AA8030","D03","DSNY","DSNY_016","E","2014-04-16","2014-04-17","2014-04-17",,"DSNY_016.E.20140416.oc.01",,,"other carabid",,,,,,,,,,"iiDgbhaUgfNp3U3OpmVG3zaygcMeRRyi",,0
"8278537B3A5A4FA68CAB67A30148B6E3","D03","DSNY","DSNY_016","N","2014-04-16","2014-05-02","2014-05-02",,"DSNY_016.20140416.ib.01","DSNY_016.20140416.ib.01","Y","invert bycatch",,,,,,,,,,"7ZsG8s1cQijU1p7CX6b9FNrZuRO+/rX6",,2
"8CA1EBE83B55447681BDD75A7EE433D1","D03","DSNY","DSNY_016","N","2014-04-16","2014-04-17","2014-04-17",,"DSNY_016.20140416.ib.01","DSNY_016.20140416.ib.01","Y","invert bycatch",,,,,,,,,,"iiDgbhaUgfNp3U3OpmVG3zaygcMeRRyi",,2
"CEB7439D7DFA4F519C32F150184EDC94","D03","DSNY","DSNY_016","S","2014-04-16","2014-04-17","2014-04-17",,"DSNY_016.S.20140416.oc.01",,"Y","other carabid",,,,,,,,,,"iiDgbhaUgfNp3U3OpmVG3zaygcMeRRyi",,0
"CCA0927E764B4440AF212ED8C02E9138","D03","DSNY","DSNY_009","S","2014-04-16","2014-04-17","2014-04-17",,"DSNY_009.S.20140416.oc.01",,"Y","other carabid",,,,,,,,,,"iiDgbhaUgfNp3U3OpmVG3zaygcMeRRyi",,0
"B19767DB115949C38355CE6944B48D8E","D03","DSNY","DSNY_009","W","2014-04-16","2014-04-17","2014-04-17",,"DSNY_009.W.20140416.oc.01",,"Y","other carabid",,,,,,,,,,"iiDgbhaUgfNp3U3OpmVG3zaygcMeRRyi",,0
"B3C0274A8D1B42FB98BFE2CEDD2701A0","D03","DSNY","DSNY_009","N","2014-04-16","2014-04-17","2014-04-17",,"DSNY_009.20140416.ib.01","DSNY_009.20140416.ib.01","Y","invert bycatch",,,,,,,,,,"iiDgbhaUgfNp3U3OpmVG3zaygcMeRRyi",,0
"F3C3EEE3923845CB8CED4D08D7CCD33C","D03","DSNY","DSNY_007","W","2014-04-16","2014-04-17","2014-04-17",,"DSNY_007.20140416.ib.01","DSNY_007.20140416.ib.01","N","invert bycatch",,,,,,,,,,"iiDgbhaUgfPlmO3sDuElTmkNgYTXyxbk",,0
"0E3228F80BC74B03A10E95D2BA6D727E","D03","DSNY","DSNY_005","N","2014-04-16","2014-04-17","2014-04-17",,"DSNY_005.20140416.ib.01","DSNY_005.20140416.ib.01","Y","invert bycatch",,,,,,,,,,"iiDgbhaUgfPlmO3sDuElTmkNgYTXyxbk",,0
"DD3D6FBF1B7947C6B500CA84BC24C7C3","D03","DSNY","DSNY_003","S","2014-04-16","2014-04-17","2014-04-17",,"DSNY_003.S.20140416.oc.01",,"Y","other carabid",,,,,,,,,,"iiDgbhaUgfNp3U3OpmVG3zaygcMeRRyi",,0
"2F17244335E34661AF6E4AD698139A84","D03","DSNY","DSNY_003","N","2014-04-16","2014-04-17","2014-04-17",,"DSNY_003.20140416.ib.01","DSNY_003.20140416.ib.01",,"invert bycatch",,,,,,,,,,"iiDgbhaUgfNp3U3OpmVG3zaygcMeRRyi",,0
"BECAB7308D68403880F68BC1B5361A33","D03","DSNY","DSNY_004","N","2014-04-16","2014-04-17","2014-04-17",,"DSNY_004.20140416.ib.01","DSNY_004.20140416.ib.01","N","invert bycatch",,,,,,,,,,"iiDgbhaUgfPlmO3sDuElTmkNgYTXyxbk","no beetles",0
"E5203FDE3D964FCEBFBE40549D5C8DB4","D03","DSNY","DSNY_004","N","2014-04-16","2014-04-17","2014-04-17","2014-04-17","DSNY_004.N.20140416.PASSUB1.01","DSNY_004.20140416.PASSUB1.01","Y","common carabid","PASSUB1","Pasimachus sublaevis","species",,"Palisot de Beauvois",,,"Palisot de Beauvois 1811","7ZsG8s1cQijU1p7CX6b9FNrZuRO+/rX6","iiDgbhaUgfPlmO3sDuElTmkNgYTXyxbk",,0
"1826E8E1CACE483A8C3658207A72AA63","D03","DSNY","DSNY_004","N","2014-04-16","2014-04-17","2014-04-17","2014-04-17","DSNY_004.N.20140416.BUFQUE.01","DSNY_004.N.20140416.BUFQUE.01","N","vert bycatch herp","ANAQUE","Anaxyrus quercicus","species",,"Holbrook",,,"Peterson's Guide to Amphibians and Reptiles","7ZsG8s1cQijU1p7CX6b9FNrZuRO+/rX6","iiDgbhaUgfPlmO3sDuElTmkNgYTXyxbk",,0
"50037DC67D0244ACAC342A77CCA7DF2E","D03","DSNY","DSNY_001","E","2014-05-01","2014-05-02","2014-05-02","2014-05-02","DSNY_001.E.20140501.PASSP1.01","DSNY_001.E.20140501.PASSP1.01",,"common carabid","PASSP1","Pasimachus sp.","genus",,"Bonelli",,1,,,"SZd6jJU+PWukgvziuyetpzviWNuM2FzT","1 beetle is indicated to be in this vial on the sorting datasheet, and was not pinned.  So either it wasn't actually a beetle(novice sorter) or it was a common beetle, and it was not recorded anywhere (no place on datasheet to record that distinction).",0
"59DBE6AF8BBE46879860BF03FE449FB0","D03","DSNY","DSNY_021","N","2014-05-01","2014-05-02","2014-05-02",,"DSNY_021.20140501.ib.01","DSNY_021.20140501.ib.01","Y","invert bycatch",,,,,,,,,,"iiDgbhaUgfPlmO3sDuElTmkNgYTXyxbk",,0
"072CD91E4D144FF8A852B4CAD6CBA691","D03","DSNY","DSNY_021","E","2014-05-01","2014-05-02","2014-05-02",,"DSNY_021.E.20140501.oc.01",,"Y","other carabid",,,,,,,,,,"iiDgbhaUgfPlmO3sDuElTmkNgYTXyxbk",,0
"693497C57791427E8A7EF7D2450B49F2","D03","DSNY","DSNY_021","W","2014-05-01","2014-05-02","2014-05-02",,"DSNY_021.W.20140501.oc.01",,"Y","other carabid",,,,,,,,,,"iiDgbhaUgfPlmO3sDuElTmkNgYTXyxbk",,0
"BBD7620BCB5542F3AF8C3917EC2B5806","D03","DSNY","DSNY_021","W","2014-05-01","2014-05-02","2014-05-02","2014-05-02","DSNY_021.W.20140501.PASSUB1.01","DSNY_021.W.20140501.PASSUB1.01","Y","common carabid","PASSUB1","Pasimachus sublaevis","species",,"Palisot de Beauvois",,1,,"EdHmhwKXqxyRw3LeFHC4BvFsm6jXDT8C","iiDgbhaUgfPlmO3sDuElTmkNgYTXyxbk",,0
"F22BF43C26954C7DAF6A5963D5B8402A","D03","DSNY","DSNY_016","N","2014-05-01","2014-05-02","2014-05-02",,"DSNY_016.N.20140501.oc.01",,"Y","other carabid",,,,,,,,,,"iiDgbhaUgfPlmO3sDuElTmkNgYTXyxbk",,0
"07C40DCCF9D845D9BC49306CB0F0AD75","D03","DSNY","DSNY_009","S","2014-05-01","2014-05-02","2014-05-02",,"DSNY_009.S.20140501.oc.01",,"Y","other carabid",,,,,,,,,,"7ZsG8s1cQijU1p7CX6b9FNrZuRO+/rX6",,0
"C3359898086E445A94BABCFF1BBD77AD","D03","DSNY","DSNY_009","W","2014-05-01","2014-05-02","2014-05-02",,"DSNY_009.W.20140501.oc.01",,"Y","other carabid",,,,,,,,,,"7ZsG8s1cQijU1p7CX6b9FNrZuRO+/rX6","Sorting data does not indicate that an other carabid was collected at the W trap, however pinning data indicates that one was collected at the W trap.",0
"98EA37564B2B4E6BBDCF10F5FB4EFD2A","D03","DSNY","DSNY_009","N","2014-05-01","2014-05-02","2014-05-02",,"DSNY_009.N.20140501.oc.01",,"Y","other carabid",,,,,,,,,,"7ZsG8s1cQijU1p7CX6b9FNrZuRO+/rX6","Sorting data indicates that 2 carabids were collected from this trap, but only one pinned.  However the number of beetles captured at this plot suggests that one of the beetles pinned came from this trap but was mislabeled.",0
"D48E8682FB34416792B8168D8CF8650E","D03","DSNY","DSNY_009","N","2014-05-01","2014-05-02","2014-05-02",,"DSNY_009.20140501.ib.01","DSNY_009.20140501.ib.01","Y","invert bycatch",,,,,,,,,,"7ZsG8s1cQijU1p7CX6b9FNrZuRO+/rX6",,0
"6A2503A5113A428DB45339B050FFE4B4","D03","DSNY","DSNY_007","N","2014-05-01","2014-05-02","2014-05-02",,"DSNY_007.20140501.ib.01","DSNY_007.20140501.ib.01","N","invert bycatch",,,,,,,,,,"Og6WBnpVjODUH13MWbFaL/CkHIfmSZ72",,0
"F9E4CAAC974C4017B691CD05D95463AD","D03","DSNY","DSNY_006","S","2014-05-01","2014-05-02","2014-05-02","2014-05-02","DSNY_006.S.20140501.PASSUB1.01","DSNY_006.S.20140501.PASSUB1.01","Y","common carabid","PASSUB1","Pasimachus sublaevis","species",,"Palisot de Beauvois",,1,,"scdXeiOYH+xCXiXscoerBg8nVMTM/1lP","Og6WBnpVjODUH13MWbFaL/CkHIfmSZ72",,0
"3A31167657C84B85B81DDF3B2E88FF18","D03","DSNY","DSNY_006","N","2014-05-01","2014-05-02","2014-05-02",,"DSNY_006.20140501.ib.01","DSNY_006.20140501.ib.01","Y","invert bycatch",,,,,,,,,,"Og6WBnpVjODUH13MWbFaL/CkHIfmSZ72",,0
"DBDB07A198004C0B95EE614F2F77EB53","D03","DSNY","DSNY_005","N","2014-05-01","2014-05-02","2014-05-02","2014-05-02","DSNY_005.N.20140501.PASSUB1.01","DSNY_005.N.20140501.PASSUB1.01","Y","common carabid","PASSUB1","Pasimachus sublaevis","species",,"Palisot de Beauvois",,1,,"scdXeiOYH+xCXiXscoerBg8nVMTM/1lP","scdXeiOYH+xCXiXscoerBg8nVMTM/1lP",,0
"DB3288F063884B6FA4915B3E20B95CDA","D03","DSNY","DSNY_005","N","2014-05-01","2014-05-02","2014-05-02",,"DSNY_005.20140501.ib.01","DSNY_005.20140501.ib.01","Y","invert bycatch",,,,,,,,,,"iiDgbhaUgfPlmO3sDuElTmkNgYTXyxbk",,0
"AF221252A77442A3AE664F3C768AFE4D","D03","DSNY","DSNY_003","S","2014-05-01","2014-05-02","2014-05-02",,"DSNY_003.S.20140501.oc.01",,"Y","other carabid",,,,,,,,,,"EdHmhwKXqxyRw3LeFHC4BvFsm6jXDT8C",,0
"D5A24149264547F09F21356C3C40B1DD","D03","DSNY","DSNY_003","N","2014-05-01","2014-05-02","2014-05-02",,"DSNY_003.20140501.ib.01","DSNY_003.20140501.ib.01","Y","invert bycatch",,,,,,,,,,"EdHmhwKXqxyRw3LeFHC4BvFsm6jXDT8C",,0
"64F4F64DF5954280B3875E3C083782B3","D03","DSNY","DSNY_003","E","2014-05-01","2014-05-02","2014-05-02","2014-05-02","DSNY_003.E.20140501.GASCAR.01","DSNY_003.E.20140501.GASCAR.01","Y","vert bycatch herp","GASCAR","Gastrophryne carolinensis","species",,"Holbrook",,1,,"7ZsG8s1cQijU1p7CX6b9FNrZuRO+/rX6","EdHmhwKXqxyRw3LeFHC4BvFsm6jXDT8C",,0
"A801B3A790924879865324D6E66D156C","D03","DSNY","DSNY_003","N","2014-05-01","2014-05-02","2014-05-02",,"DSNY_003.N.20140501.oc.01",,"Y","other carabid",,,,,,,,,,"EdHmhwKXqxyRw3LeFHC4BvFsm6jXDT8C",,0
"95AC44E43C394133888B45A612B1FA80","D03","DSNY","DSNY_004","N","2014-05-01","2014-05-02","2014-05-02",,"DSNY_004.20140501.ib.01","DSNY_004.20140501.ib.01","N","invert bycatch",,,,,,,,,,"7ZsG8s1cQijU1p7CX6b9FNrZuRO+/rX6",,0
"2EEF22F918F74CF2BBDD9D139FD3E5C2","D03","DSNY","DSNY_004","W","2014-05-01","2014-05-02","2014-05-02","2014-05-02","DSNY_004.W.20140501.GASCAR.01","DSNY_004.W.20140501.GASCAR.01","N","vert bycatch herp","GASCAR","Gastrophryne carolinensis","species",,"Holbrook",,1,,"7ZsG8s1cQijU1p7CX6b9FNrZuRO+/rX6","7ZsG8s1cQijU1p7CX6b9FNrZuRO+/rX6",,0
"4C1C5838D40E478EAAC409D544D7CF6B","D03","DSNY","DSNY_002","N","2014-05-01","2014-05-02","2014-05-02",,"DSNY_002.20140501.ib.01","DSNY_002.20140501.ib.01","N","invert bycatch",,,,,,,,,,"7ZsG8s1cQijU1p7CX6b9FNrZuRO+/rX6",,0
"6847E06C7AD2422EBA30DC1CFDCCEC12","D03","DSNY","DSNY_001","N","2014-05-01","2014-05-02","2014-05-02",,"DSNY_001.20140501.ib.01","DSNY_001.20140501.ib.01","Y","invert bycatch",,,,,,,,,,"Og6WBnpVjODUH13MWbFaL/CkHIfmSZ72",,0
"F8192F8FCB444A85BBBED52DF5A52867","D03","DSNY","DSNY_001","S","2014-05-01","2014-05-02","2014-05-02",,"DSNY_001.S.20140501.oc.01",,"Y","other carabid",,,,,,,,,,"Og6WBnpVjODUH13MWbFaL/CkHIfmSZ72","2 beetles are indicated to be in this vial on the sorting datasheet, however, only 1 was pinned.  So either one of the beetles wasn't actually a beetle or it was a common beetle, and it was not recorded anywhere (no datasheet for common beetles).",0
"3536CC0AEEFD4E799B381994BCCF044F","D03","DSNY","DSNY_001","S","2014-05-14","2014-05-15","2014-05-15",,"DSNY_001.S.20140514.oc.01",,"Y","other carabid",,,,,,,,,,"scdXeiOYH+xCXiXscoerBg8nVMTM/1lP",,0
"FBB9E4A4865F4479B763CAD6E4CBC107","D03","DSNY","DSNY_021","S","2014-05-14","2014-05-15","2014-05-15",,"DSNY_021.S.20140514.oc.01",,"Y","other carabid",,,,,,,,,,"scdXeiOYH+xCXiXscoerBg8nVMTM/1lP",,0
"1FFC6AA16E774B2B98D470C8DA8658B2","D03","DSNY","DSNY_021","N","2014-05-14","2014-05-15","2014-05-15",,"DSNY_021.20140514.ib.01","DSNY_021.20140514.ib.01","Y","invert bycatch",,,,,,,,,,"scdXeiOYH+xCXiXscoerBg8nVMTM/1lP",,0
"B631EFEA3C964894AFEC7CD18B444A83","D03","DSNY","DSNY_021","N","2014-05-14","2014-05-15","2014-05-15","2014-05-15","DSNY_021.N.20140514.PASSUB1.01","DSNY_021.N.20140514.PASSUB1.01","Y","common carabid","PASSUB1","Pasimachus sublaevis","species",,"Palisot de Beauvois",,,,"scdXeiOYH+xCXiXscoerBg8nVMTM/1lP","scdXeiOYH+xCXiXscoerBg8nVMTM/1lP","We did not record the number of PASSUB1 in the sample.",0
"ADFBFEB8828E470AAD4D2C5CAC9B88D6","D03","DSNY","DSNY_016","S","2014-05-14","2014-05-15","2014-05-15",,"DSNY_016.S.20140514.oc.01",,"Y","other carabid",,,,,,,,,,"scdXeiOYH+xCXiXscoerBg8nVMTM/1lP",,0
"A02722E5B7A34C85AFC75184D5E1982C","D03","DSNY","DSNY_016","E","2014-05-14","2014-05-15","2014-05-15",,"DSNY_016.E.20140514.oc.01",,,"other carabid",,,,,,,,,,"scdXeiOYH+xCXiXscoerBg8nVMTM/1lP",,0
"14F697DDEB364D7AB31CE9046CDCB8D2","D03","DSNY","DSNY_016","N","2014-05-14","2014-05-15","2014-05-15",,"DSNY_016.20140514.ib.01","DSNY_016.20140514.ib.01","Y","invert bycatch",,,,,,,,,,"scdXeiOYH+xCXiXscoerBg8nVMTM/1lP",,0
"A36169CFB03340E1897E40688C06EA30","D03","DSNY","DSNY_016","N","2014-05-14","2014-05-15","2014-05-15",,"DSNY_016.N.20140514.oc.01",,"Y","other carabid",,,,,,,,,,"scdXeiOYH+xCXiXscoerBg8nVMTM/1lP",,0
"73BEFB437E9643EA95AEEB2F403553E3","D03","DSNY","DSNY_016","W","2014-05-14","2014-05-15","2014-05-15",,"DSNY_016.W.20140514.oc.01",,"Y","other carabid",,,,,,,,,,"scdXeiOYH+xCXiXscoerBg8nVMTM/1lP",,0
"324723F8387B49C1B8708D879EEFB9C8","D03","DSNY","DSNY_009","N","2014-05-14","2014-05-15","2014-05-15",,"DSNY_009.20140514.ib.01","DSNY_009.20140514.ib.01",,"invert bycatch",,,,,,,,,,"iiDgbhaUgfPlmO3sDuElTmkNgYTXyxbk",,0
"A4DB9020104B4A76A904DE728E0B0D30","D03","DSNY","DSNY_009","N","2014-05-14","2014-05-15","2014-05-15",,"DSNY_009.N.20140514.oc.01",,"Y","other carabid",,,,,,,,,,"iiDgbhaUgfPlmO3sDuElTmkNgYTXyxbk",,0
"FD293505482B46079F7447E65DC42EED","D03","DSNY","DSNY_007","N","2014-05-14","2014-05-15","2014-05-15",,"DSNY_007.N.20140514.oc.01",,"Y","other carabid",,,,,,,,,,"iiDgbhaUgfPlmO3sDuElTmkNgYTXyxbk",,0
"2C1B341C1DA443EA81839BDB23E2541D","D03","DSNY","DSNY_007","N","2014-05-14","2014-05-15","2014-05-15",,"DSNY_007.20140514.ib.01","DSNY_007.20140514.ib.01",,"invert bycatch",,,,,,,,,,"iiDgbhaUgfPlmO3sDuElTmkNgYTXyxbk",,0
"BB6A2664EEFF4C3B9C0D4BB4FB94C2F5","D03","DSNY","DSNY_006","N","2014-05-14","2014-05-15","2014-05-15",,"DSNY_006.N.20140514.oc.01",,"Y","other carabid",,,,,,,,,,"iiDgbhaUgfPlmO3sDuElTmkNgYTXyxbk",,0
"AB8A839883CA4B8DA90FD5E731BE12F8","D03","DSNY","DSNY_006","N","2014-05-14","2014-05-15","2014-05-15",,"DSNY_006.20140514.ib.01","DSNY_006.20140514.ib.01","Y","invert bycatch",,,,,,,,,,"iiDgbhaUgfPlmO3sDuElTmkNgYTXyxbk",,0
"8EEDC83732AA45A5A74C6B29E58D885D","D03","DSNY","DSNY_005","N","2014-05-14","2014-05-15","2014-05-15",,"DSNY_005.20140514.ib.01","DSNY_005.20140514.ib.01","N","invert bycatch",,,,,,,,,,"iiDgbhaUgfPlmO3sDuElTmkNgYTXyxbk",,0
"44D69C4AF15641D0AFCDFFB98803159D","D03","DSNY","DSNY_005","E","2014-05-14","2014-05-15","2014-05-15","2014-05-15","DSNY_005.E.20140514.GASCAR.01","DSNY_005.E.20140514.GASCAR.01","N","vert bycatch herp","GASCAR","Gastrophryne carolinensis","species",,"Holbrook",,1,,"37IbqHc1IqPCEC1Jv+steJgZhiwnxLmf","iiDgbhaUgfPlmO3sDuElTmkNgYTXyxbk",,0
"CC2C196512364A74BAB91BFC82F5BA2C","D03","DSNY","DSNY_003","S","2014-05-14","2014-05-15","2014-05-15",,"DSNY_003.S.20140514.oc.01",,"Y","other carabid",,,,,,,,,,"iiDgbhaUgfPlmO3sDuElTmkNgYTXyxbk",,0
"4B836A4470294FFD9DCE06271A0A3024","D03","DSNY","DSNY_003","N","2014-05-14","2014-05-15","2014-05-15",,"DSNY_003.20140514.ib.01","DSNY_003.20140514.ib.01","Y","invert bycatch",,,,,,,,,,"iiDgbhaUgfPlmO3sDuElTmkNgYTXyxbk",,0
"240310D3957C4E27B6D078891D9FC5F8","D03","DSNY","DSNY_004","N","2014-05-14","2014-05-15","2014-05-15",,"DSNY_004.20140514.ib.01","DSNY_004.20140514.ib.01","Y","invert bycatch",,,,,,,,,,"iiDgbhaUgfPlmO3sDuElTmkNgYTXyxbk",,0
"F2AD3D2F15FA488B963E2708F3577670","D03","DSNY","DSNY_004","S","2014-05-14","2014-05-15","2014-05-15",,"DSNY_004.S.20140514.oc.01",,"Y","other carabid",,,,,,,,,,"iiDgbhaUgfPlmO3sDuElTmkNgYTXyxbk",,0
"B0896099E0B5472598C29852A105558C","D03","DSNY","DSNY_002","N","2014-05-14","2014-05-15","2014-05-15",,"DSNY_002.20140514.ib.01","DSNY_002.20140514.ib.01","N","invert bycatch",,,,,,,,,,"iiDgbhaUgfPlmO3sDuElTmkNgYTXyxbk",,0
"DD33221DBB44422080B867F71CAEB45C","D03","DSNY","DSNY_001","W","2014-05-14","2014-05-15","2014-05-15",,"DSNY_001.W.20140514.oc.01",,"Y","other carabid",,,,,,,,,,"scdXeiOYH+xCXiXscoerBg8nVMTM/1lP",,0
"2B87E1D90FF14C7AB3199523F7916298","D03","DSNY","DSNY_001","N","2014-05-14","2014-05-15","2014-05-15",,"DSNY_001.20140514.ib.01","DSNY_001.20140514.ib.01","Y","invert bycatch",,,,,,,,,,"scdXeiOYH+xCXiXscoerBg8nVMTM/1lP",,0
"311EE805FE16400AAD6280529D9736F5","D03","DSNY","DSNY_001","N","2014-05-14","2014-05-15","2014-05-15",,"DSNY_001.N.20140514.oc.01",,"Y","other carabid",,,,,,,,,,"scdXeiOYH+xCXiXscoerBg8nVMTM/1lP",,0
"FC73B78F42E048A0B48126E587221A77","D03","DSNY","DSNY_001","N","2014-05-29","2014-05-30","2014-05-30",,"DSNY_001.20140529.ib.01","DSNY_001.20140529.ib.01","N","invert bycatch",,,,,,,,,,"7ZsG8s1cQijU1p7CX6b9FNrZuRO+/rX6",,0
"13550882B17D4FFB92D253F905E7B150","D03","DSNY","DSNY_021","N","2014-05-29","2014-05-30","2014-05-30",,"DSNY_021.20140529.ib.01","DSNY_021.20140529.ib.01","Y","invert bycatch",,,,,,,,,,"7ZsG8s1cQijU1p7CX6b9FNrZuRO+/rX6",,0
"7E72B66EE3AC43BB8EF1DD61F7EC77B0","D03","DSNY","DSNY_021","W","2014-05-29","2014-05-30","2014-05-30","2014-05-30","DSNY_021.W.20140529.PASSUB1.01","DSNY_021.20140529.PASSUB1.01","Y","common carabid","PASSUB1","Pasimachus sublaevis","species",,"Palisot de Beauvois",,8,,"7ZsG8s1cQijU1p7CX6b9FNrZuRO+/rX6","7ZsG8s1cQijU1p7CX6b9FNrZuRO+/rX6",,2
"279708B705E74B51AA09CF30BCB2CC4A","D03","DSNY","DSNY_021","W","2014-05-29","2014-05-30","2014-05-30","2014-09-30","DSNY_021.W.20140529.SELFOS.01","DSNY_021.W.20140529.SELFOS.01","Y","common carabid","SELFOS","Selenophorus fossulatus","species",,"Dejean",,5,"Dejean 1829","scdXeiOYH+xCXiXscoerBg8nVMTM/1lP","7ZsG8s1cQijU1p7CX6b9FNrZuRO+/rX6",,0
"3867CCADDB344AA28A72E8188D1CA6A8","D03","DSNY","DSNY_021","W","2014-05-29","2014-05-30","2014-05-30","2014-05-30","DSNY_021.W.20140529.PASSUB1.01","DSNY_021.20140529.PASSUB1.01","Y","common carabid","PASSUB1","Pasimachus sublaevis","species",,"Palisot de Beauvois",,,,"7ZsG8s1cQijU1p7CX6b9FNrZuRO+/rX6","7ZsG8s1cQijU1p7CX6b9FNrZuRO+/rX6","The individual count was not recorded.",2
"4A40E75E7BF74256BAC0E4ABDF73784A","D03","DSNY","DSNY_016","E","2014-05-29","2014-05-30","2014-05-30",,"DSNY_016.E.20140529.oc.01",,"Y","other carabid",,,,,,,,,,"7ZsG8s1cQijU1p7CX6b9FNrZuRO+/rX6",,0
"30302FF31BD24C4AAB915899B27F567F","D03","DSNY","DSNY_016","N","2014-05-29","2014-05-30","2014-05-30",,"DSNY_016.20140529.ib.01","DSNY_016.20140529.ib.01","Y","invert bycatch",,,,,,,,,,"7ZsG8s1cQijU1p7CX6b9FNrZuRO+/rX6",,0
"801D1E73AB884AEAA5CCEAB4F789D550","D03","DSNY","DSNY_016","N","2014-05-29","2014-05-30","2014-05-30","2014-09-29","DSNY_016.N.20140529.PASSUB1.01","DSNY_016.N.20140529.PASSUB1.01","Y","common carabid","PASSUB1","Pasimachus sublaevis","species",,"Palisot de Beauvois",,,"Palisot de Beauvois 1811","Gwvsbtz2ICcmBMhonr6l8CGNAUvLk8DE","7ZsG8s1cQijU1p7CX6b9FNrZuRO+/rX6",,0
"540EE82D86DE45D58426FD3F291CD72B","D03","DSNY","DSNY_016","S","2014-05-29","2014-05-30","2014-05-30",,"DSNY_016.S.20140529.oc.01",,"Y","other carabid",,,,,,,,,,"7ZsG8s1cQijU1p7CX6b9FNrZuRO+/rX6",,0
"55403EEF838241A09C1F6867CDECC5A2","D03","DSNY","DSNY_016","E","2014-05-29","2014-05-30","2014-05-30","2014-05-30","DSNY_016.E.20140529.PASSUB1.01","DSNY_016.20140529.PASSUB1.01","Y","common carabid","PASSUB1","Pasimachus sublaevis","species",,"Palisot de Beauvois",,,"Palisot de Beauvois 1811","zlagoNCeUUGLNrXoFxy+Hj5lwDL2TbeY","7ZsG8s1cQijU1p7CX6b9FNrZuRO+/rX6","Individual count was not recorded, but a least one PASSUB1 was collected.  The trap location is assumed from the limited records.",0
"12218FDE294C442097D7799C08C32945","D03","DSNY","DSNY_016","N","2014-05-29","2014-05-30","2014-05-30",,"DSNY_016.N.20140529.oc.01",,"Y","other carabid",,,,,,,,,,"7ZsG8s1cQijU1p7CX6b9FNrZuRO+/rX6",,0
"E096D9D8D1DD4E56988B1FCB99F2DFD9","D03","DSNY","DSNY_009","W","2014-05-29","2014-05-30","2014-05-30",,"DSNY_009.W.20140529.oc.01",,"Y","other carabid",,,,,,,,,,"7ZsG8s1cQijU1p7CX6b9FNrZuRO+/rX6",,0
"DC6E36E66BC8488099C35D7ECEDD9FC5","D03","DSNY","DSNY_009","N","2014-05-29","2014-05-30","2014-05-30",,"DSNY_009.20140529.ib.01","DSNY_009.20140529.ib.01","Y","invert bycatch",,,,,,,,,,"7ZsG8s1cQijU1p7CX6b9FNrZuRO+/rX6",,0
"A51CC4CF939F424FA8CD2B0D348A7C98","D03","DSNY","DSNY_009","S","2014-05-29","2014-05-30","2014-05-30",,"DSNY_009.S.20140529.oc.01",,"Y","other carabid",,,,,,,,,,"7ZsG8s1cQijU1p7CX6b9FNrZuRO+/rX6",,0
"C49B727D003343C0B26F3807A0C19C4F","D03","DSNY","DSNY_007","N","2014-05-29","2014-05-30","2014-05-30","2014-07-09","DSNY_007.N.20140529.PASSUB1.01","DSNY_007.N.20140529.PASSUB1.01","Y","common carabid","PASSUB1","Pasimachus sublaevis","species",,"Palisot de Beauvois",,1,"Palisot de Beauvois 1811","7ZsG8s1cQijU1p7CX6b9FNrZuRO+/rX6","7ZsG8s1cQijU1p7CX6b9FNrZuRO+/rX6",,0
"EE269AFB131E4722B240060753FFA10A","D03","DSNY","DSNY_007","S","2014-05-29","2014-05-30","2014-05-30","2014-05-30","DSNY_007.S.20140529.PASSUB1.01","DSNY_007.20140529.PASSUB1.01","Y","common carabid","PASSUB1","Pasimachus sublaevis","species",,"Palisot de Beauvois",,2,,"KnvsV1XN/fcT6FYSWd8OReDfV3Qsyj6N","7ZsG8s1cQijU1p7CX6b9FNrZuRO+/rX6",,0
"C27E4E97F9834C68A532953CB9B9AF42","D03","DSNY","DSNY_007","N","2014-05-29","2014-05-30","2014-05-30",,"DSNY_007.N.20140529.oc.01",,"Y","other carabid",,,,,,,,,,"7ZsG8s1cQijU1p7CX6b9FNrZuRO+/rX6",,0
"776CAC8FEBFF4256AA0D475D0945FD59","D03","DSNY","DSNY_007","S","2014-05-29","2014-05-30","2014-05-30",,"DSNY_007.S.20140529.oc.01",,"Y","other carabid",,,,,,,,,,"7ZsG8s1cQijU1p7CX6b9FNrZuRO+/rX6",,0
"CA4361596CDA4A1A8DF5718837677475","D03","DSNY","DSNY_007","N","2014-05-29","2014-05-30","2014-05-30",,"DSNY_007.20140529.ib.01","DSNY_007.20140529.ib.01","Y","invert bycatch",,,,,,,,,,"7ZsG8s1cQijU1p7CX6b9FNrZuRO+/rX6",,0
"43148AF47F074710BA3C4A6F4D58A1D9","D03","DSNY","DSNY_006","N","2014-05-29","2014-05-30","2014-05-30",,"DSNY_006.20140529.ib.01","DSNY_006.20140529.ib.01","N","invert bycatch",,,,,,,,,,"7ZsG8s1cQijU1p7CX6b9FNrZuRO+/rX6",,0
"1B68873243324180841A8753179DC1F1","D03","DSNY","DSNY_005","N","2014-05-29","2014-05-30","2014-05-30",,"DSNY_005.20140529.ib.01","DSNY_005.20140529.ib.01","Y","invert bycatch",,,,,,,,,,"7ZsG8s1cQijU1p7CX6b9FNrZuRO+/rX6",,0
"55E491A5B3114612A555AF0916295E40","D03","DSNY","DSNY_005","N","2014-05-29","2014-05-30","2014-05-30",,"DSNY_005.N.20140529.oc.01",,"Y","other carabid",,,,,,,,,,"7ZsG8s1cQijU1p7CX6b9FNrZuRO+/rX6",,0
"5D0B4869CFFC4C689288E507753494B0","D03","DSNY","DSNY_005","E","2014-05-29","2014-05-30","2014-05-30",,"DSNY_005.E.20140529.oc.01",,"Y","other carabid",,,,,,,,,,"7ZsG8s1cQijU1p7CX6b9FNrZuRO+/rX6",,0
"9B7F7451A15345A3B242F149D396D000","D03","DSNY","DSNY_005","W","2014-05-29","2014-05-30","2014-05-30",,"DSNY_005.W.20140529.oc.01",,"Y","other carabid",,,,,,,,,,"7ZsG8s1cQijU1p7CX6b9FNrZuRO+/rX6",,0
"E887B12C84754A24A326EF5F85B90AC5","D03","DSNY","DSNY_003","N","2014-05-29","2014-05-30","2014-05-30",,"DSNY_003.20140529.ib.01","DSNY_003.20140529.ib.01","Y","invert bycatch",,,,,,,,,,"7ZsG8s1cQijU1p7CX6b9FNrZuRO+/rX6",,0
"861DDE81C659411C92A0DF2DB2609EC0","D03","DSNY","DSNY_003","N","2014-05-29","2014-05-30","2014-05-30",,"DSNY_003.N.20140529.oc.01",,"Y","other carabid",,,,,,,,,,"7ZsG8s1cQijU1p7CX6b9FNrZuRO+/rX6",,0
"08492FD94E894B6BB3AB1D81E8ACC45A","D03","DSNY","DSNY_004","S","2014-05-29","2014-05-30","2014-05-30",,"DSNY_004.S.20140529.oc.01",,"Y","other carabid",,,,,,,,,,"7ZsG8s1cQijU1p7CX6b9FNrZuRO+/rX6",,0
"6FD7C21D30444153824ACB4515639C46","D03","DSNY","DSNY_004","N","2014-05-29","2014-05-30","2014-05-30",,"DSNY_004.20140529.ib.01","DSNY_004.20140529.ib.01","Y","invert bycatch",,,,,,,,,,"7ZsG8s1cQijU1p7CX6b9FNrZuRO+/rX6",,0
"ECF235FCB3E74E7E9563FE902703439E","D03","DSNY","DSNY_002","W","2014-05-29","2014-05-30","2014-05-30","2014-05-30","DSNY_002.W.20140529.BUFQUE.01","DSNY_002.W.20140529.BUFQUE.01","N","vert bycatch herp","ANAQUE","Anaxyrus quercicus","species",,"Holbrook",,,,"iiDgbhaUgfPlmO3sDuElTmkNgYTXyxbk","7ZsG8s1cQijU1p7CX6b9FNrZuRO+/rX6",,0
"C5FC8CBBB1DB47C2B3033C65010E5109","D03","DSNY","DSNY_002","N","2014-05-29","2014-05-30","2014-05-30",,"DSNY_002.20140529.ib.01","DSNY_002.20140529.ib.01",,"invert bycatch",,,,,,,,,,"7ZsG8s1cQijU1p7CX6b9FNrZuRO+/rX6",,0
"DF0942CC1BDD4C72BF38A54AC0E25FF0","D03","DSNY","DSNY_002","N","2014-05-29","2014-05-30","2014-05-30","2014-05-30","DSNY_002.N.20140529.BUFQUE.01","DSNY_002.N.20140529.BUFQUE.01","N","vert bycatch herp","ANAQUE","Anaxyrus quercicus","species",,"Holbrook",,,,"iiDgbhaUgfPlmO3sDuElTmkNgYTXyxbk","7ZsG8s1cQijU1p7CX6b9FNrZuRO+/rX6",,0
"2D387D6E1439450FAD15B6F51B5861BE","D03","DSNY","DSNY_001","N","2014-06-11","2014-06-12","2014-06-12",,"DSNY_001.N.20140611.oc.01",,"Y","other carabid",,,,,,,,,,"iiDgbhaUgfPlmO3sDuElTmkNgYTXyxbk",,0
"BD28F2C56DD64F10843E90A09731D6D6","D03","DSNY","DSNY_021","W","2014-06-11","2014-06-12","2014-06-12","2014-09-30","DSNY_021.W.20140611.SELFOS.01","DSNY_021.W.20140611.SELFOS.01","Y","common carabid","SELFOS","Selenophorus fossulatus","species",,"Dejean",,3,"Dejean 1829","scdXeiOYH+xCXiXscoerBg8nVMTM/1lP","scdXeiOYH+xCXiXscoerBg8nVMTM/1lP",,0
"668229BDB7F042818CFBC07DD3213CD8","D03","DSNY","DSNY_021","N","2014-06-11","2014-06-12","2014-06-12",,"DSNY_021.20140611.ib.01","DSNY_021.20140611.ib.01",,"invert bycatch",,,,,,,,,,"iiDgbhaUgfPlmO3sDuElTmkNgYTXyxbk",,0
"FA779C4137214BBFA406677D65AC6E30","D03","DSNY","DSNY_021","W","2014-06-11","2014-06-12","2014-06-12","2014-06-12","DSNY_021.W.20140611.PASSUB1.01","DSNY_021.20140611.PASSUB1.01","Y","common carabid","PASSUB1","Pasimachus sublaevis","species",,"Palisot de Beauvois",,3,,"X7v0iPvxlmTk0exubzCLpTJOdy1JXL4F","scdXeiOYH+xCXiXscoerBg8nVMTM/1lP",,0
"88443C51ACDE4F2CB6DD5EA770743F11","D03","DSNY","DSNY_021","N","2014-06-11","2014-06-12","2014-06-12",,"DSNY_021.N.20140611.oc.01",,"Y","other carabid",,,,,,,,,,"scdXeiOYH+xCXiXscoerBg8nVMTM/1lP",,0
"6544E846295F436499D5E229782F098F","D03","DSNY","DSNY_021","S","2014-06-11","2014-06-12","2014-06-12",,"DSNY_021.S.20140611.oc.01",,"Y","other carabid",,,,,,,,,,"scdXeiOYH+xCXiXscoerBg8nVMTM/1lP",,0
"C4CE06A7D1E74F2D9D3B706AE462600D","D03","DSNY","DSNY_021","W","2014-06-11","2014-06-12","2014-06-12",,"DSNY_021.W.20140611.oc.01",,"Y","other carabid",,,,,,,,,,"scdXeiOYH+xCXiXscoerBg8nVMTM/1lP",,0
"99CBB12A5C474B8AA1E50AA031157E06","D03","DSNY","DSNY_016","E","2014-06-11","2014-06-12","2014-06-12","2014-06-12","DSNY_016.E.20140611.GASCAR.01","DSNY_016.E.20140611.GASCAR.01","Y","vert bycatch herp","GASCAR","Gastrophryne carolinensis","species",,"Holbrook",,1,,"PbNu4t/t/O1BAZriMiaA3VbsZD9KatgX","scdXeiOYH+xCXiXscoerBg8nVMTM/1lP",,0
"75C8BF2C92A74061AA052B512B447EF9","D03","DSNY","DSNY_016","N","2014-06-11","2014-06-12","2014-06-12",,"DSNY_016.20140611.ib.01","DSNY_016.20140611.ib.01",,"invert bycatch",,,,,,,,,,"iiDgbhaUgfPlmO3sDuElTmkNgYTXyxbk",,0
"99846DA0D1004F4CA15DB9163B6ABEDD","D03","DSNY","DSNY_016","E","2014-06-11","2014-06-12","2014-06-12","2014-06-12","DSNY_016.E.20140611.PASSUB1.01","DSNY_016.E.20140611.PASSUB1.01","Y","common carabid","PASSUB1","Pasimachus sublaevis","species",,"Palisot de Beauvois",,3,,"PbNu4t/t/O1BAZriMiaA3VbsZD9KatgX","scdXeiOYH+xCXiXscoerBg8nVMTM/1lP","Individual count inferred from number of beetles not pinned.",0
"A5FF2FE68F6245909E104FC3205A899A","D03","DSNY","DSNY_016","N","2014-06-11","2014-06-12","2014-06-12","2014-09-30","DSNY_016.N.20140611.TETLAE.01","DSNY_016.N.20140611.TETLAE.01","Y","common carabid","TETLAE","Tetragonoderus laevigatus","species",,"Chaudoir",,1,"Chaudoir 1876","PbNu4t/t/O1BAZriMiaA3VbsZD9KatgX","scdXeiOYH+xCXiXscoerBg8nVMTM/1lP",,0
"5481350386F8464BB5AC02ABDAA00C05","D03","DSNY","DSNY_016","W","2014-06-11","2014-06-12","2014-06-12",,"DSNY_016.W.20140611.oc.01",,"Y","other carabid",,,,,,,,,,"scdXeiOYH+xCXiXscoerBg8nVMTM/1lP",,0
"4391001644154EF5BDC5C7E20DA28B0F","D03","DSNY","DSNY_009","E","2014-06-11","2014-06-12","2014-06-12",,"DSNY_009.E.20140611.oc.01",,"Y","other carabid",,,,,,,,,,"scdXeiOYH+xCXiXscoerBg8nVMTM/1lP",,0
"160FB357F8F04214BDBD150E57415D9F","D03","DSNY","DSNY_009","N","2014-06-11","2014-06-12","2014-06-12",,"DSNY_009.20140611.ib.01","DSNY_009.20140611.ib.01",,"invert bycatch",,,,,,,,,,"iiDgbhaUgfPlmO3sDuElTmkNgYTXyxbk",,0
"1EDD715CEFC641408B193B02791F9F85","D03","DSNY","DSNY_007","N","2014-06-11","2014-06-12","2014-06-12","2014-09-30","DSNY_007.N.20140611.SELFOS.01","DSNY_007.N.20140611.SELFOS.01","Y","common carabid","SELFOS","Selenophorus fossulatus","species",,"Dejean",,2,,"PbNu4t/t/O1BAZriMiaA3VbsZD9KatgX","scdXeiOYH+xCXiXscoerBg8nVMTM/1lP",,0
"B4D7450F384645FEA0FBEAD357C8C059","D03","DSNY","DSNY_007","E","2014-06-11","2014-06-12","2014-06-12",,"DSNY_007.E.20140611.oc.01",,"Y","other carabid",,,,,,,,,,"scdXeiOYH+xCXiXscoerBg8nVMTM/1lP",,0
"6F80335DBE744F7A9E058735B938DDD3","D03","DSNY","DSNY_007","W","2014-06-11","2014-06-12","2014-06-12",,"DSNY_007.W.20140611.oc.01",,"Y","other carabid",,,,,,,,,,"scdXeiOYH+xCXiXscoerBg8nVMTM/1lP",,0
"47530EA10B12437EAED4E56B41F8DE64","D03","DSNY","DSNY_007","N","2014-06-11","2014-06-12","2014-06-12",,"DSNY_007.N.20140611.oc.01",,"Y","other carabid",,,,,,,,,,"scdXeiOYH+xCXiXscoerBg8nVMTM/1lP",,0
"80FAE92EE8BE4230887CE7DB0CF0446A","D03","DSNY","DSNY_007","N","2014-06-11","2014-06-12","2014-06-12",,"DSNY_007.20140611.ib.01","DSNY_007.20140611.ib.01",,"invert bycatch",,,,,,,,,,"iiDgbhaUgfPlmO3sDuElTmkNgYTXyxbk",,0
"541FFE9A77D84338BEBF4126FD68DB9F","D03","DSNY","DSNY_006","W","2014-06-11","2014-06-12","2014-06-12","2014-06-12","DSNY_006.W.20140611.BUFQUE.01","DSNY_006.W.20140611.BUFQUE.01","N","vert bycatch herp","ANAQUE","Anaxyrus quercicus","species",,"Holbrook",,1,,"X7v0iPvxlmTk0exubzCLpTJOdy1JXL4F","scdXeiOYH+xCXiXscoerBg8nVMTM/1lP",,0
"7E79707C04BF4C8B87B65D0A5A7CFBBD","D03","DSNY","DSNY_006","N","2014-06-11","2014-06-12","2014-06-12",,"DSNY_006.20140611.ib.01","DSNY_006.20140611.ib.01",,"invert bycatch",,,,,,,,,,"iiDgbhaUgfPlmO3sDuElTmkNgYTXyxbk",,0
"15C6AA30D934493988EF45E2A8D78DEF","D03","DSNY","DSNY_005","N","2014-06-11","2014-06-12","2014-06-12",,"DSNY_005.N.20140611.oc.01",,"Y","other carabid",,,,,,,,,,"scdXeiOYH+xCXiXscoerBg8nVMTM/1lP",,0
"95D86B43A0EC4B5386E8F28CBBB37D8E","D03","DSNY","DSNY_005","N","2014-06-11","2014-06-12","2014-06-12",,"DSNY_005.20140611.ib.01","DSNY_005.20140611.ib.01",,"invert bycatch",,,,,,,,,,"iiDgbhaUgfPlmO3sDuElTmkNgYTXyxbk",,0
"3995E8453CCD4CDA928EE06AA398DE92","D03","DSNY","DSNY_003","S","2014-06-11","2014-06-12","2014-06-12","2014-06-12","DSNY_003.S.20140611.PASSUB1.01","DSNY_003.20140611.PASSUB1.01","Y","common carabid","PASSUB1","Pasimachus sublaevis","species",,"Palisot de Beauvois",,1,,"7ZsG8s1cQijU1p7CX6b9FNrZuRO+/rX6","iiDgbhaUgfPlmO3sDuElTmkNgYTXyxbk",,0
"5399F28925BF4CE28F6F3C4573CCCF80","D03","DSNY","DSNY_003","E","2014-06-11","2014-06-12","2014-06-12","2014-08-06","DSNY_003.E.20140611.SELFOS.01","DSNY_003.E.20140611.SELFOS.01","Y","common carabid","SELFOS","Selenophorus fossulatus","species",,"Dejean",,1,"Dejean 1829","bPko/k8RNU/icSbrBCzMLbJxWeUwZufu","iiDgbhaUgfPlmO3sDuElTmkNgYTXyxbk",,0
"2D56E47EC6854FF4810FA27C893323DF","D03","DSNY","DSNY_003","E","2014-06-11","2014-06-12","2014-06-12",,"DSNY_003.E.20140611.oc.01",,"Y","other carabid",,,,,,,,,,"iiDgbhaUgfPlmO3sDuElTmkNgYTXyxbk",,0
"C411B219EDEF47C4B778581C4A5C0D03","D03","DSNY","DSNY_003","S","2014-06-11","2014-06-12","2014-06-12",,"DSNY_003.S.20140611.oc.01",,"Y","other carabid",,,,,,,,,,"iiDgbhaUgfPlmO3sDuElTmkNgYTXyxbk",,0
"3DF1828EC652477C925BCC34158DB295","D03","DSNY","DSNY_003","N","2014-06-11","2014-06-12","2014-06-12",,"DSNY_003.20140611.ib.01","DSNY_003.20140611.ib.01",,"invert bycatch",,,,,,,,,,"iiDgbhaUgfPlmO3sDuElTmkNgYTXyxbk",,0
"89B74A813572496E976834306DEAB230","D03","DSNY","DSNY_004","N","2014-06-11","2014-06-12","2014-06-12",,"DSNY_004.20140611.ib.01","DSNY_004.20140611.ib.01",,"invert bycatch",,,,,,,,,,"iiDgbhaUgfPlmO3sDuElTmkNgYTXyxbk",,0
"39780C452BA144F29F09ED47F183518F","D03","DSNY","DSNY_004","N","2014-06-11","2014-06-12","2014-06-12","2014-06-12","DSNY_004.N.20140611.BUFQUE.01","DSNY_004.N.20140611.BUFQUE.01","N","vert bycatch herp","ANAQUE","Anaxyrus quercicus","species",,"Holbrook",,1,,"bPko/k8RNU/icSbrBCzMLbJxWeUwZufu","scdXeiOYH+xCXiXscoerBg8nVMTM/1lP",,1
"03BD48CA5D2F435B8CB6A501DC2ADFB7","D03","DSNY","DSNY_002","S","2014-06-11","2014-06-12","2014-06-12","2014-09-30","DSNY_002.S.20140611.SELFOS.01","DSNY_002.S.20140611.SELFOS.01","Y","common carabid","SELFOS","Selenophorus fossulatus","species",,"Dejean",,1,"Dejean 1829","scdXeiOYH+xCXiXscoerBg8nVMTM/1lP","iiDgbhaUgfPlmO3sDuElTmkNgYTXyxbk",,0
"77810468BDE8427DA91572F80B62F422","D03","DSNY","DSNY_002","N","2014-06-11","2014-06-12","2014-06-12","2014-06-12","DSNY_002.N.20140611.PASSUB1.01","DSNY_002.20140611.PASSUB1.01","Y","common carabid","PASSUB1","Pasimachus sublaevis","species",,"Palisot de Beauvois",,1,,"KnvsV1XN/fcT6FYSWd8OReDfV3Qsyj6N","iiDgbhaUgfPlmO3sDuElTmkNgYTXyxbk",,0
"79630DD3975B4E06B9216508402D9310","D03","DSNY","DSNY_002","N","2014-06-11","2014-06-12","2014-06-12",,"DSNY_002.20140611.ib.01","DSNY_002.20140611.ib.01",,"invert bycatch",,,,,,,,,,"iiDgbhaUgfPlmO3sDuElTmkNgYTXyxbk",,0
"3D5957C2D7364536BD43C14A86CDB122","D03","DSNY","DSNY_001","S","2014-06-11","2014-06-12","2014-06-12","2014-08-11","DSNY_001.S.20140611.PASSUB1.01","DSNY_001.S.20140611.PASSUB1.01",,"common carabid","PASSUB1","Pasimachus sublaevis","species",,"Palisot de Beauvois",,1,"Palisot de Beauvois 1811","7ZsG8s1cQijU1p7CX6b9FNrZuRO+/rX6","iiDgbhaUgfPlmO3sDuElTmkNgYTXyxbk",,0
"A6AC4319770A4C9D96C88744BE86F083","D03","DSNY","DSNY_001","N","2014-06-11","2014-06-12","2014-06-12",,"DSNY_001.20140611.ib.01","DSNY_001.20140611.ib.01",,"invert bycatch",,,,,,,,,,"7ZsG8s1cQijU1p7CX6b9FNrZuRO+/rX6",,0
"8E0B7C8EA0644F51A138470748269C56","D03","DSNY","DSNY_001","N","2014-06-26","2014-06-27","2014-06-27",,"DSNY_001.20140626.ib.01","DSNY_001.20140626.ib.01",,"invert bycatch",,,,,,,,,,"iiDgbhaUgfPlmO3sDuElTmkNgYTXyxbk",,0
"2723548724DA41FE83950BB6CF4BA5F7","D03","DSNY","DSNY_021","N","2014-06-26","2014-06-27","2014-06-27",,"DSNY_021.20140626.ib.01","DSNY_021.20140626.ib.01",,"invert bycatch",,,,,,,,,,"iiDgbhaUgfPlmO3sDuElTmkNgYTXyxbk",,0
"B39D23D262ED4FDD841329B00CAAA449","D03","DSNY","DSNY_021","N","2014-06-26","2014-06-27","2014-06-27",,"DSNY_021.N.20140626.oc.01",,"Y","other carabid",,,,,,,,,,"zlagoNCeUUGLNrXoFxy+Hj5lwDL2TbeY",,0
"38220F4EE4E241DD9DE1031666CEE166","D03","DSNY","DSNY_021","W","2014-06-26","2014-06-27","2014-06-27","2014-06-27","DSNY_021.W.20140626.GASCAR.01","DSNY_021.W.20140626.GASCAR.01","Y","vert bycatch herp","GASCAR","Gastrophryne carolinensis","species",,"Holbrook",,1,,"zalAlOVtxR8uRtOgAHUv1rcipP22P7q7","iiDgbhaUgfPlmO3sDuElTmkNgYTXyxbk",,0
"B6CF90B123CB429989350522D6014EC1","D03","DSNY","DSNY_021","E","2014-06-26","2014-06-27","2014-06-27",,"DSNY_021.E.20140626.oc.01",,"Y","other carabid",,,,,,,,,,"zlagoNCeUUGLNrXoFxy+Hj5lwDL2TbeY",,0
"0A10633030FC4C9ABA9A3879F76272C2","D03","DSNY","DSNY_021","W","2014-06-26","2014-06-27","2014-06-27","2014-09-30","DSNY_021.W.20140626.PASSUB1.01","DSNY_021.W.20140626.PASSUB1.01","Y","common carabid","PASSUB1","Pasimachus sublaevis","species",,"Palisot de Beauvois",,1,"Palisot de Beauvois 1811","scdXeiOYH+xCXiXscoerBg8nVMTM/1lP","zlagoNCeUUGLNrXoFxy+Hj5lwDL2TbeY",,0
"6D8788561935458D998D0A18E9944B62","D03","DSNY","DSNY_016","N","2014-06-26","2014-06-27","2014-06-27","2014-09-25","DSNY_016.N.20140626.TETLAE.01","DSNY_016.N.20140626.TETLAE.01","Y","common carabid","TETLAE","Tetragonoderus laevigatus","species",,"Chaudoir",,1,,"+Php+iSbwilfX0miZyLr6CFGFWIWkwB5","zlagoNCeUUGLNrXoFxy+Hj5lwDL2TbeY",,0
"9E417534A7E84C8C9387BC060D0F85C6","D03","DSNY","DSNY_016","E","2014-06-26","2014-06-27","2014-06-27","2014-09-30","DSNY_016.E.20140626.PASSUB1.01","DSNY_016.E.20140626.PASSUB1.01","Y","common carabid","PASSUB1","Pasimachus sublaevis","species",,"Palisot de Beauvois",,1,"Palisot de Beauvois 1811","7ZsG8s1cQijU1p7CX6b9FNrZuRO+/rX6","zlagoNCeUUGLNrXoFxy+Hj5lwDL2TbeY",,0
"9D404978CFCD4A5D8304158650304F85","D03","DSNY","DSNY_016","N","2014-06-26","2014-06-27","2014-06-27",,"DSNY_016.20140626.ib.01","DSNY_016.20140626.ib.01",,"invert bycatch",,,,,,,,,,"iiDgbhaUgfPlmO3sDuElTmkNgYTXyxbk",,0
"BE6B652F982B450B80A96C1044C485AC","D03","DSNY","DSNY_016","W","2014-06-26","2014-06-27","2014-06-27",,"DSNY_016.W.20140626.oc.01",,"Y","other carabid",,,,,,,,,,"zlagoNCeUUGLNrXoFxy+Hj5lwDL2TbeY",,0
"62CC2343413C44F7AF4FF8B1286522CB","D03","DSNY","DSNY_016","S","2014-06-26","2014-06-27","2014-06-27","2014-09-25","DSNY_016.S.20140626.TETLAE.01","DSNY_016.S.20140626.TETLAE.01","Y","common carabid","TETLAE","Tetragonoderus laevigatus","species",,"Chaudoir",,1,"Chaudoir 1876","7ZsG8s1cQijU1p7CX6b9FNrZuRO+/rX6","zlagoNCeUUGLNrXoFxy+Hj5lwDL2TbeY",,0
"54727308CB0B4E39BAD2E2E8C956A372","D03","DSNY","DSNY_016","S","2014-06-26","2014-06-27","2014-06-27",,"DSNY_016.S.20140626.oc.01",,"Y","other carabid",,,,,,,,,,"zlagoNCeUUGLNrXoFxy+Hj5lwDL2TbeY",,0
"2DB8E298046D485CB5AD08E9797DB603","D03","DSNY","DSNY_009","N","2014-06-26","2014-06-27","2014-06-27",,"DSNY_009.20140626.ib.01","DSNY_009.20140626.ib.01",,"invert bycatch",,,,,,,,,,"iiDgbhaUgfPlmO3sDuElTmkNgYTXyxbk",,0
"943BBFECB5884455B57C3C6A28ACDC34","D03","DSNY","DSNY_007","N","2014-06-26","2014-06-27","2014-06-27",,"DSNY_007.N.20140626.oc.01",,"Y","other carabid",,,,,,,,,,"iiDgbhaUgfPlmO3sDuElTmkNgYTXyxbk",,0
"9F52BE55165141D48099897EC8B2F8E5","D03","DSNY","DSNY_007","S","2014-06-26","2014-06-27","2014-06-27","2014-06-27","DSNY_007.S.20140626.PASSUB1.01","DSNY_007.20140626.PASSUB1.01","Y","common carabid","PASSUB1","Pasimachus sublaevis","species",,"Palisot de Beauvois",,2,,"zlagoNCeUUGLNrXoFxy+Hj5lwDL2TbeY","zlagoNCeUUGLNrXoFxy+Hj5lwDL2TbeY",,0
"9EF432EBC8234BB69DC4AD6916833E5B","D03","DSNY","DSNY_007","N","2014-06-26","2014-06-27","2014-06-27",,"DSNY_007.20140626.ib.01","DSNY_007.20140626.ib.01",,"invert bycatch",,,,,,,,,,"iiDgbhaUgfPlmO3sDuElTmkNgYTXyxbk",,0
"3E086BE1F52A4F35BCE03969B17E179E","D03","DSNY","DSNY_006","N","2014-06-26","2014-06-27","2014-06-27",,"DSNY_006.20140626.ib.01","DSNY_006.20140626.ib.01",,"invert bycatch",,,,,,,,,,"iiDgbhaUgfPlmO3sDuElTmkNgYTXyxbk",,0
"90956599CB05443FB0F61DB83E5D00F3","D03","DSNY","DSNY_006","W","2014-06-26","2014-06-27","2014-06-27",,"DSNY_006.W.20140626.oc.01",,,"other carabid",,,,,,,,,,"iiDgbhaUgfPlmO3sDuElTmkNgYTXyxbk",,0
"26FD0B50FA3E4C9DBE58BBB0E2E2EFDC","D03","DSNY","DSNY_005","N","2014-06-26","2014-06-27","2014-06-27",,"DSNY_005.20140626.ib.01","DSNY_005.20140626.ib.01",,"invert bycatch",,,,,,,,,,"iiDgbhaUgfPlmO3sDuElTmkNgYTXyxbk",,0
"118E85DEE7F74A05A498E8023F21ED7C","D03","DSNY","DSNY_005","W","2014-06-26","2014-06-27","2014-06-27",,"DSNY_005.W.20140626.oc.01",,"Y","other carabid",,,,,,,,,,"iiDgbhaUgfPlmO3sDuElTmkNgYTXyxbk",,0
"9CFF4173CA5848FCB60C703D62A9EC5A","D03","DSNY","DSNY_005","N","2014-06-26","2014-06-27","2014-06-27",,"DSNY_005.N.20140626.oc.01",,"Y","other carabid",,,,,,,,,,"iiDgbhaUgfPlmO3sDuElTmkNgYTXyxbk",,0
"C1E207C5E2AE44EA9767A10B5685EFCC","D03","DSNY","DSNY_003","S","2014-06-26","2014-06-27","2014-06-27","2014-06-27","DSNY_003.S.20140626.PASSUB1.01","DSNY_003.20140626.PASSUB1.01","Y","common carabid","PASSUB1","Pasimachus sublaevis","species",,"Palisot de Beauvois",,2,,"PbNu4t/t/O1BAZriMiaA3VbsZD9KatgX","iiDgbhaUgfPlmO3sDuElTmkNgYTXyxbk",,0
"EFE89AC4600D4F9F93C673B9B1396748","D03","DSNY","DSNY_003","S","2014-06-26","2014-06-27","2014-06-27",,"DSNY_003.S.20140626.oc.01",,"Y","other carabid",,,,,,,,,,"iiDgbhaUgfPlmO3sDuElTmkNgYTXyxbk",,0
"524D8BC5BB424977886C046F3832C79C","D03","DSNY","DSNY_003","N","2014-06-26","2014-06-27","2014-06-27",,"DSNY_003.20140626.ib.01","DSNY_003.20140626.ib.01",,"invert bycatch",,,,,,,,,,"iiDgbhaUgfPlmO3sDuElTmkNgYTXyxbk",,0
"F2E19C83F7334E209A728D5F5633DF66","D03","DSNY","DSNY_004","S","2014-06-26","2014-06-27","2014-06-27",,"DSNY_004.S.20140626.oc.01",,,"other carabid",,,,,,,,,,"iiDgbhaUgfPlmO3sDuElTmkNgYTXyxbk",,0
"33B4DB0CCDA94B08BE805790357C8B0F","D03","DSNY","DSNY_004","N","2014-06-26","2014-06-27","2014-06-27",,"DSNY_004.20140626.ib.01","DSNY_004.20140626.ib.01",,"invert bycatch",,,,,,,,,,"iiDgbhaUgfPlmO3sDuElTmkNgYTXyxbk",,0
"58C26FA5FC534B49A295A16CE6C3E270","D03","DSNY","DSNY_002","W","2014-06-26","2014-06-27","2014-06-27","2014-08-26","DSNY_002.W.20140626.PASSUB1.01","DSNY_002.W.20140626.PASSUB1.01","Y","common carabid","PASSUB1","Pasimachus sublaevis","species",,"Palisot de Beauvois",,1,"Palisot de Beauvois 1811","bPko/k8RNU/icSbrBCzMLbJxWeUwZufu","iiDgbhaUgfPlmO3sDuElTmkNgYTXyxbk",,0
"05DE9D8E2BA44F44A7A5B45D322F0F4E","D03","DSNY","DSNY_002","N","2014-06-26","2014-06-27","2014-06-27",,"DSNY_002.20140626.ib.01","DSNY_002.20140626.ib.01",,"invert bycatch",,,,,,,,,,"iiDgbhaUgfPlmO3sDuElTmkNgYTXyxbk",,0
"6C81B039172748218D2AB721A732830F","D03","DSNY","DSNY_001","N","2014-07-09","2014-07-16","2014-07-16",,"DSNY_001.20140709.ib.01","DSNY_001.20140709.ib.01",,"invert bycatch",,,,,,,,,,"iiDgbhaUgfPlmO3sDuElTmkNgYTXyxbk",,0
"2817C34315034CDCA0B1EE6E3712FD36","D03","DSNY","DSNY_021","N","2014-07-09","2014-07-16","2014-07-16",,"DSNY_021.20140709.ib.01","DSNY_021.20140709.ib.01",,"invert bycatch",,,,,,,,,,"iiDgbhaUgfPlmO3sDuElTmkNgYTXyxbk",,0
"B1A32C6F8440453D908EBEB32E68A3F6","D03","DSNY","DSNY_016","N","2014-07-09","2014-07-16","2014-07-16",,"DSNY_016.N.20140709.oc.01",,"Y","other carabid",,,,,,,,,,"iiDgbhaUgfPlmO3sDuElTmkNgYTXyxbk",,0
"E588025635CB431B80B5843C285F5880","D03","DSNY","DSNY_016","S","2014-07-09","2014-07-16","2014-07-16",,"DSNY_016.S.20140709.oc.01",,"Y","other carabid",,,,,,,,,,"iiDgbhaUgfPlmO3sDuElTmkNgYTXyxbk",,0
"F31E3ABB2175493288987C67E01B368D","D03","DSNY","DSNY_016","N","2014-07-09","2014-07-16","2014-07-16",,"DSNY_016.20140709.ib.01","DSNY_016.20140709.ib.01",,"invert bycatch",,,,,,,,,,"iiDgbhaUgfPlmO3sDuElTmkNgYTXyxbk",,0
"E4F6284AD0814397920176386BD2584B","D03","DSNY","DSNY_016","W","2014-07-09","2014-07-16","2014-07-16","2014-09-26","DSNY_016.W.20140709.TETLAE.01","DSNY_016.W.20140709.TETLAE.01","Y","common carabid","TETLAE","Tetragonoderus laevigatus","species",,"Chaudoir",,3,"Chaudoir 1876","7ZsG8s1cQijU1p7CX6b9FNrZuRO+/rX6","iiDgbhaUgfPlmO3sDuElTmkNgYTXyxbk",,0
"B0BB347D90AD4D188DAE95D9930F16D3","D03","DSNY","DSNY_016","W","2014-07-09","2014-07-16","2014-07-16",,"DSNY_016.W.20140709.oc.01",,"Y","other carabid",,,,,,,,,,"iiDgbhaUgfPlmO3sDuElTmkNgYTXyxbk",,0
"F77A8B015D9547078A3F4A18F4EC2287","D03","DSNY","DSNY_009","N","2014-07-09","2014-07-16","2014-07-16",,"DSNY_009.20140709.ib.01","DSNY_009.20140709.ib.01",,"invert bycatch",,,,,,,,,,"iiDgbhaUgfPlmO3sDuElTmkNgYTXyxbk",,0
"C6D290F97D064BD3A5EE65D9DF1156FC","D03","DSNY","DSNY_007","N","2014-07-09","2014-07-16","2014-07-16",,"DSNY_007.20140709.ib.01","DSNY_007.20140709.ib.01",,"invert bycatch",,,,,,,,,,"iiDgbhaUgfPlmO3sDuElTmkNgYTXyxbk",,0
"3E27888FEA194CA69B9619452B38E7AA","D03","DSNY","DSNY_006","N","2014-07-09","2014-07-16","2014-07-16",,"DSNY_006.20140709.ib.01","DSNY_006.20140709.ib.01",,"invert bycatch",,,,,,,,,,"iiDgbhaUgfPlmO3sDuElTmkNgYTXyxbk",,0
"E90D12D3A88E4BF69528DF267B7E7968","D03","DSNY","DSNY_006","N","2014-07-09","2014-07-16","2014-07-16",,"DSNY_006.N.20140709.oc.01",,"Y","other carabid",,,,,,,,,,"iiDgbhaUgfPlmO3sDuElTmkNgYTXyxbk",,0
"65C8A985B9C84D9AB61A3634D8237C33","D03","DSNY","DSNY_005","S","2014-07-09","2014-07-16","2014-07-16",,"DSNY_005.S.20140709.oc.01",,"Y","other carabid",,,,,,,,,,"iiDgbhaUgfPlmO3sDuElTmkNgYTXyxbk",,0
"E32267486E3942DD838ED32DB98FEC2A","D03","DSNY","DSNY_005","N","2014-07-09","2014-07-16","2014-07-16",,"DSNY_005.20140709.ib.01","DSNY_005.20140709.ib.01",,"invert bycatch",,,,,,,,,,"iiDgbhaUgfPlmO3sDuElTmkNgYTXyxbk",,0
"A8667B336F3740409C6DFF5AC4A383BB","D03","DSNY","DSNY_003","E","2014-07-09","2014-07-16","2014-07-16",,"DSNY_003.E.20140709.oc.01",,"Y","other carabid",,,,,,,,,,"iiDgbhaUgfPlmO3sDuElTmkNgYTXyxbk",,0
"28C96FBC8D944D7A9E12806AC81B46F1","D03","DSNY","DSNY_003","S","2014-07-09","2014-07-16","2014-07-16",,"DSNY_003.S.20140709.oc.01",,,"other carabid",,,,,,,,,,"iiDgbhaUgfPlmO3sDuElTmkNgYTXyxbk",,0
"6616BA5615AB472B9B43DEB668C2A6E3","D03","DSNY","DSNY_003","N","2014-07-09","2014-07-16","2014-07-16",,"DSNY_003.20140709.ib.01","DSNY_003.20140709.ib.01",,"invert bycatch",,,,,,,,,,"iiDgbhaUgfPlmO3sDuElTmkNgYTXyxbk",,0
"DDB033C506134D3BAB267EE60D7F6D3C","D03","DSNY","DSNY_004","N","2014-07-09","2014-07-16","2014-07-16",,"DSNY_004.20140709.ib.01","DSNY_004.20140709.ib.01",,"invert bycatch",,,,,,,,,,"iiDgbhaUgfPlmO3sDuElTmkNgYTXyxbk",,0
"6730B32AAFB1402AB051D54057CD87AC","D03","DSNY","DSNY_004","W","2014-07-09","2014-07-16","2014-07-16",,"DSNY_004.W.20140709.oc.01",,"Y","other carabid",,,,,,,,,,"iiDgbhaUgfPlmO3sDuElTmkNgYTXyxbk",,0
"0847BA59622649B490579FFFEBE59FBC","D03","DSNY","DSNY_004","E","2014-07-09","2014-07-16","2014-07-16",,"DSNY_004.E.20140709.oc.01",,"Y","other carabid",,,,,,,,,,"iiDgbhaUgfPlmO3sDuElTmkNgYTXyxbk",,0
"3CF1271ED4A447BB93876BEC27BDAF7F","D03","DSNY","DSNY_002","N","2014-07-09","2014-07-16","2014-07-16",,"DSNY_002.20140709.ib.01","DSNY_002.20140709.ib.01",,"invert bycatch",,,,,,,,,,"iiDgbhaUgfPlmO3sDuElTmkNgYTXyxbk",,1
"465C7CDBAFEB41DB8AB5FF89954FCB2A","D03","DSNY","DSNY_001","N","2014-08-06","2014-08-06","2014-08-06",,"DSNY_001.20140806.ib.01","DSNY_001.20140806.ib.01",,"invert bycatch",,,,,,,,,,"PbNu4t/t/O1BAZriMiaA3VbsZD9KatgX",,0
"8F0F3160D7B84EC7BD46134E645FDDEB","D03","DSNY","DSNY_021","W","2014-08-06","2014-08-06","2014-08-06","2014-09-26","DSNY_021.W.20140806.PASSUB1.01","DSNY_021.W.20140806.PASSUB1.01","Y","common carabid","PASSUB1","Pasimachus sublaevis","species",,"Palisot de Beauvois",,1,"Palisot de Beauvois 1811","7ZsG8s1cQijU1p7CX6b9FNrZuRO+/rX6","scdXeiOYH+xCXiXscoerBg8nVMTM/1lP",,0
"D6579BF2D2554C908DFFD28360C37535","D03","DSNY","DSNY_021","E","2014-08-06","2014-08-06","2014-08-06",,"DSNY_021.E.20140806.oc.01",,,"other carabid",,,,,,,,,,"scdXeiOYH+xCXiXscoerBg8nVMTM/1lP",,0
"7C278EEE38E44C48A6CB9399DB37EF51","D03","DSNY","DSNY_021","N","2014-08-06","2014-08-06","2014-08-06",,"DSNY_021.N.20140806.oc.01",,"Y","other carabid",,,,,,,,,,"scdXeiOYH+xCXiXscoerBg8nVMTM/1lP",,0
"D026DEDFEF4346178385EB432FC60B63","D03","DSNY","DSNY_021","N","2014-08-06","2014-08-06","2014-08-06",,"DSNY_021.20140806.ib.01","DSNY_021.20140806.ib.01",,"invert bycatch",,,,,,,,,,"PbNu4t/t/O1BAZriMiaA3VbsZD9KatgX",,0
"4A6DB1EFC61D4319B7E0319BE9598847","D03","DSNY","DSNY_016","E","2014-08-06","2014-08-06","2014-08-06","2014-08-11","DSNY_016.E.20140806.PASSUB1.01","DSNY_016.E.20140806.PASSUB1.01","Y","common carabid","PASSUB1","Pasimachus sublaevis","species",,"Palisot de Beauvois",,1,"Palisot de Beauvois 1811","7ZsG8s1cQijU1p7CX6b9FNrZuRO+/rX6","scdXeiOYH+xCXiXscoerBg8nVMTM/1lP",,0
"80C6416920E047BB95F7EA2DDF91F1B4","D03","DSNY","DSNY_016","S","2014-08-06","2014-08-06","2014-08-06",,"DSNY_016.S.20140806.oc.01",,"Y","other carabid",,,,,,,,,,"scdXeiOYH+xCXiXscoerBg8nVMTM/1lP",,0
"6E3FAE158E274D9088F72925C39D75A3","D03","DSNY","DSNY_016","N","2014-08-06","2014-08-06","2014-08-06",,"DSNY_016.N.20140806.oc.01",,"Y","other carabid",,,,,,,,,,"scdXeiOYH+xCXiXscoerBg8nVMTM/1lP",,0
"07C90C76847445DD8743A7F3C4C0EF66","D03","DSNY","DSNY_016","N","2014-08-06","2014-08-06","2014-08-06",,"DSNY_016.20140806.ib.01","DSNY_016.20140806.ib.01",,"invert bycatch",,,,,,,,,,"PbNu4t/t/O1BAZriMiaA3VbsZD9KatgX",,0
"FDFA507ADB7D460F9E761F68F00CDA02","D03","DSNY","DSNY_016","S","2014-08-06","2014-08-06","2014-08-06","2014-09-25","DSNY_016.S.20140806.TETLAE.01","DSNY_016.S.20140806.TETLAE.01","Y","common carabid","TETLAE","Tetragonoderus laevigatus","species",,"Chaudoir",,3,"Chaudoir 1876","7ZsG8s1cQijU1p7CX6b9FNrZuRO+/rX6","scdXeiOYH+xCXiXscoerBg8nVMTM/1lP",,0
"A1A0AF34A5A14F80A5DB1AEF974DA4A4","D03","DSNY","DSNY_016","E","2014-08-06","2014-08-06","2014-08-06",,"DSNY_016.E.20140806.oc.01",,"Y","other carabid",,,,,,,,,,"scdXeiOYH+xCXiXscoerBg8nVMTM/1lP",,0
"1481AFCED9CF4AA298218BE666FFC543","D03","DSNY","DSNY_016","W","2014-08-06","2014-08-06","2014-08-06",,"DSNY_016.W.20140806.oc.01",,"Y","other carabid",,,,,,,,,,"scdXeiOYH+xCXiXscoerBg8nVMTM/1lP",,0
"97816FB35F734B6C88F7D02D684AC107","D03","DSNY","DSNY_009","N","2014-08-06","2014-08-06","2014-08-06",,"DSNY_009.20140806.ib.01","DSNY_009.20140806.ib.01",,"invert bycatch",,,,,,,,,,"PbNu4t/t/O1BAZriMiaA3VbsZD9KatgX",,0
"073431C9772E448C92DB2F8D490FFDF9","D03","DSNY","DSNY_009","N","2014-08-06","2014-08-06","2014-08-06",,"DSNY_009.N.20140806.oc.01",,"Y","other carabid",,,,,,,,,,"scdXeiOYH+xCXiXscoerBg8nVMTM/1lP",,0
"40B57C70B5D843F0B34E7D2972955E0C","D03","DSNY","DSNY_009","N","2014-08-06","2014-08-06","2014-08-06","2014-08-06","DSNY_009.N.20140806.GASCAR.01","DSNY_009.N.20140806.GASCAR.01",,"vert bycatch herp","GASCAR","Gastrophryne carolinensis","species",,"Holbrook",,1,,"7ZsG8s1cQijU1p7CX6b9FNrZuRO+/rX6","PbNu4t/t/O1BAZriMiaA3VbsZD9KatgX",,0
"7757DCBF08584BDD96E4A7255D1497B1","D03","DSNY","DSNY_009","W","2014-08-06","2014-08-06","2014-08-06",,"DSNY_009.W.20140806.oc.01",,"Y","other carabid",,,,,,,,,,"scdXeiOYH+xCXiXscoerBg8nVMTM/1lP",,0
"D4561ABE1B2343A1B88F74FD549D3F61","D03","DSNY","DSNY_007","N","2014-08-06","2014-08-06","2014-08-06",,"DSNY_007.20140806.ib.01","DSNY_007.20140806.ib.01",,"invert bycatch",,,,,,,,,,"PbNu4t/t/O1BAZriMiaA3VbsZD9KatgX",,0
"6173D4BA85E14C66BA3D708704621C58","D03","DSNY","DSNY_007","S","2014-08-06","2014-08-20","2014-08-20",,"DSNY_007.S.20140806.oc.01",,"Y","other carabid",,,,,,,,,,"scdXeiOYH+xCXiXscoerBg8nVMTM/1lP",,0
"1336FEB831144A7DAB6E827385A469DD","D03","DSNY","DSNY_006","E","2014-08-06","2014-08-06","2014-08-06",,"DSNY_006.E.20140806.oc.01",,"Y","other carabid",,,,,,,,,,"scdXeiOYH+xCXiXscoerBg8nVMTM/1lP",,0
"CA9184E33290442896A1DEEABE2CB988","D03","DSNY","DSNY_006","E","2014-08-06","2014-08-06","2014-08-06","2014-08-06","DSNY_006.E.20140806.PASSUB1.01","DSNY_006.20140806.PASSUB1.01","Y","common carabid","PASSUB1","Pasimachus sublaevis","species",,"Palisot de Beauvois",,4,,"7ZsG8s1cQijU1p7CX6b9FNrZuRO+/rX6","scdXeiOYH+xCXiXscoerBg8nVMTM/1lP",,0
"B5943283D1424F5EB6563507FCD939AC","D03","DSNY","DSNY_006","N","2014-08-06","2014-08-06","2014-08-06",,"DSNY_006.20140806.ib.01","DSNY_006.20140806.ib.01",,"invert bycatch",,,,,,,,,,"PbNu4t/t/O1BAZriMiaA3VbsZD9KatgX",,0
"33EC3337858541D8A57896875CC6DE8A","D03","DSNY","DSNY_005","S","2014-08-06","2014-08-06","2014-08-06",,"DSNY_005.S.20140806.oc.01",,"Y","other carabid",,,,,,,,,,"scdXeiOYH+xCXiXscoerBg8nVMTM/1lP",,0
"3BC027091CE34356996F71664A7CEAF1","D03","DSNY","DSNY_005","S","2014-08-06","2014-08-06","2014-08-06","2014-08-06","DSNY_005.S.20140806.BUFTER.01","DSNY_005.S.20140806.BUFTER.01",,"vert bycatch herp","ANATER","Anaxyrus terrestris","species",,"Bonnaterre",,1,,"PO+gLcqpgG6WKM8lPge6HQp6NUBLdhs8","PbNu4t/t/O1BAZriMiaA3VbsZD9KatgX",,0
"67FC040C4BD54AB58FA4AC5C48747D14","D03","DSNY","DSNY_005","N","2014-08-06","2014-08-06","2014-08-06",,"DSNY_005.20140806.ib.01","DSNY_005.20140806.ib.01",,"invert bycatch",,,,,,,,,,"PbNu4t/t/O1BAZriMiaA3VbsZD9KatgX",,2
"E8C6F94DBDCC42119CB1084627DED52A","D03","DSNY","DSNY_005","W","2014-08-06","2014-08-06","2014-08-06","2014-08-06","DSNY_005.W.20140806.PASSUB1.01","DSNY_005.20140806.PASSUB1.01","Y","common carabid","PASSUB1","Pasimachus sublaevis","species",,"Palisot de Beauvois",,2,,"PbNu4t/t/O1BAZriMiaA3VbsZD9KatgX","scdXeiOYH+xCXiXscoerBg8nVMTM/1lP",,0
"9B846D41F43C42C190B7AFAC35FEEAF2","D03","DSNY","DSNY_005","N","2014-08-06","2014-08-20","2014-08-20",,"DSNY_005.20140806.ib.01","DSNY_005.20140806.ib.01",,"invert bycatch",,,,,,,,,,"scdXeiOYH+xCXiXscoerBg8nVMTM/1lP",,2
"B7E7F4938C594691A3CD8F06E5C41EC1","D03","DSNY","DSNY_005","E","2014-08-06","2014-08-06","2014-08-06",,"DSNY_005.E.20140806.oc.01",,"Y","other carabid",,,,,,,,,,"scdXeiOYH+xCXiXscoerBg8nVMTM/1lP",,0
"87B8610B4AD9464984D9E271320A9700","D03","DSNY","DSNY_005","N","2014-08-06","2014-08-06","2014-08-06",,"DSNY_005.N.20140806.oc.01",,"Y","other carabid",,,,,,,,,,"scdXeiOYH+xCXiXscoerBg8nVMTM/1lP",,0
"DCC9AEA0DC4D4F4291AF64B3A362009A","D03","DSNY","DSNY_003","W","2014-08-06","2014-08-06","2014-08-06",,"DSNY_003.W.20140806.oc.01",,"Y","other carabid",,,,,,,,,,"scdXeiOYH+xCXiXscoerBg8nVMTM/1lP",,0
"1D47D40782514A27AC6A4F0EAC107FA2","D03","DSNY","DSNY_003","N","2014-08-06","2014-08-06","2014-08-06",,"DSNY_003.20140806.ib.01","DSNY_003.20140806.ib.01",,"invert bycatch",,,,,,,,,,"PbNu4t/t/O1BAZriMiaA3VbsZD9KatgX",,0
"19D3CC800323446B9A2D4071A1227D95","D03","DSNY","DSNY_003","S","2014-08-06","2014-08-06","2014-08-06",,"DSNY_003.S.20140806.oc.01",,"Y","other carabid",,,,,,,,,,"scdXeiOYH+xCXiXscoerBg8nVMTM/1lP",,0
"5639CE8CF85F43C1A4EDA56449F05367","D03","DSNY","DSNY_003","E","2014-08-06","2014-08-06","2014-08-06",,"DSNY_003.E.20140806.oc.01",,"Y","other carabid",,,,,,,,,,"scdXeiOYH+xCXiXscoerBg8nVMTM/1lP",,0
"4FEB5211BAB4404BA305D66154259DCB","D03","DSNY","DSNY_003","N","2014-08-06","2014-08-06","2014-08-06",,"DSNY_003.N.20140806.oc.01",,"Y","other carabid",,,,,,,,,,"scdXeiOYH+xCXiXscoerBg8nVMTM/1lP",,0
"4D56BBE22EBD44CD9FC6CB3255F34904","D03","DSNY","DSNY_004","N","2014-08-06","2014-08-06","2014-08-06",,"DSNY_004.20140806.ib.01","DSNY_004.20140806.ib.01",,"invert bycatch",,,,,,,,,,"PbNu4t/t/O1BAZriMiaA3VbsZD9KatgX",,0
"FCB4198F7C7F45E1ACD9FEFBBF826CA9","D03","DSNY","DSNY_004","E","2014-08-06","2014-08-06","2014-08-06",,"DSNY_004.E.20140806.oc.01",,"Y","other carabid",,,,,,,,,,"scdXeiOYH+xCXiXscoerBg8nVMTM/1lP",,0
"D661B2940F8A4C80A9010E4EEA59CDE7","D03","DSNY","DSNY_002","W","2014-08-06","2014-08-06","2014-08-06","2014-09-19","DSNY_002.W.20140806.PASSUB1.01","DSNY_002.W.20140806.PASSUB1.01","Y","common carabid","PASSUB1","Pasimachus sublaevis","species",,"Palisot de Beauvois",,1,,"KnvsV1XN/fcT6FYSWd8OReDfV3Qsyj6N","PbNu4t/t/O1BAZriMiaA3VbsZD9KatgX",,0
"AB4D2A18A557474BB1B56C8A53624851","D03","DSNY","DSNY_002","W","2014-08-06","2014-08-06","2014-08-06","2014-08-06","DSNY_002.W.20140806.GASCAR.01","DSNY_002.W.20140806.GASCAR.01",,"vert bycatch herp","GASCAR","Gastrophryne carolinensis","species",,"Holbrook",,,,"PO+gLcqpgG6WKM8lPge6HQp6NUBLdhs8","PbNu4t/t/O1BAZriMiaA3VbsZD9KatgX",,0
"B4A9144AB4EE474E89C23E509B90D294","D03","DSNY","DSNY_002","N","2014-08-06","2014-08-06","2014-08-06",,"DSNY_002.20140806.ib.01","DSNY_002.20140806.ib.01",,"invert bycatch",,,,,,,,,,"PbNu4t/t/O1BAZriMiaA3VbsZD9KatgX",,0
"90B4AEC547354504921FB40C18561D51","D03","DSNY","DSNY_002","S","2014-08-06","2014-08-06","2014-08-06",,"DSNY_002.S.20140806.oc.01",,"Y","other carabid",,,,,,,,,,"PbNu4t/t/O1BAZriMiaA3VbsZD9KatgX",,0
"434772B88D4B47E1940076C7D41CFE14","D03","DSNY","DSNY_001","N","2014-08-20","2014-08-20","2014-08-20",,"DSNY_001.20140820.ib.01","DSNY_001.20140820.ib.01",,"invert bycatch",,,,,,,,,,"scdXeiOYH+xCXiXscoerBg8nVMTM/1lP",,0
"6376ACD9BF4541E994FE879E4D5A4B00","D03","DSNY","DSNY_021","E","2014-08-20","2014-08-20","2014-08-20",,"DSNY_021.E.20140820.oc.01",,"Y","other carabid",,,,,,,,,,"scdXeiOYH+xCXiXscoerBg8nVMTM/1lP",,0
"0DF19EBBC163479CB93AF53A39C7688E","D03","DSNY","DSNY_021","N","2014-08-20","2014-08-20","2014-08-20",,"DSNY_021.20140820.ib.01","DSNY_021.20140820.ib.01",,"invert bycatch",,,,,,,,,,"scdXeiOYH+xCXiXscoerBg8nVMTM/1lP",,0
"1E32E921DB344E39899AA788A3F33534","D03","DSNY","DSNY_021","W","2014-08-20","2014-08-20","2014-08-20",,"DSNY_021.W.20140820.oc.01",,"Y","other carabid",,,,,,,,,,"scdXeiOYH+xCXiXscoerBg8nVMTM/1lP",,0
"9A722D5F6B44494BB5BC35A185E26CE5","D03","DSNY","DSNY_016","N","2014-08-20","2014-08-20","2014-08-20","2014-08-20","DSNY_016.N.20140820.PASSUB1.01","DSNY_016.20140820.PASSUB1.01","Y","common carabid","PASSUB1","Pasimachus sublaevis","species",,"Palisot de Beauvois",,6,,"zlagoNCeUUGLNrXoFxy+Hj5lwDL2TbeY","scdXeiOYH+xCXiXscoerBg8nVMTM/1lP",,0
"4BA6ACD8E6344483A0A6ACA847E63343","D03","DSNY","DSNY_016","N","2014-08-20","2014-08-20","2014-08-20","2014-09-26","DSNY_016.N.20140820.TETLAE.01","DSNY_016.N.20140820.TETLAE.01","Y","common carabid","TETLAE","Tetragonoderus laevigatus","species",,"Chaudoir",,1,,"scdXeiOYH+xCXiXscoerBg8nVMTM/1lP","scdXeiOYH+xCXiXscoerBg8nVMTM/1lP",,0
"34FF3286B8014BC19BAF71DA5F23828C","D03","DSNY","DSNY_016","N","2014-08-20","2014-08-20","2014-08-20",,"DSNY_016.N.20140820.oc.01",,"Y","other carabid",,,,,,,,,,"scdXeiOYH+xCXiXscoerBg8nVMTM/1lP",,0
"F62DCF941EBA451782D6297B6305BF92","D03","DSNY","DSNY_016","N","2014-08-20","2014-08-20","2014-08-20",,"DSNY_016.20140820.ib.01","DSNY_016.20140820.ib.01",,"invert bycatch",,,,,,,,,,"scdXeiOYH+xCXiXscoerBg8nVMTM/1lP",,0
"83B026D57F8142FF9531CD052271C440","D03","DSNY","DSNY_016","W","2014-08-20","2014-08-20","2014-08-20",,"DSNY_016.W.20140820.oc.01",,"Y","other carabid",,,,,,,,,,"scdXeiOYH+xCXiXscoerBg8nVMTM/1lP",,0
"6FE97E23B9754CAB9C1946CA840EC027","D03","DSNY","DSNY_009","N","2014-08-20","2014-08-20","2014-08-20",,"DSNY_009.N.20140820.oc.01",,"Y","other carabid",,,,,,,,,,"scdXeiOYH+xCXiXscoerBg8nVMTM/1lP",,0
"6BA664AAB2D645B9B834C3414E074028","D03","DSNY","DSNY_009","S","2014-08-20","2014-08-20","2014-08-20",,"DSNY_009.S.20140820.oc.01",,"Y","other carabid",,,,,,,,,,"scdXeiOYH+xCXiXscoerBg8nVMTM/1lP",,0
"B1665CA302164509BAA6688AFA5A8ECE","D03","DSNY","DSNY_009","N","2014-08-20","2014-08-20","2014-08-20",,"DSNY_009.20140820.ib.01","DSNY_009.20140820.ib.01",,"invert bycatch",,,,,,,,,,"scdXeiOYH+xCXiXscoerBg8nVMTM/1lP",,0
"57EBED80FDA14CC29166E374B6BD0BE2","D03","DSNY","DSNY_007","N","2014-08-20","2014-08-20","2014-08-20",,"DSNY_007.N.20140820.oc.01",,"Y","other carabid",,,,,,,,,,"scdXeiOYH+xCXiXscoerBg8nVMTM/1lP",,0
"EC265BA495F044BD953CFECD0DF4FF6E","D03","DSNY","DSNY_007","W","2014-08-20","2014-08-20","2014-08-20",,"DSNY_007.W.20140820.oc.01",,"Y","other carabid",,,,,,,,,,"scdXeiOYH+xCXiXscoerBg8nVMTM/1lP",,0
"2ECAC053E6AF44CFBE06C93E61436005","D03","DSNY","DSNY_007","N","2014-08-20","2014-08-20","2014-08-20",,"DSNY_007.20140820.ib.01","DSNY_007.20140820.ib.01",,"invert bycatch",,,,,,,,,,"scdXeiOYH+xCXiXscoerBg8nVMTM/1lP",,0
"A96DD73618A44834BDC7CFB1655A2782","D03","DSNY","DSNY_006","E","2014-08-20","2014-08-20","2014-08-20",,"DSNY_006.E.20140820.oc.01",,"Y","other carabid",,,,,,,,,,"scdXeiOYH+xCXiXscoerBg8nVMTM/1lP",,0
"9E8A1D1C195A4B4BBAED5597C9086E20","D03","DSNY","DSNY_006","E","2014-08-20","2014-08-20","2014-08-20","2014-08-20","DSNY_006.E.20140820.PASSUB1.01","DSNY_006.20140820.PASSUB1.01","Y","common carabid","PASSUB1","Pasimachus sublaevis","species",,"Palisot de Beauvois",,4,,"PbNu4t/t/O1BAZriMiaA3VbsZD9KatgX","scdXeiOYH+xCXiXscoerBg8nVMTM/1lP",,0
"8C70E60D8ECB41FE9DB8EF71B212718A","D03","DSNY","DSNY_006","N","2014-08-20","2014-08-20","2014-08-20",,"DSNY_006.N.20140820.oc.01",,"Y","other carabid",,,,,,,,,,"scdXeiOYH+xCXiXscoerBg8nVMTM/1lP",,0
"15210DF792124C1D8269E21B6F223C0A","D03","DSNY","DSNY_006","N","2014-08-20","2014-08-20","2014-08-20",,"DSNY_006.20140820.ib.01","DSNY_006.20140820.ib.01",,"invert bycatch",,,,,,,,,,"scdXeiOYH+xCXiXscoerBg8nVMTM/1lP",,0
"5B1032398C9A4E75B0F0743728EE166D","D03","DSNY","DSNY_005","E","2014-08-20","2014-08-20","2014-08-20",,"DSNY_005.E.20140820.oc.01",,"Y","other carabid",,,,,,,,,,"scdXeiOYH+xCXiXscoerBg8nVMTM/1lP",,0
"DA35F68428BC4CAAAB0AFF669BDCB278","D03","DSNY","DSNY_005","N","2014-08-20","2014-08-20","2014-08-20","2014-08-20","DSNY_005.N.20140820.PASSUB1.01","DSNY_005.20140820.PASSUB1.01","Y","common carabid","PASSUB1","Pasimachus sublaevis","species",,"Palisot de Beauvois",,1,,"PbNu4t/t/O1BAZriMiaA3VbsZD9KatgX","scdXeiOYH+xCXiXscoerBg8nVMTM/1lP","Not recorded on sorting datasheet, recorded on freezer log.",0
"95D3B06077BA441884F3AAE3C2D02701","D03","DSNY","DSNY_005","E","2014-08-20","2014-08-20","2014-08-20","2014-08-20","DSNY_005.E.20140820.BLCA.01","DSNY_005.E.20140820.BLCA.01",,"vert bycatch mam","BLCA","Blarina carolinensis","species",,"Bachman",,1,,"SZd6jJU+PWukgvziuyetpzviWNuM2FzT","scdXeiOYH+xCXiXscoerBg8nVMTM/1lP",,0
"520521C6436C47BDA56D9950634B1184","D03","DSNY","DSNY_003","S","2014-08-20","2014-08-20","2014-08-20",,"DSNY_003.S.20140820.oc.01",,"Y","other carabid",,,,,,,,,,"scdXeiOYH+xCXiXscoerBg8nVMTM/1lP",,0
"6DF2AA728E3443389DDDA92C2A2F08F9","D03","DSNY","DSNY_003","E","2014-08-20","2014-08-20","2014-08-20",,"DSNY_003.E.20140820.oc.01",,"Y","other carabid",,,,,,,,,,"scdXeiOYH+xCXiXscoerBg8nVMTM/1lP",,0
"BED92A32DECD447B9CE1D102F3B8106D","D03","DSNY","DSNY_003","N","2014-08-20","2014-08-20","2014-08-20",,"DSNY_003.20140820.ib.01","DSNY_003.20140820.ib.01",,"invert bycatch",,,,,,,,,,"scdXeiOYH+xCXiXscoerBg8nVMTM/1lP",,0
"441F31753B2C436B977CE0883A0A5D65","D03","DSNY","DSNY_003","N","2014-08-20","2014-08-20","2014-08-20",,"DSNY_003.N.20140820.oc.01",,"Y","other carabid",,,,,,,,,,"scdXeiOYH+xCXiXscoerBg8nVMTM/1lP",,0
"75494BD651294FF881D22FF4A00E23CD","D03","DSNY","DSNY_004","N","2014-08-20","2014-08-20","2014-08-20",,"DSNY_004.20140820.ib.01","DSNY_004.20140820.ib.01",,"invert bycatch",,,,,,,,,,"scdXeiOYH+xCXiXscoerBg8nVMTM/1lP",,0
"36CD1E3E346F4255B63910C16DD42D53","D03","DSNY","DSNY_002","N","2014-08-20","2014-08-20","2014-08-20",,"DSNY_002.20140820.ib.01","DSNY_002.20140820.ib.01",,"invert bycatch",,,,,,,,,,"scdXeiOYH+xCXiXscoerBg8nVMTM/1lP",,0
"1D3B124804C145D9B0FCC305493061FC","D03","DSNY","DSNY_001","W","2014-08-20","2014-08-20","2014-08-20","2014-08-20","DSNY_001.W.20140820.PASSUB1.01","DSNY_001.W.20140820.PASSUB1.01","Y","common carabid","PASSUB1","Pasimachus sublaevis","species",,"Palisot de Beauvois",,2,,"PbNu4t/t/O1BAZriMiaA3VbsZD9KatgX","scdXeiOYH+xCXiXscoerBg8nVMTM/1lP",,0
"73E81E167F4B49A9A806594CF21C6D4A","D03","DSNY","DSNY_001","N","2014-09-03","2014-09-03","2014-09-03",,"DSNY_001.20140903.ib.01","DSNY_001.20140903.ib.01",,"invert bycatch",,,,,,,,,,"iiDgbhaUgfPlmO3sDuElTmkNgYTXyxbk",,0
"5429328D815246C78AFE3C0B3266F356","D03","DSNY","DSNY_002","N","2014-09-03","2014-09-03","2014-09-03",,"DSNY_002.20140903.ib.01","DSNY_002.20140903.ib.01","N","invert bycatch",,,,,,,,,,"iiDgbhaUgfPlmO3sDuElTmkNgYTXyxbk",,0
"DDD0A3B9B46A4D76B6C75277F4F7D9A5","D03","DSNY","DSNY_002","N","2014-09-03","2014-09-03","2014-09-03",,"DSNY_002.N.20140903.oc.01",,,"other carabid",,,,,,,,,,"iiDgbhaUgfPlmO3sDuElTmkNgYTXyxbk",,0
"8B084CC7407D410EAE63AA97DF2897A7","D03","DSNY","DSNY_002","E","2014-09-03","2014-09-03","2014-09-03","2014-09-03","DSNY_002.E.20140903.PASSUB1.01","DSNY_002.20140903.PASSUB1.01","Y","common carabid","PASSUB1","Pasimachus sublaevis","species",,"Palisot de Beauvois",,1,,"KnvsV1XN/fcT6FYSWd8OReDfV3Qsyj6N","iiDgbhaUgfPlmO3sDuElTmkNgYTXyxbk",,0
"2AC5BF68185C44A09FBA4886E0AAF7E9","D03","DSNY","DSNY_002","W","2014-09-03","2014-09-03","2014-09-03","2014-09-30","DSNY_002.W.20140903.SELFOS.01","DSNY_002.W.20140903.SELFOS.01","Y","common carabid","SELFOS","Selenophorus fossulatus","species",,"Dejean",,1,"Dejean 1829","scdXeiOYH+xCXiXscoerBg8nVMTM/1lP","iiDgbhaUgfPlmO3sDuElTmkNgYTXyxbk",,0
"2E2D6EEC7A5F49DEBABEC0DFCE610EF2","D03","DSNY","DSNY_002","E","2014-09-03","2014-09-03","2014-09-03",,"DSNY_002.E.20140903.oc.01",,,"other carabid",,,,,,,,,,"iiDgbhaUgfPlmO3sDuElTmkNgYTXyxbk",,0
"D0E606E3D9614110B4F1E041DE68E7B8","D03","DSNY","DSNY_004","N","2014-09-03","2014-09-03","2014-09-03",,"DSNY_004.20140903.ib.01","DSNY_004.20140903.ib.01",,"invert bycatch",,,,,,,,,,"iiDgbhaUgfPlmO3sDuElTmkNgYTXyxbk",,0
"9B71D3FE957748A08A5DC2CAEA17BEEA","D03","DSNY","DSNY_004","S","2014-09-03","2014-09-03","2014-09-03",,"DSNY_004.S.20140903.oc.01",,"Y","other carabid",,,,,,,,,,"iiDgbhaUgfPlmO3sDuElTmkNgYTXyxbk",,0
"AC038B001CE34EE2B96E4D9BA562C756","D03","DSNY","DSNY_004","W","2014-09-03","2014-09-03","2014-09-03",,"DSNY_004.W.20140903.oc.01",,"Y","other carabid",,,,,,,,,,"iiDgbhaUgfPlmO3sDuElTmkNgYTXyxbk",,0
"2A4D6D245C644ADE87C6BF9642DDA206","D03","DSNY","DSNY_003","S","2014-09-03","2014-09-03","2014-09-03",,"DSNY_003.S.20140903.oc.01",,"Y","other carabid",,,,,,,,,,"iiDgbhaUgfPlmO3sDuElTmkNgYTXyxbk",,0
"1B216C60E00D4485BF3941FB5D3FF774","D03","DSNY","DSNY_003","S","2014-09-03","2014-09-03","2014-09-03","2014-09-30","DSNY_003.S.20140903.SELFOS.01","DSNY_003.S.20140903.SELFOS.01","Y","common carabid","SELFOS","Selenophorus fossulatus","species",,"Dejean",,1,"Dejean 1829","scdXeiOYH+xCXiXscoerBg8nVMTM/1lP","iiDgbhaUgfPlmO3sDuElTmkNgYTXyxbk",,0
"81E0936BC87E4B828B179990E609BB49","D03","DSNY","DSNY_003","S","2014-09-03","2014-09-03","2014-09-03","2014-09-03","DSNY_003.S.20140903.PASSUB1.01","DSNY_003.20140903.PASSUB1.01","Y","common carabid","PASSUB1","Pasimachus sublaevis","species",,"Palisot de Beauvois",,4,,"KnvsV1XN/fcT6FYSWd8OReDfV3Qsyj6N","iiDgbhaUgfPlmO3sDuElTmkNgYTXyxbk","Individual count inferred from individuals not pinned.",0
"D2F4DE4F0740448AAA413539E62C709F","D03","DSNY","DSNY_003","N","2014-09-03","2014-09-03","2014-09-03",,"DSNY_003.N.20140903.oc.01",,"Y","other carabid",,,,,,,,,,"iiDgbhaUgfPlmO3sDuElTmkNgYTXyxbk",,0
"49DE24A5EA1244B09AED5FCBC1306F8E","D03","DSNY","DSNY_003","N","2014-09-03","2014-09-03","2014-09-03",,"DSNY_003.20140903.ib.01","DSNY_003.20140903.ib.01",,"invert bycatch",,,,,,,,,,"iiDgbhaUgfPlmO3sDuElTmkNgYTXyxbk",,0
"2B9C5737997A47ACA7E72CAB8745E201","D03","DSNY","DSNY_005","N","2014-09-03","2014-09-03","2014-09-03",,"DSNY_005.N.20140903.oc.01",,"Y","other carabid",,,,,,,,,,"iiDgbhaUgfPlmO3sDuElTmkNgYTXyxbk",,0
"4E63563DD73740D59D1F5473E4F6A3F3","D03","DSNY","DSNY_005","N","2014-09-03","2014-09-03","2014-09-03",,"DSNY_005.20140903.ib.01","DSNY_005.20140903.ib.01",,"invert bycatch",,,,,,,,,,"iiDgbhaUgfPlmO3sDuElTmkNgYTXyxbk",,0
"911CC32356F743E1B4EA0F973995D5E9","D03","DSNY","DSNY_005","E","2014-09-03","2014-09-03","2014-09-03","2014-09-19","DSNY_005.E.20140903.PASSUB1.01","DSNY_005.E.20140903.PASSUB1.01","Y","common carabid","PASSUB1","Pasimachus sublaevis","species",,"Palisot de Beauvois",,1,"Palisot de Beauvois 1811","KnvsV1XN/fcT6FYSWd8OReDfV3Qsyj6N","iiDgbhaUgfPlmO3sDuElTmkNgYTXyxbk",,0
"CBE5E18903174AEB9087753AE6DA670B","D03","DSNY","DSNY_006","W","2014-09-03","2014-09-03","2014-09-03",,"DSNY_006.W.20140903.oc.01",,,"other carabid",,,,,,,,,,"iiDgbhaUgfPlmO3sDuElTmkNgYTXyxbk",,0
"D088307A6DA84E4BB3437CA3AD3951CF","D03","DSNY","DSNY_006","E","2014-09-03","2014-09-03","2014-09-03",,"DSNY_006.E.20140903.oc.01",,"Y","other carabid",,,,,,,,,,"iiDgbhaUgfPlmO3sDuElTmkNgYTXyxbk",,0
"A75F930684624521A2280016181881FC","D03","DSNY","DSNY_006","W","2014-09-03","2014-09-03","2014-09-03","2014-09-03","DSNY_006.W.20140903.PASSUB1.01","DSNY_006.W.20140903.PASSUB1.01",,"common carabid","PASSUB1","Pasimachus sublaevis","species",,"Palisot de Beauvois",,2,"Palisot de Beauvois 1811","KnvsV1XN/fcT6FYSWd8OReDfV3Qsyj6N","iiDgbhaUgfPlmO3sDuElTmkNgYTXyxbk",,0
"443D4FC2C5324CF1BEA7FA85F8E8F1E3","D03","DSNY","DSNY_006","N","2014-09-03","2014-09-03","2014-09-03",,"DSNY_006.20140903.ib.01","DSNY_006.20140903.ib.01",,"invert bycatch",,,,,,,,,,"iiDgbhaUgfPlmO3sDuElTmkNgYTXyxbk",,0
"E1BFAB4C2ACC477784EEF108A0E78BFD","D03","DSNY","DSNY_007","W","2014-09-03","2014-09-03","2014-09-03",,"DSNY_007.W.20140903.oc.01",,"Y","other carabid",,,,,,,,,,"iiDgbhaUgfPlmO3sDuElTmkNgYTXyxbk",,0
"F508BA224D864AB7922D07CE15376222","D03","DSNY","DSNY_007","N","2014-09-03","2014-09-03","2014-09-03",,"DSNY_007.N.20140903.oc.01",,"Y","other carabid",,,,,,,,,,"iiDgbhaUgfPlmO3sDuElTmkNgYTXyxbk",,0
"3760E4F565D645C9A5C5F351D6BC83A2","D03","DSNY","DSNY_007","S","2014-09-03","2014-09-03","2014-09-03",,"DSNY_007.S.20140903.oc.01",,"Y","other carabid",,,,,,,,,,"iiDgbhaUgfPlmO3sDuElTmkNgYTXyxbk",,0
"2CDFE4D0C82543C9BDB74047C1F84826","D03","DSNY","DSNY_007","S","2014-09-03","2014-09-03","2014-09-03","2014-09-19","DSNY_007.S.20140903.PASSUB1.01","DSNY_007.S.20140903.PASSUB1.01","Y","common carabid","PASSUB1","Pasimachus sublaevis","species",,"Palisot de Beauvois",,3,"Palisot de Beauvois 1811","7ZsG8s1cQijU1p7CX6b9FNrZuRO+/rX6","iiDgbhaUgfPlmO3sDuElTmkNgYTXyxbk",,0
"2D92C14066614E22823531E1A28B8498","D03","DSNY","DSNY_007","N","2014-09-03","2014-09-03","2014-09-03",,"DSNY_007.20140903.ib.01","DSNY_007.20140903.ib.01",,"invert bycatch",,,,,,,,,,"iiDgbhaUgfPlmO3sDuElTmkNgYTXyxbk",,0
"CE9E85877DAF4555AF163C7A64899339","D03","DSNY","DSNY_007","W","2014-09-03","2014-09-03","2014-09-03","2014-09-18","DSNY_007.W.20140903.PASSUB1.01","DSNY_007.W.20140903.PASSUB1.01","Y","common carabid","PASSUB1","Pasimachus sublaevis","species",,"Palisot de Beauvois",,1,"Palisot de Beauvois 1811","7ZsG8s1cQijU1p7CX6b9FNrZuRO+/rX6","iiDgbhaUgfPlmO3sDuElTmkNgYTXyxbk",,0
"A786D0AD96D948EAA1C7B5ED7D9212E2","D03","DSNY","DSNY_009","E","2014-09-03","2014-09-03","2014-09-03","2014-09-03","DSNY_009.E.20140903.GASCAR.01","DSNY_009.E.20140903.GASCAR.01",,"vert bycatch herp","GASCAR","Gastrophryne carolinensis","species",,"Holbrook",,1,,"PbNu4t/t/O1BAZriMiaA3VbsZD9KatgX","iiDgbhaUgfPlmO3sDuElTmkNgYTXyxbk",,0
"B7568C54C2B94273883FA21576A2B20B","D03","DSNY","DSNY_009","N","2014-09-03","2014-09-03","2014-09-03",,"DSNY_009.N.20140903.oc.01",,"Y","other carabid",,,,,,,,,,"iiDgbhaUgfPlmO3sDuElTmkNgYTXyxbk",,0
"DCE2551872B74E9BAE2E22D018AE234E","D03","DSNY","DSNY_009","S","2014-09-03","2014-09-03","2014-09-03",,"DSNY_009.S.20140903.oc.01",,"Y","other carabid",,,,,,,,,,"iiDgbhaUgfPlmO3sDuElTmkNgYTXyxbk",,0
"F01669144DA045679CB4CB4D9A1475AC","D03","DSNY","DSNY_009","N","2014-09-03","2014-09-03","2014-09-03",,"DSNY_009.20140903.ib.01","DSNY_009.20140903.ib.01",,"invert bycatch",,,,,,,,,,"iiDgbhaUgfPlmO3sDuElTmkNgYTXyxbk",,0
"AD20476183394D19BB547233CA6030ED","D03","DSNY","DSNY_016","N","2014-09-03","2014-09-03","2014-09-03",,"DSNY_016.N.20140903.oc.01",,"Y","other carabid",,,,,,,,,,"iiDgbhaUgfPlmO3sDuElTmkNgYTXyxbk",,0
"9BDBEBE7A40B4DC58ADA0B5592D15809","D03","DSNY","DSNY_016","W","2014-09-03","2014-09-03","2014-09-03",,"DSNY_016.W.20140903.oc.01",,"Y","other carabid",,,,,,,,,,"iiDgbhaUgfPlmO3sDuElTmkNgYTXyxbk",,0
"2227322CFA4E448294EF85823ED33AE5","D03","DSNY","DSNY_016","W","2014-09-03","2014-09-03","2014-09-03","2014-09-18","DSNY_016.W.20140903.PASSUB1.01","DSNY_016.W.20140903.PASSUB1.01","Y","common carabid","PASSUB1","Pasimachus sublaevis","species",,"Palisot de Beauvois",,2,"Palisot de Beauvois 1811","7ZsG8s1cQijU1p7CX6b9FNrZuRO+/rX6","iiDgbhaUgfPlmO3sDuElTmkNgYTXyxbk",,0
"BB236EF2EDA748E5AA091ADD8F903616","D03","DSNY","DSNY_016","N","2014-09-03","2014-09-03","2014-09-03","2014-09-18","DSNY_016.N.20140903.PASSUB1.01","DSNY_016.N.20140903.PASSUB1.01","Y","common carabid","PASSUB1","Pasimachus sublaevis","species",,"Palisot de Beauvois",,2,"Palisot de Beauvois 1811","7ZsG8s1cQijU1p7CX6b9FNrZuRO+/rX6","iiDgbhaUgfPlmO3sDuElTmkNgYTXyxbk",,0
"11E4749A7DB04B5A8C8EDC3DF8A1B62E","D03","DSNY","DSNY_016","E","2014-09-03","2014-09-03","2014-09-03",,"DSNY_016.E.20140903.oc.01",,"Y","other carabid",,,,,,,,,,"iiDgbhaUgfPlmO3sDuElTmkNgYTXyxbk",,0
"E8B7A707F8D8406684E4991203D5CA0C","D03","DSNY","DSNY_016","N","2014-09-03","2014-09-03","2014-09-03",,"DSNY_016.20140903.ib.01","DSNY_016.20140903.ib.01",,"invert bycatch",,,,,,,,,,"iiDgbhaUgfPlmO3sDuElTmkNgYTXyxbk",,0
"E240717EBDE44EED9338A8C564EDE9A7","D03","DSNY","DSNY_016","E","2014-09-03","2014-09-03","2014-09-03","2014-09-18","DSNY_016.E.20140903.PASSUB1.01","DSNY_016.E.20140903.PASSUB1.01","Y","common carabid","PASSUB1","Pasimachus sublaevis","species",,"Palisot de Beauvois",,4,"Palisot de Beauvois 1811","7ZsG8s1cQijU1p7CX6b9FNrZuRO+/rX6","iiDgbhaUgfPlmO3sDuElTmkNgYTXyxbk",,0
"C4CD682F106A48C3A6FC64F97AB281C0","D03","DSNY","DSNY_021","E","2014-09-03","2014-09-03","2014-09-03",,"DSNY_021.E.20140903.oc.01",,"Y","other carabid",,,,,,,,,,"iiDgbhaUgfPlmO3sDuElTmkNgYTXyxbk",,0
"7E8CEAD1BFB44509A911F72DEEE2118B","D03","DSNY","DSNY_021","N","2014-09-03","2014-09-03","2014-09-03","2014-09-03","DSNY_021.N.20140903.PASSUB1.01","DSNY_021.N.20140903.PASSUB1.01","Y","common carabid","PASSUB1","Pasimachus sublaevis","species",,"Palisot de Beauvois",,3,,"KnvsV1XN/fcT6FYSWd8OReDfV3Qsyj6N","iiDgbhaUgfPlmO3sDuElTmkNgYTXyxbk",,0
"55A1D921155D436FB15FC0FF1C97428E","D03","DSNY","DSNY_021","N","2014-09-03","2014-09-03","2014-09-03",,"DSNY_021.20140903.ib.01","DSNY_021.20140903.ib.01",,"invert bycatch",,,,,,,,,,"iiDgbhaUgfPlmO3sDuElTmkNgYTXyxbk",,0
"34EFDD1C4CBF4896AABB9A78B45B19C8","D03","DSNY","DSNY_021","N","2014-09-03","2014-09-03","2014-09-03",,"DSNY_021.N.20140903.oc.01",,"Y","other carabid",,,,,,,,,,"iiDgbhaUgfPlmO3sDuElTmkNgYTXyxbk",,0
