"uid","domainID","siteID","plotID","trapID","nlcdClass","decimalLatitude","decimalLongitude","geodeticDatum","coordinateUncertainty","elevation","elevationUncertainty","setDate","collectDate","boutNumber","eventID","sampleID","daysOfTrapping","cupStatus","lidStatus","fluidLevel","trapReset","samplingProtocol","recordedBy","remarks","missingRecordsPerBoutQF","duplicateCollectionEventQF","compareSetCollectDateQF"
"8D1001E7FBE842FBB9EB9237F8D68E3E","D02","SCBI","SCBI_002","N","deciduousForest",38.895392,-78.142693,"WGS84",1.1,316.8,0.4,"2014-05-27","2014-06-10",1,"BET.SCBI_002.2014.01","SCBI_002.N.20140610",14,"ok","ok","ok","Y","NEON.DOC.014050","2r8mKA55ObZP5m82rTGIsyj0ZPC2lev8",,0,0,0
"F1422F9A1ABB47DCB5919C86AB413BC4","D02","SCBI","SCBI_004","W","deciduousForest",38.896941,-78.146686,"WGS84",1.3,312.6,0.5,"2014-05-27","2014-06-10",1,"BET.SCBI_004.2014.01","SCBI_004.W.20140610",14,"ok","ok","ok","Y","NEON.DOC.014050","wYCqaZcA+7slXlj5N/mM6vobrh4QDptp",,0,0,0
"65C40AC5D3A5436BBD14CE7058E7F63E","D02","SCBI","SCBI_004","N","deciduousForest",38.897115,-78.146448,"WGS84",1.3,312.6,0.5,"2014-05-27","2014-06-10",1,"BET.SCBI_004.2014.01","SCBI_004.N.20140610",14,"ok","ok","ok","Y","NEON.DOC.014050","wYCqaZcA+7slXlj5N/mM6vobrh4QDptp",,0,0,0
"A10A04BD511841178A3CA4B7DF07A956","D02","SCBI","SCBI_004","S","deciduousForest",38.896755,-78.146463,"WGS84",1.3,312.6,0.5,"2014-05-27","2014-06-10",1,"BET.SCBI_004.2014.01","SCBI_004.S.20140610",14,"ok","ok","high","Y","NEON.DOC.014050","wYCqaZcA+7slXlj5N/mM6vobrh4QDptp",,0,0,0
"78B0E335C2D049D9A1AED3796AAC88D1","D02","SCBI","SCBI_004","E","deciduousForest",38.896930,-78.146225,"WGS84",1.3,312.6,0.5,"2014-05-28","2014-06-10",1,"BET.SCBI_004.2014.01","SCBI_004.E.20140610",13,"ok","ok","ok","Y","NEON.DOC.014050","wYCqaZcA+7slXlj5N/mM6vobrh4QDptp",,0,0,0
"589E0ADB7DF54C8A81F1EBBA4833571C","D02","SCBI","SCBI_010","N","deciduousForest",38.884956,-78.125145,"WGS84",1.7,491.3,1.1,"2014-05-27","2014-06-10",1,"BET.SCBI_010.2014.01","SCBI_010.N.20140610",14,"ok","ok","ok","Y","NEON.DOC.014050","2r8mKA55ObZP5m82rTGIsyj0ZPC2lev8",,0,0,0
"C1ED020BB35D4D818C508383EAC4DCEB","D02","SCBI","SCBI_010","W","deciduousForest",38.884782,-78.125382,"WGS84",1.7,491.3,1.1,"2014-05-27","2014-06-10",1,"BET.SCBI_010.2014.01","SCBI_010.W.20140610",14,"ok","ok","ok","Y","NEON.DOC.014050","2r8mKA55ObZP5m82rTGIsyj0ZPC2lev8",,0,0,0
"CA6F37ED6C154985A56975FFC26AAB02","D02","SCBI","SCBI_010","E","deciduousForest",38.884771,-78.124922,"WGS84",1.7,491.3,1.1,"2014-05-27","2014-06-10",1,"BET.SCBI_010.2014.01","SCBI_010.E.20140610",14,"ok","ok","ok","Y","NEON.DOC.014050","2r8mKA55ObZP5m82rTGIsyj0ZPC2lev8",,0,0,0
"D9A6CA17B618469A98D83AE3E02E504B","D02","SCBI","SCBI_010","S","deciduousForest",38.884596,-78.125159,"WGS84",1.7,491.3,1.1,"2014-05-27","2014-06-10",1,"BET.SCBI_010.2014.01","SCBI_010.S.20140610",14,"ok","ok","ok","Y","NEON.DOC.014050","2r8mKA55ObZP5m82rTGIsyj0ZPC2lev8",,0,0,0
"131954BBC83040578DB130F52BF23EA9","D02","SCBI","SCBI_007","W","deciduousForest",38.884920,-78.130526,"WGS84",1.2,409.1,0.3,"2014-05-27","2014-06-10",1,"BET.SCBI_007.2014.01","SCBI_007.W.20140610",14,"ok","ok","ok","Y","NEON.DOC.014050","2r8mKA55ObZP5m82rTGIsyj0ZPC2lev8",,0,0,0
"0500A5CE01A6424F9511D82A2F68B5F1","D02","SCBI","SCBI_007","E","deciduousForest",38.884909,-78.130066,"WGS84",1.2,409.1,0.3,"2014-05-27","2014-06-10",1,"BET.SCBI_007.2014.01","SCBI_007.E.20140610",14,"ok","ok","high","Y","NEON.DOC.014050","2r8mKA55ObZP5m82rTGIsyj0ZPC2lev8",,0,0,0
"970700DFFCD44FB2BCFB8EC425613B7A","D02","SCBI","SCBI_007","N","deciduousForest",38.885095,-78.130289,"WGS84",1.2,409.1,0.3,"2014-05-27","2014-06-10",1,"BET.SCBI_007.2014.01",,14,"missing","missing","low","N","NEON.DOC.014050","2r8mKA55ObZP5m82rTGIsyj0ZPC2lev8","This trap was not set due to flooding",0,0,0
"CAC180EA514D4B18B4F188ED4DD39EB0","D02","SCBI","SCBI_007","S","deciduousForest",38.884735,-78.130303,"WGS84",1.2,409.1,0.3,"2014-05-27","2014-06-10",1,"BET.SCBI_007.2014.01","SCBI_007.S.20140610",14,"ok","ok","ok","Y","NEON.DOC.014050","2r8mKA55ObZP5m82rTGIsyj0ZPC2lev8",,0,0,0
"5FF694194D1F46BF98D9FD9869550A1E","D02","SCBI","SCBI_003","W","deciduousForest",38.883316,-78.120601,"WGS84",1.4,568.7,0.9,"2014-05-27","2014-06-10",1,"BET.SCBI_003.2014.01",,14,"disturbed","disturbed","low","Y","NEON.DOC.014050","2r8mKA55ObZP5m82rTGIsyj0ZPC2lev8","Trap missing; likely dug out by an animal ",0,0,0
"C8E44DC1B7934545BD83A8468ABC809A","D02","SCBI","SCBI_003","S","deciduousForest",38.883131,-78.120378,"WGS84",1.4,568.7,0.9,"2014-05-27","2014-06-10",1,"BET.SCBI_003.2014.01","SCBI_003.S.20140610",14,"ok","ok","ok","Y","NEON.DOC.014050","2r8mKA55ObZP5m82rTGIsyj0ZPC2lev8",,0,0,0
"E6CC776C89FC4797952D9947E64AFD13","D02","SCBI","SCBI_003","E","deciduousForest",38.883305,-78.120140,"WGS84",1.4,568.7,0.9,"2014-05-27","2014-06-10",1,"BET.SCBI_003.2014.01","SCBI_003.E.20140610",14,"disturbed","disturbed","low","Y","NEON.DOC.014050","2r8mKA55ObZP5m82rTGIsyj0ZPC2lev8","Trap was dug out by an animal",0,0,0
"AB1C666ECA1F492FA72E4BE2CD6F22D0","D02","SCBI","SCBI_003","N","deciduousForest",38.883491,-78.120363,"WGS84",1.4,568.7,0.9,"2014-05-27","2014-06-10",1,"BET.SCBI_003.2014.01","SCBI_003.N.20140610",14,"ok","ok","ok","Y","NEON.DOC.014050","2r8mKA55ObZP5m82rTGIsyj0ZPC2lev8",,0,0,0
"3E9FB50406994B59A024F660BD359871","D02","SCBI","SCBI_006","N","pastureHay",38.897789,-78.151999,"WGS84",1.1,298.0,0.1,"2014-05-28","2014-06-10",1,"BET.SCBI_006.2014.01","SCBI_006.N.20140610",13,"ok","ok","ok","Y","NEON.DOC.014050","2r8mKA55ObZP5m82rTGIsyj0ZPC2lev8",,0,0,0
"5ADD64C1B0F942979A84422667B9B71F","D02","SCBI","SCBI_006","E","pastureHay",38.897603,-78.151776,"WGS84",1.1,298.0,0.1,"2014-05-28","2014-06-10",1,"BET.SCBI_006.2014.01","SCBI_006.E.20140610",13,"ok","ok","ok","Y","NEON.DOC.014050","2r8mKA55ObZP5m82rTGIsyj0ZPC2lev8",,0,0,0
"060A301F25384042BFFED6D9A2F01980","D02","SCBI","SCBI_006","W","pastureHay",38.897614,-78.152237,"WGS84",1.1,298.0,0.1,"2014-05-28","2014-06-10",1,"BET.SCBI_006.2014.01",,13,"missing","disturbed","low","Y","NEON.DOC.014050","2r8mKA55ObZP5m82rTGIsyj0ZPC2lev8","Cups missing",0,0,0
"31E60193F5044EF899C34EC306929CF9","D02","SCBI","SCBI_006","S","pastureHay",38.897429,-78.152014,"WGS84",1.1,298.0,0.1,"2014-05-28","2014-06-10",1,"BET.SCBI_006.2014.01","SCBI_006.S.20140610",13,"ok","ok","ok","Y","NEON.DOC.014050","2r8mKA55ObZP5m82rTGIsyj0ZPC2lev8",,0,0,0
"C0DEB88D4C3C440CB95713CF84305F44","D02","SCBI","SCBI_002","E","deciduousForest",38.895206,-78.142470,"WGS84",1.1,316.8,0.4,"2014-05-27","2014-06-10",1,"BET.SCBI_002.2014.01","SCBI_002.E.20140610",14,"ok","ok","ok","Y","NEON.DOC.014050","2r8mKA55ObZP5m82rTGIsyj0ZPC2lev8",,0,0,0
"770A990317E249109EFF4215FE027924","D02","SCBI","SCBI_002","S","deciduousForest",38.895032,-78.142708,"WGS84",1.1,316.8,0.4,"2014-05-27","2014-06-10",1,"BET.SCBI_002.2014.01","SCBI_002.S.20140610",14,"missing","disturbed","low","Y","NEON.DOC.014050","2r8mKA55ObZP5m82rTGIsyj0ZPC2lev8","Top cup was missing; sample collected from bottom cup but was not in PG",0,0,0
"AA5E8CEA499B4341BA24711EC17472FE","D02","SCBI","SCBI_002","W","deciduousForest",38.895218,-78.142931,"WGS84",1.1,316.8,0.4,"2014-05-27","2014-06-10",1,"BET.SCBI_002.2014.01","SCBI_002.W.20140610",14,"ok","ok","ok","Y","NEON.DOC.014050","2r8mKA55ObZP5m82rTGIsyj0ZPC2lev8",,0,0,0
"A225F1830A0A49248CF0572EC2C71D83","D02","SCBI","SCBI_008","E","deciduousForest",38.887906,-78.146903,"WGS84",3.2,367.5,2.2,"2014-05-28","2014-06-11",1,"BET.SCBI_008.2014.01","SCBI_008.E.20140611",14,"ok","ok","ok","Y","NEON.DOC.014050","2r8mKA55ObZP5m82rTGIsyj0ZPC2lev8",,0,0,0
"8538442A0D2749C58455032C07692C40","D02","SCBI","SCBI_005","S","deciduousForest",38.900359,-78.161866,"WGS84",1.1,269.8,0.2,"2014-05-28","2014-06-11",1,"BET.SCBI_005.2014.01","SCBI_005.S.20140611",14,"ok","ok","ok","Y","NEON.DOC.014050","wYCqaZcA+7slXlj5N/mM6vobrh4QDptp",,0,0,0
"0B8C3662522F42BB94EF809117713340","D02","SCBI","SCBI_005","W","deciduousForest",38.900545,-78.162089,"WGS84",1.1,269.8,0.2,"2014-05-28","2014-06-11",1,"BET.SCBI_005.2014.01","SCBI_005.W.20140611",14,"ok","ok","ok","Y","NEON.DOC.014050","wYCqaZcA+7slXlj5N/mM6vobrh4QDptp",,0,0,0
"937DA09DB94D490BA68A4B0E72452FEE","D02","SCBI","SCBI_005","N","deciduousForest",38.900719,-78.161852,"WGS84",1.1,269.8,0.2,"2014-05-28","2014-06-11",1,"BET.SCBI_005.2014.01","SCBI_005.N.20140611",14,"ok","ok","ok","Y","NEON.DOC.014050","wYCqaZcA+7slXlj5N/mM6vobrh4QDptp",,0,0,0
"D5D0356B36DB45C686722FB9312AB426","D02","SCBI","SCBI_005","E","deciduousForest",38.900533,-78.161629,"WGS84",1.1,269.8,0.2,"2014-05-28","2014-06-11",1,"BET.SCBI_005.2014.01","SCBI_005.E.20140611",14,"ok","disturbed","ok","Y","NEON.DOC.014050","wYCqaZcA+7slXlj5N/mM6vobrh4QDptp",,0,0,0
"A622C8FFFF0A4E5D86F35498A781FD42","D02","SCBI","SCBI_033","S","pastureHay",38.888737,-78.161309,"WGS84",1.1,299.3,0.1,"2014-05-28","2014-06-11",1,"BET.SCBI_033.2014.01","SCBI_033.S.20140611",14,"ok","ok","ok","Y","NEON.DOC.014050","2r8mKA55ObZP5m82rTGIsyj0ZPC2lev8",,0,0,0
"38241B27210C4BF48C281CC1B7E50627","D02","SCBI","SCBI_033","E","pastureHay",38.888911,-78.161072,"WGS84",1.1,299.3,0.1,"2014-05-28","2014-06-11",1,"BET.SCBI_033.2014.01","SCBI_033.E.20140611",14,"ok","ok","ok","Y","NEON.DOC.014050","2r8mKA55ObZP5m82rTGIsyj0ZPC2lev8",,0,0,0
"950539B849914C53BBFFDC6F86A6010B","D02","SCBI","SCBI_033","N","pastureHay",38.889097,-78.161295,"WGS84",1.1,299.3,0.1,"2014-05-28","2014-06-11",1,"BET.SCBI_033.2014.01","SCBI_033.N.20140611",14,"ok","ok","ok","Y","NEON.DOC.014050","2r8mKA55ObZP5m82rTGIsyj0ZPC2lev8",,0,0,0
"5D44AC8038BD47E797ACD38811ECD3CA","D02","SCBI","SCBI_033","W","pastureHay",38.888922,-78.161532,"WGS84",1.1,299.3,0.1,"2014-05-27","2014-06-11",1,"BET.SCBI_033.2014.01","SCBI_033.W.20140611",15,"ok","ok","ok","Y","NEON.DOC.014050","2r8mKA55ObZP5m82rTGIsyj0ZPC2lev8",,0,0,0
"21F6AFDFEBA549B4B94A6481B84E00B4","D02","SCBI","SCBI_012","S","pastureHay",38.888915,-78.168903,"WGS84",1.1,264.6,0.1,"2014-05-28","2014-06-11",1,"BET.SCBI_012.2014.01","SCBI_012.S.20140611",14,"ok","ok","ok","Y","NEON.DOC.014050","2r8mKA55ObZP5m82rTGIsyj0ZPC2lev8",,0,0,0
"108DBDC1442A4378A9B034B18926D10C","D02","SCBI","SCBI_012","N","pastureHay",38.889275,-78.168888,"WGS84",1.1,264.6,0.1,"2014-05-28","2014-06-11",1,"BET.SCBI_012.2014.01","SCBI_012.N.20140611",14,"ok","ok","ok","Y","NEON.DOC.014050","2r8mKA55ObZP5m82rTGIsyj0ZPC2lev8",,0,0,0
"5581836E9FD645AB999C23C51F7BC299","D02","SCBI","SCBI_012","W","pastureHay",38.889101,-78.169126,"WGS84",1.1,264.6,0.1,"2014-05-28","2014-06-11",1,"BET.SCBI_012.2014.01","SCBI_012.W.20140611",14,"ok","ok","ok","Y","NEON.DOC.014050","2r8mKA55ObZP5m82rTGIsyj0ZPC2lev8",,0,0,0
"29EB6451F5AA419FA236615E37581103","D02","SCBI","SCBI_012","E","pastureHay",38.889090,-78.168665,"WGS84",1.1,264.6,0.1,"2014-05-28","2014-06-11",1,"BET.SCBI_012.2014.01","SCBI_012.E.20140611",14,"ok","ok","ok","Y","NEON.DOC.014050","2r8mKA55ObZP5m82rTGIsyj0ZPC2lev8",,0,0,0
"C02E092FA60148D793CE8721293F7857","D02","SCBI","SCBI_008","N","deciduousForest",38.888091,-78.147126,"WGS84",3.2,367.5,2.2,"2014-05-28","2014-06-11",1,"BET.SCBI_008.2014.01","SCBI_008.N.20140611",14,"ok","ok","ok","Y","NEON.DOC.014050","2r8mKA55ObZP5m82rTGIsyj0ZPC2lev8",,0,0,0
"B061101F8D174E3385F1A3FEE6B2EBE7","D02","SCBI","SCBI_008","W","deciduousForest",38.887917,-78.147364,"WGS84",3.2,367.5,2.2,"2014-05-28","2014-06-11",1,"BET.SCBI_008.2014.01","SCBI_008.W.20140611",14,"ok","ok","ok","Y","NEON.DOC.014050","2r8mKA55ObZP5m82rTGIsyj0ZPC2lev8",,0,0,0
"86F15C69E6C04ECBAEFC31ADDCBD72D3","D02","SCBI","SCBI_008","S","deciduousForest",38.887731,-78.147141,"WGS84",3.2,367.5,2.2,"2014-05-28","2014-06-11",1,"BET.SCBI_008.2014.01","SCBI_008.S.20140611",14,"ok","ok","ok","Y","NEON.DOC.014050","2r8mKA55ObZP5m82rTGIsyj0ZPC2lev8",,0,0,0
"9675C9EDF6BF4217AEB05104714DC14A","D02","SCBI","SCBI_002","S","deciduousForest",38.895032,-78.142708,"WGS84",1.1,316.8,0.4,"2014-06-10","2014-06-24",2,"BET.SCBI_002.2014.02","SCBI_002.S.20140624",14,"ok","ok","high","Y","NEON.DOC.014050","b6ErTe8LyzD+v5tDtHiIDpfCV4ODNVuh",,0,0,0
"F10B0F6852134E7B948AAE35A13DA0AC","D02","SCBI","SCBI_005","N","deciduousForest",38.900719,-78.161852,"WGS84",1.1,269.8,0.2,"2014-06-11","2014-06-24",2,"BET.SCBI_005.2014.02","SCBI_005.N.20140624",13,"ok","ok","ok","Y","NEON.DOC.014050","wYCqaZcA+7slXlj5N/mM6vobrh4QDptp",,0,0,0
"4D71C0E9863E45A889A2F41858921EB6","D02","SCBI","SCBI_005","W","deciduousForest",38.900545,-78.162089,"WGS84",1.1,269.8,0.2,"2014-06-11","2014-06-24",2,"BET.SCBI_005.2014.02","SCBI_005.W.20140624",13,"ok","ok","ok","Y","NEON.DOC.014050","wYCqaZcA+7slXlj5N/mM6vobrh4QDptp",,0,0,0
"E3B3C0AE8E384E6691D52A87F43625CC","D02","SCBI","SCBI_005","S","deciduousForest",38.900359,-78.161866,"WGS84",1.1,269.8,0.2,"2014-06-11","2014-06-24",2,"BET.SCBI_005.2014.02","SCBI_005.S.20140624",13,"ok","ok","ok","Y","NEON.DOC.014050","wYCqaZcA+7slXlj5N/mM6vobrh4QDptp",,0,0,0
"628BB393AF79430FA1DFF134D0E75BFB","D02","SCBI","SCBI_005","E","deciduousForest",38.900533,-78.161629,"WGS84",1.1,269.8,0.2,"2014-06-11","2014-06-24",2,"BET.SCBI_005.2014.02","SCBI_005.E.20140624",13,"ok","ok","ok","Y","NEON.DOC.014050","wYCqaZcA+7slXlj5N/mM6vobrh4QDptp",,0,0,0
"E8A56F1EB1BC4B8AA565020A2B8BFFEB","D02","SCBI","SCBI_004","E","deciduousForest",38.896930,-78.146225,"WGS84",1.3,312.6,0.5,"2014-06-10","2014-06-24",2,"BET.SCBI_004.2014.02","SCBI_004.E.20140624",14,"ok","ok","ok","Y","NEON.DOC.014050","wYCqaZcA+7slXlj5N/mM6vobrh4QDptp",,0,0,0
"F23B443E529C4D0FBDCF1B2E5C79BDAC","D02","SCBI","SCBI_004","W","deciduousForest",38.896941,-78.146686,"WGS84",1.3,312.6,0.5,"2014-06-10","2014-06-24",2,"BET.SCBI_004.2014.02","SCBI_004.W.20140624",14,"ok","ok","high","Y","NEON.DOC.014050","wYCqaZcA+7slXlj5N/mM6vobrh4QDptp",,0,0,0
"1BB2970708054CA9B8057D1A51505948","D02","SCBI","SCBI_004","S","deciduousForest",38.896755,-78.146463,"WGS84",1.3,312.6,0.5,"2014-06-10","2014-06-24",2,"BET.SCBI_004.2014.02","SCBI_004.S.20140624",14,"ok","ok","high","Y","NEON.DOC.014050","wYCqaZcA+7slXlj5N/mM6vobrh4QDptp",,0,0,0
"D4586C36A63D4A07BE778B929A0021CD","D02","SCBI","SCBI_004","N","deciduousForest",38.897115,-78.146448,"WGS84",1.3,312.6,0.5,"2014-06-10","2014-06-24",2,"BET.SCBI_004.2014.02","SCBI_004.N.20140624",14,"ok","ok","ok","Y","NEON.DOC.014050","wYCqaZcA+7slXlj5N/mM6vobrh4QDptp",,0,0,0
"868A7A3E257A4DCFBD294E8D63706EDE","D02","SCBI","SCBI_033","S","pastureHay",38.888737,-78.161309,"WGS84",1.1,299.3,0.1,"2014-06-11","2014-06-24",2,"BET.SCBI_033.2014.02","SCBI_033.S.20140624",13,"ok","ok","ok","Y","NEON.DOC.014050","b6ErTe8LyzD+v5tDtHiIDpfCV4ODNVuh",,0,0,0
"DC253EEA0A89431B8F2C121CA5CC9AB8","D02","SCBI","SCBI_033","W","pastureHay",38.888922,-78.161532,"WGS84",1.1,299.3,0.1,"2014-06-11","2014-06-24",2,"BET.SCBI_033.2014.02","SCBI_033.W.20140624",13,"ok","ok","ok","Y","NEON.DOC.014050","wYCqaZcA+7slXlj5N/mM6vobrh4QDptp",,0,0,0
"0D086A89347C418B954C8614A423B0CC","D02","SCBI","SCBI_033","N","pastureHay",38.889097,-78.161295,"WGS84",1.1,299.3,0.1,"2014-06-11","2014-06-24",2,"BET.SCBI_033.2014.02","SCBI_033.N.20140624",13,"ok","ok","ok","Y","NEON.DOC.014050","wYCqaZcA+7slXlj5N/mM6vobrh4QDptp",,0,0,0
"DE7261FC1A3144CCAA08E7622C1287B3","D02","SCBI","SCBI_033","E","pastureHay",38.888911,-78.161072,"WGS84",1.1,299.3,0.1,"2014-06-11","2014-06-24",2,"BET.SCBI_033.2014.02","SCBI_033.E.20140624",13,"ok","ok","high","Y","NEON.DOC.014050","wYCqaZcA+7slXlj5N/mM6vobrh4QDptp",,0,0,0
"52F4634E11B746CFAF00A90FD5A81C1E","D02","SCBI","SCBI_012","W","pastureHay",38.889101,-78.169126,"WGS84",1.1,264.6,0.1,"2014-06-11","2014-06-24",2,"BET.SCBI_012.2014.02","SCBI_012.W.20140624",13,"ok","ok","high","Y","NEON.DOC.014050","wYCqaZcA+7slXlj5N/mM6vobrh4QDptp",,0,0,0
"021AC18CC1904D6C88E50C349EB42B0F","D02","SCBI","SCBI_012","E","pastureHay",38.889090,-78.168665,"WGS84",1.1,264.6,0.1,"2014-06-11","2014-06-24",2,"BET.SCBI_012.2014.02","SCBI_012.E.20140624",13,"ok","ok","ok","Y","NEON.DOC.014050","b6ErTe8LyzD+v5tDtHiIDpfCV4ODNVuh",,0,0,0
"AC510933B3F54BA4A758F39FAD820A17","D02","SCBI","SCBI_012","N","pastureHay",38.889275,-78.168888,"WGS84",1.1,264.6,0.1,"2014-06-11","2014-06-24",2,"BET.SCBI_012.2014.02","SCBI_012.N.20140624",13,"ok","ok","high","Y","NEON.DOC.014050","wYCqaZcA+7slXlj5N/mM6vobrh4QDptp",,0,0,0
"61BD7C00FB2C4753BDE8F97D5D99F95E","D02","SCBI","SCBI_012","S","pastureHay",38.888915,-78.168903,"WGS84",1.1,264.6,0.1,"2014-06-11","2014-06-24",2,"BET.SCBI_012.2014.02","SCBI_012.S.20140624",13,"ok","ok","ok","Y","NEON.DOC.014050","b6ErTe8LyzD+v5tDtHiIDpfCV4ODNVuh",,0,0,0
"4976489043854FF3B93A306ECF02540E","D02","SCBI","SCBI_010","S","deciduousForest",38.884596,-78.125159,"WGS84",1.7,491.3,1.1,"2014-06-10","2014-06-24",2,"BET.SCBI_010.2014.02","SCBI_010.S.20140624",14,"ok","disturbed","ok","Y","NEON.DOC.014050","wYCqaZcA+7slXlj5N/mM6vobrh4QDptp",,0,0,0
"90A78DA27958473FA29A6C2D57B0D1F8","D02","SCBI","SCBI_010","W","deciduousForest",38.884782,-78.125382,"WGS84",1.7,491.3,1.1,"2014-06-10","2014-06-24",2,"BET.SCBI_010.2014.02","SCBI_010.W.20140624",14,"ok","ok","ok","Y","NEON.DOC.014050","wYCqaZcA+7slXlj5N/mM6vobrh4QDptp",,0,0,0
"BF4760955A124DEB961115B3A8E4F98D","D02","SCBI","SCBI_010","N","deciduousForest",38.884956,-78.125145,"WGS84",1.7,491.3,1.1,"2014-06-10","2014-06-24",2,"BET.SCBI_010.2014.02","SCBI_010.N.20140624",14,"ok","ok","ok","Y","NEON.DOC.014050","wYCqaZcA+7slXlj5N/mM6vobrh4QDptp",,0,0,0
"493DE8FECB2640068DE49AF7AEDB6378","D02","SCBI","SCBI_010","E","deciduousForest",38.884771,-78.124922,"WGS84",1.7,491.3,1.1,"2014-06-10","2014-06-24",2,"BET.SCBI_010.2014.02","SCBI_010.E.20140624",14,"ok","ok","high","Y","NEON.DOC.014050","b6ErTe8LyzD+v5tDtHiIDpfCV4ODNVuh",,0,0,0
"18E168F1CD7749978529A270BBAF4B77","D02","SCBI","SCBI_008","N","deciduousForest",38.888091,-78.147126,"WGS84",3.2,367.5,2.2,"2014-06-11","2014-06-24",2,"BET.SCBI_008.2014.02","SCBI_008.N.20140624",13,"ok","ok","ok","Y","NEON.DOC.014050","wYCqaZcA+7slXlj5N/mM6vobrh4QDptp",,0,0,0
"78D2560DD6744FF7833CCEFE0A1ABF63","D02","SCBI","SCBI_008","S","deciduousForest",38.887731,-78.147141,"WGS84",3.2,367.5,2.2,"2014-06-11","2014-06-24",2,"BET.SCBI_008.2014.02","SCBI_008.S.20140624",13,"ok","ok","ok","Y","NEON.DOC.014050","wYCqaZcA+7slXlj5N/mM6vobrh4QDptp",,0,0,0
"BDF1E60D05C3429F9F126A292F9CEE19","D02","SCBI","SCBI_008","W","deciduousForest",38.887917,-78.147364,"WGS84",3.2,367.5,2.2,"2014-06-11","2014-06-24",2,"BET.SCBI_008.2014.02","SCBI_008.W.20140624",13,"disturbed","disturbed","ok","Y","NEON.DOC.014050","wYCqaZcA+7slXlj5N/mM6vobrh4QDptp",,0,0,0
"261ABF6C30F742138B92588EC1EABE7F","D02","SCBI","SCBI_008","E","deciduousForest",38.887906,-78.146903,"WGS84",3.2,367.5,2.2,"2014-06-11","2014-06-24",2,"BET.SCBI_008.2014.02","SCBI_008.E.20140624",13,"ok","ok","ok","Y","NEON.DOC.014050","wYCqaZcA+7slXlj5N/mM6vobrh4QDptp",,0,0,0
"51AEE3A43BA54AA4AF84293A51F2CD32","D02","SCBI","SCBI_007","W","deciduousForest",38.884920,-78.130526,"WGS84",1.2,409.1,0.3,"2014-06-10","2014-06-24",2,"BET.SCBI_007.2014.02","SCBI_007.W.20140624",14,"ok","ok","ok","Y","NEON.DOC.014050","wYCqaZcA+7slXlj5N/mM6vobrh4QDptp",,0,0,0
"1F0D4A81F2A54B83B6842ABE4D5593EE","D02","SCBI","SCBI_007","S","deciduousForest",38.884735,-78.130303,"WGS84",1.2,409.1,0.3,"2014-06-10","2014-06-24",2,"BET.SCBI_007.2014.02","SCBI_007.S.20140624",14,"ok","ok","ok","Y","NEON.DOC.014050","b6ErTe8LyzD+v5tDtHiIDpfCV4ODNVuh",,0,0,0
"5D3750EB57444E5F89926E8623FC0D60","D02","SCBI","SCBI_007","E","deciduousForest",38.884909,-78.130066,"WGS84",1.2,409.1,0.3,"2014-06-10","2014-06-24",2,"BET.SCBI_007.2014.02","SCBI_007.E.20140624",14,"ok","ok","ok","Y","NEON.DOC.014050","b6ErTe8LyzD+v5tDtHiIDpfCV4ODNVuh",,0,0,0
"C48ACBFDEFFA45B1B9ACCB2186C8C986","D02","SCBI","SCBI_007","N","deciduousForest",38.885095,-78.130289,"WGS84",1.2,409.1,0.3,"2014-06-10","2014-06-24",2,"BET.SCBI_007.2014.02",,14,"missing","missing","low","Y","NEON.DOC.014050","wYCqaZcA+7slXlj5N/mM6vobrh4QDptp","Trap was not set due to flooding. Trap set on 6/24/2014",0,0,0
"B6A4AD27CC6F4379B3BFCFCE4E4CC50F","D02","SCBI","SCBI_003","E","deciduousForest",38.883305,-78.120140,"WGS84",1.4,568.7,0.9,"2014-06-10","2014-06-24",2,"BET.SCBI_003.2014.02","SCBI_003.E.20140624",14,"ok","ok","ok","Y","NEON.DOC.014050","b6ErTe8LyzD+v5tDtHiIDpfCV4ODNVuh",,0,0,0
"9A016A6D89EB49E28556222A46854648","D02","SCBI","SCBI_003","N","deciduousForest",38.883491,-78.120363,"WGS84",1.4,568.7,0.9,"2014-06-10","2014-06-24",2,"BET.SCBI_003.2014.02","SCBI_003.N.20140624",14,"ok","ok","ok","Y","NEON.DOC.014050","wYCqaZcA+7slXlj5N/mM6vobrh4QDptp",,0,0,0
"FB164EAC91A34D758A784C21C336FC8F","D02","SCBI","SCBI_003","W","deciduousForest",38.883316,-78.120601,"WGS84",1.4,568.7,0.9,"2014-06-10","2014-06-24",2,"BET.SCBI_003.2014.02","SCBI_003.W.20140624",14,"ok","ok","ok","Y","NEON.DOC.014050","wYCqaZcA+7slXlj5N/mM6vobrh4QDptp",,0,0,0
"B16EE20014A945C8B14C43A548DD2014","D02","SCBI","SCBI_003","S","deciduousForest",38.883131,-78.120378,"WGS84",1.4,568.7,0.9,"2014-06-10","2014-06-24",2,"BET.SCBI_003.2014.02","SCBI_003.S.20140624",14,"ok","ok","ok","Y","NEON.DOC.014050","b6ErTe8LyzD+v5tDtHiIDpfCV4ODNVuh",,0,0,0
"9B18C6BD516C45C99E09094F051321C5","D02","SCBI","SCBI_006","N","pastureHay",38.897789,-78.151999,"WGS84",1.1,298.0,0.1,"2014-06-10","2014-06-24",2,"BET.SCBI_006.2014.02","SCBI_006.N.20140624",14,"ok","ok","high","Y","NEON.DOC.014050","wYCqaZcA+7slXlj5N/mM6vobrh4QDptp",,0,0,0
"ADEFE818B1A241719035FEE56FAC5B72","D02","SCBI","SCBI_006","W","pastureHay",38.897614,-78.152237,"WGS84",1.1,298.0,0.1,"2014-06-10","2014-06-24",2,"BET.SCBI_006.2014.02","SCBI_006.W.20140624",14,"ok","ok","high","Y","NEON.DOC.014050","wYCqaZcA+7slXlj5N/mM6vobrh4QDptp",,0,0,0
"A67D914C59044C10B9252516C460D0B4","D02","SCBI","SCBI_006","S","pastureHay",38.897429,-78.152014,"WGS84",1.1,298.0,0.1,"2014-06-10","2014-06-24",2,"BET.SCBI_006.2014.02","SCBI_006.S.20140624",14,"ok","disturbed","ok","Y","NEON.DOC.014050","b6ErTe8LyzD+v5tDtHiIDpfCV4ODNVuh",,0,0,0
"46338AB751AB4A3793921BCF1C8BD443","D02","SCBI","SCBI_006","E","pastureHay",38.897603,-78.151776,"WGS84",1.1,298.0,0.1,"2014-06-10","2014-06-24",2,"BET.SCBI_006.2014.02","SCBI_006.E.20140624",14,"ok","ok","ok","Y","NEON.DOC.014050","b6ErTe8LyzD+v5tDtHiIDpfCV4ODNVuh",,0,0,0
"C1E7DF26DF204CE0B46A221813A326BE","D02","SCBI","SCBI_002","W","deciduousForest",38.895218,-78.142931,"WGS84",1.1,316.8,0.4,"2014-06-10","2014-06-24",2,"BET.SCBI_002.2014.02","SCBI_002.W.20140624",14,"ok","ok","ok","Y","NEON.DOC.014050","wYCqaZcA+7slXlj5N/mM6vobrh4QDptp",,0,0,0
"ADF3537269E64BADA28636C95C777084","D02","SCBI","SCBI_002","E","deciduousForest",38.895206,-78.142470,"WGS84",1.1,316.8,0.4,"2014-06-10","2014-06-24",2,"BET.SCBI_002.2014.02","SCBI_002.E.20140624",14,"ok","ok","ok","Y","NEON.DOC.014050","b6ErTe8LyzD+v5tDtHiIDpfCV4ODNVuh",,0,0,0
"092BCE8FDFA649DDB9D564D65BA212AC","D02","SCBI","SCBI_002","N","deciduousForest",38.895392,-78.142693,"WGS84",1.1,316.8,0.4,"2014-06-10","2014-06-24",2,"BET.SCBI_002.2014.02","SCBI_002.N.20140624",14,"ok","ok","ok","Y","NEON.DOC.014050","wYCqaZcA+7slXlj5N/mM6vobrh4QDptp",,0,0,0
"A96E0FB9AA48485684B6915AE131EF8F","D02","SCBI","SCBI_002","N","deciduousForest",38.895392,-78.142693,"WGS84",1.1,316.8,0.4,"2014-06-24","2014-07-08",3,"BET.SCBI_002.2014.03","SCBI_002.N.20140708",14,"ok","ok","high","Y","NEON.DOC.014050","wYCqaZcA+7slXlj5N/mM6vobrh4QDptp",,0,0,0
"EC13B0D5F5BA4267B254E20F3250182B","D02","SCBI","SCBI_005","N","deciduousForest",38.900719,-78.161852,"WGS84",1.1,269.8,0.2,"2014-06-24","2014-07-08",3,"BET.SCBI_005.2014.03","SCBI_005.N.20140708",14,"ok","ok","ok","Y","NEON.DOC.014050","wYCqaZcA+7slXlj5N/mM6vobrh4QDptp",,0,0,0
"E76F2DB258D3464F8A4D2E36B8B833B3","D02","SCBI","SCBI_005","S","deciduousForest",38.900359,-78.161866,"WGS84",1.1,269.8,0.2,"2014-06-24","2014-07-08",3,"BET.SCBI_005.2014.03","SCBI_005.S.20140708",14,"ok","ok","ok","Y","NEON.DOC.014050","wYCqaZcA+7slXlj5N/mM6vobrh4QDptp",,0,0,0
"00ED93C9AEBB49BD8F2155A38F99FE0D","D02","SCBI","SCBI_005","W","deciduousForest",38.900545,-78.162089,"WGS84",1.1,269.8,0.2,"2014-06-24","2014-07-08",3,"BET.SCBI_005.2014.03","SCBI_005.W.20140708",14,"ok","ok","ok","Y","NEON.DOC.014050","wYCqaZcA+7slXlj5N/mM6vobrh4QDptp",,0,0,0
"1052DE364638416ABEAAC1DD1CE7B772","D02","SCBI","SCBI_005","E","deciduousForest",38.900533,-78.161629,"WGS84",1.1,269.8,0.2,"2014-06-24","2014-07-08",3,"BET.SCBI_005.2014.03","SCBI_005.E.20140708",14,"ok","ok","ok","Y","NEON.DOC.014050","wYCqaZcA+7slXlj5N/mM6vobrh4QDptp",,0,0,0
"D43454B1444E4C83AE9CD2B0DA893BB3","D02","SCBI","SCBI_004","W","deciduousForest",38.896941,-78.146686,"WGS84",1.3,312.6,0.5,"2014-06-24","2014-07-08",3,"BET.SCBI_004.2014.03","SCBI_004.W.20140708",14,"ok","ok","ok","Y","NEON.DOC.014050","wYCqaZcA+7slXlj5N/mM6vobrh4QDptp",,0,0,0
"E250BBF3063F40C3ACB204A9849140A4","D02","SCBI","SCBI_004","N","deciduousForest",38.897115,-78.146448,"WGS84",1.3,312.6,0.5,"2014-06-24","2014-07-08",3,"BET.SCBI_004.2014.03","SCBI_004.N.20140708",14,"ok","ok","ok","Y","NEON.DOC.014050","wYCqaZcA+7slXlj5N/mM6vobrh4QDptp",,0,0,0
"B03665193F52483EADF6E6EE6F11D2E8","D02","SCBI","SCBI_004","S","deciduousForest",38.896755,-78.146463,"WGS84",1.3,312.6,0.5,"2014-06-24","2014-07-08",3,"BET.SCBI_004.2014.03","SCBI_004.S.20140708",14,"ok","ok","high","Y","NEON.DOC.014050","wYCqaZcA+7slXlj5N/mM6vobrh4QDptp",,0,0,0
"4F606B2D9BDE4B8EBE471B2162BDCCE1","D02","SCBI","SCBI_004","E","deciduousForest",38.896930,-78.146225,"WGS84",1.3,312.6,0.5,"2014-06-24","2014-07-08",3,"BET.SCBI_004.2014.03","SCBI_004.E.20140708",14,"disturbed","disturbed","low","Y","NEON.DOC.014050","wYCqaZcA+7slXlj5N/mM6vobrh4QDptp",,0,0,0
"E8A39C0A7DB44F439F1ABE473984C8A5","D02","SCBI","SCBI_033","N","pastureHay",38.889097,-78.161295,"WGS84",1.1,299.3,0.1,"2014-06-24","2014-07-08",3,"BET.SCBI_033.2014.03","SCBI_033.N.20140708",14,"ok","ok","high","Y","NEON.DOC.014050","wYCqaZcA+7slXlj5N/mM6vobrh4QDptp",,0,0,0
"623D3340737047A18BF46FBC122D5211","D02","SCBI","SCBI_033","E","pastureHay",38.888911,-78.161072,"WGS84",1.1,299.3,0.1,"2014-06-24","2014-07-08",3,"BET.SCBI_033.2014.03","SCBI_033.E.20140708",14,"ok","ok","ok","Y","NEON.DOC.014050","wYCqaZcA+7slXlj5N/mM6vobrh4QDptp","ant hill by trap",0,0,0
"70A644F49F2A4B2CBCEBE1DEBCAF2ABC","D02","SCBI","SCBI_033","W","pastureHay",38.888922,-78.161532,"WGS84",1.1,299.3,0.1,"2014-06-24","2014-07-08",3,"BET.SCBI_033.2014.03","SCBI_033.W.20140708",14,"ok","ok","ok","Y","NEON.DOC.014050","wYCqaZcA+7slXlj5N/mM6vobrh4QDptp",,0,0,0
"32E4D1181C274882AADB1E0F7FBBEA3F","D02","SCBI","SCBI_033","S","pastureHay",38.888737,-78.161309,"WGS84",1.1,299.3,0.1,"2014-06-24","2014-07-08",3,"BET.SCBI_033.2014.03","SCBI_033.S.20140708",14,"ok","ok","ok","Y","NEON.DOC.014050","wYCqaZcA+7slXlj5N/mM6vobrh4QDptp",,0,0,0
"E3CBF27535B84BA490BA2EF8B213BF53","D02","SCBI","SCBI_012","N","pastureHay",38.889275,-78.168888,"WGS84",1.1,264.6,0.1,"2014-06-24","2014-07-08",3,"BET.SCBI_012.2014.03","SCBI_012.N.20140708",14,"ok","ok","ok","Y","NEON.DOC.014050","wYCqaZcA+7slXlj5N/mM6vobrh4QDptp",,0,0,0
"F66747D63DCC432BA9C8E63CCA27D680","D02","SCBI","SCBI_012","S","pastureHay",38.888915,-78.168903,"WGS84",1.1,264.6,0.1,"2014-06-24","2014-07-08",3,"BET.SCBI_012.2014.03","SCBI_012.S.20140708",14,"ok","ok","ok","Y","NEON.DOC.014050","wYCqaZcA+7slXlj5N/mM6vobrh4QDptp",,0,0,0
"A4EFEDCB79C146B0B7FC2628BF9D9EE9","D02","SCBI","SCBI_012","E","pastureHay",38.889090,-78.168665,"WGS84",1.1,264.6,0.1,"2014-06-24","2014-07-08",3,"BET.SCBI_012.2014.03","SCBI_012.E.20140708",14,"ok","ok","ok","Y","NEON.DOC.014050","wYCqaZcA+7slXlj5N/mM6vobrh4QDptp",,0,0,0
"6025931C347A44F3824B586207B553C1","D02","SCBI","SCBI_012","W","pastureHay",38.889101,-78.169126,"WGS84",1.1,264.6,0.1,"2014-06-24","2014-07-08",3,"BET.SCBI_012.2014.03",,14,"missing","disturbed","low","Y","NEON.DOC.014050","wYCqaZcA+7slXlj5N/mM6vobrh4QDptp",,0,0,0
"0310BB2D1A754E57A98B32C5635AC74F","D02","SCBI","SCBI_010","E","deciduousForest",38.884771,-78.124922,"WGS84",1.7,491.3,1.1,"2014-06-24","2014-07-08",3,"BET.SCBI_010.2014.03","SCBI_010.E.20140708",14,"ok","disturbed","ok","Y","NEON.DOC.014050","wYCqaZcA+7slXlj5N/mM6vobrh4QDptp",,0,0,0
"8FF81D618E234719A0CF41E55A9B3EAB","D02","SCBI","SCBI_010","W","deciduousForest",38.884782,-78.125382,"WGS84",1.7,491.3,1.1,"2014-06-24","2014-07-08",3,"BET.SCBI_010.2014.03","SCBI_010.W.20140708",14,"ok","ok","ok","Y","NEON.DOC.014050","wYCqaZcA+7slXlj5N/mM6vobrh4QDptp",,0,0,0
"2824B489038A4BE2A5F8E318C154085D","D02","SCBI","SCBI_010","N","deciduousForest",38.884956,-78.125145,"WGS84",1.7,491.3,1.1,"2014-06-24","2014-07-08",3,"BET.SCBI_010.2014.03","SCBI_010.N.20140708",14,"ok","ok","ok","Y","NEON.DOC.014050","wYCqaZcA+7slXlj5N/mM6vobrh4QDptp",,0,0,0
"758F1DB706994B1C9E137A5F6D71F519","D02","SCBI","SCBI_010","S","deciduousForest",38.884596,-78.125159,"WGS84",1.7,491.3,1.1,"2014-06-24","2014-07-08",3,"BET.SCBI_010.2014.03","SCBI_010.S.20140708",14,"ok","ok","ok","Y","NEON.DOC.014050","wYCqaZcA+7slXlj5N/mM6vobrh4QDptp",,0,0,0
"1599707F36C043159BBF6BF1738CA799","D02","SCBI","SCBI_008","E","deciduousForest",38.887906,-78.146903,"WGS84",3.2,367.5,2.2,"2014-06-24","2014-07-08",3,"BET.SCBI_008.2014.03","SCBI_008.E.20140708",14,"ok","ok","ok","Y","NEON.DOC.014050","wYCqaZcA+7slXlj5N/mM6vobrh4QDptp",,0,0,0
"7E2692D065EB46C4B82FA3648EB5911B","D02","SCBI","SCBI_008","S","deciduousForest",38.887731,-78.147141,"WGS84",3.2,367.5,2.2,"2014-06-24","2014-07-08",3,"BET.SCBI_008.2014.03","SCBI_008.S.20140708",14,"disturbed","disturbed","low","Y","NEON.DOC.014050","wYCqaZcA+7slXlj5N/mM6vobrh4QDptp",,0,0,0
"0C91DDE2445348D0A22B49BDFB5F9823","D02","SCBI","SCBI_008","N","deciduousForest",38.888091,-78.147126,"WGS84",3.2,367.5,2.2,"2014-06-24","2014-07-08",3,"BET.SCBI_008.2014.03","SCBI_008.N.20140708",14,"ok","ok","ok","Y","NEON.DOC.014050","wYCqaZcA+7slXlj5N/mM6vobrh4QDptp",,0,0,0
"6726F1652C804E709A475EC1FBDF41EF","D02","SCBI","SCBI_008","W","deciduousForest",38.887917,-78.147364,"WGS84",3.2,367.5,2.2,"2014-06-24","2014-07-08",3,"BET.SCBI_008.2014.03","SCBI_008.W.20140708",14,"ok","ok","ok","Y","NEON.DOC.014050","wYCqaZcA+7slXlj5N/mM6vobrh4QDptp",,0,0,0
"B05B5DD50F5F4FC18CCB5A7C499C293F","D02","SCBI","SCBI_007","E","deciduousForest",38.884909,-78.130066,"WGS84",1.2,409.1,0.3,"2014-06-24","2014-07-08",3,"BET.SCBI_007.2014.03","SCBI_007.E.20140708",14,"disturbed","disturbed","low","Y","NEON.DOC.014050","wYCqaZcA+7slXlj5N/mM6vobrh4QDptp",,0,0,0
"28F86F0565664A5DB0F94AA6FDA11978","D02","SCBI","SCBI_007","W","deciduousForest",38.884920,-78.130526,"WGS84",1.2,409.1,0.3,"2014-06-24","2014-07-08",3,"BET.SCBI_007.2014.03","SCBI_007.W.20140708",14,"ok","ok","low","Y","NEON.DOC.014050","wYCqaZcA+7slXlj5N/mM6vobrh4QDptp","No PG in cup",0,0,0
"D0E81BF06EF2418D87B08C9F40DCF976","D02","SCBI","SCBI_007","S","deciduousForest",38.884735,-78.130303,"WGS84",1.2,409.1,0.3,"2014-06-24","2014-07-08",3,"BET.SCBI_007.2014.03","SCBI_007.S.20140708",14,"ok","ok","ok","Y","NEON.DOC.014050","wYCqaZcA+7slXlj5N/mM6vobrh4QDptp",,0,0,0
"40AF71A3A41740FCACDC3721EA50C3CE","D02","SCBI","SCBI_007","N","deciduousForest",38.885095,-78.130289,"WGS84",1.2,409.1,0.3,"2014-06-24","2014-07-08",3,"BET.SCBI_007.2014.03","SCBI_007.N.20140708",14,"ok","ok","ok","Y","NEON.DOC.014050","wYCqaZcA+7slXlj5N/mM6vobrh4QDptp",,0,0,0
"7E9DA32AD4E4497BA5A1654C68934061","D02","SCBI","SCBI_003","W","deciduousForest",38.883316,-78.120601,"WGS84",1.4,568.7,0.9,"2014-06-24","2014-07-08",3,"BET.SCBI_003.2014.03","SCBI_003.W.20140708",14,"ok","ok","ok","Y","NEON.DOC.014050","wYCqaZcA+7slXlj5N/mM6vobrh4QDptp",,0,0,0
"30ABACA95E2C4B68B762CC472D1BDE09","D02","SCBI","SCBI_003","E","deciduousForest",38.883305,-78.120140,"WGS84",1.4,568.7,0.9,"2014-06-24","2014-07-08",3,"BET.SCBI_003.2014.03","SCBI_003.E.20140708",14,"ok","ok","ok","Y","NEON.DOC.014050","wYCqaZcA+7slXlj5N/mM6vobrh4QDptp",,0,0,0
"D7A14324321541F8A600314456574AAE","D02","SCBI","SCBI_003","N","deciduousForest",38.883491,-78.120363,"WGS84",1.4,568.7,0.9,"2014-06-24","2014-07-08",3,"BET.SCBI_003.2014.03","SCBI_003.N.20140708",14,"disturbed","disturbed","ok","Y","NEON.DOC.014050","wYCqaZcA+7slXlj5N/mM6vobrh4QDptp",,0,0,0
"77DA94E7E8A44355A4DB7B6313EEF9B1","D02","SCBI","SCBI_003","S","deciduousForest",38.883131,-78.120378,"WGS84",1.4,568.7,0.9,"2014-06-24","2014-07-08",3,"BET.SCBI_003.2014.03","SCBI_003.S.20140708",14,"ok","ok","ok","Y","NEON.DOC.014050","wYCqaZcA+7slXlj5N/mM6vobrh4QDptp",,0,0,0
"5F084A0D6E7D4A5997D3AD6E6E6A4FB3","D02","SCBI","SCBI_006","S","pastureHay",38.897429,-78.152014,"WGS84",1.1,298.0,0.1,"2014-06-24","2014-07-08",3,"BET.SCBI_006.2014.03","SCBI_006.S.20140708",14,"ok","ok","ok","Y","NEON.DOC.014050","wYCqaZcA+7slXlj5N/mM6vobrh4QDptp",,0,0,0
"5AFF8FA464DF4D918C0AA57198420CB1","D02","SCBI","SCBI_006","E","pastureHay",38.897603,-78.151776,"WGS84",1.1,298.0,0.1,"2014-06-24","2014-07-08",3,"BET.SCBI_006.2014.03","SCBI_006.E.20140708",14,"ok","ok","ok","Y","NEON.DOC.014050","wYCqaZcA+7slXlj5N/mM6vobrh4QDptp",,0,0,0
"E35FB1976CB54F3A8A499F93011A8AE9","D02","SCBI","SCBI_006","W","pastureHay",38.897614,-78.152237,"WGS84",1.1,298.0,0.1,"2014-06-24","2014-07-08",3,"BET.SCBI_006.2014.03","SCBI_006.W.20140708",14,"ok","ok","ok","Y","NEON.DOC.014050","wYCqaZcA+7slXlj5N/mM6vobrh4QDptp",,0,0,0
"F2C83B96C8D44393957523B31A40B50E","D02","SCBI","SCBI_006","N","pastureHay",38.897789,-78.151999,"WGS84",1.1,298.0,0.1,"2014-06-24","2014-07-08",3,"BET.SCBI_006.2014.03","SCBI_006.N.20140708",14,"ok","ok","ok","Y","NEON.DOC.014050","wYCqaZcA+7slXlj5N/mM6vobrh4QDptp",,0,0,0
"6E3FBE7333EE4D7E82F3F1FC883E8180","D02","SCBI","SCBI_002","E","deciduousForest",38.895206,-78.142470,"WGS84",1.1,316.8,0.4,"2014-06-24","2014-07-08",3,"BET.SCBI_002.2014.03","SCBI_002.E.20140708",14,"ok","ok","ok","Y","NEON.DOC.014050","wYCqaZcA+7slXlj5N/mM6vobrh4QDptp",,0,0,0
"8CE8D56FFB93469684C9A69FDC3A5B1D","D02","SCBI","SCBI_002","W","deciduousForest",38.895218,-78.142931,"WGS84",1.1,316.8,0.4,"2014-06-24","2014-07-08",3,"BET.SCBI_002.2014.03","SCBI_002.W.20140708",14,"ok","ok","high","Y","NEON.DOC.014050","wYCqaZcA+7slXlj5N/mM6vobrh4QDptp",,0,0,0
"C118F571041D454BA0C935685859339E","D02","SCBI","SCBI_002","S","deciduousForest",38.895032,-78.142708,"WGS84",1.1,316.8,0.4,"2014-06-24","2014-07-08",3,"BET.SCBI_002.2014.03","SCBI_002.S.20140708",14,"ok","ok","ok","Y","NEON.DOC.014050","wYCqaZcA+7slXlj5N/mM6vobrh4QDptp",,0,0,0
"85683DE7398B48A5A0B4C4521CCF0280","D02","SCBI","SCBI_002","W","deciduousForest",38.895218,-78.142931,"WGS84",1.1,316.8,0.4,"2014-07-08","2014-07-22",4,"BET.SCBI_002.2014.04","SCBI_002.W.20140722",14,"ok","ok","ok","Y","NEON.DOC.014050","wYCqaZcA+7slXlj5N/mM6vobrh4QDptp",,0,0,0
"3FEBEBF3120B4D348F2B89A859B5D431","D02","SCBI","SCBI_005","E","deciduousForest",38.900533,-78.161629,"WGS84",1.1,269.8,0.2,"2014-07-08","2014-07-22",4,"BET.SCBI_005.2014.04","SCBI_005.E.20140722",14,"ok","ok","ok","Y","NEON.DOC.014050","wYCqaZcA+7slXlj5N/mM6vobrh4QDptp",,0,0,0
"692B546C9CC348C89FBFCEA14D106AFB","D02","SCBI","SCBI_005","S","deciduousForest",38.900359,-78.161866,"WGS84",1.1,269.8,0.2,"2014-07-08","2014-07-22",4,"BET.SCBI_005.2014.04","SCBI_005.S.20140722",14,"ok","ok","ok","Y","NEON.DOC.014050","wYCqaZcA+7slXlj5N/mM6vobrh4QDptp",,0,0,0
"8E031BD85C164C5E91206CE2E248AC9A","D02","SCBI","SCBI_005","W","deciduousForest",38.900545,-78.162089,"WGS84",1.1,269.8,0.2,"2014-07-08","2014-07-22",4,"BET.SCBI_005.2014.04","SCBI_005.W.20140722",14,"ok","ok","ok","Y","NEON.DOC.014050","wYCqaZcA+7slXlj5N/mM6vobrh4QDptp",,0,0,0
"6442465BFB8B4267A828F6078404B095","D02","SCBI","SCBI_005","N","deciduousForest",38.900719,-78.161852,"WGS84",1.1,269.8,0.2,"2014-07-08","2014-07-22",4,"BET.SCBI_005.2014.04","SCBI_005.N.20140722",14,"ok","ok","ok","Y","NEON.DOC.014050","wYCqaZcA+7slXlj5N/mM6vobrh4QDptp",,0,0,0
"BC6BA981C15646BF8D3981EEF2ABFFD9","D02","SCBI","SCBI_004","S","deciduousForest",38.896755,-78.146463,"WGS84",1.3,312.6,0.5,"2014-07-08","2014-07-22",4,"BET.SCBI_004.2014.04","SCBI_004.S.20140722",14,"ok","ok","high","Y","NEON.DOC.014050","wYCqaZcA+7slXlj5N/mM6vobrh4QDptp",,0,0,0
"C7F9BAA64FDC4A4CA25BE974B414FC86","D02","SCBI","SCBI_004","W","deciduousForest",38.896941,-78.146686,"WGS84",1.3,312.6,0.5,"2014-07-08","2014-07-22",4,"BET.SCBI_004.2014.04","SCBI_004.W.20140722",14,"ok","disturbed","ok","Y","NEON.DOC.014050","wYCqaZcA+7slXlj5N/mM6vobrh4QDptp",,0,0,0
"068DBCF22DAA47CFAE5ECFF4FC620977","D02","SCBI","SCBI_004","E","deciduousForest",38.896930,-78.146225,"WGS84",1.3,312.6,0.5,"2014-07-08","2014-07-22",4,"BET.SCBI_004.2014.04","SCBI_004.E.20140722",14,"ok","ok","ok","Y","NEON.DOC.014050","wYCqaZcA+7slXlj5N/mM6vobrh4QDptp",,0,0,0
"982C43EF3992455BB6BA9DE9CDEA9D5D","D02","SCBI","SCBI_004","N","deciduousForest",38.897115,-78.146448,"WGS84",1.3,312.6,0.5,"2014-07-08","2014-07-22",4,"BET.SCBI_004.2014.04","SCBI_004.N.20140722",14,"ok","ok","ok","Y","NEON.DOC.014050","wYCqaZcA+7slXlj5N/mM6vobrh4QDptp",,0,0,0
"61F6FFB398A94CAAB27E323D45B278D6","D02","SCBI","SCBI_033","E","pastureHay",38.888911,-78.161072,"WGS84",1.1,299.3,0.1,"2014-07-08","2014-07-22",4,"BET.SCBI_033.2014.04","SCBI_033.E.20140722",14,"ok","ok","ok","Y","NEON.DOC.014050","wYCqaZcA+7slXlj5N/mM6vobrh4QDptp",,0,0,0
"D71995C6A30C42D6951F49A75545FF22","D02","SCBI","SCBI_033","N","pastureHay",38.889097,-78.161295,"WGS84",1.1,299.3,0.1,"2014-07-08","2014-07-22",4,"BET.SCBI_033.2014.04","SCBI_033.N.20140722",14,"ok","ok","ok","Y","NEON.DOC.014050","wYCqaZcA+7slXlj5N/mM6vobrh4QDptp",,0,0,0
"C27EC22E0A194260AF72C534971B127F","D02","SCBI","SCBI_033","W","pastureHay",38.888922,-78.161532,"WGS84",1.1,299.3,0.1,"2014-07-08","2014-07-22",4,"BET.SCBI_033.2014.04","SCBI_033.W.20140722",14,"ok","ok","ok","Y","NEON.DOC.014050","wYCqaZcA+7slXlj5N/mM6vobrh4QDptp",,0,0,0
"9EAE5DA0ED7B44D4A687AC80FFC963FB","D02","SCBI","SCBI_033","S","pastureHay",38.888737,-78.161309,"WGS84",1.1,299.3,0.1,"2014-07-08","2014-07-22",4,"BET.SCBI_033.2014.04",,14,"disturbed","ok","ok","Y","NEON.DOC.014050","wYCqaZcA+7slXlj5N/mM6vobrh4QDptp","Nothing was caught as trap was set ~3cm above ground level",0,0,0
"5F8262633A6945708FD3D77B531ED66C","D02","SCBI","SCBI_012","W","pastureHay",38.889101,-78.169126,"WGS84",1.1,264.6,0.1,"2014-07-08","2014-07-22",4,"BET.SCBI_012.2014.04","SCBI_012.W.20140722",14,"ok","ok","ok","Y","NEON.DOC.014050","wYCqaZcA+7slXlj5N/mM6vobrh4QDptp",,0,0,0
"EC7439AC6CBA4F94BC959148A270B7B5","D02","SCBI","SCBI_012","E","pastureHay",38.889090,-78.168665,"WGS84",1.1,264.6,0.1,"2014-07-08","2014-07-22",4,"BET.SCBI_012.2014.04","SCBI_012.E.20140722",14,"ok","ok","ok","Y","NEON.DOC.014050","wYCqaZcA+7slXlj5N/mM6vobrh4QDptp",,0,0,0
"D70CE3DEFACD42A0AD3A6FD705B7B7E6","D02","SCBI","SCBI_012","S","pastureHay",38.888915,-78.168903,"WGS84",1.1,264.6,0.1,"2014-07-08","2014-07-22",4,"BET.SCBI_012.2014.04","SCBI_012.S.20140722",14,"ok","ok","ok","Y","NEON.DOC.014050","wYCqaZcA+7slXlj5N/mM6vobrh4QDptp",,0,0,0
"7F7579F085FB4A4DAE988D41440838F8","D02","SCBI","SCBI_012","N","pastureHay",38.889275,-78.168888,"WGS84",1.1,264.6,0.1,"2014-07-08","2014-07-22",4,"BET.SCBI_012.2014.04","SCBI_012.N.20140722",14,"ok","ok","ok","Y","NEON.DOC.014050","wYCqaZcA+7slXlj5N/mM6vobrh4QDptp",,0,0,0
"44812D564A0644BD84D228CE6944F045","D02","SCBI","SCBI_010","W","deciduousForest",38.884782,-78.125382,"WGS84",1.7,491.3,1.1,"2014-07-08","2014-07-22",4,"BET.SCBI_010.2014.04","SCBI_010.W.20140722",14,"ok","ok","ok","Y","NEON.DOC.014050","wYCqaZcA+7slXlj5N/mM6vobrh4QDptp",,0,0,0
"4DACDFC5D03D4F869C217F2DEF797A3E","D02","SCBI","SCBI_010","N","deciduousForest",38.884956,-78.125145,"WGS84",1.7,491.3,1.1,"2014-07-08","2014-07-22",4,"BET.SCBI_010.2014.04","SCBI_010.N.20140722",14,"ok","ok","ok","Y","NEON.DOC.014050","wYCqaZcA+7slXlj5N/mM6vobrh4QDptp",,0,0,0
"F719570588494781BCC403FC964C1F95","D02","SCBI","SCBI_010","S","deciduousForest",38.884596,-78.125159,"WGS84",1.7,491.3,1.1,"2014-07-08","2014-07-22",4,"BET.SCBI_010.2014.04","SCBI_010.S.20140722",14,"ok","ok","ok","Y","NEON.DOC.014050","wYCqaZcA+7slXlj5N/mM6vobrh4QDptp",,0,0,0
"FADB31926CB64670AF95D2F03CFA61D8","D02","SCBI","SCBI_010","E","deciduousForest",38.884771,-78.124922,"WGS84",1.7,491.3,1.1,"2014-07-08","2014-07-22",4,"BET.SCBI_010.2014.04","SCBI_010.E.20140722",14,"disturbed","disturbed","low","Y","NEON.DOC.014050","wYCqaZcA+7slXlj5N/mM6vobrh4QDptp",,0,0,0
"0CBBCE2C115F42D08D6B35B8249B5C93","D02","SCBI","SCBI_008","E","deciduousForest",38.887906,-78.146903,"WGS84",3.2,367.5,2.2,"2014-07-08","2014-07-22",4,"BET.SCBI_008.2014.04","SCBI_008.E.20140722",14,"ok","ok","ok","Y","NEON.DOC.014050","wYCqaZcA+7slXlj5N/mM6vobrh4QDptp",,0,0,0
"C5554E5A744B45ECB501D0F591F32D3D","D02","SCBI","SCBI_008","N","deciduousForest",38.888091,-78.147126,"WGS84",3.2,367.5,2.2,"2014-07-08","2014-07-22",4,"BET.SCBI_008.2014.04",,14,"missing","disturbed","low","Y","NEON.DOC.014050","wYCqaZcA+7slXlj5N/mM6vobrh4QDptp","No fluid or sample, completely tipped over",0,0,0
"894EC52BA73A4054BE54C72373E006B9","D02","SCBI","SCBI_008","W","deciduousForest",38.887917,-78.147364,"WGS84",3.2,367.5,2.2,"2014-07-08","2014-07-22",4,"BET.SCBI_008.2014.04","SCBI_008.W.20140722",14,"ok","ok","ok","Y","NEON.DOC.014050","wYCqaZcA+7slXlj5N/mM6vobrh4QDptp",,0,0,0
"36C76A3C6FE345DAA6AC097DFB31989B","D02","SCBI","SCBI_008","S","deciduousForest",38.887731,-78.147141,"WGS84",3.2,367.5,2.2,"2014-07-08","2014-07-22",4,"BET.SCBI_008.2014.04","SCBI_008.S.20140722",14,"ok","ok","ok","Y","NEON.DOC.014050","wYCqaZcA+7slXlj5N/mM6vobrh4QDptp",,0,0,0
"2DA00BB65AFB407E9C76723D1306EFA1","D02","SCBI","SCBI_007","E","deciduousForest",38.884909,-78.130066,"WGS84",1.2,409.1,0.3,"2014-07-08","2014-07-22",4,"BET.SCBI_007.2014.04",,14,"missing","disturbed","low","Y","NEON.DOC.014050","wYCqaZcA+7slXlj5N/mM6vobrh4QDptp","Cups cracked, no sample",0,0,0
"C8E8D43E0DD54DE5AFCB91D79F048642","D02","SCBI","SCBI_007","N","deciduousForest",38.885095,-78.130289,"WGS84",1.2,409.1,0.3,"2014-07-08","2014-07-22",4,"BET.SCBI_007.2014.04","SCBI_007.N.20140722",14,"ok","ok","ok","Y","NEON.DOC.014050","wYCqaZcA+7slXlj5N/mM6vobrh4QDptp",,0,0,0
"0186F7CD4B1F4342982F741A8B76D60F","D02","SCBI","SCBI_007","S","deciduousForest",38.884735,-78.130303,"WGS84",1.2,409.1,0.3,"2014-07-08","2014-07-22",4,"BET.SCBI_007.2014.04","SCBI_007.S.20140722",14,"ok","ok","ok","Y","NEON.DOC.014050","wYCqaZcA+7slXlj5N/mM6vobrh4QDptp",,0,0,0
"AFAD148357DA41F494A6027509402D46","D02","SCBI","SCBI_007","W","deciduousForest",38.884920,-78.130526,"WGS84",1.2,409.1,0.3,"2014-07-08","2014-07-22",4,"BET.SCBI_007.2014.04","SCBI_007.W.20140722",14,"ok","disturbed","ok","Y","NEON.DOC.014050","wYCqaZcA+7slXlj5N/mM6vobrh4QDptp",,0,0,0
"502036150F63478A8277507A7F8731C7","D02","SCBI","SCBI_003","W","deciduousForest",38.883316,-78.120601,"WGS84",1.4,568.7,0.9,"2014-07-08","2014-07-22",4,"BET.SCBI_003.2014.04",,14,"missing","missing","low","Y","NEON.DOC.014050","wYCqaZcA+7slXlj5N/mM6vobrh4QDptp","Cups missing, no sample",0,0,0
"F4EB05084D574966B87BAC592020EB3F","D02","SCBI","SCBI_003","N","deciduousForest",38.883491,-78.120363,"WGS84",1.4,568.7,0.9,"2014-07-08","2014-07-22",4,"BET.SCBI_003.2014.04","SCBI_003.N.20140722",14,"ok","ok","ok","Y","NEON.DOC.014050","wYCqaZcA+7slXlj5N/mM6vobrh4QDptp","trap spilled, catch was picked up",0,0,0
"248B33392D68447790C6D5A60345A7ED","D02","SCBI","SCBI_003","S","deciduousForest",38.883131,-78.120378,"WGS84",1.4,568.7,0.9,"2014-07-08","2014-07-22",4,"BET.SCBI_003.2014.04","SCBI_003.S.20140722",14,"ok","ok","ok","Y","NEON.DOC.014050","wYCqaZcA+7slXlj5N/mM6vobrh4QDptp",,0,0,0
"DCF0DDB2F75341A396F7BF0B800AC441","D02","SCBI","SCBI_003","E","deciduousForest",38.883305,-78.120140,"WGS84",1.4,568.7,0.9,"2014-07-08","2014-07-22",4,"BET.SCBI_003.2014.04","SCBI_003.E.20140722",14,"ok","ok","low","Y","NEON.DOC.014050","wYCqaZcA+7slXlj5N/mM6vobrh4QDptp",,0,0,0
"E0705015D0A4478ABE9FC83BFE84D326","D02","SCBI","SCBI_006","S","pastureHay",38.897429,-78.152014,"WGS84",1.1,298.0,0.1,"2014-07-08","2014-07-22",4,"BET.SCBI_006.2014.04","SCBI_006.S.20140722",14,"ok","ok","ok","Y","NEON.DOC.014050","wYCqaZcA+7slXlj5N/mM6vobrh4QDptp",,0,0,0
"3E1600851CF14D32B32886829463CE34","D02","SCBI","SCBI_006","N","pastureHay",38.897789,-78.151999,"WGS84",1.1,298.0,0.1,"2014-07-08","2014-07-22",4,"BET.SCBI_006.2014.04","SCBI_006.N.20140722",14,"ok","ok","ok","Y","NEON.DOC.014050","wYCqaZcA+7slXlj5N/mM6vobrh4QDptp",,0,0,0
"DA60C3646A5945FDAB3F3F79E1C1C95E","D02","SCBI","SCBI_006","E","pastureHay",38.897603,-78.151776,"WGS84",1.1,298.0,0.1,"2014-07-08","2014-07-22",4,"BET.SCBI_006.2014.04","SCBI_006.E.20140722",14,"ok","ok","ok","Y","NEON.DOC.014050","wYCqaZcA+7slXlj5N/mM6vobrh4QDptp",,0,0,0
"9171FA77222346FBA33B25784BE0834C","D02","SCBI","SCBI_006","W","pastureHay",38.897614,-78.152237,"WGS84",1.1,298.0,0.1,"2014-07-08","2014-07-22",4,"BET.SCBI_006.2014.04","SCBI_006.W.20140722",14,"ok","ok","ok","Y","NEON.DOC.014050","wYCqaZcA+7slXlj5N/mM6vobrh4QDptp",,0,0,0
"8980176961E344C5AA4FB72E707890DD","D02","SCBI","SCBI_002","N","deciduousForest",38.895392,-78.142693,"WGS84",1.1,316.8,0.4,"2014-07-08","2014-07-22",4,"BET.SCBI_002.2014.04","SCBI_002.N.20140722",14,"ok","ok","ok","Y","NEON.DOC.014050","wYCqaZcA+7slXlj5N/mM6vobrh4QDptp",,0,0,0
"3A72CD108CD349F483CCAF8F0BD2E354","D02","SCBI","SCBI_002","S","deciduousForest",38.895032,-78.142708,"WGS84",1.1,316.8,0.4,"2014-07-08","2014-07-22",4,"BET.SCBI_002.2014.04","SCBI_002.S.20140722",14,"ok","ok","ok","Y","NEON.DOC.014050","wYCqaZcA+7slXlj5N/mM6vobrh4QDptp",,0,0,0
"EEE7DD6EE444493B8B9C509C5B3A56BC","D02","SCBI","SCBI_002","E","deciduousForest",38.895206,-78.142470,"WGS84",1.1,316.8,0.4,"2014-07-08","2014-07-22",4,"BET.SCBI_002.2014.04","SCBI_002.E.20140722",14,"ok","ok","ok","Y","NEON.DOC.014050","wYCqaZcA+7slXlj5N/mM6vobrh4QDptp",,0,0,0
"C6A0C3CF4CD0446CB31D650E62D263FC","D02","SCBI","SCBI_002","S","deciduousForest",38.895032,-78.142708,"WGS84",1.1,316.8,0.4,"2014-07-22","2014-08-05",5,"BET.SCBI_002.2014.05","SCBI_002.S.20140805",14,"ok","disturbed","ok","Y","NEON.DOC.014050","wYCqaZcA+7slXlj5N/mM6vobrh4QDptp",,0,0,0
"49BD5CAF59A24095A8EC574F1F4BB63D","D02","SCBI","SCBI_005","S","deciduousForest",38.900359,-78.161866,"WGS84",1.1,269.8,0.2,"2014-07-22","2014-08-05",5,"BET.SCBI_005.2014.05","SCBI_005.S.20140805",14,"ok","ok","ok","Y","NEON.DOC.014050","wYCqaZcA+7slXlj5N/mM6vobrh4QDptp",,0,0,0
"D89078A480A545E19BA90EBFD508F6EF","D02","SCBI","SCBI_005","E","deciduousForest",38.900533,-78.161629,"WGS84",1.1,269.8,0.2,"2014-07-22","2014-08-05",5,"BET.SCBI_005.2014.05","SCBI_005.E.20140805",14,"ok","ok","ok","Y","NEON.DOC.014050","wYCqaZcA+7slXlj5N/mM6vobrh4QDptp",,0,0,0
"171CDFAB26B742AEAC8F342C07BBAB15","D02","SCBI","SCBI_005","W","deciduousForest",38.900545,-78.162089,"WGS84",1.1,269.8,0.2,"2014-07-22","2014-08-05",5,"BET.SCBI_005.2014.05","SCBI_005.W.20140805",14,"disturbed","disturbed","low","Y","NEON.DOC.014050","wYCqaZcA+7slXlj5N/mM6vobrh4QDptp","Trap contents mostly gone",0,0,0
"71D4A43A70FB4A8FA073908796E47939","D02","SCBI","SCBI_005","N","deciduousForest",38.900719,-78.161852,"WGS84",1.1,269.8,0.2,"2014-07-22","2014-08-05",5,"BET.SCBI_005.2014.05","SCBI_005.N.20140805",14,"ok","ok","ok","Y","NEON.DOC.014050","wYCqaZcA+7slXlj5N/mM6vobrh4QDptp",,0,0,0
"1CD4E06990D64913B242734230E71677","D02","SCBI","SCBI_004","S","deciduousForest",38.896755,-78.146463,"WGS84",1.3,312.6,0.5,"2014-07-22","2014-08-05",5,"BET.SCBI_004.2014.05","SCBI_004.S.20140805",14,"ok","ok","ok","Y","NEON.DOC.014050","wYCqaZcA+7slXlj5N/mM6vobrh4QDptp",,0,0,0
"7C8AAB71DC684D77A4E37E1BECECD96E","D02","SCBI","SCBI_004","W","deciduousForest",38.896941,-78.146686,"WGS84",1.3,312.6,0.5,"2014-07-22","2014-08-05",5,"BET.SCBI_004.2014.05","SCBI_004.W.20140805",14,"ok","ok","ok","Y","NEON.DOC.014050","wYCqaZcA+7slXlj5N/mM6vobrh4QDptp",,0,0,0
"DE08F91D548547F9AE92B7FEC0D1037F","D02","SCBI","SCBI_004","E","deciduousForest",38.896930,-78.146225,"WGS84",1.3,312.6,0.5,"2014-07-22","2014-08-05",5,"BET.SCBI_004.2014.05","SCBI_004.E.20140805",14,"ok","ok","ok","Y","NEON.DOC.014050","wYCqaZcA+7slXlj5N/mM6vobrh4QDptp",,0,0,0
"CE4612FC4A4A4270A2F700D2E3DF96C4","D02","SCBI","SCBI_004","N","deciduousForest",38.897115,-78.146448,"WGS84",1.3,312.6,0.5,"2014-07-22","2014-08-05",5,"BET.SCBI_004.2014.05","SCBI_004.N.20140805",14,"ok","ok","ok","Y","NEON.DOC.014050","wYCqaZcA+7slXlj5N/mM6vobrh4QDptp",,0,0,0
"485E8B28463A435590D0F75B5CFA7714","D02","SCBI","SCBI_033","W","pastureHay",38.888922,-78.161532,"WGS84",1.1,299.3,0.1,"2014-07-22","2014-08-05",5,"BET.SCBI_033.2014.05","SCBI_033.W.20140805",14,"ok","ok","ok","Y","NEON.DOC.014050","wYCqaZcA+7slXlj5N/mM6vobrh4QDptp",,0,0,0
"BDEB086DF03B48828DC16F28B061E93A","D02","SCBI","SCBI_033","N","pastureHay",38.889097,-78.161295,"WGS84",1.1,299.3,0.1,"2014-07-22","2014-08-05",5,"BET.SCBI_033.2014.05","SCBI_033.N.20140805",14,"ok","ok","low","Y","NEON.DOC.014050","wYCqaZcA+7slXlj5N/mM6vobrh4QDptp",,0,0,0
"F14CECB152754EE7B2908F742C1CDD05","D02","SCBI","SCBI_033","S","pastureHay",38.888737,-78.161309,"WGS84",1.1,299.3,0.1,"2014-07-22","2014-08-05",5,"BET.SCBI_033.2014.05","SCBI_033.S.20140805",14,"ok","ok","ok","Y","NEON.DOC.014050","wYCqaZcA+7slXlj5N/mM6vobrh4QDptp",,0,0,0
"99CE9C0D59AB4C4DB2D923176DCD8F7B","D02","SCBI","SCBI_033","E","pastureHay",38.888911,-78.161072,"WGS84",1.1,299.3,0.1,"2014-07-22","2014-08-05",5,"BET.SCBI_033.2014.05","SCBI_033.E.20140805",14,"ok","ok","ok","Y","NEON.DOC.014050","wYCqaZcA+7slXlj5N/mM6vobrh4QDptp",,0,0,0
"FED9DF7EAA4D42B6AA9DD33A20A963EC","D02","SCBI","SCBI_012","E","pastureHay",38.889090,-78.168665,"WGS84",1.1,264.6,0.1,"2014-07-22","2014-08-05",5,"BET.SCBI_012.2014.05","SCBI_012.E.20140805",14,"ok","ok","ok","Y","NEON.DOC.014050","wYCqaZcA+7slXlj5N/mM6vobrh4QDptp",,0,0,0
"9FE74CA4E38A4ED49EA8C8ACDB6AFCC0","D02","SCBI","SCBI_012","S","pastureHay",38.888915,-78.168903,"WGS84",1.1,264.6,0.1,"2014-07-22","2014-08-05",5,"BET.SCBI_012.2014.05","SCBI_012.S.20140805",14,"ok","ok","ok","Y","NEON.DOC.014050","wYCqaZcA+7slXlj5N/mM6vobrh4QDptp",,0,0,0
"FCCD4CC6EB97467E8CDAEFE3D14F4B1E","D02","SCBI","SCBI_012","W","pastureHay",38.889101,-78.169126,"WGS84",1.1,264.6,0.1,"2014-07-22","2014-08-05",5,"BET.SCBI_012.2014.05","SCBI_012.W.20140805",14,"ok","ok","ok","Y","NEON.DOC.014050","wYCqaZcA+7slXlj5N/mM6vobrh4QDptp",,0,0,0
"B5D6B12E01114F98A884A360BD91F464","D02","SCBI","SCBI_012","N","pastureHay",38.889275,-78.168888,"WGS84",1.1,264.6,0.1,"2014-07-22","2014-08-05",5,"BET.SCBI_012.2014.05","SCBI_012.N.20140805",14,"ok","ok","ok","Y","NEON.DOC.014050","wYCqaZcA+7slXlj5N/mM6vobrh4QDptp",,0,0,0
"7FE94244089747CDB4C252315C9E0EFC","D02","SCBI","SCBI_010","W","deciduousForest",38.884782,-78.125382,"WGS84",1.7,491.3,1.1,"2014-07-22","2014-08-05",5,"BET.SCBI_010.2014.05","SCBI_010.W.20140805",14,"ok","ok","ok","Y","NEON.DOC.014050","wYCqaZcA+7slXlj5N/mM6vobrh4QDptp",,0,0,0
"43DA91208FEE4A1DAFB28765F46B6DA3","D02","SCBI","SCBI_010","E","deciduousForest",38.884771,-78.124922,"WGS84",1.7,491.3,1.1,"2014-07-22","2014-08-05",5,"BET.SCBI_010.2014.05","SCBI_010.E.20140805",14,"ok","disturbed","ok","Y","NEON.DOC.014050","wYCqaZcA+7slXlj5N/mM6vobrh4QDptp",,0,0,0
"ABE641D136C34BBB8FE3302746EA2702","D02","SCBI","SCBI_010","S","deciduousForest",38.884596,-78.125159,"WGS84",1.7,491.3,1.1,"2014-07-22","2014-08-05",5,"BET.SCBI_010.2014.05","SCBI_010.S.20140805",14,"ok","ok","ok","Y","NEON.DOC.014050","wYCqaZcA+7slXlj5N/mM6vobrh4QDptp",,0,0,0
"3B18308D68094A93BDE771951CFD12DD","D02","SCBI","SCBI_010","N","deciduousForest",38.884956,-78.125145,"WGS84",1.7,491.3,1.1,"2014-07-22","2014-08-05",5,"BET.SCBI_010.2014.05","SCBI_010.N.20140805",14,"ok","disturbed","ok","Y","NEON.DOC.014050","wYCqaZcA+7slXlj5N/mM6vobrh4QDptp",,0,0,0
"051A716667EB400589DB997D4D426F49","D02","SCBI","SCBI_008","N","deciduousForest",38.888091,-78.147126,"WGS84",3.2,367.5,2.2,"2014-07-22","2014-08-05",5,"BET.SCBI_008.2014.05","SCBI_008.N.20140805",14,"ok","disturbed","low","Y","NEON.DOC.014050","wYCqaZcA+7slXlj5N/mM6vobrh4QDptp",,0,0,0
"F254341BBB7F4AD5B5AC2DB46A488FC1","D02","SCBI","SCBI_008","E","deciduousForest",38.887906,-78.146903,"WGS84",3.2,367.5,2.2,"2014-07-22","2014-08-05",5,"BET.SCBI_008.2014.05","SCBI_008.E.20140805",14,"ok","ok","ok","Y","NEON.DOC.014050","wYCqaZcA+7slXlj5N/mM6vobrh4QDptp",,0,0,0
"D83FAFA075554E23ADA2C359DC9B3339","D02","SCBI","SCBI_008","W","deciduousForest",38.887917,-78.147364,"WGS84",3.2,367.5,2.2,"2014-07-22","2014-08-05",5,"BET.SCBI_008.2014.05","SCBI_008.W.20140805",14,"ok","ok","ok","Y","NEON.DOC.014050","wYCqaZcA+7slXlj5N/mM6vobrh4QDptp",,0,0,0
"D0AD3CA340AB4696BFDE02412464EB9E","D02","SCBI","SCBI_008","S","deciduousForest",38.887731,-78.147141,"WGS84",3.2,367.5,2.2,"2014-07-22","2014-08-05",5,"BET.SCBI_008.2014.05","SCBI_008.S.20140805",14,"ok","ok","ok","Y","NEON.DOC.014050","wYCqaZcA+7slXlj5N/mM6vobrh4QDptp",,0,0,0
"26801DEA27C748FA9C4707796FFB8E20","D02","SCBI","SCBI_007","S","deciduousForest",38.884735,-78.130303,"WGS84",1.2,409.1,0.3,"2014-07-22","2014-08-05",5,"BET.SCBI_007.2014.05","SCBI_007.S.20140805",14,"ok","ok","ok","Y","NEON.DOC.014050","wYCqaZcA+7slXlj5N/mM6vobrh4QDptp",,0,0,0
"E89A53244CDC44439AD8469A0B608615","D02","SCBI","SCBI_007","N","deciduousForest",38.885095,-78.130289,"WGS84",1.2,409.1,0.3,"2014-07-22","2014-08-05",5,"BET.SCBI_007.2014.05","SCBI_007.N.20140805",14,"disturbed","disturbed","ok","Y","NEON.DOC.014050","wYCqaZcA+7slXlj5N/mM6vobrh4QDptp",,0,0,0
"E735BECAB2C04D3AAD6AC2270982D469","D02","SCBI","SCBI_007","W","deciduousForest",38.884920,-78.130526,"WGS84",1.2,409.1,0.3,"2014-07-22","2014-08-05",5,"BET.SCBI_007.2014.05","SCBI_007.W.20140805",14,"disturbed","ok","ok","Y","NEON.DOC.014050","wYCqaZcA+7slXlj5N/mM6vobrh4QDptp","cup dug out",0,0,0
"DA08828B5AE44B69BBB7E43898029AC9","D02","SCBI","SCBI_007","E","deciduousForest",38.884909,-78.130066,"WGS84",1.2,409.1,0.3,"2014-07-22","2014-08-05",5,"BET.SCBI_007.2014.05","SCBI_007.E.20140805",14,"ok","ok","ok","Y","NEON.DOC.014050","wYCqaZcA+7slXlj5N/mM6vobrh4QDptp",,0,0,0
"D8F051C83819458EAC16A83B3F328AF5","D02","SCBI","SCBI_003","S","deciduousForest",38.883131,-78.120378,"WGS84",1.4,568.7,0.9,"2014-07-22","2014-08-05",5,"BET.SCBI_003.2014.05","SCBI_003.S.20140805",14,"ok","ok","ok","Y","NEON.DOC.014050","wYCqaZcA+7slXlj5N/mM6vobrh4QDptp",,0,0,0
"2B2A581110B9446CBEFB961026CEDACF","D02","SCBI","SCBI_003","E","deciduousForest",38.883305,-78.120140,"WGS84",1.4,568.7,0.9,"2014-07-22","2014-08-05",5,"BET.SCBI_003.2014.05","SCBI_003.E.20140805",14,"ok","ok","ok","Y","NEON.DOC.014050","wYCqaZcA+7slXlj5N/mM6vobrh4QDptp",,0,0,0
"079EED25F4994285A414AFB943A18EFC","D02","SCBI","SCBI_003","W","deciduousForest",38.883316,-78.120601,"WGS84",1.4,568.7,0.9,"2014-07-22","2014-08-05",5,"BET.SCBI_003.2014.05","SCBI_003.W.20140805",14,"ok","disturbed","ok","Y","NEON.DOC.014050","wYCqaZcA+7slXlj5N/mM6vobrh4QDptp",,0,0,0
"6111C4100C4940D49F4D28B979BA33F2","D02","SCBI","SCBI_003","N","deciduousForest",38.883491,-78.120363,"WGS84",1.4,568.7,0.9,"2014-07-22","2014-08-05",5,"BET.SCBI_003.2014.05","SCBI_003.N.20140805",14,"ok","ok","ok","Y","NEON.DOC.014050","wYCqaZcA+7slXlj5N/mM6vobrh4QDptp",,0,0,0
"5BCD3C3A47894096ABDA73AABAA2EAEE","D02","SCBI","SCBI_006","S","pastureHay",38.897429,-78.152014,"WGS84",1.1,298.0,0.1,"2014-07-22","2014-08-05",5,"BET.SCBI_006.2014.05","SCBI_006.S.20140805",14,"ok","ok","ok","Y","NEON.DOC.014050","wYCqaZcA+7slXlj5N/mM6vobrh4QDptp",,0,0,0
"5355A977D1044F1C9335A83CD61D0037","D02","SCBI","SCBI_006","N","pastureHay",38.897789,-78.151999,"WGS84",1.1,298.0,0.1,"2014-07-22","2014-08-05",5,"BET.SCBI_006.2014.05","SCBI_006.N.20140805",14,"ok","ok","ok","Y","NEON.DOC.014050","wYCqaZcA+7slXlj5N/mM6vobrh4QDptp",,0,0,0
"C7BF4DFB9A69463F80366EA8289632B8","D02","SCBI","SCBI_006","E","pastureHay",38.897603,-78.151776,"WGS84",1.1,298.0,0.1,"2014-07-22","2014-08-05",5,"BET.SCBI_006.2014.05","SCBI_006.E.20140805",14,"ok","ok","ok","Y","NEON.DOC.014050","wYCqaZcA+7slXlj5N/mM6vobrh4QDptp",,0,0,0
"5786C1C4A4DD4CAC926AB8BFD1643A2B","D02","SCBI","SCBI_006","W","pastureHay",38.897614,-78.152237,"WGS84",1.1,298.0,0.1,"2014-07-22","2014-08-05",5,"BET.SCBI_006.2014.05","SCBI_006.W.20140805",14,"ok","ok","ok","Y","NEON.DOC.014050","wYCqaZcA+7slXlj5N/mM6vobrh4QDptp",,0,0,0
"734ED1EE8FFC4575A15F713BF70A49FF","D02","SCBI","SCBI_002","W","deciduousForest",38.895218,-78.142931,"WGS84",1.1,316.8,0.4,"2014-07-22","2014-08-05",5,"BET.SCBI_002.2014.05","SCBI_002.W.20140805",14,"ok","ok","ok","Y","NEON.DOC.014050","wYCqaZcA+7slXlj5N/mM6vobrh4QDptp",,0,0,0
"A20DD8A677E64195809A180C3CD01E20","D02","SCBI","SCBI_002","N","deciduousForest",38.895392,-78.142693,"WGS84",1.1,316.8,0.4,"2014-07-22","2014-08-05",5,"BET.SCBI_002.2014.05","SCBI_002.N.20140805",14,"ok","ok","ok","Y","NEON.DOC.014050","wYCqaZcA+7slXlj5N/mM6vobrh4QDptp",,0,0,0
"FC3250EE91D4465CA525AC5BAD698365","D02","SCBI","SCBI_002","E","deciduousForest",38.895206,-78.142470,"WGS84",1.1,316.8,0.4,"2014-07-22","2014-08-05",5,"BET.SCBI_002.2014.05","SCBI_002.E.20140805",14,"ok","disturbed","ok","Y","NEON.DOC.014050","wYCqaZcA+7slXlj5N/mM6vobrh4QDptp",,0,0,0
"0F0D709A77594A44A7951E395FD7E70C","D02","SCBI","SCBI_002","S","deciduousForest",38.895032,-78.142708,"WGS84",1.1,316.8,0.4,"2014-08-05","2014-08-19",6,"BET.SCBI_002.2014.06","SCBI_002.S.20140819",14,"ok","ok","ok","Y","NEON.DOC.014050","wYCqaZcA+7slXlj5N/mM6vobrh4QDptp",,0,0,0
"D13DB6C4B3E447C2B636E538B6D70BDE","D02","SCBI","SCBI_005","W","deciduousForest",38.900545,-78.162089,"WGS84",1.1,269.8,0.2,"2014-08-05","2014-08-19",6,"BET.SCBI_005.2014.06","SCBI_005.W.20140819",14,"ok","ok","high","Y","NEON.DOC.014050","wYCqaZcA+7slXlj5N/mM6vobrh4QDptp",,0,0,0
"FC207C677D1244EC99888DC5AC60D29D","D02","SCBI","SCBI_005","N","deciduousForest",38.900719,-78.161852,"WGS84",1.1,269.8,0.2,"2014-08-05","2014-08-19",6,"BET.SCBI_005.2014.06","SCBI_005.N.20140819",14,"ok","ok","ok","Y","NEON.DOC.014050","wYCqaZcA+7slXlj5N/mM6vobrh4QDptp",,0,0,0
"54E930900372436998AC708265AA8AF0","D02","SCBI","SCBI_005","E","deciduousForest",38.900533,-78.161629,"WGS84",1.1,269.8,0.2,"2014-08-05","2014-08-19",6,"BET.SCBI_005.2014.06","SCBI_005.E.20140819",14,"ok","disturbed","low","Y","NEON.DOC.014050","wYCqaZcA+7slXlj5N/mM6vobrh4QDptp",,0,0,0
"8B6DCB7278E840B39EB1650F75E4F2F0","D02","SCBI","SCBI_005","S","deciduousForest",38.900359,-78.161866,"WGS84",1.1,269.8,0.2,"2014-08-05","2014-08-19",6,"BET.SCBI_005.2014.06","SCBI_005.S.20140819",14,"ok","ok","ok","Y","NEON.DOC.014050","wYCqaZcA+7slXlj5N/mM6vobrh4QDptp",,0,0,0
"79A0498A29A94C1B98FFF5725F973FC6","D02","SCBI","SCBI_004","E","deciduousForest",38.896930,-78.146225,"WGS84",1.3,312.6,0.5,"2014-08-05","2014-08-19",6,"BET.SCBI_004.2014.06","SCBI_004.E.20140819",14,"ok","ok","ok","Y","NEON.DOC.014050","wYCqaZcA+7slXlj5N/mM6vobrh4QDptp",,0,0,0
"E9C142826AFF4C28B8FED812FD229A62","D02","SCBI","SCBI_004","W","deciduousForest",38.896941,-78.146686,"WGS84",1.3,312.6,0.5,"2014-08-05","2014-08-19",6,"BET.SCBI_004.2014.06","SCBI_004.W.20140819",14,"ok","ok","ok","Y","NEON.DOC.014050","wYCqaZcA+7slXlj5N/mM6vobrh4QDptp",,0,0,0
"54342FD08CEB49489BB393C6E3AEBF0D","D02","SCBI","SCBI_004","S","deciduousForest",38.896755,-78.146463,"WGS84",1.3,312.6,0.5,"2014-08-05","2014-08-19",6,"BET.SCBI_004.2014.06","SCBI_004.S.20140819",14,"ok","ok","high","Y","NEON.DOC.014050","wYCqaZcA+7slXlj5N/mM6vobrh4QDptp",,0,0,0
"77556F735A81417FAB4FEA48B1A1D689","D02","SCBI","SCBI_004","N","deciduousForest",38.897115,-78.146448,"WGS84",1.3,312.6,0.5,"2014-08-05","2014-08-19",6,"BET.SCBI_004.2014.06","SCBI_004.N.20140819",14,"ok","ok","ok","Y","NEON.DOC.014050","wYCqaZcA+7slXlj5N/mM6vobrh4QDptp",,0,0,0
"5E9B796AB2544FFE8646FF30006F994C","D02","SCBI","SCBI_033","E","pastureHay",38.888911,-78.161072,"WGS84",1.1,299.3,0.1,"2014-08-05","2014-08-19",6,"BET.SCBI_033.2014.06","SCBI_033.E.20140819",14,"ok","ok","ok","Y","NEON.DOC.014050","wYCqaZcA+7slXlj5N/mM6vobrh4QDptp",,0,0,0
"C2EAF73A204F4B829301D5D830EE119E","D02","SCBI","SCBI_033","W","pastureHay",38.888922,-78.161532,"WGS84",1.1,299.3,0.1,"2014-08-05","2014-08-19",6,"BET.SCBI_033.2014.06","SCBI_033.W.20140819",14,"ok","ok","ok","Y","NEON.DOC.014050","wYCqaZcA+7slXlj5N/mM6vobrh4QDptp",,0,0,0
"E7121C6037124F5894FF01ACFD1165E7","D02","SCBI","SCBI_033","S","pastureHay",38.888737,-78.161309,"WGS84",1.1,299.3,0.1,"2014-08-05","2014-08-19",6,"BET.SCBI_033.2014.06","SCBI_033.S.20140819",14,"ok","ok","ok","Y","NEON.DOC.014050","wYCqaZcA+7slXlj5N/mM6vobrh4QDptp",,0,0,0
"4E0749075EA447C19221BA611CEBBAE0","D02","SCBI","SCBI_033","N","pastureHay",38.889097,-78.161295,"WGS84",1.1,299.3,0.1,"2014-08-05","2014-08-19",6,"BET.SCBI_033.2014.06","SCBI_033.N.20140819",14,"ok","ok","ok","Y","NEON.DOC.014050","wYCqaZcA+7slXlj5N/mM6vobrh4QDptp",,0,0,0
"A8F0AAD654C54511AD32B3A07AF6DE1F","D02","SCBI","SCBI_012","E","pastureHay",38.889090,-78.168665,"WGS84",1.1,264.6,0.1,"2014-08-05","2014-08-19",6,"BET.SCBI_012.2014.06","SCBI_012.E.20140819",14,"ok","ok","ok","Y","NEON.DOC.014050","wYCqaZcA+7slXlj5N/mM6vobrh4QDptp",,0,0,0
"0247E36C0ADC4DE19A34785C8D61927C","D02","SCBI","SCBI_012","W","pastureHay",38.889101,-78.169126,"WGS84",1.1,264.6,0.1,"2014-08-05","2014-08-19",6,"BET.SCBI_012.2014.06","SCBI_012.W.20140819",14,"ok","ok","ok","Y","NEON.DOC.014050","wYCqaZcA+7slXlj5N/mM6vobrh4QDptp",,0,0,0
"8FC4C56F7C6C4C55B0B98403A75298B8","D02","SCBI","SCBI_012","N","pastureHay",38.889275,-78.168888,"WGS84",1.1,264.6,0.1,"2014-08-05","2014-08-19",6,"BET.SCBI_012.2014.06","SCBI_012.N.20140819",14,"ok","ok","ok","Y","NEON.DOC.014050","wYCqaZcA+7slXlj5N/mM6vobrh4QDptp",,0,0,0
"AF176F7150854835A3B5B25AE7F34F61","D02","SCBI","SCBI_012","S","pastureHay",38.888915,-78.168903,"WGS84",1.1,264.6,0.1,"2014-08-05","2014-08-19",6,"BET.SCBI_012.2014.06","SCBI_012.S.20140819",14,"ok","ok","high","Y","NEON.DOC.014050","wYCqaZcA+7slXlj5N/mM6vobrh4QDptp",,0,0,0
"9884C50B1B664692895E0FBAD0BC0301","D02","SCBI","SCBI_010","S","deciduousForest",38.884596,-78.125159,"WGS84",1.7,491.3,1.1,"2014-08-05","2014-08-19",6,"BET.SCBI_010.2014.06","SCBI_010.S.20140819",14,"ok","ok","high","Y","NEON.DOC.014050","wYCqaZcA+7slXlj5N/mM6vobrh4QDptp",,0,0,0
"A823C3EC73DC40C3885FA5B7E764B225","D02","SCBI","SCBI_010","E","deciduousForest",38.884771,-78.124922,"WGS84",1.7,491.3,1.1,"2014-08-05","2014-08-19",6,"BET.SCBI_010.2014.06","SCBI_010.E.20140819",14,"ok","disturbed","high","Y","NEON.DOC.014050","wYCqaZcA+7slXlj5N/mM6vobrh4QDptp",,0,0,0
"059110B103884ADC825DBE422467FAAD","D02","SCBI","SCBI_010","N","deciduousForest",38.884956,-78.125145,"WGS84",1.7,491.3,1.1,"2014-08-05","2014-08-19",6,"BET.SCBI_010.2014.06","SCBI_010.N.20140819",14,"ok","ok","ok","Y","NEON.DOC.014050","wYCqaZcA+7slXlj5N/mM6vobrh4QDptp",,0,0,0
"DC79C94070434AE7BA72A1101442B7F2","D02","SCBI","SCBI_010","W","deciduousForest",38.884782,-78.125382,"WGS84",1.7,491.3,1.1,"2014-08-05","2014-08-19",6,"BET.SCBI_010.2014.06","SCBI_010.W.20140819",14,"ok","ok","ok","Y","NEON.DOC.014050","wYCqaZcA+7slXlj5N/mM6vobrh4QDptp",,0,0,0
"B378F69209784FAF9FA65B9F1A3A05B7","D02","SCBI","SCBI_008","S","deciduousForest",38.887731,-78.147141,"WGS84",3.2,367.5,2.2,"2014-08-05","2014-08-19",6,"BET.SCBI_008.2014.06","SCBI_008.S.20140819",14,"ok","disturbed","ok","Y","NEON.DOC.014050","wYCqaZcA+7slXlj5N/mM6vobrh4QDptp",,0,0,0
"679BC9CF78714AA7817DB01989CDCA3A","D02","SCBI","SCBI_008","N","deciduousForest",38.888091,-78.147126,"WGS84",3.2,367.5,2.2,"2014-08-05","2014-08-19",6,"BET.SCBI_008.2014.06",,14,"missing","ok","low","Y","NEON.DOC.014050","wYCqaZcA+7slXlj5N/mM6vobrh4QDptp","This trap had been set without PG and lid was too low, no beetles present",0,0,0
"C8D371F5969140A898174922B0F610D9","D02","SCBI","SCBI_008","E","deciduousForest",38.887906,-78.146903,"WGS84",3.2,367.5,2.2,"2014-08-05","2014-08-19",6,"BET.SCBI_008.2014.06","SCBI_008.E.20140819",14,"ok","ok","ok","Y","NEON.DOC.014050","wYCqaZcA+7slXlj5N/mM6vobrh4QDptp",,0,0,0
"7DC2E2A2100A4867A26B3D0F405B8724","D02","SCBI","SCBI_008","W","deciduousForest",38.887917,-78.147364,"WGS84",3.2,367.5,2.2,"2014-08-05","2014-08-19",6,"BET.SCBI_008.2014.06","SCBI_008.W.20140819",14,"ok","ok","ok","Y","NEON.DOC.014050","wYCqaZcA+7slXlj5N/mM6vobrh4QDptp",,0,0,0
"2D215EA6308A43F79D6A50EC5A5FBD4A","D02","SCBI","SCBI_007","E","deciduousForest",38.884909,-78.130066,"WGS84",1.2,409.1,0.3,"2014-08-05","2014-08-19",6,"BET.SCBI_007.2014.06","SCBI_007.E.20140819",14,"ok","ok","high","Y","NEON.DOC.014050","wYCqaZcA+7slXlj5N/mM6vobrh4QDptp",,0,0,0
"1BE85EB33D6242A8BAA436D3F22F5EF1","D02","SCBI","SCBI_007","W","deciduousForest",38.884920,-78.130526,"WGS84",1.2,409.1,0.3,"2014-08-05","2014-08-19",6,"BET.SCBI_007.2014.06","SCBI_007.W.20140819",14,"ok","ok","high","Y","NEON.DOC.014050","wYCqaZcA+7slXlj5N/mM6vobrh4QDptp",,0,0,0
"B9603BA070E149B3976343E39A9919E3","D02","SCBI","SCBI_007","S","deciduousForest",38.884735,-78.130303,"WGS84",1.2,409.1,0.3,"2014-08-05","2014-08-19",6,"BET.SCBI_007.2014.06","SCBI_007.S.20140819",14,"ok","ok","high","Y","NEON.DOC.014050","wYCqaZcA+7slXlj5N/mM6vobrh4QDptp",,0,0,0
"132464A0B2964CD78AE14F5CD2380726","D02","SCBI","SCBI_007","N","deciduousForest",38.885095,-78.130289,"WGS84",1.2,409.1,0.3,"2014-08-05","2014-08-19",6,"BET.SCBI_007.2014.06","SCBI_007.N.20140819",14,"ok","ok","ok","Y","NEON.DOC.014050","wYCqaZcA+7slXlj5N/mM6vobrh4QDptp",,0,0,0
"5B52899F98DF4343877DDC3EBF239E26","D02","SCBI","SCBI_003","S","deciduousForest",38.883131,-78.120378,"WGS84",1.4,568.7,0.9,"2014-08-05","2014-08-19",6,"BET.SCBI_003.2014.06","SCBI_003.S.20140819",14,"ok","ok","ok","Y","NEON.DOC.014050","wYCqaZcA+7slXlj5N/mM6vobrh4QDptp",,0,0,0
"D56835FC3E944216BCE424964C8BAEFF","D02","SCBI","SCBI_003","E","deciduousForest",38.883305,-78.120140,"WGS84",1.4,568.7,0.9,"2014-08-05","2014-08-19",6,"BET.SCBI_003.2014.06","SCBI_003.E.20140819",14,"ok","ok","ok","Y","NEON.DOC.014050","wYCqaZcA+7slXlj5N/mM6vobrh4QDptp",,0,0,0
"F695251673764730BE0D3A875BA165F7","D02","SCBI","SCBI_003","N","deciduousForest",38.883491,-78.120363,"WGS84",1.4,568.7,0.9,"2014-08-05","2014-08-19",6,"BET.SCBI_003.2014.06","SCBI_003.N.20140819",14,"ok","ok","ok","Y","NEON.DOC.014050","wYCqaZcA+7slXlj5N/mM6vobrh4QDptp",,0,0,0
"30299A13225C41CB8755D75F265803C0","D02","SCBI","SCBI_003","W","deciduousForest",38.883316,-78.120601,"WGS84",1.4,568.7,0.9,"2014-08-05","2014-08-19",6,"BET.SCBI_003.2014.06","SCBI_003.W.20140819",14,"ok","disturbed","ok","Y","NEON.DOC.014050","wYCqaZcA+7slXlj5N/mM6vobrh4QDptp",,0,0,0
"4DFE0AA77DA34057A2CFFD405804FA14","D02","SCBI","SCBI_006","E","pastureHay",38.897603,-78.151776,"WGS84",1.1,298.0,0.1,"2014-08-05","2014-08-19",6,"BET.SCBI_006.2014.06","SCBI_006.E.20140819",14,"ok","ok","high","Y","NEON.DOC.014050","wYCqaZcA+7slXlj5N/mM6vobrh4QDptp",,0,0,0
"04B592FBFA2140C184F0537B5B3E9554","D02","SCBI","SCBI_006","N","pastureHay",38.897789,-78.151999,"WGS84",1.1,298.0,0.1,"2014-08-05","2014-08-19",6,"BET.SCBI_006.2014.06","SCBI_006.N.20140819",14,"ok","ok","ok","Y","NEON.DOC.014050","wYCqaZcA+7slXlj5N/mM6vobrh4QDptp",,0,0,0
"03E8A50B38AA45A9AFE064BA632D8C0C","D02","SCBI","SCBI_006","S","pastureHay",38.897429,-78.152014,"WGS84",1.1,298.0,0.1,"2014-08-05","2014-08-19",6,"BET.SCBI_006.2014.06","SCBI_006.S.20140819",14,"ok","ok","ok","Y","NEON.DOC.014050","wYCqaZcA+7slXlj5N/mM6vobrh4QDptp",,0,0,0
"B91F42B7C0C84F1CA5762027DDE91559","D02","SCBI","SCBI_006","W","pastureHay",38.897614,-78.152237,"WGS84",1.1,298.0,0.1,"2014-08-05","2014-08-19",6,"BET.SCBI_006.2014.06","SCBI_006.W.20140819",14,"ok","ok","ok","Y","NEON.DOC.014050","wYCqaZcA+7slXlj5N/mM6vobrh4QDptp",,0,0,0
"66DDFA603AFF4BFC9899C124878EBAB4","D02","SCBI","SCBI_002","N","deciduousForest",38.895392,-78.142693,"WGS84",1.1,316.8,0.4,"2014-08-05","2014-08-19",6,"BET.SCBI_002.2014.06","SCBI_002.N.20140819",14,"ok","disturbed","ok","Y","NEON.DOC.014050","wYCqaZcA+7slXlj5N/mM6vobrh4QDptp",,0,0,0
"4ECA9A2FC4D2438CBE4F569AF5B8D7D1","D02","SCBI","SCBI_002","E","deciduousForest",38.895206,-78.142470,"WGS84",1.1,316.8,0.4,"2014-08-05","2014-08-19",6,"BET.SCBI_002.2014.06","SCBI_002.E.20140819",14,"ok","ok","ok","Y","NEON.DOC.014050","wYCqaZcA+7slXlj5N/mM6vobrh4QDptp",,0,0,0
"73A42F8B4829403CAADFD93461C5EFEF","D02","SCBI","SCBI_002","W","deciduousForest",38.895218,-78.142931,"WGS84",1.1,316.8,0.4,"2014-08-05","2014-08-19",6,"BET.SCBI_002.2014.06","SCBI_002.W.20140819",14,"ok","ok","ok","Y","NEON.DOC.014050","wYCqaZcA+7slXlj5N/mM6vobrh4QDptp",,0,0,0
"AD1B2925716C4868B32561100023D26C","D02","SCBI","SCBI_002","W","deciduousForest",38.895218,-78.142931,"WGS84",1.1,316.8,0.4,"2014-08-19","2014-09-02",7,"BET.SCBI_002.2014.07","SCBI_002.W.20140902",14,"ok","ok","ok","Y","NEON.DOC.014050","wYCqaZcA+7slXlj5N/mM6vobrh4QDptp",,0,0,0
"98DE95C849314513BD9A0941AA6C407C","D02","SCBI","SCBI_005","S","deciduousForest",38.900359,-78.161866,"WGS84",1.1,269.8,0.2,"2014-08-19","2014-09-02",7,"BET.SCBI_005.2014.07","SCBI_005.S.20140902",14,"ok","ok","ok","Y","NEON.DOC.014050","wYCqaZcA+7slXlj5N/mM6vobrh4QDptp",,0,0,0
"411B7A77B29D4716BC5134DFA739BC6A","D02","SCBI","SCBI_005","N","deciduousForest",38.900719,-78.161852,"WGS84",1.1,269.8,0.2,"2014-08-19","2014-09-02",7,"BET.SCBI_005.2014.07","SCBI_005.N.20140902",14,"ok","ok","ok","Y","NEON.DOC.014050","wYCqaZcA+7slXlj5N/mM6vobrh4QDptp",,0,0,0
"16580AAEE03F4042841B2008BEDBA168","D02","SCBI","SCBI_005","E","deciduousForest",38.900533,-78.161629,"WGS84",1.1,269.8,0.2,"2014-08-19","2014-09-02",7,"BET.SCBI_005.2014.07","SCBI_005.E.20140902",14,"ok","ok","low","Y","NEON.DOC.014050","wYCqaZcA+7slXlj5N/mM6vobrh4QDptp",,0,0,0
"A7B4316D67E34CAFAAFBAA582D756BE0","D02","SCBI","SCBI_005","W","deciduousForest",38.900545,-78.162089,"WGS84",1.1,269.8,0.2,"2014-08-19","2014-09-02",7,"BET.SCBI_005.2014.07","SCBI_005.W.20140902",14,"ok","ok","ok","Y","NEON.DOC.014050","wYCqaZcA+7slXlj5N/mM6vobrh4QDptp",,0,0,0
"473DF3FC03264910B931D9AC57562A65","D02","SCBI","SCBI_004","W","deciduousForest",38.896941,-78.146686,"WGS84",1.3,312.6,0.5,"2014-08-19","2014-09-02",7,"BET.SCBI_004.2014.07","SCBI_004.W.20140902",14,"ok","ok","ok","Y","NEON.DOC.014050","wYCqaZcA+7slXlj5N/mM6vobrh4QDptp",,0,0,0
"BDCCDF9AB6204ADE84E545887EE7DA68","D02","SCBI","SCBI_004","N","deciduousForest",38.897115,-78.146448,"WGS84",1.3,312.6,0.5,"2014-08-19","2014-09-02",7,"BET.SCBI_004.2014.07","SCBI_004.N.20140902",14,"ok","ok","ok","Y","NEON.DOC.014050","wYCqaZcA+7slXlj5N/mM6vobrh4QDptp",,0,0,0
"59EFFC26E98147998B4527598CB1F609","D02","SCBI","SCBI_004","S","deciduousForest",38.896755,-78.146463,"WGS84",1.3,312.6,0.5,"2014-08-19","2014-09-02",7,"BET.SCBI_004.2014.07","SCBI_004.S.20140902",14,"ok","ok","high","Y","NEON.DOC.014050","wYCqaZcA+7slXlj5N/mM6vobrh4QDptp",,0,0,0
"759C253E7ADF445F983D628864F484BC","D02","SCBI","SCBI_004","E","deciduousForest",38.896930,-78.146225,"WGS84",1.3,312.6,0.5,"2014-08-19","2014-09-02",7,"BET.SCBI_004.2014.07","SCBI_004.E.20140902",14,"ok","ok","ok","Y","NEON.DOC.014050","wYCqaZcA+7slXlj5N/mM6vobrh4QDptp",,0,0,0
"771D54ACA82047E3A9D91B0C0DCBEEDF","D02","SCBI","SCBI_033","W","pastureHay",38.888922,-78.161532,"WGS84",1.1,299.3,0.1,"2014-08-19","2014-09-02",7,"BET.SCBI_033.2014.07","SCBI_033.W.20140902",14,"ok","ok","ok","Y","NEON.DOC.014050","wYCqaZcA+7slXlj5N/mM6vobrh4QDptp",,0,0,0
"0F6CF250A02C4E2A93237E5E110A3B55","D02","SCBI","SCBI_033","S","pastureHay",38.888737,-78.161309,"WGS84",1.1,299.3,0.1,"2014-08-19","2014-09-02",7,"BET.SCBI_033.2014.07","SCBI_033.S.20140902",14,"ok","ok","ok","Y","NEON.DOC.014050","wYCqaZcA+7slXlj5N/mM6vobrh4QDptp",,0,0,0
"D7741EBEE4894A73918A36B297F181B7","D02","SCBI","SCBI_033","E","pastureHay",38.888911,-78.161072,"WGS84",1.1,299.3,0.1,"2014-08-19","2014-09-02",7,"BET.SCBI_033.2014.07","SCBI_033.E.20140902",14,"ok","ok","ok","Y","NEON.DOC.014050","wYCqaZcA+7slXlj5N/mM6vobrh4QDptp",,0,0,0
"2204441851D14A039D4DF749891A0BF5","D02","SCBI","SCBI_033","N","pastureHay",38.889097,-78.161295,"WGS84",1.1,299.3,0.1,"2014-08-19","2014-09-02",7,"BET.SCBI_033.2014.07","SCBI_033.N.20140902",14,"ok","ok","ok","Y","NEON.DOC.014050","wYCqaZcA+7slXlj5N/mM6vobrh4QDptp",,0,0,0
"0E14E5A9E20E465EBA6477BD9D20A88A","D02","SCBI","SCBI_012","E","pastureHay",38.889090,-78.168665,"WGS84",1.1,264.6,0.1,"2014-08-19","2014-09-02",7,"BET.SCBI_012.2014.07","SCBI_012.E.20140902",14,"ok","ok","ok","Y","NEON.DOC.014050","wYCqaZcA+7slXlj5N/mM6vobrh4QDptp",,0,0,0
"28F8B3354D854147B1F9608502C4AB51","D02","SCBI","SCBI_012","S","pastureHay",38.888915,-78.168903,"WGS84",1.1,264.6,0.1,"2014-08-19","2014-09-02",7,"BET.SCBI_012.2014.07","SCBI_012.S.20140902",14,"ok","ok","ok","Y","NEON.DOC.014050","wYCqaZcA+7slXlj5N/mM6vobrh4QDptp",,0,0,0
"D9E01A4678C041759C0D3A10C380649D","D02","SCBI","SCBI_012","W","pastureHay",38.889101,-78.169126,"WGS84",1.1,264.6,0.1,"2014-08-19","2014-09-02",7,"BET.SCBI_012.2014.07","SCBI_012.W.20140902",14,"ok","ok","ok","Y","NEON.DOC.014050","wYCqaZcA+7slXlj5N/mM6vobrh4QDptp",,0,0,0
"FD16E0F35CBF464386F9F6B2C96C55FB","D02","SCBI","SCBI_012","N","pastureHay",38.889275,-78.168888,"WGS84",1.1,264.6,0.1,"2014-08-19","2014-09-02",7,"BET.SCBI_012.2014.07","SCBI_012.N.20140902",14,"ok","ok","ok","Y","NEON.DOC.014050","wYCqaZcA+7slXlj5N/mM6vobrh4QDptp",,0,0,0
"F06355F6676944E5AE24B08D310CFD6A","D02","SCBI","SCBI_010","W","deciduousForest",38.884782,-78.125382,"WGS84",1.7,491.3,1.1,"2014-08-19","2014-09-02",7,"BET.SCBI_010.2014.07","SCBI_010.W.20140902",14,"ok","ok","ok","Y","NEON.DOC.014050","wYCqaZcA+7slXlj5N/mM6vobrh4QDptp",,0,0,0
"94D7F5DBA66147D692F36067A0BAFFCD","D02","SCBI","SCBI_010","S","deciduousForest",38.884596,-78.125159,"WGS84",1.7,491.3,1.1,"2014-08-19","2014-09-02",7,"BET.SCBI_010.2014.07","SCBI_010.S.20140902",14,"ok","ok","ok","Y","NEON.DOC.014050","wYCqaZcA+7slXlj5N/mM6vobrh4QDptp",,0,0,0
"B16602A6484A48009D6ACBCD0F30A2E2","D02","SCBI","SCBI_010","N","deciduousForest",38.884956,-78.125145,"WGS84",1.7,491.3,1.1,"2014-08-19","2014-09-02",7,"BET.SCBI_010.2014.07",,14,"missing","disturbed","low","Y","NEON.DOC.014050","wYCqaZcA+7slXlj5N/mM6vobrh4QDptp","Cup pulled out",0,0,0
"85D63D3E7E604E268B013B9936F78B27","D02","SCBI","SCBI_010","E","deciduousForest",38.884771,-78.124922,"WGS84",1.7,491.3,1.1,"2014-08-19","2014-09-02",7,"BET.SCBI_010.2014.07",,14,"missing","missing","low","Y","NEON.DOC.014050","wYCqaZcA+7slXlj5N/mM6vobrh4QDptp","Lid ripped off, both cups gone",0,0,0
"5C4298EF98DE44C791AE9C17622ECD77","D02","SCBI","SCBI_008","W","deciduousForest",38.887917,-78.147364,"WGS84",3.2,367.5,2.2,"2014-08-19","2014-09-02",7,"BET.SCBI_008.2014.07","SCBI_008.W.20140902",14,"ok","ok","ok","Y","NEON.DOC.014050","wYCqaZcA+7slXlj5N/mM6vobrh4QDptp",,0,0,0
"18C8A56C8D6743C68415F1C6A83320A6","D02","SCBI","SCBI_008","E","deciduousForest",38.887906,-78.146903,"WGS84",3.2,367.5,2.2,"2014-08-19","2014-09-02",7,"BET.SCBI_008.2014.07","SCBI_008.E.20140902",14,"ok","ok","ok","Y","NEON.DOC.014050","wYCqaZcA+7slXlj5N/mM6vobrh4QDptp",,0,0,0
"F3CE6F34667E4690AF6A49951E5AD1FF","D02","SCBI","SCBI_008","S","deciduousForest",38.887731,-78.147141,"WGS84",3.2,367.5,2.2,"2014-08-19","2014-09-02",7,"BET.SCBI_008.2014.07","SCBI_008.S.20140902",14,"ok","ok","ok","Y","NEON.DOC.014050","wYCqaZcA+7slXlj5N/mM6vobrh4QDptp",,0,0,0
"00483159E28C4D1EA79036A9F2553C57","D02","SCBI","SCBI_008","N","deciduousForest",38.888091,-78.147126,"WGS84",3.2,367.5,2.2,"2014-08-19","2014-09-02",7,"BET.SCBI_008.2014.07","SCBI_008.N.20140902",14,"ok","ok","high","Y","NEON.DOC.014050","wYCqaZcA+7slXlj5N/mM6vobrh4QDptp",,0,0,0
"A01975818EB8489D930A8B720D4468D0","D02","SCBI","SCBI_007","W","deciduousForest",38.884920,-78.130526,"WGS84",1.2,409.1,0.3,"2014-08-19","2014-09-02",7,"BET.SCBI_007.2014.07","SCBI_007.W.20140902",14,"ok","ok","ok","Y","NEON.DOC.014050","wYCqaZcA+7slXlj5N/mM6vobrh4QDptp",,0,0,0
"5BC35C418DAC44228B709B408B3EA85C","D02","SCBI","SCBI_007","N","deciduousForest",38.885095,-78.130289,"WGS84",1.2,409.1,0.3,"2014-08-19","2014-09-02",7,"BET.SCBI_007.2014.07","SCBI_007.N.20140902",14,"ok","ok","ok","Y","NEON.DOC.014050","wYCqaZcA+7slXlj5N/mM6vobrh4QDptp",,0,0,0
"B31F0AB526884B318CF0CF2422363B81","D02","SCBI","SCBI_007","S","deciduousForest",38.884735,-78.130303,"WGS84",1.2,409.1,0.3,"2014-08-19","2014-09-02",7,"BET.SCBI_007.2014.07","SCBI_007.S.20140902",14,"ok","ok","high","Y","NEON.DOC.014050","wYCqaZcA+7slXlj5N/mM6vobrh4QDptp",,0,0,0
"F85C198BB5374FB799360A560A11069F","D02","SCBI","SCBI_007","E","deciduousForest",38.884909,-78.130066,"WGS84",1.2,409.1,0.3,"2014-08-19","2014-09-02",7,"BET.SCBI_007.2014.07","SCBI_007.E.20140902",14,"ok","ok","high","Y","NEON.DOC.014050","wYCqaZcA+7slXlj5N/mM6vobrh4QDptp",,0,0,0
"936870D0E3E940DB90977BE6238109EF","D02","SCBI","SCBI_003","W","deciduousForest",38.883316,-78.120601,"WGS84",1.4,568.7,0.9,"2014-08-19","2014-09-02",7,"BET.SCBI_003.2014.07","SCBI_003.W.20140902",14,"ok","ok","ok","Y","NEON.DOC.014050","wYCqaZcA+7slXlj5N/mM6vobrh4QDptp",,0,0,0
"6A4D81F385DF4DDB9AA0FDC8EA2F857F","D02","SCBI","SCBI_003","N","deciduousForest",38.883491,-78.120363,"WGS84",1.4,568.7,0.9,"2014-08-19","2014-09-02",7,"BET.SCBI_003.2014.07","SCBI_003.N.20140902",14,"ok","ok","high","Y","NEON.DOC.014050","wYCqaZcA+7slXlj5N/mM6vobrh4QDptp",,0,0,0
"B7DDEA1F04A940A8B20563DD6F57C98D","D02","SCBI","SCBI_003","E","deciduousForest",38.883305,-78.120140,"WGS84",1.4,568.7,0.9,"2014-08-19","2014-09-02",7,"BET.SCBI_003.2014.07","SCBI_003.E.20140902",14,"disturbed","disturbed","high","Y","NEON.DOC.014050","wYCqaZcA+7slXlj5N/mM6vobrh4QDptp",,0,0,0
"EDA546956BA140E6B936AE6783521427","D02","SCBI","SCBI_003","S","deciduousForest",38.883131,-78.120378,"WGS84",1.4,568.7,0.9,"2014-08-19","2014-09-02",7,"BET.SCBI_003.2014.07","SCBI_003.S.20140902",14,"ok","disturbed","ok","Y","NEON.DOC.014050","wYCqaZcA+7slXlj5N/mM6vobrh4QDptp",,0,0,0
"B22E2894CACE4DECB5B6D396B88B707E","D02","SCBI","SCBI_006","S","pastureHay",38.897429,-78.152014,"WGS84",1.1,298.0,0.1,"2014-08-19","2014-09-02",7,"BET.SCBI_006.2014.07","SCBI_006.S.20140902",14,"ok","ok","ok","Y","NEON.DOC.014050","wYCqaZcA+7slXlj5N/mM6vobrh4QDptp",,0,0,0
"C3EE3DCD108B479C813AF59FE919794D","D02","SCBI","SCBI_006","E","pastureHay",38.897603,-78.151776,"WGS84",1.1,298.0,0.1,"2014-08-19","2014-09-02",7,"BET.SCBI_006.2014.07","SCBI_006.E.20140902",14,"ok","ok","ok","Y","NEON.DOC.014050","wYCqaZcA+7slXlj5N/mM6vobrh4QDptp",,0,0,0
"89874DC348CD4640A8C660C6BC574F7E","D02","SCBI","SCBI_006","N","pastureHay",38.897789,-78.151999,"WGS84",1.1,298.0,0.1,"2014-08-19","2014-09-02",7,"BET.SCBI_006.2014.07","SCBI_006.N.20140902",14,"ok","ok","ok","Y","NEON.DOC.014050","wYCqaZcA+7slXlj5N/mM6vobrh4QDptp",,0,0,0
"028357DE18E54AB8B02BA4C3E764F1D9","D02","SCBI","SCBI_006","W","pastureHay",38.897614,-78.152237,"WGS84",1.1,298.0,0.1,"2014-08-19","2014-09-02",7,"BET.SCBI_006.2014.07","SCBI_006.W.20140902",14,"missing","ok","ok","Y","NEON.DOC.014050","wYCqaZcA+7slXlj5N/mM6vobrh4QDptp",,0,0,0
"644BA33952174CA78316737778AEB521","D02","SCBI","SCBI_002","E","deciduousForest",38.895206,-78.142470,"WGS84",1.1,316.8,0.4,"2014-08-19","2014-09-02",7,"BET.SCBI_002.2014.07","SCBI_002.E.20140902",14,"ok","ok","ok","Y","NEON.DOC.014050","wYCqaZcA+7slXlj5N/mM6vobrh4QDptp",,0,0,0
"A61754E568C748F7BB8E9AF83AEBD2D6","D02","SCBI","SCBI_002","N","deciduousForest",38.895392,-78.142693,"WGS84",1.1,316.8,0.4,"2014-08-19","2014-09-02",7,"BET.SCBI_002.2014.07","SCBI_002.N.20140902",14,"ok","ok","ok","Y","NEON.DOC.014050","wYCqaZcA+7slXlj5N/mM6vobrh4QDptp",,0,0,0
"F6D95307767D40E6959F19DBBD590117","D02","SCBI","SCBI_002","S","deciduousForest",38.895032,-78.142708,"WGS84",1.1,316.8,0.4,"2014-08-19","2014-09-02",7,"BET.SCBI_002.2014.07","SCBI_002.S.20140902",14,"ok","ok","ok","Y","NEON.DOC.014050","wYCqaZcA+7slXlj5N/mM6vobrh4QDptp",,0,0,0
"5850F54BE54D438284A498E46BA1EE04","D02","SCBI","SCBI_002","N","deciduousForest",38.895392,-78.142693,"WGS84",1.1,316.8,0.4,"2014-09-02","2014-09-16",8,"BET.SCBI_002.2014.08","SCBI_002.N.20140916",14,"disturbed","disturbed","ok","N","NEON.DOC.014050","wYCqaZcA+7slXlj5N/mM6vobrh4QDptp",,0,0,0
"D2431679A61B49E78E3C6273075FD85C","D02","SCBI","SCBI_002","E","deciduousForest",38.895206,-78.142470,"WGS84",1.1,316.8,0.4,"2014-09-02","2014-09-16",8,"BET.SCBI_002.2014.08","SCBI_002.E.20140916",14,"disturbed","disturbed","low","N","NEON.DOC.014050","wYCqaZcA+7slXlj5N/mM6vobrh4QDptp",,0,0,0
"E73BD3228691405E892DF124040C6667","D02","SCBI","SCBI_002","W","deciduousForest",38.895218,-78.142931,"WGS84",1.1,316.8,0.4,"2014-09-02","2014-09-16",8,"BET.SCBI_002.2014.08","SCBI_002.W.20140916",14,"ok","ok","ok","N","NEON.DOC.014050","wYCqaZcA+7slXlj5N/mM6vobrh4QDptp",,0,0,0
"4B5614A2FD6A49248320021BAB6DECA2","D02","SCBI","SCBI_002","S","deciduousForest",38.895032,-78.142708,"WGS84",1.1,316.8,0.4,"2014-09-02","2014-09-16",8,"BET.SCBI_002.2014.08","SCBI_002.S.20140916",14,"ok","ok","ok","N","NEON.DOC.014050","wYCqaZcA+7slXlj5N/mM6vobrh4QDptp",,0,0,0
"FC47291CFBA4404AA8E4A181E9C1C98C","D02","SCBI","SCBI_006","E","pastureHay",38.897603,-78.151776,"WGS84",1.1,298.0,0.1,"2014-09-02","2014-09-16",8,"BET.SCBI_006.2014.08","SCBI_006.E.20140916",14,"ok","ok","ok","N","NEON.DOC.014050","wYCqaZcA+7slXlj5N/mM6vobrh4QDptp",,0,0,0
"2FCB648EBE374DF1B8BADFC45CE5F633","D02","SCBI","SCBI_006","S","pastureHay",38.897429,-78.152014,"WGS84",1.1,298.0,0.1,"2014-09-02","2014-09-16",8,"BET.SCBI_006.2014.08","SCBI_006.S.20140916",14,"ok","ok","ok","N","NEON.DOC.014050","wYCqaZcA+7slXlj5N/mM6vobrh4QDptp",,0,0,0
"C80EE2AA44114E3C9E8C26CE35280F10","D02","SCBI","SCBI_006","W","pastureHay",38.897614,-78.152237,"WGS84",1.1,298.0,0.1,"2014-09-02","2014-09-16",8,"BET.SCBI_006.2014.08","SCBI_006.W.20140916",14,"ok","ok","ok","N","NEON.DOC.014050","wYCqaZcA+7slXlj5N/mM6vobrh4QDptp",,0,0,0
"8480451EC26246BC8DD63334636FB2DA","D02","SCBI","SCBI_006","N","pastureHay",38.897789,-78.151999,"WGS84",1.1,298.0,0.1,"2014-09-02","2014-09-16",8,"BET.SCBI_006.2014.08","SCBI_006.N.20140916",14,"ok","ok","ok","N","NEON.DOC.014050","wYCqaZcA+7slXlj5N/mM6vobrh4QDptp",,0,0,0
"57B1FE4BF6434062A1231FEEC2AF6D54","D02","SCBI","SCBI_003","E","deciduousForest",38.883305,-78.120140,"WGS84",1.4,568.7,0.9,"2014-09-02","2014-09-16",8,"BET.SCBI_003.2014.08","SCBI_003.E.20140916",14,"ok","ok","ok","N","NEON.DOC.014050","wYCqaZcA+7slXlj5N/mM6vobrh4QDptp",,0,0,0
"C2F21C019CB341FFAF64C255857BEDCD","D02","SCBI","SCBI_003","S","deciduousForest",38.883131,-78.120378,"WGS84",1.4,568.7,0.9,"2014-09-02","2014-09-16",8,"BET.SCBI_003.2014.08","SCBI_003.S.20140916",14,"ok","ok","ok","N","NEON.DOC.014050","wYCqaZcA+7slXlj5N/mM6vobrh4QDptp",,0,0,0
"B0C6DA4FD0174EA3AC6A23B5BFE55211","D02","SCBI","SCBI_003","W","deciduousForest",38.883316,-78.120601,"WGS84",1.4,568.7,0.9,"2014-09-02","2014-09-16",8,"BET.SCBI_003.2014.08","SCBI_003.W.20140916",14,"ok","ok","ok","N","NEON.DOC.014050","wYCqaZcA+7slXlj5N/mM6vobrh4QDptp",,0,0,0
"3F3662711DED482DAC5CC4A644935704","D02","SCBI","SCBI_003","N","deciduousForest",38.883491,-78.120363,"WGS84",1.4,568.7,0.9,"2014-09-02","2014-09-16",8,"BET.SCBI_003.2014.08","SCBI_003.N.20140916",14,"ok","ok","high","N","NEON.DOC.014050","wYCqaZcA+7slXlj5N/mM6vobrh4QDptp",,0,0,0
"9C2A2D831A804B5BA0742C6EFC3904B7","D02","SCBI","SCBI_007","E","deciduousForest",38.884909,-78.130066,"WGS84",1.2,409.1,0.3,"2014-09-02","2014-09-16",8,"BET.SCBI_007.2014.08",,14,"missing","disturbed","low","N","NEON.DOC.014050","wYCqaZcA+7slXlj5N/mM6vobrh4QDptp","Trap disturbed and cup missing so no sample was collected",0,0,0
"D379EADD884948D3BCB46557D072433B","D02","SCBI","SCBI_007","W","deciduousForest",38.884920,-78.130526,"WGS84",1.2,409.1,0.3,"2014-09-02","2014-09-16",8,"BET.SCBI_007.2014.08","SCBI_007.W.20140916",14,"ok","ok","ok","N","NEON.DOC.014050","wYCqaZcA+7slXlj5N/mM6vobrh4QDptp",,0,0,0
"EAEADE1704294E77B280AA4530D12E8D","D02","SCBI","SCBI_007","N","deciduousForest",38.885095,-78.130289,"WGS84",1.2,409.1,0.3,"2014-09-02","2014-09-16",8,"BET.SCBI_007.2014.08","SCBI_007.N.20140916",14,"disturbed","disturbed","low","N","NEON.DOC.014050","wYCqaZcA+7slXlj5N/mM6vobrh4QDptp",,0,0,0
"C80E57294E3848E9B65AED009AE10ED4","D02","SCBI","SCBI_007","S","deciduousForest",38.884735,-78.130303,"WGS84",1.2,409.1,0.3,"2014-09-02","2014-09-16",8,"BET.SCBI_007.2014.08","SCBI_007.S.20140916",14,"disturbed","disturbed","low","N","NEON.DOC.014050","wYCqaZcA+7slXlj5N/mM6vobrh4QDptp",,0,0,0
"F8212D945FC8456BB25341F83CCA7D1A","D02","SCBI","SCBI_008","N","deciduousForest",38.888091,-78.147126,"WGS84",3.2,367.5,2.2,"2014-09-02","2014-09-16",8,"BET.SCBI_008.2014.08","SCBI_008.N.20140916",14,"ok","ok","high","N","NEON.DOC.014050","wYCqaZcA+7slXlj5N/mM6vobrh4QDptp",,0,0,0
"525BE0F1E5D4441FB043C476A2C81C40","D02","SCBI","SCBI_008","W","deciduousForest",38.887917,-78.147364,"WGS84",3.2,367.5,2.2,"2014-09-02","2014-09-16",8,"BET.SCBI_008.2014.08","SCBI_008.W.20140916",14,"ok","disturbed","ok","N","NEON.DOC.014050","wYCqaZcA+7slXlj5N/mM6vobrh4QDptp",,0,0,0
"022AAF2D6B8541AD9683A32D38AD641E","D02","SCBI","SCBI_008","E","deciduousForest",38.887906,-78.146903,"WGS84",3.2,367.5,2.2,"2014-09-02","2014-09-16",8,"BET.SCBI_008.2014.08","SCBI_008.E.20140916",14,"ok","ok","ok","N","NEON.DOC.014050","wYCqaZcA+7slXlj5N/mM6vobrh4QDptp",,0,0,0
"FB185B1802F94955887F8E4AED62A512","D02","SCBI","SCBI_008","S","deciduousForest",38.887731,-78.147141,"WGS84",3.2,367.5,2.2,"2014-09-02","2014-09-16",8,"BET.SCBI_008.2014.08","SCBI_008.S.20140916",14,"ok","ok","ok","N","NEON.DOC.014050","wYCqaZcA+7slXlj5N/mM6vobrh4QDptp",,0,0,0
"64A8DB68621740FB8A9670B9DCE565D1","D02","SCBI","SCBI_010","W","deciduousForest",38.884782,-78.125382,"WGS84",1.7,491.3,1.1,"2014-09-02","2014-09-16",8,"BET.SCBI_010.2014.08",,14,"missing","disturbed","low","N","NEON.DOC.014050","wYCqaZcA+7slXlj5N/mM6vobrh4QDptp","Trap disturbed and cup missing so no sample was collected",0,0,0
"8C99D99112854727805640F48135A149","D02","SCBI","SCBI_010","E","deciduousForest",38.884771,-78.124922,"WGS84",1.7,491.3,1.1,"2014-09-02","2014-09-16",8,"BET.SCBI_010.2014.08",,14,"missing","disturbed","low","N","NEON.DOC.014050","wYCqaZcA+7slXlj5N/mM6vobrh4QDptp","Trap disturbed and cup missing so no sample was collected",0,0,0
"24C88331CA35499687928F61324E586D","D02","SCBI","SCBI_010","N","deciduousForest",38.884956,-78.125145,"WGS84",1.7,491.3,1.1,"2014-09-02","2014-09-16",8,"BET.SCBI_010.2014.08",,14,"missing","disturbed","low","N","NEON.DOC.014050","wYCqaZcA+7slXlj5N/mM6vobrh4QDptp","Trap disturbed and cup missing so no sample was collected",0,0,0
"2A6EF2AE93934EE4A96518441D268499","D02","SCBI","SCBI_010","S","deciduousForest",38.884596,-78.125159,"WGS84",1.7,491.3,1.1,"2014-09-02","2014-09-16",8,"BET.SCBI_010.2014.08","SCBI_010.S.20140916",14,"ok","ok","ok","N","NEON.DOC.014050","wYCqaZcA+7slXlj5N/mM6vobrh4QDptp",,0,0,0
"0FDD7EA94C7F4ACB82A28C3488EF5D57","D02","SCBI","SCBI_012","E","pastureHay",38.889090,-78.168665,"WGS84",1.1,264.6,0.1,"2014-09-02","2014-09-16",8,"BET.SCBI_012.2014.08","SCBI_012.E.20140916",14,"ok","ok","high","N","NEON.DOC.014050","wYCqaZcA+7slXlj5N/mM6vobrh4QDptp",,0,0,0
"6055C6B20CA6400DB5F5D86BBE09857E","D02","SCBI","SCBI_012","S","pastureHay",38.888915,-78.168903,"WGS84",1.1,264.6,0.1,"2014-09-02","2014-09-16",8,"BET.SCBI_012.2014.08","SCBI_012.S.20140916",14,"ok","ok","ok","N","NEON.DOC.014050","wYCqaZcA+7slXlj5N/mM6vobrh4QDptp",,0,0,0
"9B663FD368DB4487B0EE1895CED01685","D02","SCBI","SCBI_012","N","pastureHay",38.889275,-78.168888,"WGS84",1.1,264.6,0.1,"2014-09-02","2014-09-16",8,"BET.SCBI_012.2014.08","SCBI_012.N.20140916",14,"ok","ok","ok","N","NEON.DOC.014050","wYCqaZcA+7slXlj5N/mM6vobrh4QDptp",,0,0,0
"6C282CB9E6744CC39FFC11076C28B1F2","D02","SCBI","SCBI_012","W","pastureHay",38.889101,-78.169126,"WGS84",1.1,264.6,0.1,"2014-09-02","2014-09-16",8,"BET.SCBI_012.2014.08","SCBI_012.W.20140916",14,"ok","ok","ok","N","NEON.DOC.014050","wYCqaZcA+7slXlj5N/mM6vobrh4QDptp",,0,0,0
"FDCC01EC749743599ED9C851E1A8CE98","D02","SCBI","SCBI_033","E","pastureHay",38.888911,-78.161072,"WGS84",1.1,299.3,0.1,"2014-09-02","2014-09-16",8,"BET.SCBI_033.2014.08","SCBI_033.E.20140916",14,"ok","ok","ok","N","NEON.DOC.014050","wYCqaZcA+7slXlj5N/mM6vobrh4QDptp",,0,0,0
"AD66AA98FF5246FAA84A91050E906441","D02","SCBI","SCBI_033","S","pastureHay",38.888737,-78.161309,"WGS84",1.1,299.3,0.1,"2014-09-02","2014-09-16",8,"BET.SCBI_033.2014.08","SCBI_033.S.20140916",14,"ok","ok","ok","N","NEON.DOC.014050","wYCqaZcA+7slXlj5N/mM6vobrh4QDptp",,0,0,0
"71B08E671E934B538380349C3DBC16E3","D02","SCBI","SCBI_033","W","pastureHay",38.888922,-78.161532,"WGS84",1.1,299.3,0.1,"2014-09-02","2014-09-16",8,"BET.SCBI_033.2014.08","SCBI_033.W.20140916",14,"ok","ok","high","N","NEON.DOC.014050","wYCqaZcA+7slXlj5N/mM6vobrh4QDptp",,0,0,0
"EF81ABD754C54E03B2995D58A46986EA","D02","SCBI","SCBI_033","N","pastureHay",38.889097,-78.161295,"WGS84",1.1,299.3,0.1,"2014-09-02","2014-09-16",8,"BET.SCBI_033.2014.08","SCBI_033.N.20140916",14,"ok","ok","ok","N","NEON.DOC.014050","wYCqaZcA+7slXlj5N/mM6vobrh4QDptp",,0,0,0
"102FB38A5DA74001A2E3FE7075522DCA","D02","SCBI","SCBI_004","N","deciduousForest",38.897115,-78.146448,"WGS84",1.3,312.6,0.5,"2014-09-02","2014-09-16",8,"BET.SCBI_004.2014.08","SCBI_004.N.20140916",14,"ok","ok","ok","N","NEON.DOC.014050","wYCqaZcA+7slXlj5N/mM6vobrh4QDptp",,0,0,0
"7025848408EA44569D3C9C3F53AE0956","D02","SCBI","SCBI_004","E","deciduousForest",38.896930,-78.146225,"WGS84",1.3,312.6,0.5,"2014-09-02","2014-09-16",8,"BET.SCBI_004.2014.08","SCBI_004.E.20140916",14,"ok","ok","ok","N","NEON.DOC.014050","wYCqaZcA+7slXlj5N/mM6vobrh4QDptp",,0,0,0
"FE80BD84E6904E5280C64E9A9B078A5E","D02","SCBI","SCBI_004","S","deciduousForest",38.896755,-78.146463,"WGS84",1.3,312.6,0.5,"2014-09-02","2014-09-16",8,"BET.SCBI_004.2014.08","SCBI_004.S.20140916",14,"ok","ok","high","N","NEON.DOC.014050","wYCqaZcA+7slXlj5N/mM6vobrh4QDptp",,0,0,0
"528AC057ABBE434EB5B0701F6C05D950","D02","SCBI","SCBI_004","W","deciduousForest",38.896941,-78.146686,"WGS84",1.3,312.6,0.5,"2014-09-02","2014-09-16",8,"BET.SCBI_004.2014.08","SCBI_004.W.20140916",14,"ok","ok","ok","N","NEON.DOC.014050","wYCqaZcA+7slXlj5N/mM6vobrh4QDptp",,0,0,0
"975B9CD74B514F6C8E8DCE3A2270B450","D02","SCBI","SCBI_005","S","deciduousForest",38.900359,-78.161866,"WGS84",1.1,269.8,0.2,"2014-09-02","2014-09-16",8,"BET.SCBI_005.2014.08","SCBI_005.S.20140916",14,"ok","ok","ok","N","NEON.DOC.014050","wYCqaZcA+7slXlj5N/mM6vobrh4QDptp",,0,0,0
"DB9F208F987C4263B122257B07BBEED2","D02","SCBI","SCBI_005","N","deciduousForest",38.900719,-78.161852,"WGS84",1.1,269.8,0.2,"2014-09-02","2014-09-16",8,"BET.SCBI_005.2014.08","SCBI_005.N.20140916",14,"ok","ok","ok","N","NEON.DOC.014050","wYCqaZcA+7slXlj5N/mM6vobrh4QDptp",,0,0,0
"4BAAA4BF14254BC188ECDF787CDBA75F","D02","SCBI","SCBI_005","W","deciduousForest",38.900545,-78.162089,"WGS84",1.1,269.8,0.2,"2014-09-02","2014-09-16",8,"BET.SCBI_005.2014.08","SCBI_005.W.20140916",14,"ok","ok","ok","N","NEON.DOC.014050","wYCqaZcA+7slXlj5N/mM6vobrh4QDptp",,0,0,0
"07043036E5774229BBB7AC543E06B79C","D02","SCBI","SCBI_005","E","deciduousForest",38.900533,-78.161629,"WGS84",1.1,269.8,0.2,"2014-09-02","2014-09-16",8,"BET.SCBI_005.2014.08","SCBI_005.E.20140916",14,"ok","ok","ok","N","NEON.DOC.014050","wYCqaZcA+7slXlj5N/mM6vobrh4QDptp",,0,0,0
