"uid","domainID","siteID","plotID","trapID","nlcdClass","decimalLatitude","decimalLongitude","geodeticDatum","coordinateUncertainty","elevation","elevationUncertainty","setDate","collectDate","boutNumber","eventID","sampleID","daysOfTrapping","cupStatus","lidStatus","fluidLevel","trapReset","samplingProtocol","recordedBy","remarks","missingRecordsPerBoutQF","duplicateCollectionEventQF","compareSetCollectDateQF"
"6D8F06743F3944C59A940486F7E16E37","D03","JERC","JERC_001","E","deciduousForest",31.194314,-84.476867,"WGS84",5.3,37.9,0.3,"2014-06-11","2014-06-18",1,"BET.JERC_001.2014.01","JERC_001.E.20140618",7,"ok","ok","ok","Y","NEON.DOC.014050","iiDgbhaUgfPlmO3sDuElTmkNgYTXyxbk",,0,0,0
"56E7FB1C801446CB995CD6D9176DC9AF","D03","JERC","JERC_009","W","evergreenForest",31.194998,-84.457115,"WGS84",5.2,48.6,0.3,"2014-06-11","2014-06-18",1,"BET.JERC_009.2014.01","JERC_009.W.20140618",7,"ok","ok","ok","Y","NEON.DOC.014050","iiDgbhaUgfPlmO3sDuElTmkNgYTXyxbk",,0,0,0
"D4CD714784484D6CADD03E23FA9A83CC","D03","JERC","JERC_009","E","evergreenForest",31.194989,-84.456695,"WGS84",5.2,48.6,0.3,"2014-06-11","2014-06-18",1,"BET.JERC_009.2014.01","JERC_009.E.20140618",7,"ok","ok","ok","Y","NEON.DOC.014050","iiDgbhaUgfPlmO3sDuElTmkNgYTXyxbk",,0,0,0
"05DC7AFA4F674E36A24DB8E49B1212F4","D03","JERC","JERC_009","N","evergreenForest",31.195174,-84.456900,"WGS84",5.2,48.6,0.3,"2014-06-11","2014-06-18",1,"BET.JERC_009.2014.01","JERC_009.N.20140618",7,"ok","ok","ok","Y","NEON.DOC.014050","iiDgbhaUgfPlmO3sDuElTmkNgYTXyxbk",,0,0,0
"5517A5CB5CE842DFAB15CCA2BFB27643","D03","JERC","JERC_009","S","evergreenForest",31.194813,-84.456910,"WGS84",5.2,48.6,0.3,"2014-06-11","2014-06-18",1,"BET.JERC_009.2014.01","JERC_009.S.20140618",7,"ok","ok","ok","Y","NEON.DOC.014050","iiDgbhaUgfPlmO3sDuElTmkNgYTXyxbk",,0,0,0
"8C7EAA5855B8463DA6692B60EC0C54B2","D03","JERC","JERC_010","N","deciduousForest",31.208400,-84.469494,"WGS84",5.3,42.9,0.4,"2014-06-11","2014-06-18",1,"BET.JERC_010.2014.01","JERC_010.N.20140618",7,"ok","ok","ok","Y","NEON.DOC.014050","iiDgbhaUgfPlmO3sDuElTmkNgYTXyxbk",,0,0,0
"68CE07D060F64A099102387A6662C500","D03","JERC","JERC_010","S","deciduousForest",31.208040,-84.469504,"WGS84",5.3,42.9,0.4,"2014-06-11","2014-06-18",1,"BET.JERC_010.2014.01","JERC_010.S.20140618",7,"ok","ok","ok","Y","NEON.DOC.014050","iiDgbhaUgfPlmO3sDuElTmkNgYTXyxbk",,0,0,0
"8EAB8B99E85340FC891E782A127194F8","D03","JERC","JERC_010","W","deciduousForest",31.208224,-84.469709,"WGS84",5.3,42.9,0.4,"2014-06-11","2014-06-18",1,"BET.JERC_010.2014.01","JERC_010.W.20140618",7,"ok","ok","ok","Y","NEON.DOC.014050","iiDgbhaUgfPlmO3sDuElTmkNgYTXyxbk",,0,0,0
"1070D84C5C564EB58AD0D9993CAD2761","D03","JERC","JERC_010","E","deciduousForest",31.208216,-84.469289,"WGS84",5.3,42.9,0.4,"2014-06-11","2014-06-18",1,"BET.JERC_010.2014.01","JERC_010.E.20140618",7,"ok","ok","ok","Y","NEON.DOC.014050","iiDgbhaUgfPlmO3sDuElTmkNgYTXyxbk",,0,0,0
"37CDADBE418A457AA9D7E0A7255D89FC","D03","JERC","JERC_008","S","mixedForest",31.194975,-84.450936,"WGS84",5.2,46.1,0.3,"2014-06-11","2014-06-18",1,"BET.JERC_008.2014.01","JERC_008.S.20140618",7,"ok","ok","ok","Y","NEON.DOC.014050","iiDgbhaUgfPlmO3sDuElTmkNgYTXyxbk",,0,0,0
"AB00B143B7F4459388CB56FF215331CB","D03","JERC","JERC_008","E","mixedForest",31.195151,-84.450721,"WGS84",5.2,46.1,0.3,"2014-06-11","2014-06-18",1,"BET.JERC_008.2014.01","JERC_008.E.20140618",7,"ok","ok","ok","Y","NEON.DOC.014050","iiDgbhaUgfPlmO3sDuElTmkNgYTXyxbk",,0,0,0
"A24C67330CB44E9496CBD48D676DE1CA","D03","JERC","JERC_008","W","mixedForest",31.195159,-84.451141,"WGS84",5.2,46.1,0.3,"2014-06-11","2014-06-18",1,"BET.JERC_008.2014.01","JERC_008.W.20140618",7,"ok","ok","ok","Y","NEON.DOC.014050","iiDgbhaUgfPlmO3sDuElTmkNgYTXyxbk",,0,0,0
"32366013C9354AE296CBECEBA16FF8C1","D03","JERC","JERC_008","N","mixedForest",31.195335,-84.450926,"WGS84",5.2,46.1,0.3,"2014-06-11","2014-06-18",1,"BET.JERC_008.2014.01","JERC_008.N.20140618",7,"ok","ok","ok","Y","NEON.DOC.014050","iiDgbhaUgfPlmO3sDuElTmkNgYTXyxbk",,0,0,0
"A9D46FAE27C642A7A560692DD5A3AF9B","D03","JERC","JERC_007","N","evergreenForest",31.198812,-84.476307,"WGS84",5.1,36.8,0.2,"2014-06-11","2014-06-18",1,"BET.JERC_007.2014.01","JERC_007.N.20140618",7,"ok","ok","ok","Y","NEON.DOC.014050","iiDgbhaUgfPlmO3sDuElTmkNgYTXyxbk",,0,0,0
"ED1C0912C71246919F7B45EC24AFAA45","D03","JERC","JERC_007","E","evergreenForest",31.198628,-84.476102,"WGS84",5.1,36.8,0.2,"2014-06-11","2014-06-18",1,"BET.JERC_007.2014.01","JERC_007.E.20140618",7,"ok","ok","ok","Y","NEON.DOC.014050","iiDgbhaUgfPlmO3sDuElTmkNgYTXyxbk",,0,0,0
"6D9EA59FDC67461094D2EF3A612AA208","D03","JERC","JERC_007","S","evergreenForest",31.198451,-84.476317,"WGS84",5.1,36.8,0.2,"2014-06-11","2014-06-18",1,"BET.JERC_007.2014.01","JERC_007.S.20140618",7,"ok","ok","ok","Y","NEON.DOC.014050","iiDgbhaUgfPlmO3sDuElTmkNgYTXyxbk",,0,0,0
"3CDB427C98C249C09C8FB8EAAA8E7340","D03","JERC","JERC_007","W","evergreenForest",31.198636,-84.476522,"WGS84",5.1,36.8,0.2,"2014-06-11","2014-06-18",1,"BET.JERC_007.2014.01","JERC_007.W.20140618",7,"ok","ok","ok","Y","NEON.DOC.014050","iiDgbhaUgfPlmO3sDuElTmkNgYTXyxbk",,0,0,0
"0EFFA158EE3D41C7AEADEEB2479CA1D2","D03","JERC","JERC_005","S","evergreenForest",31.195783,-84.451229,"WGS84",5.2,45.6,0.4,"2014-06-11","2014-06-18",1,"BET.JERC_005.2014.01",,7,"missing","disturbed","low","Y","NEON.DOC.014050","iiDgbhaUgfPlmO3sDuElTmkNgYTXyxbk",,0,0,0
"F340277858A8492894C5F281223B7552","D03","JERC","JERC_005","E","evergreenForest",31.195959,-84.451014,"WGS84",5.2,45.6,0.4,"2014-06-11","2014-06-18",1,"BET.JERC_005.2014.01","JERC_005.E.20140618",7,"ok","ok","ok","Y","NEON.DOC.014050","iiDgbhaUgfPlmO3sDuElTmkNgYTXyxbk",,0,0,0
"267AA6EB1977465FAAD1105EF7E98F60","D03","JERC","JERC_005","N","evergreenForest",31.196144,-84.451219,"WGS84",5.2,45.6,0.4,"2014-06-11","2014-06-18",1,"BET.JERC_005.2014.01","JERC_005.N.20140618",7,"ok","ok","ok","Y","NEON.DOC.014050","iiDgbhaUgfPlmO3sDuElTmkNgYTXyxbk",,0,0,0
"73F0FFC7C6A447AFAED102CF448A4065","D03","JERC","JERC_005","W","evergreenForest",31.195967,-84.451434,"WGS84",5.2,45.6,0.4,"2014-06-11","2014-06-18",1,"BET.JERC_005.2014.01","JERC_005.W.20140618",7,"ok","ok","ok","Y","NEON.DOC.014050","iiDgbhaUgfPlmO3sDuElTmkNgYTXyxbk",,0,0,0
"E92AC2E6D0E941F19DE2155807D23B30","D03","JERC","JERC_003","E","deciduousForest",31.196141,-84.473031,"WGS84",5.1,34.1,0.3,"2014-06-11","2014-06-18",1,"BET.JERC_003.2014.01","JERC_003.E.20140618",7,"ok","ok","ok","Y","NEON.DOC.014050","iiDgbhaUgfPlmO3sDuElTmkNgYTXyxbk",,0,0,0
"2D3EE5D10EE9468B811E855471CA36C3","D03","JERC","JERC_003","N","deciduousForest",31.196326,-84.473236,"WGS84",5.1,34.1,0.3,"2014-06-11","2014-06-18",1,"BET.JERC_003.2014.01","JERC_003.N.20140618",7,"ok","ok","ok","Y","NEON.DOC.014050","iiDgbhaUgfPlmO3sDuElTmkNgYTXyxbk",,0,0,0
"D840D35071D54B92906B2F86F7B0D1A5","D03","JERC","JERC_003","W","deciduousForest",31.196149,-84.473451,"WGS84",5.1,34.1,0.3,"2014-06-11","2014-06-18",1,"BET.JERC_003.2014.01","JERC_003.W.20140618",7,"ok","ok","ok","Y","NEON.DOC.014050","iiDgbhaUgfPlmO3sDuElTmkNgYTXyxbk",,0,0,0
"47E6A0EE190742DCB2B0A8137C9338EC","D03","JERC","JERC_003","S","deciduousForest",31.195965,-84.473246,"WGS84",5.1,34.1,0.3,"2014-06-11","2014-06-18",1,"BET.JERC_003.2014.01","JERC_003.S.20140618",7,"ok","ok","ok","Y","NEON.DOC.014050","iiDgbhaUgfPlmO3sDuElTmkNgYTXyxbk",,0,0,0
"988F3CBDB94D4CF4A62F146463918C97","D03","JERC","JERC_002","N","evergreenForest",31.194686,-84.460061,"WGS84",5.3,48.3,0.3,"2014-06-11","2014-06-18",1,"BET.JERC_002.2014.01","JERC_002.N.20140618",7,"ok","ok","ok","Y","NEON.DOC.014050","iiDgbhaUgfPlmO3sDuElTmkNgYTXyxbk",,0,0,0
"41635848120E4867B006C81CB95DD122","D03","JERC","JERC_002","E","evergreenForest",31.194502,-84.459856,"WGS84",5.3,48.3,0.3,"2014-06-11","2014-06-18",1,"BET.JERC_002.2014.01","JERC_002.E.20140618",7,"ok","ok","ok","Y","NEON.DOC.014050","iiDgbhaUgfPlmO3sDuElTmkNgYTXyxbk",,0,0,0
"6FCAD753961242E6A4D4C39330CF6BCA","D03","JERC","JERC_002","S","evergreenForest",31.194326,-84.460070,"WGS84",5.3,48.3,0.3,"2014-06-11","2014-06-18",1,"BET.JERC_002.2014.01","JERC_002.S.20140618",7,"ok","ok","ok","Y","NEON.DOC.014050","iiDgbhaUgfPlmO3sDuElTmkNgYTXyxbk",,0,0,0
"E1C460480A3A421194FBB9BC99A58C70","D03","JERC","JERC_002","W","evergreenForest",31.194510,-84.460275,"WGS84",5.3,48.3,0.3,"2014-06-11","2014-06-18",1,"BET.JERC_002.2014.01","JERC_002.W.20140618",7,"ok","ok","ok","Y","NEON.DOC.014050","iiDgbhaUgfPlmO3sDuElTmkNgYTXyxbk",,0,0,0
"3464BA6DB1E64E70ABFAAAE09AA58C8A","D03","JERC","JERC_001","W","deciduousForest",31.194322,-84.477287,"WGS84",5.3,37.9,0.3,"2014-06-11","2014-06-18",1,"BET.JERC_001.2014.01","JERC_001.W.20140618",7,"ok","ok","ok","Y","NEON.DOC.014050","iiDgbhaUgfPlmO3sDuElTmkNgYTXyxbk",,0,0,0
"5E36F4346CBD4040A7F17C0D9E191B53","D03","JERC","JERC_001","N","deciduousForest",31.194498,-84.477072,"WGS84",5.3,37.9,0.3,"2014-06-11","2014-06-18",1,"BET.JERC_001.2014.01","JERC_001.N.20140618",7,"ok","ok","ok","Y","NEON.DOC.014050","iiDgbhaUgfPlmO3sDuElTmkNgYTXyxbk",,0,0,0
"F78D039A4D09456CB1C04D8BD7EE27E2","D03","JERC","JERC_001","S","deciduousForest",31.194137,-84.477082,"WGS84",5.3,37.9,0.3,"2014-06-11","2014-06-18",1,"BET.JERC_001.2014.01",,7,"missing","disturbed","low","Y","NEON.DOC.014050","iiDgbhaUgfPlmO3sDuElTmkNgYTXyxbk",,0,0,0
"3B38BD24EFD94DE0B3B09763C7A3539A","D03","JERC","JERC_001","E","deciduousForest",31.194314,-84.476867,"WGS84",5.3,37.9,0.3,"2014-06-18","2014-07-02",2,"BET.JERC_001.2014.02","JERC_001.E.20140702",14,"ok","ok","ok","Y","NEON.DOC.014050","iiDgbhaUgfPlmO3sDuElTmkNgYTXyxbk",,0,0,0
"592D1D24D21A44AA90FF0238BD7963C3","D03","JERC","JERC_030","N","mixedForest",31.185279,-84.476058,"WGS84",5.1,36.3,0.2,"2014-06-18","2014-07-02",2,"BET.JERC_030.2014.02","JERC_030.N.20140702",14,"ok","ok","ok","Y","NEON.DOC.014050","w9gx7zrN+zBUJ2iV6az0FngRBSIRDJ4m",,0,0,0
"15FF9EDF4C154008922EF2C9925D199E","D03","JERC","JERC_030","W","mixedForest",31.185103,-84.476273,"WGS84",5.1,36.3,0.2,"2014-06-18","2014-07-02",2,"BET.JERC_030.2014.02","JERC_030.W.20140702",14,"ok","ok","ok","Y","NEON.DOC.014050","w9gx7zrN+zBUJ2iV6az0FngRBSIRDJ4m",,0,0,0
"1B4A92BCE7A3495E90BC41916E8133A5","D03","JERC","JERC_030","E","mixedForest",31.185094,-84.475853,"WGS84",5.1,36.3,0.2,"2014-06-18","2014-07-02",2,"BET.JERC_030.2014.02","JERC_030.E.20140702",14,"ok","ok","ok","Y","NEON.DOC.014050","w9gx7zrN+zBUJ2iV6az0FngRBSIRDJ4m",,0,0,0
"FAD7F23F4C5647D6A8762FD6137781FF","D03","JERC","JERC_030","S","mixedForest",31.184918,-84.476068,"WGS84",5.1,36.3,0.2,"2014-06-18","2014-07-02",2,"BET.JERC_030.2014.02","JERC_030.S.20140702",14,"ok","ok","ok","Y","NEON.DOC.014050","w9gx7zrN+zBUJ2iV6az0FngRBSIRDJ4m",,0,0,0
"98DCCB25940447879CE4D15BA34983A2","D03","JERC","JERC_009","E","evergreenForest",31.194989,-84.456695,"WGS84",5.2,48.6,0.3,"2014-06-18","2014-07-02",2,"BET.JERC_009.2014.02","JERC_009.E.20140702",14,"ok","ok","ok","Y","NEON.DOC.014050","w9gx7zrN+zBUJ2iV6az0FngRBSIRDJ4m",,0,0,0
"18B3CF5865B34F64A0468288DEB2484A","D03","JERC","JERC_009","S","evergreenForest",31.194813,-84.456910,"WGS84",5.2,48.6,0.3,"2014-06-18","2014-07-02",2,"BET.JERC_009.2014.02","JERC_009.S.20140702",14,"ok","ok","ok","Y","NEON.DOC.014050","w9gx7zrN+zBUJ2iV6az0FngRBSIRDJ4m",,0,0,0
"FBD80960D27B4B97BCFBCC1ACF7D3B3B","D03","JERC","JERC_009","N","evergreenForest",31.195174,-84.456900,"WGS84",5.2,48.6,0.3,"2014-06-18","2014-07-02",2,"BET.JERC_009.2014.02","JERC_009.N.20140702",14,"ok","ok","ok","Y","NEON.DOC.014050","w9gx7zrN+zBUJ2iV6az0FngRBSIRDJ4m",,0,0,0
"DBAC501F6FF048E2812F757162B26B2F","D03","JERC","JERC_009","W","evergreenForest",31.194998,-84.457115,"WGS84",5.2,48.6,0.3,"2014-06-18","2014-07-02",2,"BET.JERC_009.2014.02","JERC_009.W.20140702",14,"ok","ok","ok","Y","NEON.DOC.014050","w9gx7zrN+zBUJ2iV6az0FngRBSIRDJ4m",,0,0,0
"6A5ED71F0A104768AA50DBE25FF1B2D5","D03","JERC","JERC_010","E","deciduousForest",31.208216,-84.469289,"WGS84",5.3,42.9,0.4,"2014-06-18","2014-07-02",2,"BET.JERC_010.2014.02","JERC_010.E.20140702",14,"ok","ok","ok","Y","NEON.DOC.014050","w9gx7zrN+zBUJ2iV6az0FngRBSIRDJ4m",,0,0,0
"B74D01FC1F5148CEA92DD71736A79D5F","D03","JERC","JERC_010","S","deciduousForest",31.208040,-84.469504,"WGS84",5.3,42.9,0.4,"2014-06-18","2014-07-02",2,"BET.JERC_010.2014.02","JERC_010.S.20140702",14,"ok","ok","ok","Y","NEON.DOC.014050","w9gx7zrN+zBUJ2iV6az0FngRBSIRDJ4m",,0,0,0
"9EFCE32BD14F415AB34FA0DCF9776A9F","D03","JERC","JERC_010","W","deciduousForest",31.208224,-84.469709,"WGS84",5.3,42.9,0.4,"2014-06-18","2014-07-02",2,"BET.JERC_010.2014.02","JERC_010.W.20140702",14,"ok","ok","ok","Y","NEON.DOC.014050","w9gx7zrN+zBUJ2iV6az0FngRBSIRDJ4m",,0,0,0
"257ADD2F89134507AEE8BAD2E786AD7C","D03","JERC","JERC_010","N","deciduousForest",31.208400,-84.469494,"WGS84",5.3,42.9,0.4,"2014-06-18","2014-07-02",2,"BET.JERC_010.2014.02","JERC_010.N.20140702",14,"ok","ok","ok","Y","NEON.DOC.014050","w9gx7zrN+zBUJ2iV6az0FngRBSIRDJ4m",,0,0,0
"0C2FC8041B5A4D489A111439B1A7646F","D03","JERC","JERC_008","S","mixedForest",31.194975,-84.450936,"WGS84",5.2,46.1,0.3,"2014-06-18","2014-07-02",2,"BET.JERC_008.2014.02","JERC_008.S.20140702",14,"ok","ok","ok","Y","NEON.DOC.014050","w9gx7zrN+zBUJ2iV6az0FngRBSIRDJ4m",,0,0,0
"C32E64B991DC43C38DD49A0342793FA9","D03","JERC","JERC_008","N","mixedForest",31.195335,-84.450926,"WGS84",5.2,46.1,0.3,"2014-06-18","2014-07-02",2,"BET.JERC_008.2014.02","JERC_008.N.20140702",14,"ok","ok","ok","Y","NEON.DOC.014050","w9gx7zrN+zBUJ2iV6az0FngRBSIRDJ4m",,0,0,0
"80970B2B70FD4C45A4D403DEEE80D3E4","D03","JERC","JERC_008","W","mixedForest",31.195159,-84.451141,"WGS84",5.2,46.1,0.3,"2014-06-18","2014-07-02",2,"BET.JERC_008.2014.02","JERC_008.W.20140702",14,"ok","ok","ok","Y","NEON.DOC.014050","w9gx7zrN+zBUJ2iV6az0FngRBSIRDJ4m",,0,0,0
"6AD83116259D47B39DE3B527990F43B2","D03","JERC","JERC_008","E","mixedForest",31.195151,-84.450721,"WGS84",5.2,46.1,0.3,"2014-06-18","2014-07-02",2,"BET.JERC_008.2014.02","JERC_008.E.20140702",14,"ok","ok","ok","Y","NEON.DOC.014050","w9gx7zrN+zBUJ2iV6az0FngRBSIRDJ4m",,0,0,0
"F7A51A939C784757840FC23308B7B9E7","D03","JERC","JERC_007","N","evergreenForest",31.198812,-84.476307,"WGS84",5.1,36.8,0.2,"2014-06-18","2014-07-02",2,"BET.JERC_007.2014.02","JERC_007.N.20140702",14,"ok","ok","ok","Y","NEON.DOC.014050","iiDgbhaUgfPlmO3sDuElTmkNgYTXyxbk","trap established in an ant bed",0,0,0
"E5E99A481FB54D6085738D97048142B2","D03","JERC","JERC_007","S","evergreenForest",31.198451,-84.476317,"WGS84",5.1,36.8,0.2,"2014-06-18","2014-07-02",2,"BET.JERC_007.2014.02","JERC_007.S.20140702",14,"ok","ok","ok","Y","NEON.DOC.014050","iiDgbhaUgfPlmO3sDuElTmkNgYTXyxbk",,0,0,0
"2812D116827B4A1DB16437F50EE718ED","D03","JERC","JERC_007","E","evergreenForest",31.198628,-84.476102,"WGS84",5.1,36.8,0.2,"2014-06-18","2014-07-02",2,"BET.JERC_007.2014.02","JERC_007.E.20140702",14,"ok","ok","ok","Y","NEON.DOC.014050","iiDgbhaUgfPlmO3sDuElTmkNgYTXyxbk",,0,0,0
"A1F6D2D72D2346B7A5F4F4BD60E6DF11","D03","JERC","JERC_007","W","evergreenForest",31.198636,-84.476522,"WGS84",5.1,36.8,0.2,"2014-06-18","2014-07-02",2,"BET.JERC_007.2014.02","JERC_007.W.20140702",14,"ok","ok","ok","Y","NEON.DOC.014050","iiDgbhaUgfPlmO3sDuElTmkNgYTXyxbk",,0,0,0
"FD51B00D19BC4CDA8C33AA473AE626F2","D03","JERC","JERC_006","S","mixedForest",31.187487,-84.455857,"WGS84",5.1,41.9,0.3,"2014-06-18","2014-07-02",2,"BET.JERC_006.2014.02","JERC_006.S.20140702",14,"ok","ok","ok","Y","NEON.DOC.014050","iiDgbhaUgfPlmO3sDuElTmkNgYTXyxbk",,0,0,0
"C5435E26594D4F09A60DC3A3F2EDEB58","D03","JERC","JERC_006","W","mixedForest",31.187672,-84.456062,"WGS84",5.1,41.9,0.3,"2014-06-18","2014-07-02",2,"BET.JERC_006.2014.02","JERC_006.W.20140702",14,"ok","ok","ok","Y","NEON.DOC.014050","iiDgbhaUgfPlmO3sDuElTmkNgYTXyxbk",,0,0,0
"EB5FBB918FA942FA91E065EB4E7A4782","D03","JERC","JERC_006","N","mixedForest",31.187848,-84.455848,"WGS84",5.1,41.9,0.3,"2014-06-18","2014-07-02",2,"BET.JERC_006.2014.02","JERC_006.N.20140702",14,"ok","ok","ok","Y","NEON.DOC.014050","iiDgbhaUgfPlmO3sDuElTmkNgYTXyxbk",,0,0,0
"3593CA84A29B45B59371DFF939FBAAAE","D03","JERC","JERC_006","E","mixedForest",31.187663,-84.455643,"WGS84",5.1,41.9,0.3,"2014-06-18","2014-07-02",2,"BET.JERC_006.2014.02","JERC_006.E.20140702",14,"ok","ok","ok","Y","NEON.DOC.014050","iiDgbhaUgfPlmO3sDuElTmkNgYTXyxbk",,0,0,0
"6B777F498937434AAA7CDD5D82B652B1","D03","JERC","JERC_005","S","evergreenForest",31.195783,-84.451229,"WGS84",5.2,45.6,0.4,"2014-06-18","2014-07-02",2,"BET.JERC_005.2014.02","JERC_005.S.20140702",14,"ok","ok","ok","Y","NEON.DOC.014050","iiDgbhaUgfPlmO3sDuElTmkNgYTXyxbk",,0,0,0
"5B92525A316D48EC8567FB67ECE510D2","D03","JERC","JERC_005","E","evergreenForest",31.195959,-84.451014,"WGS84",5.2,45.6,0.4,"2014-06-18","2014-07-02",2,"BET.JERC_005.2014.02","JERC_005.E.20140702",14,"ok","ok","ok","Y","NEON.DOC.014050","iiDgbhaUgfPlmO3sDuElTmkNgYTXyxbk",,0,0,0
"C93A23116BFF494FB25FB69DC546F0A6","D03","JERC","JERC_005","N","evergreenForest",31.196144,-84.451219,"WGS84",5.2,45.6,0.4,"2014-06-18","2014-07-02",2,"BET.JERC_005.2014.02","JERC_005.N.20140702",14,"ok","ok","ok","Y","NEON.DOC.014050","iiDgbhaUgfPlmO3sDuElTmkNgYTXyxbk",,0,0,0
"A8BF00A3BEB4496E8F31C81F23E19177","D03","JERC","JERC_005","W","evergreenForest",31.195967,-84.451434,"WGS84",5.2,45.6,0.4,"2014-06-18","2014-07-02",2,"BET.JERC_005.2014.02","JERC_005.W.20140702",14,"ok","ok","ok","Y","NEON.DOC.014050","iiDgbhaUgfPlmO3sDuElTmkNgYTXyxbk",,0,0,0
"AEBD3A4E45E34BA08D1A252B47B5166D","D03","JERC","JERC_003","E","deciduousForest",31.196141,-84.473031,"WGS84",5.1,34.1,0.3,"2014-06-18","2014-07-02",2,"BET.JERC_003.2014.02","JERC_003.E.20140702",14,"ok","ok","ok","Y","NEON.DOC.014050","iiDgbhaUgfPlmO3sDuElTmkNgYTXyxbk",,0,0,0
"4C811AC351E24BD183C06A8EAC037492","D03","JERC","JERC_003","S","deciduousForest",31.195965,-84.473246,"WGS84",5.1,34.1,0.3,"2014-06-18","2014-07-02",2,"BET.JERC_003.2014.02","JERC_003.S.20140702",14,"ok","ok","ok","Y","NEON.DOC.014050","iiDgbhaUgfPlmO3sDuElTmkNgYTXyxbk",,0,0,0
"AD51B9AC674E4CEF8F59ECB485379239","D03","JERC","JERC_003","N","deciduousForest",31.196326,-84.473236,"WGS84",5.1,34.1,0.3,"2014-06-18","2014-07-02",2,"BET.JERC_003.2014.02","JERC_003.N.20140702",14,"ok","ok","high","Y","NEON.DOC.014050","iiDgbhaUgfPlmO3sDuElTmkNgYTXyxbk",,0,0,0
"7D3B380EA7FC4AFDA24AB01736A37A54","D03","JERC","JERC_003","W","deciduousForest",31.196149,-84.473451,"WGS84",5.1,34.1,0.3,"2014-06-18","2014-07-02",2,"BET.JERC_003.2014.02","JERC_003.W.20140702",14,"ok","ok","ok","Y","NEON.DOC.014050","iiDgbhaUgfPlmO3sDuElTmkNgYTXyxbk",,0,0,0
"8954E50439B04AC89D980648243C7538","D03","JERC","JERC_002","S","evergreenForest",31.194326,-84.460070,"WGS84",5.3,48.3,0.3,"2014-06-18","2014-07-02",2,"BET.JERC_002.2014.02","JERC_002.S.20140702",14,"ok","ok","ok","Y","NEON.DOC.014050","iiDgbhaUgfPlmO3sDuElTmkNgYTXyxbk",,0,0,0
"01F4CE802A88491C9D1B29168B0FA347","D03","JERC","JERC_002","W","evergreenForest",31.194510,-84.460275,"WGS84",5.3,48.3,0.3,"2014-06-18","2014-07-02",2,"BET.JERC_002.2014.02","JERC_002.W.20140702",14,"ok","ok","ok","Y","NEON.DOC.014050","iiDgbhaUgfPlmO3sDuElTmkNgYTXyxbk",,0,0,0
"6A3172FFE9314AEC9F5E352A2D0F733D","D03","JERC","JERC_002","N","evergreenForest",31.194686,-84.460061,"WGS84",5.3,48.3,0.3,"2014-06-18","2014-07-02",2,"BET.JERC_002.2014.02","JERC_002.N.20140702",14,"ok","ok","ok","Y","NEON.DOC.014050","iiDgbhaUgfPlmO3sDuElTmkNgYTXyxbk",,0,0,0
"33A18DC3BCBF4501922DFEADF5148E15","D03","JERC","JERC_002","E","evergreenForest",31.194502,-84.459856,"WGS84",5.3,48.3,0.3,"2014-06-18","2014-07-02",2,"BET.JERC_002.2014.02","JERC_002.E.20140702",14,"ok","ok","ok","Y","NEON.DOC.014050","iiDgbhaUgfPlmO3sDuElTmkNgYTXyxbk",,0,0,0
"714CB8BE872D442AA77F1FF3D3D65A50","D03","JERC","JERC_001","W","deciduousForest",31.194322,-84.477287,"WGS84",5.3,37.9,0.3,"2014-06-18","2014-07-02",2,"BET.JERC_001.2014.02","JERC_001.W.20140702",14,"ok","ok","ok","Y","NEON.DOC.014050","iiDgbhaUgfPlmO3sDuElTmkNgYTXyxbk",,0,0,0
"BAF7E51B9807427BB87D688DAE26FB80","D03","JERC","JERC_001","S","deciduousForest",31.194137,-84.477082,"WGS84",5.3,37.9,0.3,"2014-06-18","2014-07-02",2,"BET.JERC_001.2014.02",,14,,,"low","Y","NEON.DOC.014050","iiDgbhaUgfPlmO3sDuElTmkNgYTXyxbk",,0,0,0
"C787535D9850475392ED311C482D7C6D","D03","JERC","JERC_001","N","deciduousForest",31.194498,-84.477072,"WGS84",5.3,37.9,0.3,"2014-06-18","2014-07-02",2,"BET.JERC_001.2014.02","JERC_001.N.20140702",14,"ok","ok","ok","Y","NEON.DOC.014050","iiDgbhaUgfPlmO3sDuElTmkNgYTXyxbk",,0,0,0
"A9D75717FB544F76B9D255D6E2D182C5","D03","JERC","JERC_001","S","deciduousForest",31.194137,-84.477082,"WGS84",5.3,37.9,0.3,"2014-07-02","2014-07-16",3,"BET.JERC_001.2014.03","JERC_001.S.20140716",14,"ok","ok","ok","Y","NEON.DOC.014050","iiDgbhaUgfNp3U3OpmVG3zaygcMeRRyi",,0,0,0
"3DEB1EE99B5C43DCBA4E42E47B292E51","D03","JERC","JERC_009","W","evergreenForest",31.194998,-84.457115,"WGS84",5.2,48.6,0.3,"2014-07-02","2014-07-16",3,"BET.JERC_009.2014.03","JERC_009.W.20140716",14,"ok","ok","ok","Y","NEON.DOC.014050","iiDgbhaUgfNp3U3OpmVG3zaygcMeRRyi","Out of PG stock, some filtered waste mixed w/PG solution to reset traps.",0,0,0
"FBEB9DB66B5149F38B5195527D0F6BC1","D03","JERC","JERC_009","E","evergreenForest",31.194989,-84.456695,"WGS84",5.2,48.6,0.3,"2014-07-02","2014-07-16",3,"BET.JERC_009.2014.03","JERC_009.E.20140716",14,"ok","ok","ok","Y","NEON.DOC.014050","iiDgbhaUgfNp3U3OpmVG3zaygcMeRRyi",,0,0,0
"183B7F2B939C46BD85BCAE9A18263DA6","D03","JERC","JERC_009","N","evergreenForest",31.195174,-84.456900,"WGS84",5.2,48.6,0.3,"2014-07-02","2014-07-16",3,"BET.JERC_009.2014.03","JERC_009.N.20140716",14,"ok","ok","ok","Y","NEON.DOC.014050","iiDgbhaUgfNp3U3OpmVG3zaygcMeRRyi","Out of PG stock, some filtered waste mixed w/PG solution to reset traps.",0,0,0
"780C9034F0134FBC8C8E85CDD423AFEB","D03","JERC","JERC_009","S","evergreenForest",31.194813,-84.456910,"WGS84",5.2,48.6,0.3,"2014-07-02","2014-07-16",3,"BET.JERC_009.2014.03","JERC_009.S.20140716",14,"ok","ok","ok","Y","NEON.DOC.014050","iiDgbhaUgfNp3U3OpmVG3zaygcMeRRyi","Out of PG stock, some filtered waste mixed w/PG solution to reset traps.",0,0,0
"710360722D4B4D7AB735139B2FA5B533","D03","JERC","JERC_010","W","deciduousForest",31.208224,-84.469709,"WGS84",5.3,42.9,0.4,"2014-07-02","2014-07-16",3,"BET.JERC_010.2014.03","JERC_010.W.20140716",14,"ok","ok","ok","Y","NEON.DOC.014050","iiDgbhaUgfNp3U3OpmVG3zaygcMeRRyi",,0,0,0
"FAE953F55A064BF5A5CCE8C0861A19D8","D03","JERC","JERC_010","E","deciduousForest",31.208216,-84.469289,"WGS84",5.3,42.9,0.4,"2014-07-02","2014-07-16",3,"BET.JERC_010.2014.03","JERC_010.E.20140716",14,"ok","ok","ok","Y","NEON.DOC.014050","iiDgbhaUgfNp3U3OpmVG3zaygcMeRRyi",,0,0,0
"EA33CD4AB6B34C7EA941A8B0C2340EFC","D03","JERC","JERC_010","S","deciduousForest",31.208040,-84.469504,"WGS84",5.3,42.9,0.4,"2014-07-02","2014-07-16",3,"BET.JERC_010.2014.03","JERC_010.S.20140716",14,"ok","ok","ok","Y","NEON.DOC.014050","iiDgbhaUgfNp3U3OpmVG3zaygcMeRRyi",,0,0,0
"125D14D313664AA89A434723AAF4AE04","D03","JERC","JERC_010","N","deciduousForest",31.208400,-84.469494,"WGS84",5.3,42.9,0.4,"2014-07-02","2014-07-16",3,"BET.JERC_010.2014.03","JERC_010.N.20140716",14,"ok","ok","ok","Y","NEON.DOC.014050","iiDgbhaUgfNp3U3OpmVG3zaygcMeRRyi",,0,0,0
"3CB511DF0DCF41B5ADB4B8DBE6C886B7","D03","JERC","JERC_008","E","mixedForest",31.195151,-84.450721,"WGS84",5.2,46.1,0.3,"2014-07-02","2014-07-16",3,"BET.JERC_008.2014.03","JERC_008.E.20140716",14,"ok","ok","ok","Y","NEON.DOC.014050","iiDgbhaUgfNp3U3OpmVG3zaygcMeRRyi","Out of PG stock, some filtered waste mixed w/PG solution to reset traps.",0,0,0
"18C33F6D393046F7A2F29D14789398CC","D03","JERC","JERC_008","N","mixedForest",31.195335,-84.450926,"WGS84",5.2,46.1,0.3,"2014-07-02","2014-07-16",3,"BET.JERC_008.2014.03","JERC_008.N.20140716",14,"ok","ok","ok","Y","NEON.DOC.014050","iiDgbhaUgfNp3U3OpmVG3zaygcMeRRyi","Out of PG stock, some filtered waste mixed w/PG solution to reset traps.",0,0,0
"2DF5540ED0854DB5B75E7DA5A812285C","D03","JERC","JERC_008","W","mixedForest",31.195159,-84.451141,"WGS84",5.2,46.1,0.3,"2014-07-02","2014-07-16",3,"BET.JERC_008.2014.03","JERC_008.W.20140716",14,"ok","ok","ok","Y","NEON.DOC.014050","iiDgbhaUgfNp3U3OpmVG3zaygcMeRRyi","Out of PG stock, some filtered waste mixed w/PG solution to reset traps.",0,0,0
"E47F9C1C4B7A4A2283F2BC3491449283","D03","JERC","JERC_008","S","mixedForest",31.194975,-84.450936,"WGS84",5.2,46.1,0.3,"2014-07-02","2014-07-16",3,"BET.JERC_008.2014.03","JERC_008.S.20140716",14,"ok","ok","ok","Y","NEON.DOC.014050","iiDgbhaUgfNp3U3OpmVG3zaygcMeRRyi","Out of PG stock, some filtered waste mixed w/PG solution to reset traps.",0,0,0
"ED5ECEF87CA84B7184BFBFFBF068C427","D03","JERC","JERC_007","W","evergreenForest",31.198636,-84.476522,"WGS84",5.1,36.8,0.2,"2014-07-02","2014-07-16",3,"BET.JERC_007.2014.03","JERC_007.W.20140716",14,"ok","ok","ok","Y","NEON.DOC.014050","iiDgbhaUgfNp3U3OpmVG3zaygcMeRRyi",,0,0,0
"3E83995D77AB4489AD13AC20DF34654C","D03","JERC","JERC_007","N","evergreenForest",31.198812,-84.476307,"WGS84",5.1,36.8,0.2,"2014-07-02","2014-07-16",3,"BET.JERC_007.2014.03","JERC_007.N.20140716",14,"ok","ok","ok","Y","NEON.DOC.014050","iiDgbhaUgfNp3U3OpmVG3zaygcMeRRyi",,0,0,0
"C656298B6F3D42D1B712941E46368AFA","D03","JERC","JERC_007","E","evergreenForest",31.198628,-84.476102,"WGS84",5.1,36.8,0.2,"2014-07-02","2014-07-16",3,"BET.JERC_007.2014.03","JERC_007.E.20140716",14,"ok","ok","ok","Y","NEON.DOC.014050","iiDgbhaUgfNp3U3OpmVG3zaygcMeRRyi",,0,0,0
"A58CDF9A66914F938E5FCDFD0AF682F4","D03","JERC","JERC_007","S","evergreenForest",31.198451,-84.476317,"WGS84",5.1,36.8,0.2,"2014-07-02","2014-07-16",3,"BET.JERC_007.2014.03","JERC_007.S.20140716",14,"ok","ok","ok","Y","NEON.DOC.014050","iiDgbhaUgfNp3U3OpmVG3zaygcMeRRyi",,0,0,0
"E6F231EFC51A436696208856C86A85E4","D03","JERC","JERC_006","S","mixedForest",31.187487,-84.455857,"WGS84",5.1,41.9,0.3,"2014-07-02","2014-07-16",3,"BET.JERC_006.2014.03","JERC_006.S.20140716",14,"ok","ok","ok","Y","NEON.DOC.014050","iiDgbhaUgfNp3U3OpmVG3zaygcMeRRyi",,0,0,0
"AFECA28D919E441D8DD5CF25CC16EFEF","D03","JERC","JERC_006","E","mixedForest",31.187663,-84.455643,"WGS84",5.1,41.9,0.3,"2014-07-02","2014-07-16",3,"BET.JERC_006.2014.03","JERC_006.E.20140716",14,"ok","ok","ok","Y","NEON.DOC.014050","iiDgbhaUgfNp3U3OpmVG3zaygcMeRRyi",,0,0,0
"62353510C86B4D7D9E0414E8EB92731B","D03","JERC","JERC_006","W","mixedForest",31.187672,-84.456062,"WGS84",5.1,41.9,0.3,"2014-07-02","2014-07-16",3,"BET.JERC_006.2014.03","JERC_006.W.20140716",14,"ok","ok","high","Y","NEON.DOC.014050","iiDgbhaUgfNp3U3OpmVG3zaygcMeRRyi",,0,0,0
"2D7562F4E4AB497FBBB68A121187DEE1","D03","JERC","JERC_006","N","mixedForest",31.187848,-84.455848,"WGS84",5.1,41.9,0.3,"2014-07-02","2014-07-16",3,"BET.JERC_006.2014.03","JERC_006.N.20140716",14,"ok","ok","ok","Y","NEON.DOC.014050","iiDgbhaUgfNp3U3OpmVG3zaygcMeRRyi",,0,0,0
"D71C53D1E47E4D1EBD693ED1890D1A77","D03","JERC","JERC_005","E","evergreenForest",31.195959,-84.451014,"WGS84",5.2,45.6,0.4,"2014-07-02","2014-07-16",3,"BET.JERC_005.2014.03","JERC_005.E.20140716",14,"ok","ok","ok","Y","NEON.DOC.014050","iiDgbhaUgfNp3U3OpmVG3zaygcMeRRyi",,0,0,0
"424CD41DCD6541E7B0132ADA5FB6947C","D03","JERC","JERC_005","N","evergreenForest",31.196144,-84.451219,"WGS84",5.2,45.6,0.4,"2014-07-02","2014-07-16",3,"BET.JERC_005.2014.03","JERC_005.N.20140716",14,"ok","ok","ok","Y","NEON.DOC.014050","iiDgbhaUgfNp3U3OpmVG3zaygcMeRRyi",,0,0,0
"C1E54811E49843FD8A0FB195BF478B05","D03","JERC","JERC_005","S","evergreenForest",31.195783,-84.451229,"WGS84",5.2,45.6,0.4,"2014-07-02","2014-07-16",3,"BET.JERC_005.2014.03","JERC_005.S.20140716",14,"ok","ok","ok","Y","NEON.DOC.014050","iiDgbhaUgfNp3U3OpmVG3zaygcMeRRyi",,0,0,0
"C92B9C1ECC4F4AF78348A51563AE1A3A","D03","JERC","JERC_005","W","evergreenForest",31.195967,-84.451434,"WGS84",5.2,45.6,0.4,"2014-07-02","2014-07-16",3,"BET.JERC_005.2014.03","JERC_005.W.20140716",14,"ok","ok","ok","Y","NEON.DOC.014050","iiDgbhaUgfNp3U3OpmVG3zaygcMeRRyi",,0,0,0
"1F6CEBF362744F5F8216648068B84E94","D03","JERC","JERC_003","W","deciduousForest",31.196149,-84.473451,"WGS84",5.1,34.1,0.3,"2014-07-02","2014-07-16",3,"BET.JERC_003.2014.03","JERC_003.W.20140716",14,"ok","ok","ok","Y","NEON.DOC.014050","iiDgbhaUgfNp3U3OpmVG3zaygcMeRRyi",,0,0,0
"D420A48088FE4005847182CCBDC7EC16","D03","JERC","JERC_003","N","deciduousForest",31.196326,-84.473236,"WGS84",5.1,34.1,0.3,"2014-07-02","2014-07-16",3,"BET.JERC_003.2014.03","JERC_003.N.20140716",14,"ok","ok","ok","Y","NEON.DOC.014050","iiDgbhaUgfNp3U3OpmVG3zaygcMeRRyi",,0,0,0
"0620E85A1D7B4EC3A0D52C742FF3F582","D03","JERC","JERC_003","S","deciduousForest",31.195965,-84.473246,"WGS84",5.1,34.1,0.3,"2014-07-02","2014-07-16",3,"BET.JERC_003.2014.03","JERC_003.S.20140716",14,"ok","ok","ok","Y","NEON.DOC.014050","iiDgbhaUgfNp3U3OpmVG3zaygcMeRRyi",,0,0,0
"0804CB27096240EEA525FC727B4BD49D","D03","JERC","JERC_003","E","deciduousForest",31.196141,-84.473031,"WGS84",5.1,34.1,0.3,"2014-07-02","2014-07-16",3,"BET.JERC_003.2014.03","JERC_003.E.20140716",14,"disturbed","ok","ok","Y","NEON.DOC.014050","iiDgbhaUgfNp3U3OpmVG3zaygcMeRRyi",,0,0,0
"BE58FB7F495245EDB355EF544A91FCD2","D03","JERC","JERC_002","N","evergreenForest",31.194686,-84.460061,"WGS84",5.3,48.3,0.3,"2014-07-02","2014-07-16",3,"BET.JERC_002.2014.03","JERC_002.N.20140716",14,"ok","ok","ok","Y","NEON.DOC.014050","iiDgbhaUgfNp3U3OpmVG3zaygcMeRRyi",,0,0,0
"F9E4EEFB9DFE44D286C5E841D8698A19","D03","JERC","JERC_002","W","evergreenForest",31.194510,-84.460275,"WGS84",5.3,48.3,0.3,"2014-07-02","2014-07-16",3,"BET.JERC_002.2014.03","JERC_002.W.20140716",14,"ok","ok","ok","Y","NEON.DOC.014050","iiDgbhaUgfNp3U3OpmVG3zaygcMeRRyi",,0,0,0
"184AB48AD909478D84F4830234EB15BF","D03","JERC","JERC_002","S","evergreenForest",31.194326,-84.460070,"WGS84",5.3,48.3,0.3,"2014-07-02","2014-07-16",3,"BET.JERC_002.2014.03","JERC_002.S.20140716",14,"ok","ok","ok","Y","NEON.DOC.014050","iiDgbhaUgfNp3U3OpmVG3zaygcMeRRyi",,0,0,0
"7BEE756B8F8746DE91FDCCDE273CDA03","D03","JERC","JERC_002","E","evergreenForest",31.194502,-84.459856,"WGS84",5.3,48.3,0.3,"2014-07-02","2014-07-16",3,"BET.JERC_002.2014.03","JERC_002.E.20140716",14,"ok","ok","ok","Y","NEON.DOC.014050","iiDgbhaUgfNp3U3OpmVG3zaygcMeRRyi",,0,0,0
"9ECBB6ACB03242B7B43C3D9E30B8170F","D03","JERC","JERC_001","W","deciduousForest",31.194322,-84.477287,"WGS84",5.3,37.9,0.3,"2014-07-02","2014-07-16",3,"BET.JERC_001.2014.03","JERC_001.W.20140716",14,"ok","ok","ok","Y","NEON.DOC.014050","iiDgbhaUgfNp3U3OpmVG3zaygcMeRRyi",,0,0,0
"688FBB33F2EB4859BA1C9B7D7400C4D7","D03","JERC","JERC_001","N","deciduousForest",31.194498,-84.477072,"WGS84",5.3,37.9,0.3,"2014-07-02","2014-07-16",3,"BET.JERC_001.2014.03","JERC_001.N.20140716",14,"ok","ok","ok","Y","NEON.DOC.014050","iiDgbhaUgfNp3U3OpmVG3zaygcMeRRyi",,0,0,0
"4E72A2CE4B6846D98ECE29FB773F4785","D03","JERC","JERC_001","E","deciduousForest",31.194314,-84.476867,"WGS84",5.3,37.9,0.3,"2014-07-02","2014-07-16",3,"BET.JERC_001.2014.03","JERC_001.E.20140716",14,"ok","ok","low","Y","NEON.DOC.014050","iiDgbhaUgfNp3U3OpmVG3zaygcMeRRyi",,0,0,0
"ED77F42E45CE430A9E956D22B91E58CE","D03","JERC","JERC_001","S","deciduousForest",31.194137,-84.477082,"WGS84",5.3,37.9,0.3,"2014-07-16","2014-07-30",4,"BET.JERC_001.2014.04","JERC_001.S.20140730",14,"ok","ok","ok","Y","NEON.DOC.014050","iiDgbhaUgfPlmO3sDuElTmkNgYTXyxbk",,0,0,0
"62264C03431E4F79A7BBD18C16D82C03","D03","JERC","JERC_030","E","mixedForest",31.185094,-84.475853,"WGS84",5.1,36.3,0.2,"2014-07-16","2014-07-30",4,"BET.JERC_030.2014.04","JERC_030.E.20140730",14,"ok","ok","high","Y","NEON.DOC.014050","iiDgbhaUgfPlmO3sDuElTmkNgYTXyxbk",,0,0,0
"3FB4A733BAC6497B9B4D16CBD9AA59B2","D03","JERC","JERC_030","W","mixedForest",31.185103,-84.476273,"WGS84",5.1,36.3,0.2,"2014-07-16","2014-07-30",3,"BET.JERC_030.2014.03",,14,"disturbed","disturbed",,"Y","NEON.DOC.014050","w9gx7zrN+zBUJ2iV6az0FngRBSIRDJ4m","Fluid level not reported. Trap was disturbed.",0,0,0
"03F6957C72734FACAE2B33B72BDE948D","D03","JERC","JERC_030","S","mixedForest",31.184918,-84.476068,"WGS84",5.1,36.3,0.2,"2014-07-16","2014-07-30",4,"BET.JERC_030.2014.04","JERC_030.S.20140730",14,"ok","ok","ok","Y","NEON.DOC.014050","iiDgbhaUgfPlmO3sDuElTmkNgYTXyxbk",,0,0,0
"B0913DCD0CDE4C739B690FDA219FC713","D03","JERC","JERC_030","W","mixedForest",31.185103,-84.476273,"WGS84",5.1,36.3,0.2,"2014-07-16","2014-07-30",4,"BET.JERC_030.2014.04",,14,"missing","disturbed","low","Y","NEON.DOC.014050","iiDgbhaUgfPlmO3sDuElTmkNgYTXyxbk","west cup was removed from trap
no catch and no fluid",0,0,0
"E1CFBFD8EA4440E195DEB9339DDED92C","D03","JERC","JERC_030","S","mixedForest",31.184918,-84.476068,"WGS84",5.1,36.3,0.2,"2014-07-16","2014-07-30",3,"BET.JERC_030.2014.03","JERC_030.S.20140730",14,"ok","ok","ok","Y","NEON.DOC.014050","w9gx7zrN+zBUJ2iV6az0FngRBSIRDJ4m",,0,0,0
"F305620BF8D14E2CB3D5D84E11509198","D03","JERC","JERC_030","N","mixedForest",31.185279,-84.476058,"WGS84",5.1,36.3,0.2,"2014-07-16","2014-07-30",4,"BET.JERC_030.2014.04","JERC_030.N.20140730",14,"ok","ok","ok","Y","NEON.DOC.014050","iiDgbhaUgfPlmO3sDuElTmkNgYTXyxbk",,0,0,0
"A80D46426E4042A4B925BBA13C4602A0","D03","JERC","JERC_030","E","mixedForest",31.185094,-84.475853,"WGS84",5.1,36.3,0.2,"2014-07-16","2014-07-30",3,"BET.JERC_030.2014.03","JERC_030.E.20140730",14,"ok","ok","high","Y","NEON.DOC.014050","w9gx7zrN+zBUJ2iV6az0FngRBSIRDJ4m",,0,0,0
"EFEA4E7B415F49AB896630E15833A92F","D03","JERC","JERC_030","N","mixedForest",31.185279,-84.476058,"WGS84",5.1,36.3,0.2,"2014-07-16","2014-07-30",3,"BET.JERC_030.2014.03","JERC_030.N.20140730",14,"ok","ok","ok","Y","NEON.DOC.014050","w9gx7zrN+zBUJ2iV6az0FngRBSIRDJ4m",,0,0,0
"DBF3D15355874C7D81BD7F23807E23BB","D03","JERC","JERC_009","S","evergreenForest",31.194813,-84.456910,"WGS84",5.2,48.6,0.3,"2014-07-16","2014-07-30",4,"BET.JERC_009.2014.04","JERC_009.S.20140730",14,"ok","ok","ok","Y","NEON.DOC.014050","iiDgbhaUgfPlmO3sDuElTmkNgYTXyxbk",,0,0,0
"5A7F3C76662345278275B5207717D83F","D03","JERC","JERC_009","E","evergreenForest",31.194989,-84.456695,"WGS84",5.2,48.6,0.3,"2014-07-16","2014-07-30",4,"BET.JERC_009.2014.04","JERC_009.E.20140730",14,"ok","ok","ok","Y","NEON.DOC.014050","iiDgbhaUgfPlmO3sDuElTmkNgYTXyxbk",,0,0,0
"62930CD8844344FB87DD37A10C807BD4","D03","JERC","JERC_009","W","evergreenForest",31.194998,-84.457115,"WGS84",5.2,48.6,0.3,"2014-07-16","2014-07-30",4,"BET.JERC_009.2014.04","JERC_009.W.20140730",14,"ok","ok","ok","Y","NEON.DOC.014050","iiDgbhaUgfPlmO3sDuElTmkNgYTXyxbk",,0,0,0
"FB7A0C574117469EB429889D60C756F9","D03","JERC","JERC_009","N","evergreenForest",31.195174,-84.456900,"WGS84",5.2,48.6,0.3,"2014-07-16","2014-07-30",4,"BET.JERC_009.2014.04","JERC_009.N.20140730",14,"ok","ok","ok","Y","NEON.DOC.014050","iiDgbhaUgfPlmO3sDuElTmkNgYTXyxbk",,0,0,0
"7FA779D9C1E84DF59C4A942CDBE0DBA0","D03","JERC","JERC_010","W","deciduousForest",31.208224,-84.469709,"WGS84",5.3,42.9,0.4,"2014-07-16","2014-07-30",4,"BET.JERC_010.2014.04","JERC_010.W.20140730",14,"ok","ok","ok","Y","NEON.DOC.014050","iiDgbhaUgfPlmO3sDuElTmkNgYTXyxbk",,0,0,0
"A00399719072469B94D4E82F05960271","D03","JERC","JERC_010","N","deciduousForest",31.208400,-84.469494,"WGS84",5.3,42.9,0.4,"2014-07-16","2014-07-30",4,"BET.JERC_010.2014.04","JERC_010.N.20140730",14,"ok","ok","ok","Y","NEON.DOC.014050","iiDgbhaUgfPlmO3sDuElTmkNgYTXyxbk",,0,0,0
"C2F013C534A74ABF856E8EBDB73A593E","D03","JERC","JERC_010","E","deciduousForest",31.208216,-84.469289,"WGS84",5.3,42.9,0.4,"2014-07-16","2014-07-30",4,"BET.JERC_010.2014.04","JERC_010.E.20140730",14,"ok","ok","ok","Y","NEON.DOC.014050","iiDgbhaUgfPlmO3sDuElTmkNgYTXyxbk",,0,0,0
"9FF86187A97544789506E091CA68889D","D03","JERC","JERC_010","S","deciduousForest",31.208040,-84.469504,"WGS84",5.3,42.9,0.4,"2014-07-16","2014-07-30",4,"BET.JERC_010.2014.04","JERC_010.S.20140730",14,"ok","ok","ok","Y","NEON.DOC.014050","iiDgbhaUgfPlmO3sDuElTmkNgYTXyxbk",,0,0,0
"68B31D25D1A3496D93AF443207411D28","D03","JERC","JERC_008","E","mixedForest",31.195151,-84.450721,"WGS84",5.2,46.1,0.3,"2014-07-16","2014-07-30",4,"BET.JERC_008.2014.04","JERC_008.E.20140730",14,"ok","ok","high","Y","NEON.DOC.014050","iiDgbhaUgfPlmO3sDuElTmkNgYTXyxbk",,0,0,0
"9ACC4CEFAEBA40B7B07A7BED17EB45F7","D03","JERC","JERC_008","N","mixedForest",31.195335,-84.450926,"WGS84",5.2,46.1,0.3,"2014-07-16","2014-07-30",4,"BET.JERC_008.2014.04","JERC_008.N.20140730",14,"ok","ok","ok","Y","NEON.DOC.014050","iiDgbhaUgfPlmO3sDuElTmkNgYTXyxbk",,0,0,0
"289942B0770346BD8B9FAB436A69CCD1","D03","JERC","JERC_008","S","mixedForest",31.194975,-84.450936,"WGS84",5.2,46.1,0.3,"2014-07-16","2014-07-30",4,"BET.JERC_008.2014.04","JERC_008.S.20140730",14,"ok","ok","ok","Y","NEON.DOC.014050","iiDgbhaUgfPlmO3sDuElTmkNgYTXyxbk",,0,0,0
"79EEBEA5717B49D98660242B9D6EEB52","D03","JERC","JERC_008","W","mixedForest",31.195159,-84.451141,"WGS84",5.2,46.1,0.3,"2014-07-16","2014-07-30",4,"BET.JERC_008.2014.04","JERC_008.W.20140730",14,"ok","ok","ok","Y","NEON.DOC.014050","iiDgbhaUgfPlmO3sDuElTmkNgYTXyxbk",,0,0,0
"C74C95C7C81B4003A1B3A855E8F46888","D03","JERC","JERC_007","E","evergreenForest",31.198628,-84.476102,"WGS84",5.1,36.8,0.2,"2014-07-16","2014-07-30",4,"BET.JERC_007.2014.04","JERC_007.E.20140730",14,"ok","ok","ok","Y","NEON.DOC.014050","iiDgbhaUgfPlmO3sDuElTmkNgYTXyxbk",,0,0,0
"EAEBEE29AA32433BAE3F4C49FB029726","D03","JERC","JERC_007","N","evergreenForest",31.198812,-84.476307,"WGS84",5.1,36.8,0.2,"2014-07-16","2014-07-30",4,"BET.JERC_007.2014.04","JERC_007.N.20140730",14,"ok","ok","ok","Y","NEON.DOC.014050","iiDgbhaUgfPlmO3sDuElTmkNgYTXyxbk",,0,0,0
"45D1DAAEAD0442FF8E44A84A43373C1A","D03","JERC","JERC_007","W","evergreenForest",31.198636,-84.476522,"WGS84",5.1,36.8,0.2,"2014-07-16","2014-07-30",4,"BET.JERC_007.2014.04","JERC_007.W.20140730",14,"ok","ok","ok","Y","NEON.DOC.014050","iiDgbhaUgfPlmO3sDuElTmkNgYTXyxbk",,0,0,0
"63652C397CA2426A925361850834E4D1","D03","JERC","JERC_007","S","evergreenForest",31.198451,-84.476317,"WGS84",5.1,36.8,0.2,"2014-07-16","2014-07-30",4,"BET.JERC_007.2014.04","JERC_007.S.20140730",14,"ok","ok","ok","Y","NEON.DOC.014050","iiDgbhaUgfPlmO3sDuElTmkNgYTXyxbk",,0,0,0
"7F2B7E8F98C045A7A834A322BA3BDCAB","D03","JERC","JERC_006","E","mixedForest",31.187663,-84.455643,"WGS84",5.1,41.9,0.3,"2014-07-16","2014-07-30",4,"BET.JERC_006.2014.04","JERC_006.E.20140730",14,"ok","ok","ok","Y","NEON.DOC.014050","iiDgbhaUgfPlmO3sDuElTmkNgYTXyxbk",,0,0,0
"414C1973472B4201A852C9989BF500B3","D03","JERC","JERC_006","W","mixedForest",31.187672,-84.456062,"WGS84",5.1,41.9,0.3,"2014-07-16","2014-07-30",4,"BET.JERC_006.2014.04","JERC_006.W.20140730",14,"ok","ok","ok","Y","NEON.DOC.014050","iiDgbhaUgfPlmO3sDuElTmkNgYTXyxbk",,0,0,0
"946B721A8D354453B279B015304F5476","D03","JERC","JERC_006","N","mixedForest",31.187848,-84.455848,"WGS84",5.1,41.9,0.3,"2014-07-16","2014-07-30",4,"BET.JERC_006.2014.04","JERC_006.N.20140730",14,"disturbed","ok","ok","Y","NEON.DOC.014050","iiDgbhaUgfPlmO3sDuElTmkNgYTXyxbk",,0,0,0
"B781C116B1324874843F4D76C085EFB7","D03","JERC","JERC_006","S","mixedForest",31.187487,-84.455857,"WGS84",5.1,41.9,0.3,"2014-07-16","2014-07-30",4,"BET.JERC_006.2014.04","JERC_006.S.20140730",14,"ok","ok","ok","Y","NEON.DOC.014050","iiDgbhaUgfPlmO3sDuElTmkNgYTXyxbk",,0,0,0
"ADF57A49D717459B9E377EC9F61E277C","D03","JERC","JERC_005","N","evergreenForest",31.196144,-84.451219,"WGS84",5.2,45.6,0.4,"2014-07-16","2014-07-30",4,"BET.JERC_005.2014.04","JERC_005.N.20140730",14,"disturbed","ok","ok","Y","NEON.DOC.014050","iiDgbhaUgfPlmO3sDuElTmkNgYTXyxbk",,0,0,0
"A63557F4FFDA4640BC3BB25BC24BF1C8","D03","JERC","JERC_005","S","evergreenForest",31.195783,-84.451229,"WGS84",5.2,45.6,0.4,"2014-07-16","2014-07-30",4,"BET.JERC_005.2014.04","JERC_005.S.20140730",14,"ok","ok","ok","Y","NEON.DOC.014050","iiDgbhaUgfPlmO3sDuElTmkNgYTXyxbk",,0,0,0
"2751D377881B4ED6A7EEDB62A2CAF509","D03","JERC","JERC_005","W","evergreenForest",31.195967,-84.451434,"WGS84",5.2,45.6,0.4,"2014-07-16","2014-07-30",4,"BET.JERC_005.2014.04","JERC_005.W.20140730",14,"ok","ok","ok","Y","NEON.DOC.014050","iiDgbhaUgfPlmO3sDuElTmkNgYTXyxbk","Trap lid propped up on one side",0,0,0
"B968A129781A4FCFAD9B86BDB7603332","D03","JERC","JERC_005","E","evergreenForest",31.195959,-84.451014,"WGS84",5.2,45.6,0.4,"2014-07-16","2014-07-30",4,"BET.JERC_005.2014.04","JERC_005.E.20140730",14,"ok","ok","ok","Y","NEON.DOC.014050","iiDgbhaUgfPlmO3sDuElTmkNgYTXyxbk",,0,0,0
"8E948F8DE3124982AF38DC39BC58A23B","D03","JERC","JERC_003","W","deciduousForest",31.196149,-84.473451,"WGS84",5.1,34.1,0.3,"2014-07-16","2014-07-30",4,"BET.JERC_003.2014.04","JERC_003.W.20140730",14,"ok","ok","ok","Y","NEON.DOC.014050","iiDgbhaUgfPlmO3sDuElTmkNgYTXyxbk",,0,0,0
"A29CC369389A4A709E5A498919AC8F69","D03","JERC","JERC_003","S","deciduousForest",31.195965,-84.473246,"WGS84",5.1,34.1,0.3,"2014-07-16","2014-07-30",4,"BET.JERC_003.2014.04","JERC_003.S.20140730",14,"ok","ok","ok","Y","NEON.DOC.014050","iiDgbhaUgfPlmO3sDuElTmkNgYTXyxbk",,0,0,0
"897B5E68EC9C450E96D3D09C251C929F","D03","JERC","JERC_003","N","deciduousForest",31.196326,-84.473236,"WGS84",5.1,34.1,0.3,"2014-07-16","2014-07-30",4,"BET.JERC_003.2014.04","JERC_003.N.20140730",14,"ok","ok","ok","Y","NEON.DOC.014050","iiDgbhaUgfPlmO3sDuElTmkNgYTXyxbk",,0,0,0
"179CDAC92A7B45C2B6A6B8AD4EDED362","D03","JERC","JERC_003","E","deciduousForest",31.196141,-84.473031,"WGS84",5.1,34.1,0.3,"2014-07-16","2014-07-30",4,"BET.JERC_003.2014.04","JERC_003.E.20140730",14,"ok","ok","high","Y","NEON.DOC.014050","iiDgbhaUgfPlmO3sDuElTmkNgYTXyxbk",,0,0,0
"3F3E1EB667864BB3972DF9FCBB90C1F2","D03","JERC","JERC_002","E","evergreenForest",31.194502,-84.459856,"WGS84",5.3,48.3,0.3,"2014-07-16","2014-07-30",4,"BET.JERC_002.2014.04","JERC_002.E.20140730",14,"ok","ok","ok","Y","NEON.DOC.014050","iiDgbhaUgfPlmO3sDuElTmkNgYTXyxbk",,0,0,0
"F2AFED708DF34E3F901A5FFE30212F3E","D03","JERC","JERC_002","S","evergreenForest",31.194326,-84.460070,"WGS84",5.3,48.3,0.3,"2014-07-16","2014-07-30",4,"BET.JERC_002.2014.04","JERC_002.S.20140730",14,"ok","ok","ok","Y","NEON.DOC.014050","iiDgbhaUgfPlmO3sDuElTmkNgYTXyxbk",,0,0,0
"C669DDDF414046B790693113492B2BFE","D03","JERC","JERC_002","W","evergreenForest",31.194510,-84.460275,"WGS84",5.3,48.3,0.3,"2014-07-16","2014-07-30",4,"BET.JERC_002.2014.04","JERC_002.W.20140730",14,"ok","ok","ok","Y","NEON.DOC.014050","iiDgbhaUgfPlmO3sDuElTmkNgYTXyxbk",,0,0,0
"3A6B2BA94C364B58A3A93E5E513FBC80","D03","JERC","JERC_002","N","evergreenForest",31.194686,-84.460061,"WGS84",5.3,48.3,0.3,"2014-07-16","2014-07-30",4,"BET.JERC_002.2014.04","JERC_002.N.20140730",14,"ok","ok","ok","Y","NEON.DOC.014050","iiDgbhaUgfPlmO3sDuElTmkNgYTXyxbk",,0,0,0
"EFBF3A30656B4C9889E4D11EA4AF3FDA","D03","JERC","JERC_001","E","deciduousForest",31.194314,-84.476867,"WGS84",5.3,37.9,0.3,"2014-07-16","2014-07-30",4,"BET.JERC_001.2014.04","JERC_001.E.20140730",14,"ok","ok","ok","Y","NEON.DOC.014050","iiDgbhaUgfPlmO3sDuElTmkNgYTXyxbk",,0,0,0
"388CF5BBCD4F40F68368D6F0CD75C2B2","D03","JERC","JERC_001","W","deciduousForest",31.194322,-84.477287,"WGS84",5.3,37.9,0.3,"2014-07-16","2014-07-30",4,"BET.JERC_001.2014.04","JERC_001.W.20140730",14,"ok","ok","ok","Y","NEON.DOC.014050","iiDgbhaUgfPlmO3sDuElTmkNgYTXyxbk",,0,0,0
"C307C1600C3340E4B4934C55D25E6950","D03","JERC","JERC_001","N","deciduousForest",31.194498,-84.477072,"WGS84",5.3,37.9,0.3,"2014-07-16","2014-07-30",4,"BET.JERC_001.2014.04","JERC_001.N.20140730",14,"ok","ok","ok","Y","NEON.DOC.014050","iiDgbhaUgfPlmO3sDuElTmkNgYTXyxbk",,0,0,0
"863B669DBD3E47FBBCDC52775F26EF52","D03","JERC","JERC_001","E","deciduousForest",31.194314,-84.476867,"WGS84",5.3,37.9,0.3,"2014-07-30","2014-08-13",5,"BET.JERC_001.2014.05","JERC_001.E.20140813",14,"ok","ok","ok","Y","NEON.DOC.014050","iiDgbhaUgfPlmO3sDuElTmkNgYTXyxbk",,0,0,0
"39B9FAC558434B47BE11C167F6C3F458","D03","JERC","JERC_030","E","mixedForest",31.185094,-84.475853,"WGS84",5.1,36.3,0.2,"2014-07-30","2014-08-13",5,"BET.JERC_030.2014.05","JERC_030.E.20140813",14,"ok","ok","ok","Y","NEON.DOC.014050","iiDgbhaUgfPlmO3sDuElTmkNgYTXyxbk",,0,0,0
"F18EA4D90279489FB3A1A86BAA8842CC","D03","JERC","JERC_030","S","mixedForest",31.184918,-84.476068,"WGS84",5.1,36.3,0.2,"2014-07-30","2014-08-13",5,"BET.JERC_030.2014.05","JERC_030.S.20140813",14,"ok","ok","ok","Y","NEON.DOC.014050","iiDgbhaUgfPlmO3sDuElTmkNgYTXyxbk",,0,0,0
"61E72B50BC3A40ED9C1B7CD5E0FCC5EE","D03","JERC","JERC_030","N","mixedForest",31.185279,-84.476058,"WGS84",5.1,36.3,0.2,"2014-07-30","2014-08-13",5,"BET.JERC_030.2014.05","JERC_030.N.20140813",14,"ok","ok","ok","Y","NEON.DOC.014050","iiDgbhaUgfPlmO3sDuElTmkNgYTXyxbk",,0,0,0
"20CF009A4DDA485FB42B5443C9489376","D03","JERC","JERC_030","W","mixedForest",31.185103,-84.476273,"WGS84",5.1,36.3,0.2,"2014-07-30","2014-08-13",5,"BET.JERC_030.2014.05","JERC_030.W.20140813",14,"ok","ok","low","Y","NEON.DOC.014050","iiDgbhaUgfPlmO3sDuElTmkNgYTXyxbk",,0,0,0
"3789DF780CDF4A2CAAAD68BB0EC852B4","D03","JERC","JERC_009","S","evergreenForest",31.194813,-84.456910,"WGS84",5.2,48.6,0.3,"2014-07-30","2014-08-13",5,"BET.JERC_009.2014.05","JERC_009.S.20140813",14,"ok","ok","ok","Y","NEON.DOC.014050","iiDgbhaUgfPlmO3sDuElTmkNgYTXyxbk",,0,0,0
"95560ED672AC4DF8AB5AFEEA8A340784","D03","JERC","JERC_009","W","evergreenForest",31.194998,-84.457115,"WGS84",5.2,48.6,0.3,"2014-07-30","2014-08-13",5,"BET.JERC_009.2014.05","JERC_009.W.20140813",14,"ok","ok","ok","Y","NEON.DOC.014050","iiDgbhaUgfPlmO3sDuElTmkNgYTXyxbk",,0,0,0
"571B40B589AA4158920F5C7BDD3BBFBF","D03","JERC","JERC_009","E","evergreenForest",31.194989,-84.456695,"WGS84",5.2,48.6,0.3,"2014-07-30","2014-08-13",5,"BET.JERC_009.2014.05","JERC_009.E.20140813",14,"ok","ok","ok","Y","NEON.DOC.014050","iiDgbhaUgfPlmO3sDuElTmkNgYTXyxbk",,0,0,0
"FF86B6CFD89A411E9E7466348156B41F","D03","JERC","JERC_009","N","evergreenForest",31.195174,-84.456900,"WGS84",5.2,48.6,0.3,"2014-07-30","2014-08-13",5,"BET.JERC_009.2014.05","JERC_009.N.20140813",14,"ok","ok","ok","Y","NEON.DOC.014050","iiDgbhaUgfPlmO3sDuElTmkNgYTXyxbk",,0,0,0
"65D74C38E0C1473E9D90F16B49E062F6","D03","JERC","JERC_010","W","deciduousForest",31.208224,-84.469709,"WGS84",5.3,42.9,0.4,"2014-07-30","2014-08-13",5,"BET.JERC_010.2014.05","JERC_010.W.20140813",14,"ok","ok","ok","Y","NEON.DOC.014050","iiDgbhaUgfPlmO3sDuElTmkNgYTXyxbk",,0,0,0
"5333E049B118473D8788578DEB032B3F","D03","JERC","JERC_010","S","deciduousForest",31.208040,-84.469504,"WGS84",5.3,42.9,0.4,"2014-07-30","2014-08-13",5,"BET.JERC_010.2014.05","JERC_010.S.20140813",14,"ok","ok","ok","Y","NEON.DOC.014050","iiDgbhaUgfPlmO3sDuElTmkNgYTXyxbk",,0,0,0
"3050B69A9A674F97BFA0B0B416C9B93E","D03","JERC","JERC_010","E","deciduousForest",31.208216,-84.469289,"WGS84",5.3,42.9,0.4,"2014-07-30","2014-08-13",5,"BET.JERC_010.2014.05","JERC_010.E.20140813",14,"ok","ok","ok","Y","NEON.DOC.014050","iiDgbhaUgfPlmO3sDuElTmkNgYTXyxbk",,0,0,0
"B2722A875D684EB1A2092E78C55689BF","D03","JERC","JERC_010","N","deciduousForest",31.208400,-84.469494,"WGS84",5.3,42.9,0.4,"2014-07-30","2014-08-13",5,"BET.JERC_010.2014.05","JERC_010.N.20140813",14,"ok","ok","ok","Y","NEON.DOC.014050","iiDgbhaUgfPlmO3sDuElTmkNgYTXyxbk",,0,0,0
"AFFC3178F1E9472983A8725861F86615","D03","JERC","JERC_008","S","mixedForest",31.194975,-84.450936,"WGS84",5.2,46.1,0.3,"2014-07-30","2014-08-13",5,"BET.JERC_008.2014.05","JERC_008.S.20140813",14,"ok","ok","ok","Y","NEON.DOC.014050","iiDgbhaUgfPlmO3sDuElTmkNgYTXyxbk",,0,0,0
"A9BD8FEA44334DE1949E39D1383BB861","D03","JERC","JERC_008","W","mixedForest",31.195159,-84.451141,"WGS84",5.2,46.1,0.3,"2014-07-30","2014-08-13",5,"BET.JERC_008.2014.05","JERC_008.W.20140813",14,"ok","ok","ok","Y","NEON.DOC.014050","iiDgbhaUgfPlmO3sDuElTmkNgYTXyxbk",,0,0,0
"05655710A16341FEA16B1049F764405E","D03","JERC","JERC_008","N","mixedForest",31.195335,-84.450926,"WGS84",5.2,46.1,0.3,"2014-07-30","2014-08-13",5,"BET.JERC_008.2014.05","JERC_008.N.20140813",14,"ok","ok","ok","Y","NEON.DOC.014050","iiDgbhaUgfPlmO3sDuElTmkNgYTXyxbk",,0,0,0
"E9E51B3AABD4413FA0BE4CD809BD773F","D03","JERC","JERC_008","E","mixedForest",31.195151,-84.450721,"WGS84",5.2,46.1,0.3,"2014-07-30","2014-08-13",5,"BET.JERC_008.2014.05","JERC_008.E.20140813",14,"ok","ok","ok","Y","NEON.DOC.014050","iiDgbhaUgfPlmO3sDuElTmkNgYTXyxbk",,0,0,0
"49AFA453E44A40CEBE9A995716261E44","D03","JERC","JERC_007","N","evergreenForest",31.198812,-84.476307,"WGS84",5.1,36.8,0.2,"2014-07-30","2014-08-13",5,"BET.JERC_007.2014.05","JERC_007.N.20140813",14,"ok","ok","ok","Y","NEON.DOC.014050","iiDgbhaUgfPlmO3sDuElTmkNgYTXyxbk",,0,0,0
"4A979E3A800340C59701BC5EF5BFC020","D03","JERC","JERC_007","S","evergreenForest",31.198451,-84.476317,"WGS84",5.1,36.8,0.2,"2014-07-30","2014-08-13",5,"BET.JERC_007.2014.05","JERC_007.S.20140813",14,"ok","ok","ok","Y","NEON.DOC.014050","iiDgbhaUgfPlmO3sDuElTmkNgYTXyxbk",,0,0,0
"04C78F382A8046BBA6EF6F022E8402D7","D03","JERC","JERC_007","W","evergreenForest",31.198636,-84.476522,"WGS84",5.1,36.8,0.2,"2014-07-30","2014-08-13",5,"BET.JERC_007.2014.05","JERC_007.W.20140813",14,"ok","ok","ok","Y","NEON.DOC.014050","iiDgbhaUgfPlmO3sDuElTmkNgYTXyxbk",,0,0,0
"2B7C494017BD451FA9CD273A77A277DA","D03","JERC","JERC_007","E","evergreenForest",31.198628,-84.476102,"WGS84",5.1,36.8,0.2,"2014-07-30","2014-08-13",5,"BET.JERC_007.2014.05","JERC_007.E.20140813",14,"ok","ok","ok","Y","NEON.DOC.014050","iiDgbhaUgfPlmO3sDuElTmkNgYTXyxbk",,0,0,0
"9777163126BE4739AAE80C306F6FEFD0","D03","JERC","JERC_006","W","mixedForest",31.187672,-84.456062,"WGS84",5.1,41.9,0.3,"2014-07-30","2014-08-13",5,"BET.JERC_006.2014.05","JERC_006.W.20140813",14,"ok","ok","ok","Y","NEON.DOC.014050","iiDgbhaUgfPlmO3sDuElTmkNgYTXyxbk",,0,0,0
"93040EB3C78444BF9A21F909113E819E","D03","JERC","JERC_006","E","mixedForest",31.187663,-84.455643,"WGS84",5.1,41.9,0.3,"2014-07-30","2014-08-13",5,"BET.JERC_006.2014.05","JERC_006.E.20140813",14,"ok","ok","ok","Y","NEON.DOC.014050","iiDgbhaUgfPlmO3sDuElTmkNgYTXyxbk",,0,0,0
"90DF231B6F7C483FB43D0C1E428DC0E9","D03","JERC","JERC_006","S","mixedForest",31.187487,-84.455857,"WGS84",5.1,41.9,0.3,"2014-07-30","2014-08-13",5,"BET.JERC_006.2014.05","JERC_006.S.20140813",14,"ok","ok","ok","Y","NEON.DOC.014050","iiDgbhaUgfPlmO3sDuElTmkNgYTXyxbk",,0,0,0
"F402ECEF6E5B4C1195F4320111C1D4E4","D03","JERC","JERC_006","N","mixedForest",31.187848,-84.455848,"WGS84",5.1,41.9,0.3,"2014-07-30","2014-08-13",5,"BET.JERC_006.2014.05","JERC_006.N.20140813",14,"ok","ok","ok","Y","NEON.DOC.014050","iiDgbhaUgfPlmO3sDuElTmkNgYTXyxbk",,0,0,0
"D8F0CB8D7D06470C9701F7ECA0FBB17A","D03","JERC","JERC_005","W","evergreenForest",31.195967,-84.451434,"WGS84",5.2,45.6,0.4,"2014-07-30","2014-08-13",5,"BET.JERC_005.2014.05","JERC_005.W.20140813",14,"ok","ok","ok","Y","NEON.DOC.014050","iiDgbhaUgfPlmO3sDuElTmkNgYTXyxbk",,0,0,0
"42D18F438D554FAAB4976DDD98732625","D03","JERC","JERC_005","E","evergreenForest",31.195959,-84.451014,"WGS84",5.2,45.6,0.4,"2014-07-30","2014-08-13",5,"BET.JERC_005.2014.05","JERC_005.E.20140813",14,"ok","ok","ok","Y","NEON.DOC.014050","iiDgbhaUgfPlmO3sDuElTmkNgYTXyxbk",,0,0,0
"F1206B2851A845D98A1939F4AC5592CA","D03","JERC","JERC_005","S","evergreenForest",31.195783,-84.451229,"WGS84",5.2,45.6,0.4,"2014-07-30","2014-08-13",5,"BET.JERC_005.2014.05","JERC_005.S.20140813",14,"ok","ok","ok","Y","NEON.DOC.014050","iiDgbhaUgfPlmO3sDuElTmkNgYTXyxbk",,0,0,0
"FA197FEFE44744B7B9CB844DDB87ECB3","D03","JERC","JERC_005","N","evergreenForest",31.196144,-84.451219,"WGS84",5.2,45.6,0.4,"2014-07-30","2014-08-13",5,"BET.JERC_005.2014.05","JERC_005.N.20140813",14,"ok","ok","ok","Y","NEON.DOC.014050","iiDgbhaUgfPlmO3sDuElTmkNgYTXyxbk",,0,0,0
"65B47101006449189A007C60E5CA9010","D03","JERC","JERC_003","N","deciduousForest",31.196326,-84.473236,"WGS84",5.1,34.1,0.3,"2014-07-30","2014-08-13",5,"BET.JERC_003.2014.05","JERC_003.N.20140813",14,"ok","ok","ok","Y","NEON.DOC.014050","iiDgbhaUgfPlmO3sDuElTmkNgYTXyxbk",,0,0,0
"57FAF0730ED6484A9B55DCB46D0C9A3A","D03","JERC","JERC_003","S","deciduousForest",31.195965,-84.473246,"WGS84",5.1,34.1,0.3,"2014-07-30","2014-08-13",5,"BET.JERC_003.2014.05","JERC_003.S.20140813",14,"ok","ok","ok","Y","NEON.DOC.014050","iiDgbhaUgfPlmO3sDuElTmkNgYTXyxbk",,0,0,0
"FE147F92B711409FB07B4FFB261E02D5","D03","JERC","JERC_003","W","deciduousForest",31.196149,-84.473451,"WGS84",5.1,34.1,0.3,"2014-07-30","2014-08-13",5,"BET.JERC_003.2014.05","JERC_003.W.20140813",14,"ok","ok","ok","Y","NEON.DOC.014050","iiDgbhaUgfPlmO3sDuElTmkNgYTXyxbk",,0,0,0
"C2508C5B69834E87AB9CFD17DC120310","D03","JERC","JERC_003","E","deciduousForest",31.196141,-84.473031,"WGS84",5.1,34.1,0.3,"2014-07-30","2014-08-13",5,"BET.JERC_003.2014.05","JERC_003.E.20140813",14,"ok","ok","ok","Y","NEON.DOC.014050","iiDgbhaUgfPlmO3sDuElTmkNgYTXyxbk",,0,0,0
"34FFB46B08CC464985DDA30E7C188056","D03","JERC","JERC_002","E","evergreenForest",31.194502,-84.459856,"WGS84",5.3,48.3,0.3,"2014-07-30","2014-08-13",5,"BET.JERC_002.2014.05","JERC_002.E.20140813",14,"ok","ok","ok","Y","NEON.DOC.014050","iiDgbhaUgfPlmO3sDuElTmkNgYTXyxbk",,0,0,0
"C9500A8600104A14BA8F917FD93DF519","D03","JERC","JERC_002","S","evergreenForest",31.194326,-84.460070,"WGS84",5.3,48.3,0.3,"2014-07-30","2014-08-13",5,"BET.JERC_002.2014.05","JERC_002.S.20140813",14,"ok","ok","ok","Y","NEON.DOC.014050","iiDgbhaUgfPlmO3sDuElTmkNgYTXyxbk",,0,0,0
"F342C0F844B640F79F3EB0CA2EAC3F42","D03","JERC","JERC_002","N","evergreenForest",31.194686,-84.460061,"WGS84",5.3,48.3,0.3,"2014-07-30","2014-08-13",5,"BET.JERC_002.2014.05","JERC_002.N.20140813",14,"ok","ok","ok","Y","NEON.DOC.014050","iiDgbhaUgfPlmO3sDuElTmkNgYTXyxbk",,0,0,0
"452C56C30AAF4E60AD6AD7C105D48351","D03","JERC","JERC_002","W","evergreenForest",31.194510,-84.460275,"WGS84",5.3,48.3,0.3,"2014-07-30","2014-08-13",5,"BET.JERC_002.2014.05","JERC_002.W.20140813",14,"ok","ok","ok","Y","NEON.DOC.014050","iiDgbhaUgfPlmO3sDuElTmkNgYTXyxbk",,0,0,0
"75E9ED85C0B44D97AF1B9906ADD4B454","D03","JERC","JERC_001","W","deciduousForest",31.194322,-84.477287,"WGS84",5.3,37.9,0.3,"2014-07-30","2014-08-13",5,"BET.JERC_001.2014.05","JERC_001.W.20140813",14,"ok","ok","ok","Y","NEON.DOC.014050","iiDgbhaUgfPlmO3sDuElTmkNgYTXyxbk",,0,0,0
"D9CEA8DA85BF463B82315772685998EA","D03","JERC","JERC_001","S","deciduousForest",31.194137,-84.477082,"WGS84",5.3,37.9,0.3,"2014-07-30","2014-08-13",5,"BET.JERC_001.2014.05","JERC_001.S.20140813",14,"ok","ok","ok","Y","NEON.DOC.014050","iiDgbhaUgfPlmO3sDuElTmkNgYTXyxbk",,0,0,0
"16D22E775F2E48D89AE7CE37C68BE6E7","D03","JERC","JERC_001","N","deciduousForest",31.194498,-84.477072,"WGS84",5.3,37.9,0.3,"2014-07-30","2014-08-13",5,"BET.JERC_001.2014.05","JERC_001.N.20140813",14,"ok","ok","ok","Y","NEON.DOC.014050","iiDgbhaUgfPlmO3sDuElTmkNgYTXyxbk",,0,0,0
"58DD25AE1E5B41FCACBC62B70B764188","D03","JERC","JERC_001","N","deciduousForest",31.194498,-84.477072,"WGS84",5.3,37.9,0.3,"2014-08-13","2014-08-27",6,"BET.JERC_001.2014.06","JERC_001.N.20140827",14,"ok","ok","ok","Y","NEON.DOC.014050","iiDgbhaUgfPlmO3sDuElTmkNgYTXyxbk",,0,0,0
"822A9123EA2E4153967C56CADB4F3536","D03","JERC","JERC_030","N","mixedForest",31.185279,-84.476058,"WGS84",5.1,36.3,0.2,"2014-08-13","2014-08-27",6,"BET.JERC_030.2014.06","JERC_030.N.20140827",14,"ok","ok","ok","Y","NEON.DOC.014050","iiDgbhaUgfPlmO3sDuElTmkNgYTXyxbk",,0,0,0
"F503830CE01F4BBFAE6D3362B0CA344F","D03","JERC","JERC_030","E","mixedForest",31.185094,-84.475853,"WGS84",5.1,36.3,0.2,"2014-08-13","2014-08-27",6,"BET.JERC_030.2014.06","JERC_030.E.20140827",14,"ok","ok","ok","Y","NEON.DOC.014050","iiDgbhaUgfPlmO3sDuElTmkNgYTXyxbk",,0,0,0
"9C0204B4BF164285AAB737E1DCECDC6C","D03","JERC","JERC_030","S","mixedForest",31.184918,-84.476068,"WGS84",5.1,36.3,0.2,"2014-08-13","2014-08-27",6,"BET.JERC_030.2014.06","JERC_030.S.20140827",14,"ok","ok","ok","Y","NEON.DOC.014050","iiDgbhaUgfPlmO3sDuElTmkNgYTXyxbk",,0,0,0
"942B256F23E8414EB026DFCF2B826CAB","D03","JERC","JERC_030","W","mixedForest",31.185103,-84.476273,"WGS84",5.1,36.3,0.2,"2014-08-13","2014-08-27",6,"BET.JERC_030.2014.06","JERC_030.W.20140827",14,"ok","ok","ok","Y","NEON.DOC.014050","iiDgbhaUgfPlmO3sDuElTmkNgYTXyxbk",,0,0,0
"29D285AA110440CB9E60176AFDA1EE2D","D03","JERC","JERC_009","W","evergreenForest",31.194998,-84.457115,"WGS84",5.2,48.6,0.3,,"2014-08-27",6,"BET.JERC_009.2014.06",,,,,,,"NEON.DOC.014050",,"This record is generated by the system",1,,
"3DB8B1AAB8D14D91AE91993A7CBFC211","D03","JERC","JERC_009","N","evergreenForest",31.195174,-84.456900,"WGS84",5.2,48.6,0.3,"2014-08-13","2014-08-27",6,"BET.JERC_009.2014.06","JERC_009.N.20140827",14,"ok","ok","ok","Y","NEON.DOC.014050","iiDgbhaUgfPlmO3sDuElTmkNgYTXyxbk",,0,0,0
"F59C616C311E4FEE9EBD57699B68A0C4","D03","JERC","JERC_009","E","evergreenForest",31.194989,-84.456695,"WGS84",5.2,48.6,0.3,"2014-08-13","2014-08-27",6,"BET.JERC_009.2014.06","JERC_009.E.20140827",14,"ok","ok","ok","Y","NEON.DOC.014050","iiDgbhaUgfPlmO3sDuElTmkNgYTXyxbk",,0,0,0
"72B29AD6FCBE45FDB7F7919A0075BE0D","D03","JERC","JERC_009","S","evergreenForest",31.194813,-84.456910,"WGS84",5.2,48.6,0.3,"2014-08-13","2014-08-27",6,"BET.JERC_009.2014.06","JERC_009.S.20140827",14,"ok","ok","ok","Y","NEON.DOC.014050","iiDgbhaUgfPlmO3sDuElTmkNgYTXyxbk",,0,0,0
"7FC04B696E104BC8A1AC6A612410ECE6","D03","JERC","JERC_010","N","deciduousForest",31.208400,-84.469494,"WGS84",5.3,42.9,0.4,"2014-08-13","2014-08-27",6,"BET.JERC_010.2014.06","JERC_010.N.20140827",14,"ok","ok","ok","Y","NEON.DOC.014050","iiDgbhaUgfPlmO3sDuElTmkNgYTXyxbk",,0,0,0
"57FCBF41E58D4137BAB6CDF6C86CC9BF","D03","JERC","JERC_010","E","deciduousForest",31.208216,-84.469289,"WGS84",5.3,42.9,0.4,"2014-08-13","2014-08-27",6,"BET.JERC_010.2014.06","JERC_010.E.20140827",14,"ok","ok","ok","Y","NEON.DOC.014050","iiDgbhaUgfPlmO3sDuElTmkNgYTXyxbk",,0,0,0
"583398F8D34B4DED89931A50D1537548","D03","JERC","JERC_010","S","deciduousForest",31.208040,-84.469504,"WGS84",5.3,42.9,0.4,"2014-08-13","2014-08-27",6,"BET.JERC_010.2014.06","JERC_010.S.20140827",14,"ok","ok","ok","Y","NEON.DOC.014050","iiDgbhaUgfPlmO3sDuElTmkNgYTXyxbk",,0,0,0
"60635FA9EC1D4CCBBBE3C493BA03FF53","D03","JERC","JERC_010","W","deciduousForest",31.208224,-84.469709,"WGS84",5.3,42.9,0.4,"2014-08-13","2014-08-27",6,"BET.JERC_010.2014.06","JERC_010.W.20140827",14,"ok","ok","ok","Y","NEON.DOC.014050","iiDgbhaUgfPlmO3sDuElTmkNgYTXyxbk",,0,0,0
"2CE3196605CA460DBA7C0D2C7D126B4B","D03","JERC","JERC_008","S","mixedForest",31.194975,-84.450936,"WGS84",5.2,46.1,0.3,"2014-08-13","2014-08-27",6,"BET.JERC_008.2014.06","JERC_008.S.20140827",14,"ok","ok","ok","Y","NEON.DOC.014050","iiDgbhaUgfPlmO3sDuElTmkNgYTXyxbk",,0,0,0
"362A1CA3CEBB42519D8EE66EB968BB56","D03","JERC","JERC_008","E","mixedForest",31.195151,-84.450721,"WGS84",5.2,46.1,0.3,"2014-08-13","2014-08-27",6,"BET.JERC_008.2014.06","JERC_008.E.20140827",14,"ok","ok","ok","Y","NEON.DOC.014050","iiDgbhaUgfPlmO3sDuElTmkNgYTXyxbk",,0,0,0
"29F185B8652C48F595211D5E9AD8699F","D03","JERC","JERC_008","N","mixedForest",31.195335,-84.450926,"WGS84",5.2,46.1,0.3,"2014-08-13","2014-08-27",6,"BET.JERC_008.2014.06","JERC_008.N.20140827",14,"ok","ok","ok","Y","NEON.DOC.014050","iiDgbhaUgfPlmO3sDuElTmkNgYTXyxbk",,0,0,0
"390B139C809043B9B5E448A7824B5915","D03","JERC","JERC_008","W","mixedForest",31.195159,-84.451141,"WGS84",5.2,46.1,0.3,"2014-08-13","2014-08-27",6,"BET.JERC_008.2014.06","JERC_008.W.20140827",14,"ok","ok","ok","Y","NEON.DOC.014050","iiDgbhaUgfPlmO3sDuElTmkNgYTXyxbk",,0,0,0
"D63A41053C8C482F9141F071E149B6F9","D03","JERC","JERC_007","W","evergreenForest",31.198636,-84.476522,"WGS84",5.1,36.8,0.2,"2014-08-13","2014-08-27",6,"BET.JERC_007.2014.06","JERC_007.W.20140827",14,"ok","ok","ok","Y","NEON.DOC.014050","iiDgbhaUgfPlmO3sDuElTmkNgYTXyxbk",,0,0,0
"E66BC15FAC5547F79343C7F70ED0B3E2","D03","JERC","JERC_007","E","evergreenForest",31.198628,-84.476102,"WGS84",5.1,36.8,0.2,"2014-08-13","2014-08-27",6,"BET.JERC_007.2014.06","JERC_007.E.20140827",14,"ok","ok","ok","Y","NEON.DOC.014050","iiDgbhaUgfPlmO3sDuElTmkNgYTXyxbk",,0,0,0
"6A1C1E99A79F458A8FD46155E49757A7","D03","JERC","JERC_007","S","evergreenForest",31.198451,-84.476317,"WGS84",5.1,36.8,0.2,"2014-08-13","2014-08-27",6,"BET.JERC_007.2014.06","JERC_007.S.20140827",14,"ok","ok","ok","Y","NEON.DOC.014050","iiDgbhaUgfPlmO3sDuElTmkNgYTXyxbk",,0,0,0
"7FB783D72ABE420CA3DD4F29043D0A19","D03","JERC","JERC_007","N","evergreenForest",31.198812,-84.476307,"WGS84",5.1,36.8,0.2,"2014-08-13","2014-08-27",6,"BET.JERC_007.2014.06","JERC_007.N.20140827",14,"ok","ok","ok","Y","NEON.DOC.014050","iiDgbhaUgfPlmO3sDuElTmkNgYTXyxbk",,0,0,0
"4F61D388CA4D47FDB80C3E31B58C740C","D03","JERC","JERC_006","N","mixedForest",31.187848,-84.455848,"WGS84",5.1,41.9,0.3,"2014-08-13","2014-08-27",6,"BET.JERC_006.2014.06","JERC_006.N.20140827",14,"ok","ok","ok","Y","NEON.DOC.014050","iiDgbhaUgfPlmO3sDuElTmkNgYTXyxbk",,0,0,0
"5894011826B940D3BEAB1F684E11F933","D03","JERC","JERC_006","S","mixedForest",31.187487,-84.455857,"WGS84",5.1,41.9,0.3,"2014-08-13","2014-08-27",6,"BET.JERC_006.2014.06","JERC_006.S.20140827",14,"ok","ok","ok","Y","NEON.DOC.014050","iiDgbhaUgfPlmO3sDuElTmkNgYTXyxbk",,0,0,0
"BE94D92C3FB94477B8FC248C81AFABAF","D03","JERC","JERC_006","W","mixedForest",31.187672,-84.456062,"WGS84",5.1,41.9,0.3,"2014-08-13","2014-08-27",6,"BET.JERC_006.2014.06","JERC_006.W.20140827",14,"ok","ok","ok","Y","NEON.DOC.014050","iiDgbhaUgfPlmO3sDuElTmkNgYTXyxbk",,0,0,0
"A36FA895AAD54C0AA4AD03C451321A51","D03","JERC","JERC_006","E","mixedForest",31.187663,-84.455643,"WGS84",5.1,41.9,0.3,"2014-08-13","2014-08-27",6,"BET.JERC_006.2014.06","JERC_006.E.20140827",14,"ok","ok","ok","Y","NEON.DOC.014050","iiDgbhaUgfPlmO3sDuElTmkNgYTXyxbk",,0,0,0
"CB2A4B377EC349D28FE08A0F9E4C2082","D03","JERC","JERC_005","W","evergreenForest",31.195967,-84.451434,"WGS84",5.2,45.6,0.4,"2014-08-13","2014-08-27",6,"BET.JERC_005.2014.06","JERC_005.W.20140827",14,"ok","ok","ok","Y","NEON.DOC.014050","iiDgbhaUgfPlmO3sDuElTmkNgYTXyxbk",,0,0,0
"01C66BDD1338482798D942CB3A8D6BAC","D03","JERC","JERC_005","E","evergreenForest",31.195959,-84.451014,"WGS84",5.2,45.6,0.4,"2014-08-13","2014-08-27",6,"BET.JERC_005.2014.06","JERC_005.E.20140827",14,"ok","ok","ok","Y","NEON.DOC.014050","iiDgbhaUgfPlmO3sDuElTmkNgYTXyxbk",,0,0,0
"F00BD08FB0FE45BCBB4534F39842B0A0","D03","JERC","JERC_005","S","evergreenForest",31.195783,-84.451229,"WGS84",5.2,45.6,0.4,"2014-08-13","2014-08-27",6,"BET.JERC_005.2014.06","JERC_005.S.20140827",14,"ok","ok","ok","Y","NEON.DOC.014050","iiDgbhaUgfPlmO3sDuElTmkNgYTXyxbk",,0,0,0
"ACDD79C3F60E431A9FBFCBE289C4CB55","D03","JERC","JERC_005","N","evergreenForest",31.196144,-84.451219,"WGS84",5.2,45.6,0.4,"2014-08-13","2014-08-27",6,"BET.JERC_005.2014.06","JERC_005.N.20140827",14,"ok","ok","ok","Y","NEON.DOC.014050","iiDgbhaUgfPlmO3sDuElTmkNgYTXyxbk",,0,0,0
"FB251619DE21412DA2A6674FE3061BB9","D03","JERC","JERC_003","W","deciduousForest",31.196149,-84.473451,"WGS84",5.1,34.1,0.3,"2014-08-13","2014-08-27",6,"BET.JERC_003.2014.06","JERC_003.W.20140827",14,"ok","ok","ok","Y","NEON.DOC.014050","iiDgbhaUgfPlmO3sDuElTmkNgYTXyxbk",,0,0,0
"7AE387D8B55744A682212D0D1510B65C","D03","JERC","JERC_003","E","deciduousForest",31.196141,-84.473031,"WGS84",5.1,34.1,0.3,"2014-08-13","2014-08-27",6,"BET.JERC_003.2014.06","JERC_003.E.20140827",14,"ok","ok","ok","Y","NEON.DOC.014050","iiDgbhaUgfPlmO3sDuElTmkNgYTXyxbk",,0,0,0
"24135E5AB6A54595A30DF643EA69169F","D03","JERC","JERC_003","S","deciduousForest",31.195965,-84.473246,"WGS84",5.1,34.1,0.3,"2014-08-13","2014-08-27",6,"BET.JERC_003.2014.06","JERC_003.S.20140827",14,"ok","ok","ok","Y","NEON.DOC.014050","iiDgbhaUgfPlmO3sDuElTmkNgYTXyxbk",,0,0,0
"4AB7AD8D8DE44EB9B0913AFCF73A4D90","D03","JERC","JERC_003","N","deciduousForest",31.196326,-84.473236,"WGS84",5.1,34.1,0.3,"2014-08-13","2014-08-27",6,"BET.JERC_003.2014.06","JERC_003.N.20140827",14,"ok","ok","ok","Y","NEON.DOC.014050","iiDgbhaUgfPlmO3sDuElTmkNgYTXyxbk",,0,0,0
"D0A99EEFB33F458680E85B479AAE448B","D03","JERC","JERC_002","N","evergreenForest",31.194686,-84.460061,"WGS84",5.3,48.3,0.3,"2014-08-13","2014-08-27",6,"BET.JERC_002.2014.06","JERC_002.N.20140827",14,"ok","ok","ok","Y","NEON.DOC.014050","iiDgbhaUgfPlmO3sDuElTmkNgYTXyxbk",,0,0,0
"151769750620456F9CDE0348153D9AB3","D03","JERC","JERC_002","S","evergreenForest",31.194326,-84.460070,"WGS84",5.3,48.3,0.3,"2014-08-13","2014-08-27",6,"BET.JERC_002.2014.06","JERC_002.S.20140827",14,"ok","ok","ok","Y","NEON.DOC.014050","iiDgbhaUgfPlmO3sDuElTmkNgYTXyxbk",,0,0,0
"9A3A73067DB34661AF79ED49CA960277","D03","JERC","JERC_002","E","evergreenForest",31.194502,-84.459856,"WGS84",5.3,48.3,0.3,"2014-08-13","2014-08-27",6,"BET.JERC_002.2014.06","JERC_002.E.20140827",14,"ok","ok","ok","Y","NEON.DOC.014050","iiDgbhaUgfPlmO3sDuElTmkNgYTXyxbk",,0,0,0
"66D1734B9E9A4C3C9C9905B95B34E991","D03","JERC","JERC_002","W","evergreenForest",31.194510,-84.460275,"WGS84",5.3,48.3,0.3,"2014-08-13","2014-08-27",6,"BET.JERC_002.2014.06","JERC_002.W.20140827",14,"ok","ok","ok","Y","NEON.DOC.014050","iiDgbhaUgfPlmO3sDuElTmkNgYTXyxbk",,0,0,0
"8E7759CD2F1B4E358746732674671C54","D03","JERC","JERC_001","S","deciduousForest",31.194137,-84.477082,"WGS84",5.3,37.9,0.3,"2014-08-13","2014-08-27",6,"BET.JERC_001.2014.06","JERC_001.S.20140827",14,"ok","ok","ok","Y","NEON.DOC.014050","iiDgbhaUgfPlmO3sDuElTmkNgYTXyxbk",,0,0,0
"B638C7DB56A14E318C1D3EC0B0A6EB09","D03","JERC","JERC_001","E","deciduousForest",31.194314,-84.476867,"WGS84",5.3,37.9,0.3,"2014-08-13","2014-08-27",6,"BET.JERC_001.2014.06","JERC_001.E.20140827",14,"ok","ok","low","Y","NEON.DOC.014050","iiDgbhaUgfPlmO3sDuElTmkNgYTXyxbk",,0,0,0
"A6E8C434D7F345FD837F32AD97282C8F","D03","JERC","JERC_001","W","deciduousForest",31.194322,-84.477287,"WGS84",5.3,37.9,0.3,"2014-08-13","2014-08-27",6,"BET.JERC_001.2014.06","JERC_001.W.20140827",14,"ok","ok","ok","Y","NEON.DOC.014050","iiDgbhaUgfPlmO3sDuElTmkNgYTXyxbk",,0,0,0
"4CDBA0B1421043BCA17C89C45FD810BD","D03","JERC","JERC_001","W","deciduousForest",31.194322,-84.477287,"WGS84",5.3,37.9,0.3,"2014-08-27","2014-09-10",7,"BET.JERC_001.2014.07","JERC_001.W.20140910",14,"ok","ok","ok","Y","NEON.DOC.014050","iiDgbhaUgfPlmO3sDuElTmkNgYTXyxbk",,0,0,0
"0DF7BE0D1C154CEEB6DA7DAFDFE3844C","D03","JERC","JERC_001","S","deciduousForest",31.194137,-84.477082,"WGS84",5.3,37.9,0.3,"2014-08-27","2014-09-10",7,"BET.JERC_001.2014.07","JERC_001.S.20140910",14,"ok","ok","ok","Y","NEON.DOC.014050","iiDgbhaUgfPlmO3sDuElTmkNgYTXyxbk",,0,0,0
"C9E71E4D979446CFBD96046F496BFE3E","D03","JERC","JERC_001","N","deciduousForest",31.194498,-84.477072,"WGS84",5.3,37.9,0.3,"2014-08-27","2014-09-10",7,"BET.JERC_001.2014.07","JERC_001.N.20140910",14,"ok","ok","ok","Y","NEON.DOC.014050","iiDgbhaUgfPlmO3sDuElTmkNgYTXyxbk",,0,0,0
"C5B88F2420544CFAB0C72592592E7D36","D03","JERC","JERC_001","E","deciduousForest",31.194314,-84.476867,"WGS84",5.3,37.9,0.3,"2014-08-27","2014-09-10",7,"BET.JERC_001.2014.07","JERC_001.E.20140910",14,"ok","ok","ok","Y","NEON.DOC.014050","iiDgbhaUgfPlmO3sDuElTmkNgYTXyxbk",,0,0,0
"37698DC93E5A4F0A93F9DE80CC9925ED","D03","JERC","JERC_002","N","evergreenForest",31.194686,-84.460061,"WGS84",5.3,48.3,0.3,"2014-08-27","2014-09-10",7,"BET.JERC_002.2014.07","JERC_002.N.20140910",14,"ok","ok","ok","Y","NEON.DOC.014050","iiDgbhaUgfPlmO3sDuElTmkNgYTXyxbk",,0,0,0
"846BADF298EE44D096F770A902CD49FA","D03","JERC","JERC_002","W","evergreenForest",31.194510,-84.460275,"WGS84",5.3,48.3,0.3,"2014-08-27","2014-09-10",7,"BET.JERC_002.2014.07","JERC_002.W.20140910",14,"ok","ok","ok","Y","NEON.DOC.014050","iiDgbhaUgfPlmO3sDuElTmkNgYTXyxbk",,0,0,0
"24A4664A83E3499C88F6F60D140DEA41","D03","JERC","JERC_002","S","evergreenForest",31.194326,-84.460070,"WGS84",5.3,48.3,0.3,"2014-08-27","2014-09-10",7,"BET.JERC_002.2014.07","JERC_002.S.20140910",14,"ok","ok","ok","Y","NEON.DOC.014050","iiDgbhaUgfPlmO3sDuElTmkNgYTXyxbk",,0,0,0
"A7EE4E292E074D158B99DE4BF1493C5E","D03","JERC","JERC_002","E","evergreenForest",31.194502,-84.459856,"WGS84",5.3,48.3,0.3,"2014-08-27","2014-09-10",7,"BET.JERC_002.2014.07","JERC_002.E.20140910",14,"ok","ok","ok","Y","NEON.DOC.014050","iiDgbhaUgfPlmO3sDuElTmkNgYTXyxbk",,0,0,0
"ABF946A3C3B7439C8DB4D53B2B60FABB","D03","JERC","JERC_003","E","deciduousForest",31.196141,-84.473031,"WGS84",5.1,34.1,0.3,"2014-08-27","2014-09-10",7,"BET.JERC_003.2014.07","JERC_003.E.20140910",14,"ok","ok","ok","Y","NEON.DOC.014050","iiDgbhaUgfPlmO3sDuElTmkNgYTXyxbk",,0,0,0
"1F23D7277573479AB1A20F7F78BC38A3","D03","JERC","JERC_003","N","deciduousForest",31.196326,-84.473236,"WGS84",5.1,34.1,0.3,"2014-08-27","2014-09-10",7,"BET.JERC_003.2014.07","JERC_003.N.20140910",14,"ok","ok","ok","Y","NEON.DOC.014050","iiDgbhaUgfPlmO3sDuElTmkNgYTXyxbk",,0,0,0
"453C2AF92612495B95EEE3F85E3B70D6","D03","JERC","JERC_003","S","deciduousForest",31.195965,-84.473246,"WGS84",5.1,34.1,0.3,"2014-08-27","2014-09-10",7,"BET.JERC_003.2014.07","JERC_003.S.20140910",14,"ok","ok","ok","Y","NEON.DOC.014050","iiDgbhaUgfPlmO3sDuElTmkNgYTXyxbk",,0,0,0
"A848D1BD4DF24C9CBBAEABCD965AFBD0","D03","JERC","JERC_003","W","deciduousForest",31.196149,-84.473451,"WGS84",5.1,34.1,0.3,"2014-08-27","2014-09-10",7,"BET.JERC_003.2014.07","JERC_003.W.20140910",14,"ok","ok","ok","Y","NEON.DOC.014050","iiDgbhaUgfPlmO3sDuElTmkNgYTXyxbk",,0,0,0
"045CB04336964B4FA328E33F66B2AD72","D03","JERC","JERC_005","N","evergreenForest",31.196144,-84.451219,"WGS84",5.2,45.6,0.4,"2014-08-27","2014-09-10",7,"BET.JERC_005.2014.07","JERC_005.N.20140910",14,"ok","ok","ok","Y","NEON.DOC.014050","iiDgbhaUgfPlmO3sDuElTmkNgYTXyxbk",,0,0,0
"2CAAEF8C07E0431C8EF662CA2430C67C","D03","JERC","JERC_005","S","evergreenForest",31.195783,-84.451229,"WGS84",5.2,45.6,0.4,"2014-08-27","2014-09-10",7,"BET.JERC_005.2014.07","JERC_005.S.20140910",14,"ok","ok","ok","Y","NEON.DOC.014050","iiDgbhaUgfPlmO3sDuElTmkNgYTXyxbk",,0,0,0
"04BEF3D2B0F54B2584764FA9E6B9EC58","D03","JERC","JERC_005","W","evergreenForest",31.195967,-84.451434,"WGS84",5.2,45.6,0.4,"2014-08-27","2014-09-10",7,"BET.JERC_005.2014.07","JERC_005.W.20140910",14,"ok","ok","ok","Y","NEON.DOC.014050","iiDgbhaUgfPlmO3sDuElTmkNgYTXyxbk",,0,0,0
"FE84023C251F4745A388DBDD2037F6F8","D03","JERC","JERC_005","E","evergreenForest",31.195959,-84.451014,"WGS84",5.2,45.6,0.4,"2014-08-27","2014-09-10",7,"BET.JERC_005.2014.07","JERC_005.E.20140910",14,"ok","ok","ok","Y","NEON.DOC.014050","iiDgbhaUgfPlmO3sDuElTmkNgYTXyxbk",,0,0,0
"95E569479D6D4A97A4A5B8C37422EAD4","D03","JERC","JERC_006","W","mixedForest",31.187672,-84.456062,"WGS84",5.1,41.9,0.3,"2014-08-27","2014-09-10",7,"BET.JERC_006.2014.07","JERC_006.W.20140910",14,"ok","ok","ok","Y","NEON.DOC.014050","iiDgbhaUgfPlmO3sDuElTmkNgYTXyxbk",,0,0,0
"5FA23958A31343EFBC7146150BD21BFC","D03","JERC","JERC_006","S","mixedForest",31.187487,-84.455857,"WGS84",5.1,41.9,0.3,"2014-08-27","2014-09-10",7,"BET.JERC_006.2014.07","JERC_006.S.20140910",14,"ok","ok","ok","Y","NEON.DOC.014050","iiDgbhaUgfPlmO3sDuElTmkNgYTXyxbk",,0,0,0
"A8810693280B4A3481DBB13EC003AD4D","D03","JERC","JERC_006","N","mixedForest",31.187848,-84.455848,"WGS84",5.1,41.9,0.3,"2014-08-27","2014-09-10",7,"BET.JERC_006.2014.07","JERC_006.N.20140910",14,"ok","ok","ok","Y","NEON.DOC.014050","iiDgbhaUgfPlmO3sDuElTmkNgYTXyxbk",,0,0,0
"0B2BDDBEA60240C0B932E979968460E7","D03","JERC","JERC_006","E","mixedForest",31.187663,-84.455643,"WGS84",5.1,41.9,0.3,"2014-08-27","2014-09-10",7,"BET.JERC_006.2014.07","JERC_006.E.20140910",14,"ok","ok","ok","Y","NEON.DOC.014050","iiDgbhaUgfPlmO3sDuElTmkNgYTXyxbk",,0,0,0
"69DF70B1CFCF4C85BA7E9AF11CDCFD8A","D03","JERC","JERC_007","N","evergreenForest",31.198812,-84.476307,"WGS84",5.1,36.8,0.2,"2014-08-27","2014-09-10",7,"BET.JERC_007.2014.07","JERC_007.N.20140910",14,"ok","ok","ok","Y","NEON.DOC.014050","iiDgbhaUgfPlmO3sDuElTmkNgYTXyxbk",,0,0,0
"84F89B540754494CA159C7EC19C7A4E6","D03","JERC","JERC_007","W","evergreenForest",31.198636,-84.476522,"WGS84",5.1,36.8,0.2,"2014-08-27","2014-09-10",7,"BET.JERC_007.2014.07","JERC_007.W.20140910",14,"ok","ok","ok","Y","NEON.DOC.014050","iiDgbhaUgfPlmO3sDuElTmkNgYTXyxbk",,0,0,0
"96D54BEEE7174A54848B0719BF0439F3","D03","JERC","JERC_007","S","evergreenForest",31.198451,-84.476317,"WGS84",5.1,36.8,0.2,"2014-08-27","2014-09-10",7,"BET.JERC_007.2014.07","JERC_007.S.20140910",14,"ok","ok","ok","Y","NEON.DOC.014050","iiDgbhaUgfPlmO3sDuElTmkNgYTXyxbk",,0,0,0
"50A33638F40B46CC971F9DD8832A4E6A","D03","JERC","JERC_007","E","evergreenForest",31.198628,-84.476102,"WGS84",5.1,36.8,0.2,"2014-08-27","2014-09-10",7,"BET.JERC_007.2014.07","JERC_007.E.20140910",14,"ok","ok","ok","Y","NEON.DOC.014050","iiDgbhaUgfPlmO3sDuElTmkNgYTXyxbk",,0,0,0
"1FC6990B67F04B60A3EB9411FE4A5BCA","D03","JERC","JERC_008","E","mixedForest",31.195151,-84.450721,"WGS84",5.2,46.1,0.3,"2014-08-27","2014-09-10",7,"BET.JERC_008.2014.07","JERC_008.E.20140910",14,"ok","ok","ok","Y","NEON.DOC.014050","iiDgbhaUgfPlmO3sDuElTmkNgYTXyxbk",,0,0,0
"94D347DB29784AE99860C4B34575047B","D03","JERC","JERC_008","S","mixedForest",31.194975,-84.450936,"WGS84",5.2,46.1,0.3,"2014-08-27","2014-09-10",7,"BET.JERC_008.2014.07","JERC_008.S.20140910",14,"ok","ok","ok","Y","NEON.DOC.014050","iiDgbhaUgfPlmO3sDuElTmkNgYTXyxbk",,0,0,0
"CD86B05F9D50420198E9CACC9147E84C","D03","JERC","JERC_008","N","mixedForest",31.195335,-84.450926,"WGS84",5.2,46.1,0.3,"2014-08-27","2014-09-10",7,"BET.JERC_008.2014.07","JERC_008.N.20140910",14,"ok","ok","ok","Y","NEON.DOC.014050","iiDgbhaUgfPlmO3sDuElTmkNgYTXyxbk",,0,0,0
"38B2B18072C64C08822BE79F6F1353AE","D03","JERC","JERC_008","W","mixedForest",31.195159,-84.451141,"WGS84",5.2,46.1,0.3,"2014-08-27","2014-09-10",7,"BET.JERC_008.2014.07","JERC_008.W.20140910",14,"ok","ok","ok","Y","NEON.DOC.014050","iiDgbhaUgfPlmO3sDuElTmkNgYTXyxbk",,0,0,0
"4D91F4DF7F8D4117BBDD3E6582C4FE73","D03","JERC","JERC_010","S","deciduousForest",31.208040,-84.469504,"WGS84",5.3,42.9,0.4,"2014-08-27","2014-09-10",7,"BET.JERC_010.2014.07","JERC_010.S.20140910",14,"ok","ok","ok","Y","NEON.DOC.014050","iiDgbhaUgfPlmO3sDuElTmkNgYTXyxbk",,0,0,0
"D7448BBB59A24A8EA6BA394E641DF164","D03","JERC","JERC_010","N","deciduousForest",31.208400,-84.469494,"WGS84",5.3,42.9,0.4,"2014-08-27","2014-09-10",7,"BET.JERC_010.2014.07","JERC_010.N.20140910",14,"disturbed","disturbed","low","Y","NEON.DOC.014050","iiDgbhaUgfPlmO3sDuElTmkNgYTXyxbk","cups removed",0,0,0
"FF9932FC0A27400988059A29AB8D083E","D03","JERC","JERC_010","W","deciduousForest",31.208224,-84.469709,"WGS84",5.3,42.9,0.4,"2014-08-27","2014-09-10",7,"BET.JERC_010.2014.07","JERC_010.W.20140910",14,"disturbed","disturbed","low","Y","NEON.DOC.014050","iiDgbhaUgfPlmO3sDuElTmkNgYTXyxbk","cups removed",0,0,0
"BBB8CB798B2B4C6FA81F165FEA9D0B9D","D03","JERC","JERC_010","E","deciduousForest",31.208216,-84.469289,"WGS84",5.3,42.9,0.4,"2014-08-27","2014-09-10",7,"BET.JERC_010.2014.07","JERC_010.E.20140910",14,"ok","ok","ok","Y","NEON.DOC.014050","iiDgbhaUgfPlmO3sDuElTmkNgYTXyxbk",,0,0,0
"92C7C767FFFF431A91EC55BC0F4C646A","D03","JERC","JERC_009","S","evergreenForest",31.194813,-84.456910,"WGS84",5.2,48.6,0.3,"2014-08-27","2014-09-10",7,"BET.JERC_009.2014.07","JERC_009.S.20140910",14,"ok","ok","ok","Y","NEON.DOC.014050","iiDgbhaUgfPlmO3sDuElTmkNgYTXyxbk",,0,0,0
"B9703E0E7B374ADABF6F37D3DDE507A9","D03","JERC","JERC_009","N","evergreenForest",31.195174,-84.456900,"WGS84",5.2,48.6,0.3,"2014-08-27","2014-09-10",7,"BET.JERC_009.2014.07","JERC_009.N.20140910",14,"ok","ok","ok","Y","NEON.DOC.014050","iiDgbhaUgfPlmO3sDuElTmkNgYTXyxbk",,0,0,0
"A58724EB204A48BD91FF4164CC72826B","D03","JERC","JERC_009","E","evergreenForest",31.194989,-84.456695,"WGS84",5.2,48.6,0.3,"2014-08-27","2014-09-10",7,"BET.JERC_009.2014.07","JERC_009.E.20140910",14,"ok","ok","ok","Y","NEON.DOC.014050","iiDgbhaUgfPlmO3sDuElTmkNgYTXyxbk",,0,0,0
"0B8619CFD7C642A5907D35CF84375700","D03","JERC","JERC_009","W","evergreenForest",31.194998,-84.457115,"WGS84",5.2,48.6,0.3,"2014-08-27","2014-09-10",7,"BET.JERC_009.2014.07","JERC_009.W.20140910",14,"ok","ok","ok","Y","NEON.DOC.014050","iiDgbhaUgfPlmO3sDuElTmkNgYTXyxbk",,0,0,0
"CD23ECE88CC2459B802FB36E04F25738","D03","JERC","JERC_030","N","mixedForest",31.185279,-84.476058,"WGS84",5.1,36.3,0.2,"2014-08-27","2014-09-10",7,"BET.JERC_030.2014.07","JERC_030.N.20140910",14,"ok","ok","ok","Y","NEON.DOC.014050","iiDgbhaUgfPlmO3sDuElTmkNgYTXyxbk",,0,0,0
"56DD2064F1374BF59CEA16D22E35DCF2","D03","JERC","JERC_030","W","mixedForest",31.185103,-84.476273,"WGS84",5.1,36.3,0.2,"2014-08-27","2014-09-10",7,"BET.JERC_030.2014.07","JERC_030.W.20140910",14,"ok","ok","ok","Y","NEON.DOC.014050","iiDgbhaUgfPlmO3sDuElTmkNgYTXyxbk",,0,0,0
"3200E2141499493CA027EC102905050B","D03","JERC","JERC_030","S","mixedForest",31.184918,-84.476068,"WGS84",5.1,36.3,0.2,"2014-08-27","2014-09-10",7,"BET.JERC_030.2014.07","JERC_030.S.20140910",14,"ok","ok","ok","Y","NEON.DOC.014050","iiDgbhaUgfPlmO3sDuElTmkNgYTXyxbk",,0,0,0
"27194DE87E6740FC89707E459B7453E2","D03","JERC","JERC_030","E","mixedForest",31.185094,-84.475853,"WGS84",5.1,36.3,0.2,"2014-08-27","2014-09-10",7,"BET.JERC_030.2014.07","JERC_030.E.20140910",14,"ok","ok","high","Y","NEON.DOC.014050","iiDgbhaUgfPlmO3sDuElTmkNgYTXyxbk",,0,0,0
