"uid","domainID","siteID","plotID","trapID","collectDate","processingDate","identifiedDate","sampleID","individualID","specimenSource","taxonID","scientificName","taxonRank","identificationQualifier","scientificNameAuthorship","morphospeciesID","identificationReferences","identifiedBy","recordedBy","remarks","duplicateIndividualIDQF"
"825492B744BD4349ACC1D00C8B476499","D03","DSNY","DSNY_003","S","2014-04-16","2014-09-29","2014-09-29","DSNY_003.S.20140416.CYCFAB.01","NEON.BET.D03.000370","vial of pooled individuals","CYCFAB","Cyclotrachelus faber","species",,"Germar",,"Germar 1824","7ZsG8s1cQijU1p7CX6b9FNrZuRO+/rX6","7ZsG8s1cQijU1p7CX6b9FNrZuRO+/rX6",,0
"D16EAD896DA844088FAA1F34023A3E8A","D03","DSNY","DSNY_021","E","2014-04-16","2014-06-24","2014-06-24","DSNY_021.E.20140416.CLISP4.01","NEON.BET.D03.000441","vial of pooled individuals","CLISP4","Clivina sp.","genus",,"Latreille",,"Latreille 1802","7ZsG8s1cQijU1p7CX6b9FNrZuRO+/rX6","7ZsG8s1cQijU1p7CX6b9FNrZuRO+/rX6",,0
"A0B0A7AA5473407FBCC0A7AC942F3E0B","D03","DSNY","DSNY_021","E","2014-04-16","2014-06-24","2014-06-24","DSNY_021.E.20140416.CLISP4.01","NEON.BET.D03.000442","vial of pooled individuals","CLISP4","Clivina sp.","genus",,"Latreille",,"Latreille 1802","7ZsG8s1cQijU1p7CX6b9FNrZuRO+/rX6","7ZsG8s1cQijU1p7CX6b9FNrZuRO+/rX6",,0
"7B69B886A35646089C1A66627F6AFF0F","D03","DSNY","DSNY_021","E","2014-04-16","2014-06-24","2014-06-24","DSNY_021.E.20140416.CLISP4.01","NEON.BET.D03.000444","vial of pooled individuals","CLISP4","Clivina sp.","genus",,"Latreille",,"Latreille 1802","7ZsG8s1cQijU1p7CX6b9FNrZuRO+/rX6","7ZsG8s1cQijU1p7CX6b9FNrZuRO+/rX6",,0
"6DAC82554FB4480C94F653BFA312AA46","D03","DSNY","DSNY_021","E","2014-04-16","2014-06-24","2014-06-24","DSNY_021.E.20140416.CLISP4.01","NEON.BET.D03.000465","vial of pooled individuals","CLISP4","Clivina sp.","genus",,"Latreille",,"Latreille 1802","7ZsG8s1cQijU1p7CX6b9FNrZuRO+/rX6","7ZsG8s1cQijU1p7CX6b9FNrZuRO+/rX6",,0
"527AAD7818DD45CB8BD189CEC51E4E89","D03","DSNY","DSNY_016","S","2014-04-16","2014-08-11","2014-08-11","DSNY_016.S.20140416.CLISP4.01","NEON.BET.D03.000454","vial of pooled individuals","CLISP4","Clivina sp.","genus",,"Latreille",,"Latreille 1802","7ZsG8s1cQijU1p7CX6b9FNrZuRO+/rX6","7ZsG8s1cQijU1p7CX6b9FNrZuRO+/rX6",,0
"59F4567CA5834F0D9A3CE8DE08C8507D","D03","DSNY","DSNY_016","E","2014-04-16","2014-06-25","2014-06-25","DSNY_016.E.20140416.CLISP4.01","NEON.BET.D03.000469","vial of pooled individuals","CLISP4","Clivina sp.","genus",,"Latreille",,"Latreille 1802","7ZsG8s1cQijU1p7CX6b9FNrZuRO+/rX6","7ZsG8s1cQijU1p7CX6b9FNrZuRO+/rX6",,0
"D833AE6B37184FE2871035911A5C9D1F","D03","DSNY","DSNY_009","N","2014-04-16","2014-09-29","2014-09-29","DSNY_009.N.20140416.CYCFAB.01","NEON.BET.D03.000372","vial of pooled individuals","CYCFAB","Cyclotrachelus faber","species",,"Germar",,"Germar 1824","iiDgbhaUgfPlmO3sDuElTmkNgYTXyxbk","iiDgbhaUgfPlmO3sDuElTmkNgYTXyxbk",,0
"B2D7A69C42FA4E8CA9915AF1B52BF36D","D03","DSNY","DSNY_009","S","2014-04-16","2014-06-25","2014-06-25","DSNY_009.S.20140416.CLISP4.01","NEON.BET.D03.000466","vial of pooled individuals","CLISP4","Clivina sp.","genus",,"Latreille",,"Latreille 1802","7ZsG8s1cQijU1p7CX6b9FNrZuRO+/rX6","7ZsG8s1cQijU1p7CX6b9FNrZuRO+/rX6",,0
"70AC2FA42E27499197F648C2A74B3ABF","D03","DSNY","DSNY_009","W","2014-04-16","2014-09-29","2014-09-29","DSNY_009.W.20140416.CYCFAB.01","NEON.BET.D03.000380","vial of pooled individuals","CYCFAB","Cyclotrachelus faber","species",,"Germar",,"Germar 1824","iiDgbhaUgfPlmO3sDuElTmkNgYTXyxbk","iiDgbhaUgfPlmO3sDuElTmkNgYTXyxbk",,0
"BEFEE394C93147D4A53DEBEB8492415A","D03","DSNY","DSNY_009","E","2014-04-16","2014-09-29","2014-09-29","DSNY_009.E.20140416.CYCFAB.01","NEON.BET.D03.000394","vial of pooled individuals","CYCFAB","Cyclotrachelus faber","species",,"Germar",,"Germar 1824","iiDgbhaUgfPlmO3sDuElTmkNgYTXyxbk","iiDgbhaUgfPlmO3sDuElTmkNgYTXyxbk",,0
"DE38B44D33BD4F459E799778538B5698","D03","DSNY","DSNY_009","E","2014-04-16","2014-06-25","2014-06-25","DSNY_009.E.20140416.SELOPA.01","NEON.BET.D03.000419","vial of pooled individuals","SELOPA","Selenophorus opalinus","species",,"LeConte",,"LeConte 1863","iiDgbhaUgfPlmO3sDuElTmkNgYTXyxbk","bPko/k8RNU/icSbrBCzMLbJxWeUwZufu",,0
"396E36B991D24E6A933E4F3B67F743CF","D03","DSNY","DSNY_009","N","2014-04-16","2014-09-29","2014-09-29","DSNY_009.N.20140416.CYCFAB.01","NEON.BET.D03.000371","vial of pooled individuals","CYCFAB","Cyclotrachelus faber","species",,"Germar",,"Germar 1824","iiDgbhaUgfPlmO3sDuElTmkNgYTXyxbk","iiDgbhaUgfPlmO3sDuElTmkNgYTXyxbk",,0
"824804A668884C7CA0E55BB5E36D60EB","D03","DSNY","DSNY_005","N","2014-04-16","2014-06-25","2014-06-25","DSNY_005.N.20140416.pasimachus","NEON.BET.D03.000342","vial of pooled individuals","PASSUB1","Pasimachus sublaevis","species",,"Palisot de Beauvois",,"Palisot de Beauvois 1811","7ZsG8s1cQijU1p7CX6b9FNrZuRO+/rX6","iiDgbhaUgfPlmO3sDuElTmkNgYTXyxbk",,0
"6ED73AE111BE4F1BA33A8BB8941D4AAD","D03","DSNY","DSNY_001","S","2014-05-01","2014-05-02","2014-06-25","DSNY_001.S.20140501.SCAOCA.01","NEON.BET.D03.000409","vial of pooled individuals","SCAOCA","Scarites ocalensis","species",,"Nichols",,"Nichols 1986","7ZsG8s1cQijU1p7CX6b9FNrZuRO+/rX6","7ZsG8s1cQijU1p7CX6b9FNrZuRO+/rX6",,0
"66887FF23D784571BA46FDBDF6CA8D75","D03","DSNY","DSNY_021","W","2014-05-01","2014-05-02","2014-06-25","DSNY_021.W.20140501.SELFOS.01","NEON.BET.D03.000417","vial of pooled individuals","SELFOS","Selenophorus fossulatus","species",,"Dejean",,"Dejean 1829","7ZsG8s1cQijU1p7CX6b9FNrZuRO+/rX6","7ZsG8s1cQijU1p7CX6b9FNrZuRO+/rX6",,0
"03E81FB97A724CE1913494717BA7B2E9","D03","DSNY","DSNY_021","E","2014-05-01","2014-05-02","2014-06-25","DSNY_021.E.20140501.CLISP4.01","NEON.BET.D03.000467","vial of pooled individuals","CLISP4","Clivina sp.","genus",,"Latreille",,"Latreille 1802","7ZsG8s1cQijU1p7CX6b9FNrZuRO+/rX6","7ZsG8s1cQijU1p7CX6b9FNrZuRO+/rX6",,0
"57A4C2561BCE47E89FDC36E6BB6765D0","D03","DSNY","DSNY_021","E","2014-05-01","2014-05-02","2014-06-25","DSNY_021.E.20140501.CLISP4.01","NEON.BET.D03.000468","vial of pooled individuals","CLISP4","Clivina sp.","genus",,"Latreille",,"Latreille 1802","7ZsG8s1cQijU1p7CX6b9FNrZuRO+/rX6","7ZsG8s1cQijU1p7CX6b9FNrZuRO+/rX6",,0
"A4999C3A4DFE431C86C792B1FEB50CF0","D03","DSNY","DSNY_009","N","2014-05-01","2014-05-02","2014-09-29","DSNY_009.N.20140501.CYCFAB.01","NEON.BET.D03.000389","vial of pooled individuals","CYCFAB","Cyclotrachelus faber","species",,"Germar",,"Germar 1824","7ZsG8s1cQijU1p7CX6b9FNrZuRO+/rX6","7ZsG8s1cQijU1p7CX6b9FNrZuRO+/rX6",,0
"2207BEB16401495986914DEE7AD75BC9","D03","DSNY","DSNY_009","W","2014-05-01","2014-05-02","2014-09-29","DSNY_009.W.20140501.SELELL.01","NEON.BET.D03.000414","vial of pooled individuals","SELELL","Selenophorus ellipticus","species","cf. species","Dejean",,"Dejean 1829","iiDgbhaUgfPlmO3sDuElTmkNgYTXyxbk","7ZsG8s1cQijU1p7CX6b9FNrZuRO+/rX6","Sorting data indicates that no beetles were captured at the W trap, and one beetle is unaccounted for from the N trap.  So this beetle could be from the N trap.
",0
"F5B2DF40830B48DC9636ECED2B38E54E","D03","DSNY","DSNY_009","S","2014-05-01","2014-05-02","2014-09-29","DSNY_009.S.20140501.CYCFAB.01","NEON.BET.D03.000396","vial of pooled individuals","CYCFAB","Cyclotrachelus faber","species",,"Germar",,"Germar 1824","iiDgbhaUgfPlmO3sDuElTmkNgYTXyxbk","7ZsG8s1cQijU1p7CX6b9FNrZuRO+/rX6",,0
"207362BEEAF5474BA8651675D45BC43D","D03","DSNY","DSNY_003","N","2014-05-01","2014-05-02","2014-06-25","DSNY_003.N.20140501.SCAOCA.01","NEON.BET.D03.000407","vial of pooled individuals","SCAOCA","Scarites ocalensis","species",,"Nichols",,"Nichols 1986","7ZsG8s1cQijU1p7CX6b9FNrZuRO+/rX6","7ZsG8s1cQijU1p7CX6b9FNrZuRO+/rX6",,0
"CE453D4A240F4DF3AB5E9D4483E68F4E","D03","DSNY","DSNY_003","S","2014-05-01","2014-05-02","2014-09-29","DSNY_003.S.20140501.CYCFAB.01","NEON.BET.D03.000373","vial of pooled individuals","CYCFAB","Cyclotrachelus faber","species",,"Germar",,"Germar 1824","7ZsG8s1cQijU1p7CX6b9FNrZuRO+/rX6","7ZsG8s1cQijU1p7CX6b9FNrZuRO+/rX6",,0
"CE79FA6BE6E84ABEA7FD79ECC478DF10","D03","DSNY","DSNY_003","N","2014-05-01","2014-05-02","2014-06-25","DSNY_003.N.20140501.SCAOCA.01","NEON.BET.D03.000410","vial of pooled individuals","SCAOCA","Scarites ocalensis","species",,"Nichols",,"Nichols 1986","7ZsG8s1cQijU1p7CX6b9FNrZuRO+/rX6","7ZsG8s1cQijU1p7CX6b9FNrZuRO+/rX6",,0
"B9C0A245BA894DD095593A9643138180","D03","DSNY","DSNY_001","S","2014-05-14","2014-09-25","2014-09-25","DSNY_001.S.20140514.SELELL.01","NEON.BET.D03.000097","vial of pooled individuals","SELELL","Selenophorus ellipticus","species","cf. species","Dejean",,"Dejean 1831","iiDgbhaUgfPlmO3sDuElTmkNgYTXyxbk","w9gx7zrN+zBUJ2iV6az0FngRBSIRDJ4m",,0
"174AA625F6CD4E709F0B4A999BB12A0E","D03","DSNY","DSNY_021","S","2014-05-14","2014-09-29","2014-09-29","DSNY_021.S.20140514.ELASP7","NEON.BET.D03.000099","vial of pooled individuals","ELASP7","Elaphropus sp.","genus",,"Motschulsky",,,"3Q3DTNOEW6PmUpTYHr9EIzFJeoB1o9Pu","scdXeiOYH+xCXiXscoerBg8nVMTM/1lP",,0
"C73AB3958FD445AE868301802B7643FA","D03","DSNY","DSNY_016","W","2014-05-14","2014-09-29","2014-09-29","DSNY_016.W.20140514.CLISP4.01","NEON.BET.D03.000131","vial of pooled individuals","CLISP4","Clivina sp.","genus",,"Latreille",,"Latreille 1802","3Q3DTNOEW6PmUpTYHr9EIzFJeoB1o9Pu","scdXeiOYH+xCXiXscoerBg8nVMTM/1lP",,0
"CCE20D4DDB0341ED9E270D650EE2543D","D03","DSNY","DSNY_016","W","2014-05-14","2014-09-29","2014-09-29","DSNY_016.W.20140514.CLISP4.01","NEON.BET.D03.000130","vial of pooled individuals","CLISP4","Clivina sp.","genus",,"Latreille",,"Latreille 1802","scdXeiOYH+xCXiXscoerBg8nVMTM/1lP","scdXeiOYH+xCXiXscoerBg8nVMTM/1lP",,0
"0C076FAF452B469884341C7EC0E6CF13","D03","DSNY","DSNY_016","N","2014-05-14","2014-09-29","2014-09-29","DSNY_016.N.20140514.AMBIRI.01","NEON.BET.D03.000053","vial of pooled individuals","AMBIRI","Amblygnathus iripennis","species",,"Say",,"Say 1823","3Q3DTNOEW6PmUpTYHr9EIzFJeoB1o9Pu","scdXeiOYH+xCXiXscoerBg8nVMTM/1lP",,0
"DBE5514C7A3448AD8CC57901C244CE47","D03","DSNY","DSNY_016","N","2014-05-14","2014-09-29","2014-09-29","DSNY_016.N.20140514.TETLAE.01","NEON.BET.D03.000235","vial of pooled individuals","TETLAE","Tetragonoderus laevigatus","species",,"Chaudoir",,"Chaudoir 1876","scdXeiOYH+xCXiXscoerBg8nVMTM/1lP","scdXeiOYH+xCXiXscoerBg8nVMTM/1lP",,0
"BA0B66C7F80E4D649274F5261636D88B","D03","DSNY","DSNY_016","E","2014-05-14","2014-09-29","2014-09-29","DSNY_016.E.20140514.CLISP4.01","NEON.BET.D03.000086","vial of pooled individuals","CLISP4","Clivina sp.","genus",,"Latreille",,"Latreille 1802","3Q3DTNOEW6PmUpTYHr9EIzFJeoB1o9Pu","scdXeiOYH+xCXiXscoerBg8nVMTM/1lP",,0
"3397AE6099314BE3AB9EBB3F9FC0E014","D03","DSNY","DSNY_016","W","2014-05-14","2014-09-29","2014-09-29","DSNY_016.W.20140514.LOXCRE.01","NEON.BET.D03.000125","vial of pooled individuals","LOXCRE","Loxandrus crenatus","species",,"LeConte",,"LeConte 1848","scdXeiOYH+xCXiXscoerBg8nVMTM/1lP","scdXeiOYH+xCXiXscoerBg8nVMTM/1lP",,0
"11F83A9921D8488AB7ECC26F6B9AC9E4","D03","DSNY","DSNY_016","S","2014-05-14","2014-09-29","2014-09-29","DSNY_016.S.20140514.CYCFAB","NEON.BET.D03.000100","vial of pooled individuals","CYCFAB","Cyclotrachelus faber","species",,"Germar",,"Germar 1824","scdXeiOYH+xCXiXscoerBg8nVMTM/1lP","scdXeiOYH+xCXiXscoerBg8nVMTM/1lP",,0
"75C966F568914672A0A8B3E9732649D0","D03","DSNY","DSNY_009","S","2014-05-14","2014-05-15","2014-09-29","DSNY_009.S.20140514.000055.1","NEON.BET.D03.000055","vial of pooled individuals","CYCFAB","Cyclotrachelus faber","species",,"Germar",,"Germar 1824","scdXeiOYH+xCXiXscoerBg8nVMTM/1lP","iiDgbhaUgfPlmO3sDuElTmkNgYTXyxbk",,0
"E579425E8E2E4454A99E5C972845E008","D03","DSNY","DSNY_009","N","2014-05-14","2014-05-15","2014-09-30","DSNY_009.N.20140514.000117.1","NEON.BET.D03.000117","vial of pooled individuals","ANIHAP","Anisodactylus haplomus","species",,"Chaudoir",,"Chaudoir 1868","scdXeiOYH+xCXiXscoerBg8nVMTM/1lP","iiDgbhaUgfPlmO3sDuElTmkNgYTXyxbk",,0
"38F22EAD5230433BABECDB0AA09A464E","D03","DSNY","DSNY_009","N","2014-05-14","2014-05-15","2014-09-30","DSNY_009.N.20140514.000115.1","NEON.BET.D03.000115","vial of pooled individuals","CLISP4","Clivina sp.","genus",,"Latreille",,"Latreille 1802","scdXeiOYH+xCXiXscoerBg8nVMTM/1lP","iiDgbhaUgfPlmO3sDuElTmkNgYTXyxbk",,0
"3E19C5294B894CC390BA382B9D9252EA","D03","DSNY","DSNY_009","N","2014-05-14","2014-05-15","2014-09-29","DSNY_009.N.20140514.000116.1","NEON.BET.D03.000116","vial of pooled individuals","CYCFAB","Cyclotrachelus faber","species",,"Germar",,"Germar 1824","scdXeiOYH+xCXiXscoerBg8nVMTM/1lP","iiDgbhaUgfPlmO3sDuElTmkNgYTXyxbk",,0
"1531BB1C76534955AC13349711E86702","D03","DSNY","DSNY_007","W","2014-05-14","2014-05-15","2014-09-30","DSNY_007.W.20140514.000106.1","NEON.BET.D03.000106","vial of pooled individuals","ANIHAP","Anisodactylus haplomus","species",,"Chaudoir",,"Chaudoir 1868","scdXeiOYH+xCXiXscoerBg8nVMTM/1lP","iiDgbhaUgfPlmO3sDuElTmkNgYTXyxbk",,0
"183A292DA348493392B6A874E8D313A5","D03","DSNY","DSNY_007","N","2014-05-14","2014-05-15","2014-09-30","DSNY_007.N.20140514.000133.1","NEON.BET.D03.000133","vial of pooled individuals","ANIHAP","Anisodactylus haplomus","species",,"Chaudoir",,"Chaudoir 1868","PbNu4t/t/O1BAZriMiaA3VbsZD9KatgX","iiDgbhaUgfPlmO3sDuElTmkNgYTXyxbk",,0
"F8806FC92AA8490C85850B663B3B9AB6","D03","DSNY","DSNY_007","E","2014-05-14","2014-05-15","2014-06-25","DSNY_007.E.20140514.000400.1","NEON.BET.D03.000400","vial of pooled individuals","ANIHAP","Anisodactylus haplomus","species",,"Chaudoir",,"Chaudoir 1868","KcUIh1bHY94S7Wfrlp/39pBm2uWTKGOw","iiDgbhaUgfPlmO3sDuElTmkNgYTXyxbk",,0
"1D3DAEFDAA7D49228881CD5760F8CD36","D03","DSNY","DSNY_006","N","2014-05-14","2014-05-15","2014-09-29","DSNY_006.N.20140514.000056.1","NEON.BET.D03.000056","vial of pooled individuals","ELASP7","Elaphropus sp.","genus",,"Motschulsky",,"Motschulsky 1839","scdXeiOYH+xCXiXscoerBg8nVMTM/1lP","iiDgbhaUgfPlmO3sDuElTmkNgYTXyxbk",,0
"FBBD873F2F5049569AE21E6B052B46AC","D03","DSNY","DSNY_006","N","2014-05-14","2014-05-15","2014-09-30","DSNY_006.N.20140514.000061.1","NEON.BET.D03.000061","vial of pooled individuals","SCAOCA","Scarites ocalensis","species",,"Nichols",,"Nichols 1986","scdXeiOYH+xCXiXscoerBg8nVMTM/1lP","iiDgbhaUgfPlmO3sDuElTmkNgYTXyxbk",,0
"C2A058C5472444819602F13823E3B812","D03","DSNY","DSNY_003","S","2014-05-14","2014-05-15","2014-09-30","DSNY_003.S.20140514.000105.1","NEON.BET.D03.000105","vial of pooled individuals","ANIHAP","Anisodactylus haplomus","species",,"Chaudoir",,"Chaudoir 1868","scdXeiOYH+xCXiXscoerBg8nVMTM/1lP","iiDgbhaUgfPlmO3sDuElTmkNgYTXyxbk",,0
"155C006D71A942FA806F77A38B7CDB54","D03","DSNY","DSNY_004","S","2014-05-14","2014-05-15","2014-09-30","DSNY_004.S.20140514.000068.1","NEON.BET.D03.000068","vial of pooled individuals","SCAOCA","Scarites ocalensis","species",,"Nichols",,"Nichols 1986","scdXeiOYH+xCXiXscoerBg8nVMTM/1lP","iiDgbhaUgfPlmO3sDuElTmkNgYTXyxbk",,0
"F472DD083EAD42A788F07022B8800711","D03","DSNY","DSNY_001","N","2014-05-14","2014-09-29","2014-09-30","DSNY_001.N.20140514.SELFOS.01","NEON.BET.D03.000059","vial of pooled individuals","SELFOS","Selenophorus fossulatus","species",,"Dejean",,"Dejean 1831","scdXeiOYH+xCXiXscoerBg8nVMTM/1lP","scdXeiOYH+xCXiXscoerBg8nVMTM/1lP",,0
"1EC6FC0224AB4BADA6B31D08BC04208E","D03","DSNY","DSNY_001","S","2014-05-14","2014-09-25","2014-09-25","DSNY_001.S.20140514.SELELL.01","NEON.BET.D03.000096","vial of pooled individuals","SELELL","Selenophorus ellipticus","species","cf. species","Dejean",,"Dejean 1831","iiDgbhaUgfPlmO3sDuElTmkNgYTXyxbk","w9gx7zrN+zBUJ2iV6az0FngRBSIRDJ4m",,0
"4780A17F332641C2AC6899A0C5D91903","D03","DSNY","DSNY_001","S","2014-05-14","2014-09-29","2014-09-30","DSNY_001.S.20140514.SELFOS.01","NEON.BET.D03.000060","vial of pooled individuals","SELFOS","Selenophorus fossulatus","species",,"Dejean",,"Dejean 1831","scdXeiOYH+xCXiXscoerBg8nVMTM/1lP","scdXeiOYH+xCXiXscoerBg8nVMTM/1lP",,0
"FBF632CB43D04A1DA4022E59C18AF3F8","D03","DSNY","DSNY_001","W","2014-05-14","2014-09-25","2014-09-25","DSNY_001.W.20140514.SELELL.01","NEON.BET.D03.000104","vial of pooled individuals","SELELL","Selenophorus ellipticus","species","cf. species","Dejean",,"Dejean 1831","iiDgbhaUgfPlmO3sDuElTmkNgYTXyxbk","w9gx7zrN+zBUJ2iV6az0FngRBSIRDJ4m",,0
"1F9278B379EA4989AF1454B19AE6ACA6","D03","DSNY","DSNY_001","W","2014-05-14","2014-09-25","2014-09-25","DSNY_001.W.20140514.SELELL.01","NEON.BET.D03.000103","vial of pooled individuals","SELELL","Selenophorus ellipticus","species","cf. species","Dejean",,"Dejean 1831","iiDgbhaUgfPlmO3sDuElTmkNgYTXyxbk","w9gx7zrN+zBUJ2iV6az0FngRBSIRDJ4m",,0
"34DBBE3BFBBC42F280EE73DC89C09033","D03","DSNY","DSNY_004","S","2014-05-29","2014-05-30","2014-06-25","DSNY_004.S.20140529.ANIHAP.01","NEON.BET.D03.000404","vial of pooled individuals","ANIHAP","Anisodactylus haplomus","species",,"Chaudoir",,"Chaudoir 1868","zlagoNCeUUGLNrXoFxy+Hj5lwDL2TbeY","7ZsG8s1cQijU1p7CX6b9FNrZuRO+/rX6",,0
"66906DB4D65B46B09D31DD91E41BE6E1","D03","DSNY","DSNY_021","W","2014-05-29","2014-05-30","2014-09-30","DSNY_021.W.20140529.SELFOS.01","NEON.BET.D03.000332","vial of pooled individuals","SELFOS","Selenophorus fossulatus","species",,"Dejean",,"Dejean 1829","scdXeiOYH+xCXiXscoerBg8nVMTM/1lP","7ZsG8s1cQijU1p7CX6b9FNrZuRO+/rX6",,0
"3C982BA5A4B744B88D217C1C258EB1B1","D03","DSNY","DSNY_021","W","2014-05-29","2014-05-30","2014-09-30","DSNY_021.W.20140529.SELFOS.01","NEON.BET.D03.000330","vial of pooled individuals","SELFOS","Selenophorus fossulatus","species",,"Dejean",,"Dejean 1829","scdXeiOYH+xCXiXscoerBg8nVMTM/1lP","7ZsG8s1cQijU1p7CX6b9FNrZuRO+/rX6",,0
"6F69E57F12F34E5E9C1D3CA6912BB5B8","D03","DSNY","DSNY_021","W","2014-05-29","2014-05-30","2014-09-30","DSNY_021.W.20140529.SELFOS.01","NEON.BET.D03.000333","vial of pooled individuals","SELFOS","Selenophorus fossulatus","species",,"Dejean",,"Dejean 1829","scdXeiOYH+xCXiXscoerBg8nVMTM/1lP","7ZsG8s1cQijU1p7CX6b9FNrZuRO+/rX6",,0
"A5F77CBB1AE44E09BD97CEDA7211D603","D03","DSNY","DSNY_021","W","2014-05-29","2014-05-30","2014-09-30","DSNY_021.W.20140529.SELFOS.01","NEON.BET.D03.000331","vial of pooled individuals","SELFOS","Selenophorus fossulatus","species",,"Dejean",,"Dejean 1829","scdXeiOYH+xCXiXscoerBg8nVMTM/1lP","7ZsG8s1cQijU1p7CX6b9FNrZuRO+/rX6",,0
"B506F9A2E6FB4BE392B137B3A72A02BE","D03","DSNY","DSNY_021","W","2014-05-29","2014-05-30","2014-09-30","DSNY_021.W.20140529.SELFOS.01","NEON.BET.D03.000334","vial of pooled individuals","SELFOS","Selenophorus fossulatus","species",,"Dejean",,"Dejean 1829","scdXeiOYH+xCXiXscoerBg8nVMTM/1lP","7ZsG8s1cQijU1p7CX6b9FNrZuRO+/rX6",,0
"F37E8FB6602A41C6BD8025C3B5A5C225","D03","DSNY","DSNY_016","S","2014-05-29","2014-05-30","2014-09-30","DSNY_016.S.20140529.AMBIRI.01","NEON.BET.D03.000353","vial of pooled individuals","AMBIRI","Amblygnathus iripennis","species",,"Say",,"Say 1823","scdXeiOYH+xCXiXscoerBg8nVMTM/1lP","7ZsG8s1cQijU1p7CX6b9FNrZuRO+/rX6",,0
"A51F5573FFB24C6D81B2C14CCCEB7FBB","D03","DSNY","DSNY_016","N","2014-05-29","2014-05-30","2014-06-25","DSNY_016.N.20140529.TETLAE.01","NEON.BET.D03.000422","vial of pooled individuals","TETLAE","Tetragonoderus laevigatus","species",,"Chaudoir",,"Chaudoir 1876","7ZsG8s1cQijU1p7CX6b9FNrZuRO+/rX6","7ZsG8s1cQijU1p7CX6b9FNrZuRO+/rX6",,0
"B7EF0E168D2E43B38CCCDF86E1D1C5AD","D03","DSNY","DSNY_016","E","2014-05-29","2014-05-30","2014-09-29","DSNY_016.E.20140529.CLISP4.01","NEON.BET.D03.000351","vial of pooled individuals","CLISP4","Clivina sp.","genus",,"Latreille",,"Latreille 1802","KnvsV1XN/fcT6FYSWd8OReDfV3Qsyj6N","7ZsG8s1cQijU1p7CX6b9FNrZuRO+/rX6",,0
"67C584B864D040A1AD7944379F5FEEA2","D03","DSNY","DSNY_016","N","2014-05-29","2014-05-30","2014-06-25","DSNY_016.N.20140529.CLISP4.01","NEON.BET.D03.000443","vial of pooled individuals","CLISP4","Clivina sp.","genus",,"Latreille",,"Latreille 1802","7ZsG8s1cQijU1p7CX6b9FNrZuRO+/rX6","7ZsG8s1cQijU1p7CX6b9FNrZuRO+/rX6",,0
"313850564C4D4776AC86AB70FD560FE9","D03","DSNY","DSNY_016","E","2014-05-29","2014-05-30","2014-09-25","DSNY_016.E.20140529.CLISP4.01","NEON.BET.D03.000352","vial of pooled individuals","CLISP4","Clivina sp.","genus",,"Latreille",,"Latreille 1802","KnvsV1XN/fcT6FYSWd8OReDfV3Qsyj6N","7ZsG8s1cQijU1p7CX6b9FNrZuRO+/rX6",,0
"ED09947480474B88B913510E43E32A6E","D03","DSNY","DSNY_016","N","2014-05-29","2014-05-30","2014-09-29","DSNY_016.N.20140529.PASSUB.01","NEON.BET.D03.000344","vial of pooled individuals","PASSUB1","Pasimachus sublaevis","species",,"Palisot de Beauvois",,"Palisot de Beauvois 1811","7ZsG8s1cQijU1p7CX6b9FNrZuRO+/rX6","7ZsG8s1cQijU1p7CX6b9FNrZuRO+/rX6",,0
"CB473670A2DA40E28FA9174395F04C3E","D03","DSNY","DSNY_016","N","2014-05-29","2014-05-30","2014-06-25","DSNY_016.N.20140529.TETLAE.01","NEON.BET.D03.000421","vial of pooled individuals","TETLAE","Tetragonoderus laevigatus","species",,"Chaudoir",,"Chaudoir 1876","7ZsG8s1cQijU1p7CX6b9FNrZuRO+/rX6","7ZsG8s1cQijU1p7CX6b9FNrZuRO+/rX6",,0
"B94054C468264A0BA5F46BFE6AF0E015","D03","DSNY","DSNY_009","W","2014-05-29","2014-05-30","2014-09-29","DSNY_009.W.20140529.CYCFAB.01","NEON.BET.D03.000382","vial of pooled individuals","CYCFAB","Cyclotrachelus faber","species",,"Germar",,"Germar 1824","iiDgbhaUgfPlmO3sDuElTmkNgYTXyxbk","7ZsG8s1cQijU1p7CX6b9FNrZuRO+/rX6",,0
"CD198594EDCC42B5ACA19B76F4AF4485","D03","DSNY","DSNY_009","W","2014-05-29","2014-05-30","2014-09-29","DSNY_009.W.20140529.CYCFAB.01","NEON.BET.D03.000383","vial of pooled individuals","CYCFAB","Cyclotrachelus faber","species",,"Germar",,"Germar 1824","iiDgbhaUgfPlmO3sDuElTmkNgYTXyxbk","7ZsG8s1cQijU1p7CX6b9FNrZuRO+/rX6",,0
"7B2C7C4FB5FC466FB6F46DCE7047BE37","D03","DSNY","DSNY_009","W","2014-05-29","2014-05-30","2014-09-29","DSNY_009.W.20140529.CYCFAB.01","NEON.BET.D03.000381","vial of pooled individuals","CYCFAB","Cyclotrachelus faber","species",,"Germar",,"Germar 1824","iiDgbhaUgfPlmO3sDuElTmkNgYTXyxbk","7ZsG8s1cQijU1p7CX6b9FNrZuRO+/rX6",,0
"BFAB545C98FE424A94865FF8F129DC4D","D03","DSNY","DSNY_009","S","2014-05-29","2014-05-30","2014-09-18","DSNY_009.S.20140529.ANIHAP.01","NEON.BET.D03.000425","vial of pooled individuals","ANIHAP","Anisodactylus haplomus","species","cf. species","Chaudoir",,"Chaudoir 1868","7ZsG8s1cQijU1p7CX6b9FNrZuRO+/rX6","7ZsG8s1cQijU1p7CX6b9FNrZuRO+/rX6",,0
"308F2E36A2C0439B8552A3FF5FA2ED58","D03","DSNY","DSNY_007","S","2014-05-29","2014-05-30","2014-09-30","DSNY_007.S.20140529.SELOPA.01","NEON.BET.D03.000364","vial of pooled individuals","SELOPA","Selenophorus opalinus","species",,"LeConte",,"LeConte 1863","7ZsG8s1cQijU1p7CX6b9FNrZuRO+/rX6","7ZsG8s1cQijU1p7CX6b9FNrZuRO+/rX6",,0
"0DA7D94391344460B985C0CC408BAD15","D03","DSNY","DSNY_007","S","2014-05-29","2014-05-30","2014-09-30","DSNY_007.S.20140529.SELFOS.01","NEON.BET.D03.000361","vial of pooled individuals","SELFOS","Selenophorus fossulatus","species",,"Dejean",,"Dejean 1829","7ZsG8s1cQijU1p7CX6b9FNrZuRO+/rX6","7ZsG8s1cQijU1p7CX6b9FNrZuRO+/rX6",,0
"151AFFF5FC1B4F78B212D3D918EBAD7C","D03","DSNY","DSNY_007","S","2014-05-29","2014-05-30","2014-09-29","DSNY_007.S.20140529.SCAOCA.01","NEON.BET.D03.000362","vial of pooled individuals","SCAOCA","Scarites ocalensis","species",,"Nichols",,"Nichols 1986","7ZsG8s1cQijU1p7CX6b9FNrZuRO+/rX6","7ZsG8s1cQijU1p7CX6b9FNrZuRO+/rX6",,0
"4CB7C57E381F4B89B02F53F215056C74","D03","DSNY","DSNY_007","S","2014-05-29","2014-05-30","2014-09-29","DSNY_007.S.20140529.SCAOCA.01","NEON.BET.D03.000363","vial of pooled individuals","SCAOCA","Scarites ocalensis","species",,"Nichols",,"Nichols 1986","7ZsG8s1cQijU1p7CX6b9FNrZuRO+/rX6","7ZsG8s1cQijU1p7CX6b9FNrZuRO+/rX6",,0
"193F146C6C83449DB0961830ECBF83CC","D03","DSNY","DSNY_007","N","2014-05-29","2014-05-30","2014-07-09","DSNY_007.N.20140529.ANIHAP.01","NEON.BET.D03.000403","vial of pooled individuals","ANIHAP","Anisodactylus haplomus","species",,"Chaudoir",,"Chaudoir 1868","7ZsG8s1cQijU1p7CX6b9FNrZuRO+/rX6","7ZsG8s1cQijU1p7CX6b9FNrZuRO+/rX6",,0
"053B0973CA4C4D3A90ABEC23CC2E8F24","D03","DSNY","DSNY_007","N","2014-05-29","2014-05-30","2014-07-09","DSNY_007.N.20140529.PASSUB1","NEON.BET.D03.000329","vial of pooled individuals","PASSUB1","Pasimachus sublaevis","species",,"Palisot de Beauvois",,"Palisot de Beauvois 1811","7ZsG8s1cQijU1p7CX6b9FNrZuRO+/rX6","7ZsG8s1cQijU1p7CX6b9FNrZuRO+/rX6",,0
"11E3F4225D1A4732AB7A93EA4B5D10E2","D03","DSNY","DSNY_005","W","2014-05-29","2014-05-30","2014-09-30","DSNY_005.W.20140529.SELELL.01","NEON.BET.D03.000356","vial of pooled individuals","SELELL","Selenophorus ellipticus","species",,"Dejean",,"Dejean 1829","scdXeiOYH+xCXiXscoerBg8nVMTM/1lP","7ZsG8s1cQijU1p7CX6b9FNrZuRO+/rX6",,0
"C1AEF4D30DB449E891F6F27525F72A91","D03","DSNY","DSNY_005","E","2014-05-29","2014-05-30","2014-06-25","DSNY_005.E.20140529.SCAOCA","NEON.BET.D03.000408","vial of pooled individuals","SCAOCA","Scarites ocalensis","species",,"Nichols",,"Nichols 1986","7ZsG8s1cQijU1p7CX6b9FNrZuRO+/rX6","7ZsG8s1cQijU1p7CX6b9FNrZuRO+/rX6",,0
"993CB008460D4B06B35E5310BAE82C5C","D03","DSNY","DSNY_005","E","2014-05-29","2014-05-30","2014-09-29","DSNY_005.E.20140529.SELELL.01","NEON.BET.D03.000415","vial of pooled individuals","SELELL","Selenophorus ellipticus","species","cf. species","Dejean",,"Dejean 1829","iiDgbhaUgfPlmO3sDuElTmkNgYTXyxbk","7ZsG8s1cQijU1p7CX6b9FNrZuRO+/rX6",,0
"5C7C3F94FCE64CEBAF10FEBE9615204B","D03","DSNY","DSNY_005","N","2014-05-29","2014-05-30","2014-06-25","DSNY_005.N.20140529.SCAOCA.01","NEON.BET.D03.000405","vial of pooled individuals","SCAOCA","Scarites ocalensis","species",,"Nichols",,"Nichols 1986","7ZsG8s1cQijU1p7CX6b9FNrZuRO+/rX6","7ZsG8s1cQijU1p7CX6b9FNrZuRO+/rX6",,0
"E63C8AF61A1F4E9496AFBF20E663B552","D03","DSNY","DSNY_003","N","2014-05-29","2014-05-30","2014-07-08","DSNY_003.N.20140529.SCAOCA.01","NEON.BET.D03.000406","vial of pooled individuals","SCAOCA","Scarites ocalensis","species",,"Nichols",,"Nichols 1986","7ZsG8s1cQijU1p7CX6b9FNrZuRO+/rX6","7ZsG8s1cQijU1p7CX6b9FNrZuRO+/rX6",,0
"61F3601AD13441FEBDB92C29E4D4D6D8","D03","DSNY","DSNY_001","S","2014-06-11","2014-06-12","2014-08-11","DSNY_001.S.20140611.PASSUB1.01","NEON.BET.D03.000123","vial of pooled individuals","PASSUB1","Pasimachus sublaevis","species",,"Palisot de Beauvois",,"Palisot de Beauvois 1811","7ZsG8s1cQijU1p7CX6b9FNrZuRO+/rX6","iiDgbhaUgfPlmO3sDuElTmkNgYTXyxbk",,0
"7C53C73B0DF7402289C89B02BFDF759C","D03","DSNY","DSNY_021","W","2014-06-11","2014-06-12","2014-09-30","DSNY_021.W.20140611.SELFOS.01","NEON.BET.D03.000161","vial of pooled individuals","SELFOS","Selenophorus fossulatus","species",,"Dejean",,,"scdXeiOYH+xCXiXscoerBg8nVMTM/1lP","scdXeiOYH+xCXiXscoerBg8nVMTM/1lP",,0
"990F0A26B15F47B295105F5BE5243777","D03","DSNY","DSNY_021","W","2014-06-11","2014-06-12","2014-09-26","DSNY_021.W.20140611.CLISP4.01","NEON.BET.D03.000162","vial of pooled individuals","CLISP4","Clivina sp.","genus",,"Latreille",,"Latreille 1802","scdXeiOYH+xCXiXscoerBg8nVMTM/1lP","scdXeiOYH+xCXiXscoerBg8nVMTM/1lP",,0
"73020EB75B2B43EAA43E7F17A60A0108","D03","DSNY","DSNY_021","W","2014-06-11","2014-06-12","2014-09-30","DSNY_021.W.20140611.SELFOS.01","NEON.BET.D03.000160","vial of pooled individuals","SELFOS","Selenophorus fossulatus","species",,"Dejean",,"Dejean 1829","scdXeiOYH+xCXiXscoerBg8nVMTM/1lP","scdXeiOYH+xCXiXscoerBg8nVMTM/1lP",,0
"87116F9DA49346C08A62C303C60671FF","D03","DSNY","DSNY_021","N","2014-06-11","2014-06-12","2014-09-26","DSNY_021.N.20140611.CLISP4.01","NEON.BET.D03.000171","vial of pooled individuals","CLISP4","Clivina sp.","genus",,"Latreille",,"Latreille 1802","scdXeiOYH+xCXiXscoerBg8nVMTM/1lP","scdXeiOYH+xCXiXscoerBg8nVMTM/1lP",,0
"191CE3D2558C4DA1BA1AF9041603893F","D03","DSNY","DSNY_021","W","2014-06-11","2014-06-12","2014-09-30","DSNY_021.W.20140611.SELFOS.01","NEON.BET.D03.000159","vial of pooled individuals","SELFOS","Selenophorus fossulatus","species",,"Dejean",,"Dejean 1829","scdXeiOYH+xCXiXscoerBg8nVMTM/1lP","scdXeiOYH+xCXiXscoerBg8nVMTM/1lP",,0
"DA525CE1BABA4FC1876DFD167835ECD8","D03","DSNY","DSNY_021","S","2014-06-11","2014-06-12","2014-06-25","DSNY_021.S.20140611.TETVIR.01","NEON.BET.D03.000222","vial of pooled individuals","TETVIR","Tetracha virginica","species",,"Linnaeus",,"Linnaeus 1767","7ZsG8s1cQijU1p7CX6b9FNrZuRO+/rX6","scdXeiOYH+xCXiXscoerBg8nVMTM/1lP",,0
"8DB77CC2540F4409AAE0070872E38DDE","D03","DSNY","DSNY_016","W","2014-06-11","2014-06-12","2014-09-30","DSNY_016.W.20140611.CLISP4.01","NEON.BET.D03.000257","vial of pooled individuals","CLISP4","Clivina sp.","genus",,"Latreille",,"Latreille 1802","PbNu4t/t/O1BAZriMiaA3VbsZD9KatgX","scdXeiOYH+xCXiXscoerBg8nVMTM/1lP",,0
"978D775915F2496F9AE3DA663063CA9B","D03","DSNY","DSNY_016","W","2014-06-11","2014-06-12","2014-09-30","DSNY_016.W.20140611.CLISP4.01","NEON.BET.D03.000259","vial of pooled individuals","CLISP4","Clivina sp.","genus",,"Latreille",,"Latreille 1802","PbNu4t/t/O1BAZriMiaA3VbsZD9KatgX","scdXeiOYH+xCXiXscoerBg8nVMTM/1lP",,0
"9F50332ED0E04D9A8C71F84921D69E6A","D03","DSNY","DSNY_016","W","2014-06-11","2014-06-12","2014-09-30","DSNY_016.W.20140611.CLISP4.01","NEON.BET.D03.000258","vial of pooled individuals","CLISP4","Clivina sp.","genus",,"Latreille",,"Latreille 1802","PbNu4t/t/O1BAZriMiaA3VbsZD9KatgX","scdXeiOYH+xCXiXscoerBg8nVMTM/1lP",,0
"6E0863CA9D364F4C98F6F12E2AE37607","D03","DSNY","DSNY_016","N","2014-06-11","2014-06-12","2014-10-03","DSNY_016.N.20140611.TETLAE.01","NEON.BET.D03.000266","vial of pooled individuals","TETLAE","Tetragonoderus laevigatus","species",,"Chaudoir",,"Chaudoir 1876","scdXeiOYH+xCXiXscoerBg8nVMTM/1lP","scdXeiOYH+xCXiXscoerBg8nVMTM/1lP",,0
"BC89BD83955E475CA0F953476CA188D2","D03","DSNY","DSNY_009","E","2014-06-11","2014-06-12","2014-09-29","DSNY_009.E.20140611.CYCFAB.01","NEON.BET.D03.000376","vial of pooled individuals","CYCFAB","Cyclotrachelus faber","species",,"Germar",,"Germar 1824","iiDgbhaUgfPlmO3sDuElTmkNgYTXyxbk","scdXeiOYH+xCXiXscoerBg8nVMTM/1lP",,0
"4FBB623DF5784155AEE53FD7C11C125A","D03","DSNY","DSNY_009","E","2014-06-11","2014-06-12","2014-09-29","DSNY_009.E.20140611.CYCFAB.01","NEON.BET.D03.000375","vial of pooled individuals","CYCFAB","Cyclotrachelus faber","species",,"Germar",,"Germar 1824","iiDgbhaUgfPlmO3sDuElTmkNgYTXyxbk","scdXeiOYH+xCXiXscoerBg8nVMTM/1lP",,0
"F4A6765FDCD04DC6AB709910D9401359","D03","DSNY","DSNY_009","E","2014-06-11","2014-06-12","2014-09-29","DSNY_009.E.20140611.CYCFAB.01","NEON.BET.D03.000374","vial of pooled individuals","CYCFAB","Cyclotrachelus faber","species",,"Germar",,"Germar 1824","iiDgbhaUgfPlmO3sDuElTmkNgYTXyxbk","scdXeiOYH+xCXiXscoerBg8nVMTM/1lP",,0
"2A0EBD197A59431FBE88123BFB410D5B","D03","DSNY","DSNY_009","E","2014-06-11","2014-06-12","2014-09-29","DSNY_009.E.20140611.CYCFAB.01","NEON.BET.D03.000379","vial of pooled individuals","CYCFAB","Cyclotrachelus faber","species",,"Germar",,"Germar 1824","iiDgbhaUgfPlmO3sDuElTmkNgYTXyxbk","scdXeiOYH+xCXiXscoerBg8nVMTM/1lP",,0
"735283460AC543F1BF22E0DE30D09B21","D03","DSNY","DSNY_007","N","2014-06-11","2014-06-12","2014-09-30","DSNY_007.N.20140611.ANIHAP.01","NEON.BET.D03.000180","vial of pooled individuals","ANIHAP","Anisodactylus haplomus","species",,"Chaudoir",,"Chaudoir 1868","PbNu4t/t/O1BAZriMiaA3VbsZD9KatgX","scdXeiOYH+xCXiXscoerBg8nVMTM/1lP",,0
"03BE51934EBA4D7E938233A074140CC1","D03","DSNY","DSNY_007","N","2014-06-11","2014-06-12","2014-09-30","DSNY_007.N.20140611.SELFOS.01","NEON.BET.D03.000181","vial of pooled individuals","SELFOS","Selenophorus fossulatus","species",,"Dejean",,"Dejean 1829","scdXeiOYH+xCXiXscoerBg8nVMTM/1lP","scdXeiOYH+xCXiXscoerBg8nVMTM/1lP",,0
"BC2BD7AA800B43E6B699DA61CD0212DF","D03","DSNY","DSNY_007","N","2014-06-11","2014-06-12","2014-09-30","DSNY_007.N.20140611.SELFOS.01","NEON.BET.D03.000182","vial of pooled individuals","SELFOS","Selenophorus fossulatus","species",,"Dejean",,"Dejean 1829","scdXeiOYH+xCXiXscoerBg8nVMTM/1lP","scdXeiOYH+xCXiXscoerBg8nVMTM/1lP",,0
"4FFF645AFDCA47E2AF4670D283E7E40E","D03","DSNY","DSNY_007","W","2014-06-11","2014-06-12","2014-09-30","DSNY_007.W.20140611.ANIHAP.01","NEON.BET.D03.000436","vial of pooled individuals","ANIHAP","Anisodactylus haplomus","species","cf. species","Chaudoir",,"Chaudoir 1868","7ZsG8s1cQijU1p7CX6b9FNrZuRO+/rX6","scdXeiOYH+xCXiXscoerBg8nVMTM/1lP",,0
"CF55E9273EB448F09F616A2C290E2444","D03","DSNY","DSNY_007","E","2014-06-11","2014-06-12","2014-09-30","DSNY_007.E.20140611.ANIHAP.01","NEON.BET.D03.000437","vial of pooled individuals","ANIHAP","Anisodactylus haplomus","species","cf. species","Chaudoir",,"Chaudoir 1868","7ZsG8s1cQijU1p7CX6b9FNrZuRO+/rX6","scdXeiOYH+xCXiXscoerBg8nVMTM/1lP",,0
"191CE21BCEA14868BC2DDE8F514B871F","D03","DSNY","DSNY_005","N","2014-06-11","2014-06-12","2014-09-29","DSNY_005.N.20140611.SCAOCA.01","NEON.BET.D03.000354","vial of pooled individuals","SCAOCA","Scarites ocalensis","species",,"Nichols",,"Nichols 1986","scdXeiOYH+xCXiXscoerBg8nVMTM/1lP","scdXeiOYH+xCXiXscoerBg8nVMTM/1lP",,0
"5DA4A5818B55423A93C97DD2A3653FAC","D03","DSNY","DSNY_003","E","2014-06-11","2014-06-12","2014-08-06","DSNY_003.E.20140611.SELFOS.01","NEON.BET.D03.000416","vial of pooled individuals","SELFOS","Selenophorus fossulatus","species",,"Dejean",,"Dejean 1829","bPko/k8RNU/icSbrBCzMLbJxWeUwZufu","iiDgbhaUgfPlmO3sDuElTmkNgYTXyxbk",,0
"319062D88CEB4338BCF8C4FD2AEFEF50","D03","DSNY","DSNY_003","E","2014-06-11","2014-06-12","2014-08-06","DSNY_003.E.20140611.ANIHAP.01","NEON.BET.D03.000402","vial of pooled individuals","ANIHAP","Anisodactylus haplomus","species",,"Chaudoir",,"Chaudoir 1868","bPko/k8RNU/icSbrBCzMLbJxWeUwZufu","iiDgbhaUgfPlmO3sDuElTmkNgYTXyxbk",,0
"9284686C54654C039698948BB65C95F4","D03","DSNY","DSNY_003","S","2014-06-11","2014-06-12","2014-07-08","DSNY_003.S.20140611.CYCFAB.01","NEON.BET.D03.000158","vial of pooled individuals","CYCFAB","Cyclotrachelus faber","species",,"Germar",,"Germar 1824","7ZsG8s1cQijU1p7CX6b9FNrZuRO+/rX6","iiDgbhaUgfPlmO3sDuElTmkNgYTXyxbk",,0
"E7AC1FBE4D064D769ACAA5C6ECF674A6","D03","DSNY","DSNY_001","N","2014-06-11","2014-06-12","2014-09-29","DSNY_001.N.20140611.CYCFAB.01","NEON.BET.D03.000377","vial of pooled individuals","CYCFAB","Cyclotrachelus faber","species",,"Germar",,"Germar 1824","iiDgbhaUgfPlmO3sDuElTmkNgYTXyxbk","iiDgbhaUgfPlmO3sDuElTmkNgYTXyxbk",,0
"CCB36BAAD6CF4FC8BB9A25A60A5DA091","D03","DSNY","DSNY_002","S","2014-06-11","2014-06-12","2014-09-30","DSNY_002.S.20140611.SELFOS.01","NEON.BET.D03.000195","vial of pooled individuals","SELFOS","Selenophorus fossulatus","species",,"Dejean",,"Dejean 1829","scdXeiOYH+xCXiXscoerBg8nVMTM/1lP","iiDgbhaUgfPlmO3sDuElTmkNgYTXyxbk",,0
"2FADB5B461C44E4F972BE18429650F1C","D03","DSNY","DSNY_021","W","2014-06-16","2014-06-24","2014-06-24","DSNY_021.W.20140616.CLISP4.01","NEON.BET.D03.000456","vial of pooled individuals","CLISP4","Clivina sp.","genus",,"Latreille",,"Latreille 1802","7ZsG8s1cQijU1p7CX6b9FNrZuRO+/rX6","7ZsG8s1cQijU1p7CX6b9FNrZuRO+/rX6",,0
"F4A9502D76C746F1A3B74ADC4A3487CF","D03","DSNY","DSNY_002","W","2014-06-26","2014-06-27","2014-08-06","DSNY_002.W.20140626.PASSUB1.01","NEON.BET.D03.000087","vial of pooled individuals","PASSUB1","Pasimachus sublaevis","species",,"Palisot de Beauvois",,"Palisot de Beauvois 1811","zlagoNCeUUGLNrXoFxy+Hj5lwDL2TbeY","zlagoNCeUUGLNrXoFxy+Hj5lwDL2TbeY",,0
"881F6AFDF7C44E57A0E6F76595304948","D03","DSNY","DSNY_021","E","2014-06-26","2014-06-27","2014-09-30","DSNY_021.E.20140626.CLISP4.01","NEON.BET.D03.000023","vial of pooled individuals","CLISP4","Clivina sp.","genus",,"Latreille",,"Latreille 1802","w/KL6MXJXvQ9p4XzhV28GG2D83wW5unkeKKvBIBIGMI=","zlagoNCeUUGLNrXoFxy+Hj5lwDL2TbeY",,0
"CD4FDF294367496DB6D45AFC8F7DCF03","D03","DSNY","DSNY_021","W","2014-06-26","2014-06-27","2014-09-30","DSNY_021.W.20140626.PASSUB1.01","NEON.BET.D03.000062","vial of pooled individuals","PASSUB1","Pasimachus sublaevis","species",,"Palisot de Beauvois",,"Palisot de Beauvois 1811","scdXeiOYH+xCXiXscoerBg8nVMTM/1lP","zlagoNCeUUGLNrXoFxy+Hj5lwDL2TbeY",,0
"90A9538FAABE420490CCCFC05B7EF9AC","D03","DSNY","DSNY_021","N","2014-06-26","2014-06-27","2014-09-26","DSNY_021.N.20140626.CLISP4.01","NEON.BET.D03.000017","vial of pooled individuals","CLISP4","Clivina sp.","genus",,"Latreille",,"Latreille 1802","scdXeiOYH+xCXiXscoerBg8nVMTM/1lP","zlagoNCeUUGLNrXoFxy+Hj5lwDL2TbeY",,0
"32ABDF84326B400DA71FC7296DB4B01B","D03","DSNY","DSNY_016","W","2014-06-26","2014-06-27","2014-09-25","DSNY_016.W.20140626.CLISP4.01","NEON.BET.D03.000453","vial of pooled individuals","CLISP4","Clivina sp.","genus",,"Latreille",,"Latreille 1802","7ZsG8s1cQijU1p7CX6b9FNrZuRO+/rX6","zlagoNCeUUGLNrXoFxy+Hj5lwDL2TbeY",,0
"26C0476A1D424549BE50E701A3A7505B","D03","DSNY","DSNY_016","S","2014-06-26","2014-06-27","2014-08-11","DSNY_016.S.20140626.CLISP4.01","NEON.BET.D03.000450","vial of pooled individuals","CLISP4","Clivina sp.","genus",,"Latreille",,"Latreille 1802","7ZsG8s1cQijU1p7CX6b9FNrZuRO+/rX6","zlagoNCeUUGLNrXoFxy+Hj5lwDL2TbeY",,0
"08900BB055C340DDB2D3288661A3D415","D03","DSNY","DSNY_016","W","2014-06-26","2014-06-27","2014-08-11","DSNY_016.W.20140626.CLISP4.01","NEON.BET.D03.000452","vial of pooled individuals","CLISP4","Clivina sp.","genus",,"Latreille",,"Latreille 1802","7ZsG8s1cQijU1p7CX6b9FNrZuRO+/rX6","zlagoNCeUUGLNrXoFxy+Hj5lwDL2TbeY",,0
"BF8C5251B5CD436397E71D86D67AF79E","D03","DSNY","DSNY_016","W","2014-06-26","2014-06-27","2014-08-11","DSNY_016.W.20140626.TETINT.01","NEON.BET.D03.000290","vial of pooled individuals","TETINT","Tetragonoderus intersectus","species",,"Germar",,"Germar 1824","7ZsG8s1cQijU1p7CX6b9FNrZuRO+/rX6","zlagoNCeUUGLNrXoFxy+Hj5lwDL2TbeY",,0
"63AD1472F5CF47009C8377566B2F3457","D03","DSNY","DSNY_016","S","2014-06-26","2014-06-27","2014-09-25","DSNY_016.S.20140626.TETLAE.01","NEON.BET.D03.000184","vial of pooled individuals","TETLAE","Tetragonoderus laevigatus","species",,"Chaudoir",,"Chaudoir 1876","Gwvsbtz2ICcmBMhonr6l8CGNAUvLk8DE","zlagoNCeUUGLNrXoFxy+Hj5lwDL2TbeY",,0
"79BF93178F5C4943A85292CDBAA37254","D03","DSNY","DSNY_016","N","2014-06-26","2014-06-27","2014-09-25","DSNY_016.N.20140626.TETLAE.01","NEON.BET.D03.000197","vial of pooled individuals","TETLAE","Tetragonoderus laevigatus","species",,"Chaudoir",,"Chaudoir 1876","7ZsG8s1cQijU1p7CX6b9FNrZuRO+/rX6","zlagoNCeUUGLNrXoFxy+Hj5lwDL2TbeY",,0
"13F58F09A851497EBB0F1BEA5E57C7A7","D03","DSNY","DSNY_016","E","2014-06-26","2014-06-27","2014-09-30","DSNY_016.E.20140626.PASSUB1.01","NEON.BET.D03.000328","vial of pooled individuals","PASSUB1","Pasimachus sublaevis","species",,"Palisot de Beauvois",,"Palisot de Beauvois 1811","7ZsG8s1cQijU1p7CX6b9FNrZuRO+/rX6","zlagoNCeUUGLNrXoFxy+Hj5lwDL2TbeY",,0
"EF6E641384C14598BD2414BBA50F9D7F","D03","DSNY","DSNY_007","N","2014-06-26","2014-06-27","2014-09-30","DSNY_007.N.20140626.ANIHAP.01","NEON.BET.D03.000015","vial of pooled individuals","ANIHAP","Anisodactylus haplomus","species",,"Chaudoir",,"Chaudoir 1868","PbNu4t/t/O1BAZriMiaA3VbsZD9KatgX","zlagoNCeUUGLNrXoFxy+Hj5lwDL2TbeY",,0
"0E2FB76831C6426AB4329FDE4D488DA8","D03","DSNY","DSNY_006","W","2014-06-26","2014-06-27","2014-09-29","DSNY_006.W.20140626.SELELL.01","NEON.BET.D03.000020","vial of pooled individuals","SELELL","Selenophorus ellipticus","species","cf. species","Dejean",,"Dejean 1829","iiDgbhaUgfPlmO3sDuElTmkNgYTXyxbk","zlagoNCeUUGLNrXoFxy+Hj5lwDL2TbeY",,0
"BED9C4FD664D4E6A85ACD4D558A8D51D","D03","DSNY","DSNY_006","W","2014-06-26","2014-06-27","2014-09-29","DSNY_006.W.20140626.SCAOCA.01","NEON.BET.D03.000018","vial of pooled individuals","SCAOCA","Scarites ocalensis","species",,"Nichols",,"Nichols 1986","scdXeiOYH+xCXiXscoerBg8nVMTM/1lP","zlagoNCeUUGLNrXoFxy+Hj5lwDL2TbeY",,0
"1D2ADFF97F9C4C938A0C408B6C8AE8A3","D03","DSNY","DSNY_005","W","2014-06-26","2014-06-27","2014-09-30","DSNY_005.W.20140626.SELELL.01","NEON.BET.D03.000034","vial of pooled individuals","SELELL","Selenophorus ellipticus","species","cf. species","Dejean",,"Dejean 1829","scdXeiOYH+xCXiXscoerBg8nVMTM/1lP","zlagoNCeUUGLNrXoFxy+Hj5lwDL2TbeY",,0
"50C7956B00E3458299D71CE79DA1D495","D03","DSNY","DSNY_005","N","2014-06-26","2014-06-27","2014-09-29","DSNY_005.N.20140626.SCAOCA.01","NEON.BET.D03.000019","vial of pooled individuals","SCAOCA","Scarites ocalensis","species",,"Nichols",,"Nichols 1986","scdXeiOYH+xCXiXscoerBg8nVMTM/1lP","zlagoNCeUUGLNrXoFxy+Hj5lwDL2TbeY",,0
"5FA14DA3ED4F4A43A2587051CDEF81B2","D03","DSNY","DSNY_003","S","2014-06-26","2014-06-27","2014-09-29","DSNY_003.S.20140626.CYCFAB.01","NEON.BET.D03.000016","vial of pooled individuals","CYCFAB","Cyclotrachelus faber","species",,"Germar",,"Germar 1824","scdXeiOYH+xCXiXscoerBg8nVMTM/1lP","zlagoNCeUUGLNrXoFxy+Hj5lwDL2TbeY",,0
"D7EC8BDD5E1345A6ADF6B06471407809","D03","DSNY","DSNY_004","S","2014-06-26","2014-06-27","2014-09-30","DSNY_004.S.20140626.ANIHAP.01","NEON.BET.D03.000024","vial of pooled individuals","ANIHAP","Anisodactylus haplomus","species","cf. species","Chaudoir",,"Chaudoir 1868","scdXeiOYH+xCXiXscoerBg8nVMTM/1lP","zlagoNCeUUGLNrXoFxy+Hj5lwDL2TbeY",,0
"B8EA959A12C1478BAFE89D06F641777D","D03","DSNY","DSNY_004","W","2014-07-09","2014-07-16","2014-09-29","DSNY_004.W.20140709.SCAOCA.01","NEON.BET.D03.000314","vial of pooled individuals","SCAOCA","Scarites ocalensis","species",,"Nichols",,"Nichols 1986","scdXeiOYH+xCXiXscoerBg8nVMTM/1lP","zlagoNCeUUGLNrXoFxy+Hj5lwDL2TbeY",,0
"1837F43400C24F87830CF0F8316C479A","D03","DSNY","DSNY_016","N","2014-07-09","2014-07-16","2014-08-11","DSNY_016.N.20140709.CLISP4.01","NEON.BET.D03.000446","vial of pooled individuals","CLISP4","Clivina sp.","genus",,"Latreille",,"Latreille 1802","7ZsG8s1cQijU1p7CX6b9FNrZuRO+/rX6","zlagoNCeUUGLNrXoFxy+Hj5lwDL2TbeY",,0
"6B808F855067446E97B8B89E9FFA8E99","D03","DSNY","DSNY_016","W","2014-07-09","2014-07-16","2014-08-11","DSNY_016.W.20140709.CLISP4.01","NEON.BET.D03.000449","vial of pooled individuals","CLISP4","Clivina sp.","genus",,"Latreille",,"Latreille 1802","7ZsG8s1cQijU1p7CX6b9FNrZuRO+/rX6","zlagoNCeUUGLNrXoFxy+Hj5lwDL2TbeY",,0
"250985E162C149F491E653F7442CEC09","D03","DSNY","DSNY_016","S","2014-07-09","2014-07-16","2014-08-11","DSNY_016.S.20140709.CLISP4.01","NEON.BET.D03.000457","vial of pooled individuals","CLISP4","Clivina sp.","genus",,"Latreille",,"Latreille 1802","7ZsG8s1cQijU1p7CX6b9FNrZuRO+/rX6","zlagoNCeUUGLNrXoFxy+Hj5lwDL2TbeY",,0
"55CAB8BF9783454BA36375CF2693B1AD","D03","DSNY","DSNY_016","N","2014-07-09","2014-07-16","2014-08-11","DSNY_016.N.20140709.CLISP4.01","NEON.BET.D03.000445","vial of pooled individuals","CLISP4","Clivina sp.","genus",,"Latreille",,"Latreille 1802","zlagoNCeUUGLNrXoFxy+Hj5lwDL2TbeY","zlagoNCeUUGLNrXoFxy+Hj5lwDL2TbeY",,0
"BE59212F4E934305BE0F486C4695EB31","D03","DSNY","DSNY_016","N","2014-07-09","2014-07-16","2014-08-11","DSNY_016.N.20140709.CLISP4.01","NEON.BET.D03.000447","vial of pooled individuals","CLISP4","Clivina sp.","genus",,"Latreille",,"Latreille 1802","7ZsG8s1cQijU1p7CX6b9FNrZuRO+/rX6","zlagoNCeUUGLNrXoFxy+Hj5lwDL2TbeY",,0
"DF28FEF81D5647CFB26D9C6415D24E40","D03","DSNY","DSNY_016","W","2014-07-09","2014-07-16","2014-09-26","DSNY_016.W.20140709.TETLAE.01","NEON.BET.D03.000286","vial of pooled individuals","TETLAE","Tetragonoderus laevigatus","species",,"Chaudoir",,"Chaudoir 1876","7ZsG8s1cQijU1p7CX6b9FNrZuRO+/rX6","zlagoNCeUUGLNrXoFxy+Hj5lwDL2TbeY",,0
"047F7783493848DDBC5803EAE3C88E81","D03","DSNY","DSNY_016","W","2014-07-09","2014-07-16","2014-09-26","DSNY_016.W.20140709.TETLAE.01","NEON.BET.D03.000287","vial of pooled individuals","TETLAE","Tetragonoderus laevigatus","species",,"Chaudoir",,"Chaudoir 1876","7ZsG8s1cQijU1p7CX6b9FNrZuRO+/rX6","zlagoNCeUUGLNrXoFxy+Hj5lwDL2TbeY",,0
"B16AB1231081471F8CA234219607519A","D03","DSNY","DSNY_016","W","2014-07-09","2014-07-16","2014-09-26","DSNY_016.W.20140709.TETLAE.01","NEON.BET.D03.000288","vial of pooled individuals","TETLAE","Tetragonoderus laevigatus","species",,"Chaudoir",,"Chaudoir 1876","7ZsG8s1cQijU1p7CX6b9FNrZuRO+/rX6","zlagoNCeUUGLNrXoFxy+Hj5lwDL2TbeY",,0
"FFF559809C144A64A36CB4D4834020FC","D03","DSNY","DSNY_016","N","2014-07-09","2014-07-16","2014-09-26","DSNY_016.N.20140709.SEMPUN.01","NEON.BET.D03.000299","vial of pooled individuals","SEMPUN","Semiardistomis puncticollis","species",,"Dejean",,"Dejean 1831","7ZsG8s1cQijU1p7CX6b9FNrZuRO+/rX6","zlagoNCeUUGLNrXoFxy+Hj5lwDL2TbeY",,0
"CFF9821EFB6B4277B6A8AA5E5EFB052A","D03","DSNY","DSNY_016","N","2014-07-09","2014-07-16","2014-09-26","DSNY_016.N.20140709.TETINT.01","NEON.BET.D03.000289","vial of pooled individuals","TETINT","Tetragonoderus intersectus","species",,"Germar",,"Germar 1824","7ZsG8s1cQijU1p7CX6b9FNrZuRO+/rX6","zlagoNCeUUGLNrXoFxy+Hj5lwDL2TbeY",,0
"665B3EE4ACBF4B879EF28F842E9B1858","D03","DSNY","DSNY_006","N","2014-07-09","2014-07-16","2014-07-28","DSNY_006.N.20140709.ELASP7.01","NEON.BET.D03.000420","vial of pooled individuals","ELASP7","Elaphropus sp.","genus",,"Motschulsky",,"Motschulsky 1839","7ZsG8s1cQijU1p7CX6b9FNrZuRO+/rX6","zlagoNCeUUGLNrXoFxy+Hj5lwDL2TbeY",,0
"65743B08DC384F79AD36D8E12032D13E","D03","DSNY","DSNY_005","S","2014-07-09","2014-07-16","2014-08-15","DSNY_005.S.20140709.SCAOCA.01","NEON.BET.D03.000283","vial of pooled individuals","SCAOCA","Scarites ocalensis","species",,"Nichols",,"Nichols 1986","7ZsG8s1cQijU1p7CX6b9FNrZuRO+/rX6","zlagoNCeUUGLNrXoFxy+Hj5lwDL2TbeY",,0
"4199E14FC66A43F98D08A9451881026E","D03","DSNY","DSNY_003","S","2014-07-09","2014-07-16","2014-09-26","DSNY_003.S.20140709.SCAOCA.01","NEON.BET.D03.000285","vial of pooled individuals","SCAOCA","Scarites ocalensis","species",,"Nichols",,"Nichols 1986","7ZsG8s1cQijU1p7CX6b9FNrZuRO+/rX6","zlagoNCeUUGLNrXoFxy+Hj5lwDL2TbeY",,0
"80C9A3A2CCD544FCA1BF8D220E605041","D03","DSNY","DSNY_003","E","2014-07-09","2014-07-27","2014-09-26","DSNY_003.E.20140709.SCAOCA.01","NEON.BET.D03.000284","vial of pooled individuals","SCAOCA","Scarites ocalensis","species",,"Nichols",,"Nichols 1986","7ZsG8s1cQijU1p7CX6b9FNrZuRO+/rX6","zlagoNCeUUGLNrXoFxy+Hj5lwDL2TbeY",,0
"47760E67DA9C483D8EE8561B8FC4C9C9","D03","DSNY","DSNY_004","E","2014-07-09","2014-07-16","2014-09-29","DSNY_004.E.20140709.ELASP7.01","NEON.BET.D03.000303","vial of pooled individuals","ELASP7","Elaphropus sp.","genus",,"Motschulsky",,"Motschulsky 1839","scdXeiOYH+xCXiXscoerBg8nVMTM/1lP","zlagoNCeUUGLNrXoFxy+Hj5lwDL2TbeY",,0
"42E47591CA77456887F6300777FB85FF","D03","DSNY","DSNY_002","W","2014-08-06","2014-08-06","2014-09-19","DSNY_002.W.20140806.PASSUB1.01","NEON.BET.D03.000066","vial of pooled individuals","PASSUB1","Pasimachus sublaevis","species",,"Palisot de Beauvois",,"Palisot de Beauvois 1811","KnvsV1XN/fcT6FYSWd8OReDfV3Qsyj6N","PbNu4t/t/O1BAZriMiaA3VbsZD9KatgX",,0
"40F611C8155F471BBE2F4D41B0D85A94","D03","DSNY","DSNY_021","E","2014-08-06","2014-08-06","2014-08-15","DSNY_021.E.20140806.CLISP4.01","NEON.BET.D03.000463","vial of pooled individuals","CLISP4","Clivina sp.","genus",,"Latreille",,"Latreille 1802","7ZsG8s1cQijU1p7CX6b9FNrZuRO+/rX6","scdXeiOYH+xCXiXscoerBg8nVMTM/1lP",,0
"55EFBE369ADC4598A786B3B04F75833B","D03","DSNY","DSNY_021","E","2014-08-06","2014-08-06","2014-08-15","DSNY_021.E.20140806.CLISP4.01","NEON.BET.D03.000475","vial of pooled individuals","CLISP4","Clivina sp.","genus",,"Latreille",,"Latreille 1802","7ZsG8s1cQijU1p7CX6b9FNrZuRO+/rX6","scdXeiOYH+xCXiXscoerBg8nVMTM/1lP",,0
"FD55EF59425640A5A40280108A92B1DF","D03","DSNY","DSNY_021","N","2014-08-06","2014-08-06","2014-08-15","DSNY_021.N.20140806.CLISP4.01","NEON.BET.D03.000473","vial of pooled individuals","CLISP4","Clivina sp.","genus",,"Latreille",,"Latreille 1802","7ZsG8s1cQijU1p7CX6b9FNrZuRO+/rX6","scdXeiOYH+xCXiXscoerBg8nVMTM/1lP",,0
"611D2B46BC6140E0846432D0C6D3EAF0","D03","DSNY","DSNY_021","W","2014-08-06","2014-08-06","2014-09-26","DSNY_021.W.20140806.PASSUB1.01","NEON.BET.D03.000091","vial of pooled individuals","PASSUB1","Pasimachus sublaevis","species",,"Palisot de Beauvois",,"Palisot de Beauvois 1811","7ZsG8s1cQijU1p7CX6b9FNrZuRO+/rX6","scdXeiOYH+xCXiXscoerBg8nVMTM/1lP",,0
"4541DE5CEAB540E4965F5513E9E18404","D03","DSNY","DSNY_016","W","2014-08-06","2014-08-06","2014-08-15","DSNY_016.W.20140806.CLISP4.01","NEON.BET.D03.000462","vial of pooled individuals","CLISP4","Clivina sp.","genus",,"Latreille",,"Latreille 1802","7ZsG8s1cQijU1p7CX6b9FNrZuRO+/rX6","scdXeiOYH+xCXiXscoerBg8nVMTM/1lP",,0
"590C76A4DC9941F3BA406E600A08D9B6","D03","DSNY","DSNY_016","S","2014-08-06","2014-08-06","2014-09-25","DSNY_016.S.20140806.TETINT.01","NEON.BET.D03.000186","vial of pooled individuals","TETINT","Tetragonoderus intersectus","species",,"Germar",,"Germar 1824","iiDgbhaUgfPlmO3sDuElTmkNgYTXyxbk","scdXeiOYH+xCXiXscoerBg8nVMTM/1lP",,0
"4DC245BE3DE74F59B45A7D20383F008D","D03","DSNY","DSNY_016","E","2014-08-06","2014-08-06","2014-08-15","DSNY_016.E.20140806.CLISP4.01","NEON.BET.D03.000461","vial of pooled individuals","CLISP4","Clivina sp.","genus",,"Latreille",,"Latreille 1802","7ZsG8s1cQijU1p7CX6b9FNrZuRO+/rX6","scdXeiOYH+xCXiXscoerBg8nVMTM/1lP",,0
"E2F7A02102D54871A59569CD1AC6764C","D03","DSNY","DSNY_016","S","2014-08-06","2014-08-06","2014-09-25","DSNY_016.S.20140806.TETINT.01","NEON.BET.D03.000188","vial of pooled individuals","TETINT","Tetragonoderus intersectus","species",,"Germar",,"Germar 1824","iiDgbhaUgfPlmO3sDuElTmkNgYTXyxbk","scdXeiOYH+xCXiXscoerBg8nVMTM/1lP",,0
"27B0B3099A2B458ABA412ABABDC2B972","D03","DSNY","DSNY_016","E","2014-08-06","2014-08-06","2014-08-11","DSNY_016.E.20140806.PASSUB1.01","NEON.BET.D03.000128","vial of pooled individuals","PASSUB1","Pasimachus sublaevis","species",,"Palisot de Beauvois",,"Palisot de Beauvois 1811","7ZsG8s1cQijU1p7CX6b9FNrZuRO+/rX6","scdXeiOYH+xCXiXscoerBg8nVMTM/1lP",,0
"67F7BC75B39B4A93AB73622BF18D02F5","D03","DSNY","DSNY_016","S","2014-08-06","2014-08-06","2014-08-15","DSNY_016.S.20140806.TETLAE.01","NEON.BET.D03.000185","vial of pooled individuals","TETLAE","Tetragonoderus laevigatus","species",,"Chaudoir",,"Chaudoir 1876","7ZsG8s1cQijU1p7CX6b9FNrZuRO+/rX6","scdXeiOYH+xCXiXscoerBg8nVMTM/1lP",,0
"8CF69C41DBCF4EB58D0256B1A4768593","D03","DSNY","DSNY_016","N","2014-08-06","2014-08-06","2014-09-25","DSNY_016.N.20140806.AMBIRI.01","NEON.BET.D03.000101","vial of pooled individuals","AMBIRI","Amblygnathus iripennis","species","cf. species","Say",,"Say 1823","iiDgbhaUgfPlmO3sDuElTmkNgYTXyxbk","scdXeiOYH+xCXiXscoerBg8nVMTM/1lP",,0
"DBE0A7C7989C4A86A6399054D2E68C0D","D03","DSNY","DSNY_016","S","2014-08-06","2014-08-06","2014-08-15","DSNY_016.S.20140806.CLISP4.01","NEON.BET.D03.000472","vial of pooled individuals","CLISP4","Clivina sp.","genus",,"Latreille",,"Latreille 1802","7ZsG8s1cQijU1p7CX6b9FNrZuRO+/rX6","scdXeiOYH+xCXiXscoerBg8nVMTM/1lP",,0
"BA27E1AE32734104BC76CABC61C67279","D03","DSNY","DSNY_016","S","2014-08-06","2014-08-06","2014-08-06","DSNY_016.S.20140806.CLISP4.01","NEON.BET.D03.000474","vial of pooled individuals","CLISP4","Clivina sp.","genus",,"Latreille",,"Latreille 1802","7ZsG8s1cQijU1p7CX6b9FNrZuRO+/rX6","scdXeiOYH+xCXiXscoerBg8nVMTM/1lP",,0
"1EEDE5C9444D4490ABD9B5CC311A9638","D03","DSNY","DSNY_016","N","2014-08-06","2014-08-06","2014-09-25","DSNY_016.N.20140806.AMBIRI.01","NEON.BET.D03.000102","vial of pooled individuals","AMBIRI","Amblygnathus iripennis","species","cf. species","Say",,"Say 1823","iiDgbhaUgfPlmO3sDuElTmkNgYTXyxbk","scdXeiOYH+xCXiXscoerBg8nVMTM/1lP",,0
"3EAA82B8DD9C41FDB6485278089656EB","D03","DSNY","DSNY_016","W","2014-08-06","2014-08-06","2014-08-15","DSNY_016.W.20140806.TETVIR.01","NEON.BET.D03.000217","vial of pooled individuals","TETVIR","Tetracha virginica","species",,"Linnaeus",,"Linnaeus 1767","7ZsG8s1cQijU1p7CX6b9FNrZuRO+/rX6","scdXeiOYH+xCXiXscoerBg8nVMTM/1lP",,0
"47955F29DCA84B44A086A7BB0BE30234","D03","DSNY","DSNY_016","S","2014-08-06","2014-08-06","2014-08-06","DSNY_016.S.20140806.CLISP4.01","NEON.BET.D03.000476","vial of pooled individuals","CLISP4","Clivina sp.","genus",,"Latreille",,"Latreille 1802","7ZsG8s1cQijU1p7CX6b9FNrZuRO+/rX6","scdXeiOYH+xCXiXscoerBg8nVMTM/1lP",,0
"39C033B4E6134046A89E2BBAF81ABB8D","D03","DSNY","DSNY_016","S","2014-08-06","2014-08-06","2014-09-25","DSNY_016.S.20140806.TETLAE.01","NEON.BET.D03.000192","vial of pooled individuals","TETLAE","Tetragonoderus laevigatus","species",,"Chaudoir",,,"iiDgbhaUgfPlmO3sDuElTmkNgYTXyxbk","scdXeiOYH+xCXiXscoerBg8nVMTM/1lP",,0
"87C3C31CAAE64C2BBAE284CFB5E991B8","D03","DSNY","DSNY_016","S","2014-08-06","2014-08-06","2014-09-25","DSNY_016.S.20140806.TETLAE.01","NEON.BET.D03.000196","vial of pooled individuals","TETLAE","Tetragonoderus laevigatus","species",,"Chaudoir",,"Chaudoir 1876","iiDgbhaUgfPlmO3sDuElTmkNgYTXyxbk","scdXeiOYH+xCXiXscoerBg8nVMTM/1lP",,0
"8D6E16374304458CAE69EBC54C081A3A","D03","DSNY","DSNY_009","N","2014-08-06","2014-08-06","2014-09-30","DSNY_009.N.20140806.ANIHAP.01","NEON.BET.D03.000426","vial of pooled individuals","ANIHAP","Anisodactylus haplomus","species",,"Chaudoir",,"Chaudoir 1868","iiDgbhaUgfPlmO3sDuElTmkNgYTXyxbk","scdXeiOYH+xCXiXscoerBg8nVMTM/1lP",,0
"CF5B4458FD634A1AA862AE789F01ABA5","D03","DSNY","DSNY_009","N","2014-08-06","2014-08-06","2014-09-25","DSNY_009.N.20140806.AMSP11.01","NEON.BET.D03.000478","vial of pooled individuals","AMASP11","Amara sp.","genus",,"Bonelli",,"Bonelli 1810","7ZsG8s1cQijU1p7CX6b9FNrZuRO+/rX6","scdXeiOYH+xCXiXscoerBg8nVMTM/1lP",,0
"CF4333808D99444CA14ACBCA1EC0BD4E","D03","DSNY","DSNY_009","W","2014-08-06","2014-08-06","2014-09-25","DSNY_009.W.20140806.ELASP7.01","NEON.BET.D03.000207","vial of pooled individuals","ELASP7","Elaphropus sp.","genus",,"Motschulsky",,"Motschulsky 1839","iiDgbhaUgfPlmO3sDuElTmkNgYTXyxbk","scdXeiOYH+xCXiXscoerBg8nVMTM/1lP",,0
"5C7D6EA62FD143BBA6399392A73E3F88","D03","DSNY","DSNY_006","E","2014-08-06","2014-08-06","2014-09-29","DSNY_006.E.20140806.SCAOCA.01","NEON.BET.D03.000253","vial of pooled individuals","SCAOCA","Scarites ocalensis","species",,"Nichols",,"Nichols 1986","scdXeiOYH+xCXiXscoerBg8nVMTM/1lP","scdXeiOYH+xCXiXscoerBg8nVMTM/1lP",,0
"8265168DD60E4902BEFEB2356A2AD10A","D03","DSNY","DSNY_005","N","2014-08-06","2014-08-06","2014-09-30","DSNY_005.N.20140806.SELELL.01","NEON.BET.D03.000169","vial of pooled individuals","SELELL","Selenophorus ellipticus","species","cf. species","Dejean",,"Dejean 1829","scdXeiOYH+xCXiXscoerBg8nVMTM/1lP","scdXeiOYH+xCXiXscoerBg8nVMTM/1lP",,0
"C4924EFEB7B04ACBBA307AF2BC017E29","D03","DSNY","DSNY_005","S","2014-08-06","2014-08-06","2014-08-15","DSNY_005.S.20140806.SCAOCA.01","NEON.BET.D03.000147","vial of pooled individuals","SCAOCA","Scarites ocalensis","species",,"Nichols",,"Nichols 1986","7ZsG8s1cQijU1p7CX6b9FNrZuRO+/rX6","scdXeiOYH+xCXiXscoerBg8nVMTM/1lP",,0
"07DEBCDBE90644168ED86138A6642B06","D03","DSNY","DSNY_005","E","2014-08-06","2014-08-06","2014-09-25","DSNY_005.E.20140806.SCAOCA.01","NEON.BET.D03.000110","vial of pooled individuals","SCAOCA","Scarites ocalensis","species",,"Nichols",,"Nichols 1986","7ZsG8s1cQijU1p7CX6b9FNrZuRO+/rX6","scdXeiOYH+xCXiXscoerBg8nVMTM/1lP",,0
"CFE3F1E07E0443BAB09512DA422EAD97","D03","DSNY","DSNY_005","S","2014-08-06","2014-08-06","2014-09-19","DSNY_005.S.20140806.SELELL.01","NEON.BET.D03.000296","vial of pooled individuals","SELELL","Selenophorus ellipticus","species",,"Dejean",,"Dejean 1829","iiDgbhaUgfPlmO3sDuElTmkNgYTXyxbk","scdXeiOYH+xCXiXscoerBg8nVMTM/1lP",,0
"61331E57836244998E0A2E11BC4948E1","D03","DSNY","DSNY_005","S","2014-08-06","2014-08-06","2014-08-15","DSNY_005.S.20140806.SCAOCA.01","NEON.BET.D03.000146","vial of pooled individuals","SCAOCA","Scarites ocalensis","species",,"Nichols",,"Nichols 1986","7ZsG8s1cQijU1p7CX6b9FNrZuRO+/rX6","scdXeiOYH+xCXiXscoerBg8nVMTM/1lP",,0
"94D462BFE4294AAD9FDDC8AB3E89F339","D03","DSNY","DSNY_005","S","2014-08-06","2014-08-06","2014-09-26","DSNY_005.S.20140806.PASSUB1.01","NEON.BET.D03.000090","vial of pooled individuals","PASSUB1","Pasimachus sublaevis","species",,"Palisot de Beauvois",,,"7ZsG8s1cQijU1p7CX6b9FNrZuRO+/rX6","scdXeiOYH+xCXiXscoerBg8nVMTM/1lP",,0
"DD85E4EB1703453B9D9111512CE6BEEC","D03","DSNY","DSNY_003","E","2014-08-06","2014-08-06","2014-09-19","DSNY_003.E.20140806.CYCFAB.01","NEON.BET.D03.000226","vial of pooled individuals","CYCFAB","Cyclotrachelus faber","species",,"Germar",,"Germar 1824","scdXeiOYH+xCXiXscoerBg8nVMTM/1lP","scdXeiOYH+xCXiXscoerBg8nVMTM/1lP",,0
"D6F4C749C4584AC7BDD2B3C71A53E325","D03","DSNY","DSNY_003","S","2014-08-06","2014-08-06","2014-09-25","DSNY_003.S.20140806.CYCFAB.01","NEON.BET.D03.000224","vial of pooled individuals","CYCFAB","Cyclotrachelus faber","species",,"Germar",,"Germar 1824","scdXeiOYH+xCXiXscoerBg8nVMTM/1lP","scdXeiOYH+xCXiXscoerBg8nVMTM/1lP",,0
"C154CB56649846FB9E6F86CBBAF7294B","D03","DSNY","DSNY_003","N","2014-08-06","2014-08-06","2014-09-29","DSNY_003.N.20140806.CYCFAB.01","NEON.BET.D03.000191","vial of pooled individuals","CYCFAB","Cyclotrachelus faber","species",,"Germar",,"Germar 1824","scdXeiOYH+xCXiXscoerBg8nVMTM/1lP","scdXeiOYH+xCXiXscoerBg8nVMTM/1lP",,0
"22C2A2B5B8D7440B810010972AED84EC","D03","DSNY","DSNY_003","W","2014-08-06","2014-08-06","2014-09-29","DSNY_003.W.20140806.CYCFAB.01","NEON.BET.D03.000098","vial of pooled individuals","CYCFAB","Cyclotrachelus faber","species",,"Germar",,"Germar 1824","scdXeiOYH+xCXiXscoerBg8nVMTM/1lP","scdXeiOYH+xCXiXscoerBg8nVMTM/1lP",,0
"F5C0747F0A944910AFC4F9EF11B01EFD","D03","DSNY","DSNY_004","E","2014-08-06","2014-08-06","2014-09-30","DSNY_004.E.20140806.SELELL.01","NEON.BET.D03.000424","vial of pooled individuals","SELELL","Selenophorus ellipticus","species","cf. species","Dejean",,"Dejean 1829","iiDgbhaUgfPlmO3sDuElTmkNgYTXyxbk","scdXeiOYH+xCXiXscoerBg8nVMTM/1lP",,0
"C56764C246864753966F2C193646DF53","D03","DSNY","DSNY_002","S","2014-08-06","2014-08-06","2014-09-25","DSNY_002.S.20140806.ELASP7.01","NEON.BET.D03.000228","vial of pooled individuals","ELASP7","Elaphropus sp.","genus",,"Motschulsky",,"Motschulsky 1839","iiDgbhaUgfPlmO3sDuElTmkNgYTXyxbk","PbNu4t/t/O1BAZriMiaA3VbsZD9KatgX",,0
"DF04B28C8B9F493FAF66944EA2FE266B","D03","DSNY","DSNY_002","S","2014-08-06","2014-08-06","2014-09-25","DSNY_002.S.20140806.ELASP7.01","NEON.BET.D03.000229","vial of pooled individuals","ELASP7","Elaphropus sp.","genus",,"Motschulsky",,"Motschulsky 1839","iiDgbhaUgfPlmO3sDuElTmkNgYTXyxbk","PbNu4t/t/O1BAZriMiaA3VbsZD9KatgX",,0
"D2EA9FAAA1904652933A3D0074DF298E","D03","DSNY","DSNY_003","N","2014-08-20","2014-08-20","2014-09-29","DSNY_003.N.20140820.SCAOCA.01","NEON.BET.D03.000074","vial of pooled individuals","SCAOCA","Scarites ocalensis","species",,"Nichols",,"Nichols 1986","scdXeiOYH+xCXiXscoerBg8nVMTM/1lP","scdXeiOYH+xCXiXscoerBg8nVMTM/1lP",,0
"D844AEA470A343C7B07A173E440AF609","D03","DSNY","DSNY_021","E","2014-08-20","2014-08-20","2014-09-30","DSNY_021.E.20140820.ANIHAP.01","NEON.BET.D03.000173","vial of pooled individuals","ANIHAP","Anisodactylus haplomus","species",,"Chaudoir",,"Chaudoir 1868","PbNu4t/t/O1BAZriMiaA3VbsZD9KatgX","scdXeiOYH+xCXiXscoerBg8nVMTM/1lP",,0
"3CC282CDD7B7499C8EDC83E8433AE9AF","D03","DSNY","DSNY_021","W","2014-08-20","2014-08-20","2014-09-26","DSNY_021.W.20140820.CLISP4.01","NEON.BET.D03.000194","vial of pooled individuals","CLISP4","Clivina sp.","genus",,"Latreille",,"Latreille 1802","scdXeiOYH+xCXiXscoerBg8nVMTM/1lP","scdXeiOYH+xCXiXscoerBg8nVMTM/1lP",,0
"76D9FC04D2824AC598B5F2F78BE053A1","D03","DSNY","DSNY_016","W","2014-08-20","2014-08-20","2014-09-26","DSNY_016.W.20140820.CLISP4.01","NEON.BET.D03.000039","vial of pooled individuals","CLISP4","Clivina sp.","genus",,"Latreille",,"Latreille 1802","scdXeiOYH+xCXiXscoerBg8nVMTM/1lP","scdXeiOYH+xCXiXscoerBg8nVMTM/1lP",,0
"9F8E43E6E75A4F9FA214DD347BDB4846","D03","DSNY","DSNY_016","W","2014-08-20","2014-08-20","2014-09-26","DSNY_016.W.20140820.CLISP4.01","NEON.BET.D03.000052","vial of pooled individuals","CLISP4","Clivina sp.","genus",,"Latreille",,"Latreille 1802","scdXeiOYH+xCXiXscoerBg8nVMTM/1lP","scdXeiOYH+xCXiXscoerBg8nVMTM/1lP",,0
"824FA321552F4699BB8124875C5E7F1F","D03","DSNY","DSNY_016","N","2014-08-20","2014-08-20","2014-09-26","DSNY_016.N.20140820.TETLAE.01","NEON.BET.D03.000261","vial of pooled individuals","TETLAE","Tetragonoderus laevigatus","species",,"Chaudoir",,"Chaudoir 1876","scdXeiOYH+xCXiXscoerBg8nVMTM/1lP","scdXeiOYH+xCXiXscoerBg8nVMTM/1lP",,0
"F661ECC7D4884B01A14E5F7E37D61478","D03","DSNY","DSNY_016","N","2014-08-20","2014-08-20","2014-09-26","DSNY_016.N.20140820.TETVIR.01","NEON.BET.D03.000260","vial of pooled individuals","TETVIR","Tetracha virginica","species",,"Linnaeus",,"Linnaeus 1767","PbNu4t/t/O1BAZriMiaA3VbsZD9KatgX","scdXeiOYH+xCXiXscoerBg8nVMTM/1lP",,0
"3F789FA7FF234211B93990FC948F525F","D03","DSNY","DSNY_016","N","2014-08-20","2014-08-20","2014-09-26","DSNY_016.N.20140820.CLISP4.01","NEON.BET.D03.000262","vial of pooled individuals","CLISP4","Clivina sp.","genus",,"Latreille",,"Latreille 1802","scdXeiOYH+xCXiXscoerBg8nVMTM/1lP","scdXeiOYH+xCXiXscoerBg8nVMTM/1lP",,0
"5F0FD64BF006452A8DC876C04337DD92","D03","DSNY","DSNY_009","N","2014-08-20","2014-08-20","2014-09-26","DSNY_009.N.20140820.CLISP4.01","NEON.BET.D03.000178","vial of pooled individuals","CLISP4","Clivina sp.","genus",,"Latreille",,"Latreille 1802","scdXeiOYH+xCXiXscoerBg8nVMTM/1lP","scdXeiOYH+xCXiXscoerBg8nVMTM/1lP",,0
"B567B01167A2432BB127E7E63E12712E","D03","DSNY","DSNY_009","N","2014-08-20","2014-08-20","2014-09-30","DSNY_009.N.20140820.ANIHAP.01","NEON.BET.D03.000179","vial of pooled individuals","ANIHAP","Anisodactylus haplomus","species",,"Chaudoir",,"Chaudoir 1868","PbNu4t/t/O1BAZriMiaA3VbsZD9KatgX","scdXeiOYH+xCXiXscoerBg8nVMTM/1lP",,0
"4BAC992A9CB34C468C164201CC131BF8","D03","DSNY","DSNY_009","N","2014-08-20","2014-08-20","2014-09-26","DSNY_009.N.20140820.CLISP4.01","NEON.BET.D03.000177","vial of pooled individuals","CLISP4","Clivina sp.","genus",,"Latreille",,"Latreille 1802","scdXeiOYH+xCXiXscoerBg8nVMTM/1lP","scdXeiOYH+xCXiXscoerBg8nVMTM/1lP",,0
"C76649C89D7D4FC0BC11F481745DDD88","D03","DSNY","DSNY_009","S","2014-08-20","2014-08-20","2014-09-29","DSNY_009.S.20140820.ELASP6.01","NEON.BET.D03.000190","vial of pooled individuals","ELASP6","Elaphrus sp.","genus",,"Fabricius",,"Motschulsky 1839","scdXeiOYH+xCXiXscoerBg8nVMTM/1lP","scdXeiOYH+xCXiXscoerBg8nVMTM/1lP",,0
"BFFB615BE5934C94A7ABA67A0F0A32A4","D03","DSNY","DSNY_007","W","2014-08-20","2014-08-20","2014-09-30","DSNY_007.W.20140820.ANIHAP.01","NEON.BET.D03.000189","vial of pooled individuals","ANIHAP","Anisodactylus haplomus","species","cf. species","Chaudoir",,"Chaudoir 1868","PbNu4t/t/O1BAZriMiaA3VbsZD9KatgX","scdXeiOYH+xCXiXscoerBg8nVMTM/1lP",,0
"CB61F80CF22B4C21B3E304195583F917","D03","DSNY","DSNY_007","S","2014-08-20","2014-08-20","2014-09-30","DSNY_007.S.20140820.ANIHAP.01","NEON.BET.D03.000069","vial of pooled individuals","ANIHAP","Anisodactylus haplomus","species",,"Chaudoir",,"Chaudoir 1868","PbNu4t/t/O1BAZriMiaA3VbsZD9KatgX","scdXeiOYH+xCXiXscoerBg8nVMTM/1lP",,0
"227E910C20A941D298837B4324960CB2","D03","DSNY","DSNY_007","N","2014-08-20","2014-08-20","2014-09-30","DSNY_007.N.20140820.ANIHAP.01","NEON.BET.D03.000070","vial of pooled individuals","ANIHAP","Anisodactylus haplomus","species",,"Chaudoir",,"Chaudoir 1868","PbNu4t/t/O1BAZriMiaA3VbsZD9KatgX","scdXeiOYH+xCXiXscoerBg8nVMTM/1lP",,0
"179C5F9529504D14B90BB47DB68103A9","D03","DSNY","DSNY_007","N","2014-08-20","2014-08-20","2014-09-30","DSNY_007.N.20140820.ANIHAP.01","NEON.BET.D03.000071","vial of pooled individuals","ANIHAP","Anisodactylus haplomus","species",,"Chaudoir",,"Chaudoir 1868","PbNu4t/t/O1BAZriMiaA3VbsZD9KatgX","scdXeiOYH+xCXiXscoerBg8nVMTM/1lP",,0
"DFB44ECA8B884A5197A328201BFC6709","D03","DSNY","DSNY_006","E","2014-08-20","2014-08-20","2014-09-29","DSNY_006.E.20140820.SCAOCA.01","NEON.BET.D03.000255","vial of pooled individuals","SCAOCA","Scarites ocalensis","species",,"Nichols",,"Nichols 1986","scdXeiOYH+xCXiXscoerBg8nVMTM/1lP","scdXeiOYH+xCXiXscoerBg8nVMTM/1lP",,0
"8DE35D5BE34149E49FCC869603690753","D03","DSNY","DSNY_006","N","2014-08-20","2014-08-20","2014-09-29","DSNY_006.N.20140820.ELASP6.01","NEON.BET.D03.000193","vial of pooled individuals","ELASP6","Elaphrus sp.","genus",,"Fabricius",,"Motschulsky 1839","scdXeiOYH+xCXiXscoerBg8nVMTM/1lP","scdXeiOYH+xCXiXscoerBg8nVMTM/1lP",,0
"3C08A8FF2BDF4D12B5065BD86672FE90","D03","DSNY","DSNY_005","E","2014-08-20","2014-08-20","2014-09-29","DSNY_005.E.20140820.LOXCRE.01","NEON.BET.D03.000256","vial of pooled individuals","LOXCRE","Loxandrus crenatus","species",,"LeConte",,"LeConte 1852","scdXeiOYH+xCXiXscoerBg8nVMTM/1lP","scdXeiOYH+xCXiXscoerBg8nVMTM/1lP",,0
"55B85CB8A6B34325B2009AB5935CBEB8","D03","DSNY","DSNY_003","S","2014-08-20","2014-08-20","2014-09-29","DSNY_003.S.20140820.SCAOCA.01","NEON.BET.D03.000167","vial of pooled individuals","SCAOCA","Scarites ocalensis","species",,"Nichols",,"Nichols 1986","scdXeiOYH+xCXiXscoerBg8nVMTM/1lP","scdXeiOYH+xCXiXscoerBg8nVMTM/1lP",,0
"90674AFD9BBA43679167AAF2F3811A66","D03","DSNY","DSNY_003","E","2014-08-20","2014-08-20","2014-09-29","DSNY_003.E.20140820.SCAOCA.01","NEON.BET.D03.000072","vial of pooled individuals","SCAOCA","Scarites ocalensis","species",,"Nichols",,"Nichols 1986","scdXeiOYH+xCXiXscoerBg8nVMTM/1lP","scdXeiOYH+xCXiXscoerBg8nVMTM/1lP",,0
"04B68B74970A4AA38520A456565F9C94","D03","DSNY","DSNY_002","E","2014-09-03","2014-09-03","2014-09-30","DSNY_002.E.20140903.ANIHAP.01","NEON.BET.D03.000136","vial of pooled individuals","ANIHAP","Anisodactylus haplomus","species",,"Chaudoir",,"Chaudoir 1868","PbNu4t/t/O1BAZriMiaA3VbsZD9KatgX","iiDgbhaUgfPlmO3sDuElTmkNgYTXyxbk",,0
"FF3854C4B99C4EA486536C82C06E08CC","D03","DSNY","DSNY_002","W","2014-09-03","2014-09-03","2014-09-30","DSNY_002.W.20140903.SELFOS.01","NEON.BET.D03.000022","vial of pooled individuals","SELFOS","Selenophorus fossulatus","species",,"Dejean",,"Dejean 1829","scdXeiOYH+xCXiXscoerBg8nVMTM/1lP","iiDgbhaUgfPlmO3sDuElTmkNgYTXyxbk",,0
"A233D10CAB5B491FA01B7DAAC8CD2CB6","D03","DSNY","DSNY_002","E","2014-09-03","2014-09-03","2014-09-30","DSNY_002.E.20140903.ANIHAP.01","NEON.BET.D03.000135","vial of pooled individuals","ANIHAP","Anisodactylus haplomus","species",,"Chaudoir",,"Chaudoir 1868","scdXeiOYH+xCXiXscoerBg8nVMTM/1lP","iiDgbhaUgfPlmO3sDuElTmkNgYTXyxbk",,0
"0589BA1706B3493781D22E861BB067F4","D03","DSNY","DSNY_002","N","2014-09-03","2014-09-03","2014-09-25","DSNY_002.N.20140903.ELASP7.01","NEON.BET.D03.000140","vial of pooled individuals","ELASP7","Elaphropus sp.","genus",,"Motschulsky",,"Motschulsky 1839","PbNu4t/t/O1BAZriMiaA3VbsZD9KatgX","iiDgbhaUgfPlmO3sDuElTmkNgYTXyxbk",,0
"E7E85AE705064E99A43649D6D9188220","D03","DSNY","DSNY_002","E","2014-09-03","2014-09-03","2014-09-30","DSNY_002.E.20140903.ANIHAP.01","NEON.BET.D03.000134","vial of pooled individuals","ANIHAP","Anisodactylus haplomus","species",,"Chaudoir",,"Chaudoir 1868","PbNu4t/t/O1BAZriMiaA3VbsZD9KatgX","iiDgbhaUgfPlmO3sDuElTmkNgYTXyxbk",,0
"9558D3B342F54AD2BD5F51664A04BB10","D03","DSNY","DSNY_004","S","2014-09-03","2014-09-03","2014-09-30","DSNY_004.S.20140903.ANIHAP.01","NEON.BET.D03.000431","vial of pooled individuals","ANIHAP","Anisodactylus haplomus","species","cf. species","Chaudoir",,"Chaudoir 1868","7ZsG8s1cQijU1p7CX6b9FNrZuRO+/rX6","iiDgbhaUgfPlmO3sDuElTmkNgYTXyxbk",,0
"B92A3D0A99134232A6757A5584172695","D03","DSNY","DSNY_004","W","2014-09-03","2014-09-03","2014-09-30","DSNY_004.W.20140903.ANIHAP.01","NEON.BET.D03.000435","vial of pooled individuals","ANIHAP","Anisodactylus haplomus","species","cf. species","Chaudoir",,"Chaudoir 1868","7ZsG8s1cQijU1p7CX6b9FNrZuRO+/rX6","iiDgbhaUgfPlmO3sDuElTmkNgYTXyxbk",,0
"3EE5A61A8C854BA9ACA552EFDFD94C40","D03","DSNY","DSNY_003","S","2014-09-03","2014-09-03","2014-09-03","DSNY_003.S.20140903.CYCFAB.01","NEON.BET.D03.000093","vial of pooled individuals","CYCFAB","Cyclotrachelus faber","species",,"Germar",,"Germar 1824","scdXeiOYH+xCXiXscoerBg8nVMTM/1lP","iiDgbhaUgfPlmO3sDuElTmkNgYTXyxbk",,0
"AC6B82402C7D473E85D43C45811F4D15","D03","DSNY","DSNY_003","S","2014-09-03","2014-09-03","2014-09-29","DSNY_003.S.20140903.CYCFAB.01","NEON.BET.D03.000094","vial of pooled individuals","CYCFAB","Cyclotrachelus faber","species",,"Germar",,"Germar 1824","scdXeiOYH+xCXiXscoerBg8nVMTM/1lP","iiDgbhaUgfPlmO3sDuElTmkNgYTXyxbk",,0
"21E299D35A434C68B8B9581A119023E7","D03","DSNY","DSNY_003","S","2014-09-03","2014-09-03","2014-09-30","DSNY_003.S.20140903.SELFOS.01","NEON.BET.D03.000088","vial of pooled individuals","SELFOS","Selenophorus fossulatus","species",,"Dejean",,"Dejean 1829","scdXeiOYH+xCXiXscoerBg8nVMTM/1lP","iiDgbhaUgfPlmO3sDuElTmkNgYTXyxbk",,0
"5A994ED0CF5B405D877DF1B12C0AC4A2","D03","DSNY","DSNY_003","N","2014-09-03","2014-09-03","2014-09-29","DSNY_003.N.20140903.CYCFAB.01","NEON.BET.D03.000355","vial of pooled individuals","CYCFAB","Cyclotrachelus faber","species",,"Germar",,"Germar 1824","scdXeiOYH+xCXiXscoerBg8nVMTM/1lP","iiDgbhaUgfPlmO3sDuElTmkNgYTXyxbk",,0
"FA36BBD5D6C8450BA75E648DEA2947C5","D03","DSNY","DSNY_005","N","2014-09-03","2014-09-03","2014-09-19","DSNY_005.N.20140903.SCAOCA.01","NEON.BET.D03.000291","vial of pooled individuals","SCAOCA","Scarites ocalensis","species",,"Nichols",,"Nichols 1986","7ZsG8s1cQijU1p7CX6b9FNrZuRO+/rX6","iiDgbhaUgfPlmO3sDuElTmkNgYTXyxbk",,0
"E4216EF12F56469B8821BCB3AB71E643","D03","DSNY","DSNY_005","E","2014-09-03","2014-09-03","2014-09-19","DSNY_005.E.20140903.PASSUB1.01","NEON.BET.D03.000064","vial of pooled individuals","PASSUB1","Pasimachus sublaevis","species",,"Palisot de Beauvois",,"Palisot de Beauvois 1811","KnvsV1XN/fcT6FYSWd8OReDfV3Qsyj6N","iiDgbhaUgfPlmO3sDuElTmkNgYTXyxbk",,0
"C3EB4A21652D4134917A75DB8F652A4D","D03","DSNY","DSNY_006","W","2014-09-03","2014-09-03","2014-09-19","DSNY_006.W.20140903.PASSTR.01","NEON.BET.D03.000111","vial of pooled individuals","PASSTR","Pasimachus strenuus","species",,"LeConte",,"LeConte 1874","7ZsG8s1cQijU1p7CX6b9FNrZuRO+/rX6","iiDgbhaUgfPlmO3sDuElTmkNgYTXyxbk",,0
"C393EA5554AE40F5935C1CF6D86C474E","D03","DSNY","DSNY_006","W","2014-09-03","2014-09-03","2014-09-19","DSNY_006.W.20140903.PASSUB1.01","NEON.BET.D03.000112","vial of pooled individuals","PASSUB1","Pasimachus sublaevis","species",,"Palisot de Beauvois",,"Palisot de Beauvois 1811","7ZsG8s1cQijU1p7CX6b9FNrZuRO+/rX6","iiDgbhaUgfPlmO3sDuElTmkNgYTXyxbk",,0
"3C8EED59EF1D4D6C8FF871CFBCFD15AA","D03","DSNY","DSNY_006","W","2014-09-03","2014-09-03","2014-09-19","DSNY_006.W.20140903.SCAOCA.01","NEON.BET.D03.000113","vial of pooled individuals","SCAOCA","Scarites ocalensis","species",,"Nichols",,"Nichols 1986","7ZsG8s1cQijU1p7CX6b9FNrZuRO+/rX6","iiDgbhaUgfPlmO3sDuElTmkNgYTXyxbk",,0
"57C2D690F520483A800BF48848674A36","D03","DSNY","DSNY_006","E","2014-09-03","2014-09-03","2014-09-29","DSNY_006.E.20140903.PASSTR.01","NEON.BET.D03.000126","vial of pooled individuals","PASSTR","Pasimachus strenuus","species",,"LeConte",,"LeConte 1874","7ZsG8s1cQijU1p7CX6b9FNrZuRO+/rX6","iiDgbhaUgfPlmO3sDuElTmkNgYTXyxbk",,0
"B6A60C55D52C48DEA51C67A4432F1413","D03","DSNY","DSNY_006","W","2014-09-03","2014-09-03","2014-09-19","DSNY_006.W.20140903.PASSUB1.01","NEON.BET.D03.000063","vial of pooled individuals","PASSUB1","Pasimachus sublaevis","species",,"Palisot de Beauvois",,"Palisot de Beauvois 1811","KnvsV1XN/fcT6FYSWd8OReDfV3Qsyj6N","iiDgbhaUgfPlmO3sDuElTmkNgYTXyxbk",,0
"C59F754D4C0E459185617AB4DA58E7F4","D03","DSNY","DSNY_006","W","2014-09-03","2014-09-03","2014-09-19","DSNY_006.W.20140903.PASSTR.01","NEON.BET.D03.000239","vial of pooled individuals","PASSTR","Pasimachus strenuus","species",,"LeConte",,"LeConte 1874","7ZsG8s1cQijU1p7CX6b9FNrZuRO+/rX6","iiDgbhaUgfPlmO3sDuElTmkNgYTXyxbk",,0
"1183469F31BA4C739402077E155BA24C","D03","DSNY","DSNY_006","E","2014-09-03","2014-09-03","2014-09-18","DSNY_006.E.20140903.SCAOCA.01","NEON.BET.D03.000148","vial of pooled individuals","SCAOCA","Scarites ocalensis","species",,"Nichols",,"Nichols 1986","7ZsG8s1cQijU1p7CX6b9FNrZuRO+/rX6","iiDgbhaUgfPlmO3sDuElTmkNgYTXyxbk",,0
"C5600712AA4B496DBAEA919946343293","D03","DSNY","DSNY_006","W","2014-09-03","2014-09-03","2014-09-19","DSNY_006.W.20140903.PASSTR.01","NEON.BET.D03.000238","vial of pooled individuals","PASSTR","Pasimachus strenuus","species",,"LeConte",,"LeConte 1874","7ZsG8s1cQijU1p7CX6b9FNrZuRO+/rX6","iiDgbhaUgfPlmO3sDuElTmkNgYTXyxbk",,0
"041DE37051F445B2A449487EC8F84DC8","D03","DSNY","DSNY_007","S","2014-09-03","2014-09-03","2014-09-18","DSNY_007.S.20140903.PASSUB1.01","NEON.BET.D03.000129","vial of pooled individuals","PASSUB1","Pasimachus sublaevis","species",,"Palisot de Beauvois",,"Palisot de Beauvois 1811","7ZsG8s1cQijU1p7CX6b9FNrZuRO+/rX6","iiDgbhaUgfPlmO3sDuElTmkNgYTXyxbk",,0
"07F4AE8018C74A5BAE79900AF8CE09FF","D03","DSNY","DSNY_007","S","2014-09-03","2014-09-03","2014-09-18","DSNY_007.S.20140903.PASSUB1.01","NEON.BET.D03.000137","vial of pooled individuals","PASSUB1","Pasimachus sublaevis","species",,"Palisot de Beauvois",,"Palisot de Beauvois 1811","7ZsG8s1cQijU1p7CX6b9FNrZuRO+/rX6","iiDgbhaUgfPlmO3sDuElTmkNgYTXyxbk",,0
"EC382E1C00CF482AA83873DD62CC559A","D03","DSNY","DSNY_007","W","2014-09-03","2014-09-03","2014-09-19","DSNY_007.W.20140903.PASSUB1.01","NEON.BET.D03.000065","vial of pooled individuals","PASSUB1","Pasimachus sublaevis","species",,"Palisot de Beauvois",,"Palisot de Beauvois 1811","KnvsV1XN/fcT6FYSWd8OReDfV3Qsyj6N","iiDgbhaUgfPlmO3sDuElTmkNgYTXyxbk",,0
"552112CC7D3047A0BAAA8CC0B3528638","D03","DSNY","DSNY_007","N","2014-09-03","2014-09-03","2014-09-30","DSNY_007.N.20140903.ANIHAP.01","NEON.BET.D03.000430","vial of pooled individuals","ANIHAP","Anisodactylus haplomus","species",,"Chaudoir",,"Chaudoir 1868","7ZsG8s1cQijU1p7CX6b9FNrZuRO+/rX6","iiDgbhaUgfPlmO3sDuElTmkNgYTXyxbk",,0
"1DEC608B1099434DBA6FD5C93E84C4B1","D03","DSNY","DSNY_007","S","2014-09-03","2014-09-03","2014-09-18","DSNY_007.S.20140903.PASSUB.01","NEON.BET.D03.000141","vial of pooled individuals","PASSUB1","Pasimachus sublaevis","species",,"Palisot de Beauvois",,"Palisot de Beauvois 1811","7ZsG8s1cQijU1p7CX6b9FNrZuRO+/rX6","iiDgbhaUgfPlmO3sDuElTmkNgYTXyxbk",,0
"56D13F644F4C450CBEF87F1022C7B838","D03","DSNY","DSNY_007","S","2014-09-03","2014-09-03","2014-09-30","DSNY_007.S.20140903.ANIHAP.01","NEON.BET.D03.000432","vial of pooled individuals","ANIHAP","Anisodactylus haplomus","species","cf. species","Chaudoir",,"Chaudoir 1868","7ZsG8s1cQijU1p7CX6b9FNrZuRO+/rX6","iiDgbhaUgfPlmO3sDuElTmkNgYTXyxbk",,0
"DA55670C200C4023BF3B4C8C9CDF8CD9","D03","DSNY","DSNY_007","W","2014-09-03","2014-09-03","2014-09-19","DSNY_007.W.20140903.CYCFAB.01","NEON.BET.D03.000225","vial of pooled individuals","CYCFAB","Cyclotrachelus faber","species",,"Germar",,"Germar 1824","7ZsG8s1cQijU1p7CX6b9FNrZuRO+/rX6","iiDgbhaUgfPlmO3sDuElTmkNgYTXyxbk",,0
"A10ACE9AD7D34344B4FA0F9266D079BF","D03","DSNY","DSNY_007","S","2014-09-03","2014-09-03","2014-09-30","DSNY_007.S.20140903.ANIHAP.01","NEON.BET.D03.000427","vial of pooled individuals","ANIHAP","Anisodactylus haplomus","species","cf. species","Chaudoir",,"Chaudoir 1868","7ZsG8s1cQijU1p7CX6b9FNrZuRO+/rX6","iiDgbhaUgfPlmO3sDuElTmkNgYTXyxbk",,0
"6A894EFF02EB4ABB96EB11F9F32F9424","D03","DSNY","DSNY_007","S","2014-09-03","2014-09-03","2014-09-30","DSNY_007.S.20140903.ANIHAP.01","NEON.BET.D03.000428","vial of pooled individuals","ANIHAP","Anisodactylus haplomus","species","cf. species","Chaudoir",,"Chaudoir 1868","7ZsG8s1cQijU1p7CX6b9FNrZuRO+/rX6","iiDgbhaUgfPlmO3sDuElTmkNgYTXyxbk",,0
"BAFAF1AF242D4405B68EBF5C8AB8C418","D03","DSNY","DSNY_007","S","2014-09-03","2014-09-03","2014-09-30","DSNY_007.S.20140903.ANIHAP.01","NEON.BET.D03.000434","vial of pooled individuals","ANIHAP","Anisodactylus haplomus","species",,"Chaudoir",,"Chaudoir 1868","7ZsG8s1cQijU1p7CX6b9FNrZuRO+/rX6","iiDgbhaUgfPlmO3sDuElTmkNgYTXyxbk",,0
"3550351A5F76407BB0062EC5CC193AE2","D03","DSNY","DSNY_007","S","2014-09-03","2014-09-03","2014-09-30","DSNY_007.S.20140903.ANIHAP.01","NEON.BET.D03.000433","vial of pooled individuals","ANIHAP","Anisodactylus haplomus","species","cf. species","Chaudoir",,"Chaudoir 1868","7ZsG8s1cQijU1p7CX6b9FNrZuRO+/rX6","iiDgbhaUgfPlmO3sDuElTmkNgYTXyxbk",,0
"BA91334B63604D9287EB4A9142DD7099","D03","DSNY","DSNY_007","S","2014-09-03","2014-09-03","2014-09-30","DSNY_007.S.20140903.ANIHAP.01","NEON.BET.D03.000429","vial of pooled individuals","ANIHAP","Anisodactylus haplomus","species",,"Chaudoir",,"Chaudoir 1868","7ZsG8s1cQijU1p7CX6b9FNrZuRO+/rX6","iiDgbhaUgfPlmO3sDuElTmkNgYTXyxbk",,0
"10DB811CB13E4B788AC9A7C7D678A723","D03","DSNY","DSNY_007","S","2014-09-03","2014-09-03","2014-09-19","DSNY_007.S.20140903.CLISP4","NEON.BET.D03.000460","vial of pooled individuals","CLISP4","Clivina sp.","genus",,"Latreille",,"Latreille 1802","7ZsG8s1cQijU1p7CX6b9FNrZuRO+/rX6","iiDgbhaUgfPlmO3sDuElTmkNgYTXyxbk",,0
"CE14B1ECDEA8449F91E8B0761212EF23","D03","DSNY","DSNY_009","N","2014-09-03","2014-09-03","2014-09-03","DSNY_009.N.20140903.ELASP7.01","NEON.BET.D03.000108","vial of pooled individuals","ELASP7","Elaphropus sp.","genus",,"Motschulsky",,"Motschulsky 1839","scdXeiOYH+xCXiXscoerBg8nVMTM/1lP","iiDgbhaUgfPlmO3sDuElTmkNgYTXyxbk",,0
"30AF5730402146A2871C379EE571ADE4","D03","DSNY","DSNY_009","N","2014-09-03","2014-09-03","2014-09-29","DSNY_009.N.20140903.ELASP7.01","NEON.BET.D03.000109","vial of pooled individuals","ELASP7","Elaphropus sp.","genus",,"Motschulsky",,"Motschulsky 1839","scdXeiOYH+xCXiXscoerBg8nVMTM/1lP","iiDgbhaUgfPlmO3sDuElTmkNgYTXyxbk",,0
"C7DAED80FFAE4AD19E925A7EFE368739","D03","DSNY","DSNY_009","S","2014-09-03","2014-09-03","2014-09-29","DSNY_009.S.20140903.ELASP7","NEON.BET.D03.000025","vial of pooled individuals","ELASP7","Elaphropus sp.","genus",,"Motschulsky",,"Motschulsky 1839","scdXeiOYH+xCXiXscoerBg8nVMTM/1lP","iiDgbhaUgfPlmO3sDuElTmkNgYTXyxbk",,0
"85FF590F490C4D67932B14A5FCA06D5B","D03","DSNY","DSNY_009","N","2014-09-03","2014-09-03","2014-09-29","DSNY_009.N.20140903.ELASP7.01","NEON.BET.D03.000107","vial of pooled individuals","ELASP7","Elaphropus sp.","genus",,"Motschulsky",,"Motschulsky 1839","scdXeiOYH+xCXiXscoerBg8nVMTM/1lP","iiDgbhaUgfPlmO3sDuElTmkNgYTXyxbk",,0
"806F6965E4E64043AD58DDD1D96029F2","D03","DSNY","DSNY_009","S","2014-09-03","2014-09-03","2014-09-29","DSNY_009.S.20140903.ELASP7.01","NEON.BET.D03.000031","vial of pooled individuals","ELASP7","Elaphropus sp.","genus",,"Motschulsky",,"Motschulsky 1839","scdXeiOYH+xCXiXscoerBg8nVMTM/1lP","iiDgbhaUgfPlmO3sDuElTmkNgYTXyxbk",,0
"052A85B950D5489993B26C1F470E15F2","D03","DSNY","DSNY_009","E","2014-09-03","2014-09-03","2014-09-29","DSNY_009.E.20140903.ELASP7.01","NEON.BET.D03.000029","vial of pooled individuals","ELASP7","Elaphropus sp.","genus",,"Motschulsky",,"Motschulsky 1839","scdXeiOYH+xCXiXscoerBg8nVMTM/1lP","iiDgbhaUgfPlmO3sDuElTmkNgYTXyxbk",,0
"C04074A8FA0F42A3ABD17464A659C5AF","D03","DSNY","DSNY_009","S","2014-09-03","2014-09-03","2014-09-29","DSNY_009.S.20140903.ELASP7.01","NEON.BET.D03.000026","vial of pooled individuals","ELASP7","Elaphropus sp.","genus",,"Motschulsky",,"Motschulsky 1839","scdXeiOYH+xCXiXscoerBg8nVMTM/1lP","iiDgbhaUgfPlmO3sDuElTmkNgYTXyxbk",,0
"74FA080A5D4C45569635E484DDF618D9","D03","DSNY","DSNY_009","S","2014-09-03","2014-09-03","2014-09-29","DSNY_009.S.20140903.ELASP7.01","NEON.BET.D03.000027","vial of pooled individuals","ELASP7","Elaphropus sp.","genus",,"Motschulsky",,"Motschulsky 1839","scdXeiOYH+xCXiXscoerBg8nVMTM/1lP","iiDgbhaUgfPlmO3sDuElTmkNgYTXyxbk",,0
"9EC5B5495D464BF1988DA18560D87651","D03","DSNY","DSNY_009","S","2014-09-03","2014-09-03","2014-09-29","DSNY_009.S.20140903.ELASP7.01","NEON.BET.D03.000032","vial of pooled individuals","ELASP7","Elaphropus sp.","genus",,"Motschulsky",,"Motschulsky 1839","scdXeiOYH+xCXiXscoerBg8nVMTM/1lP","iiDgbhaUgfPlmO3sDuElTmkNgYTXyxbk",,0
"F171C737FDA4487F830059E5A5EC4833","D03","DSNY","DSNY_009","S","2014-09-03","2014-09-03","2014-09-29","DSNY_009.S.20140903.ELASP7.01","NEON.BET.D03.000028","vial of pooled individuals","ELASP7","Elaphropus sp.","genus",,"Motschulsky",,"Motschulsky 1839","scdXeiOYH+xCXiXscoerBg8nVMTM/1lP","iiDgbhaUgfPlmO3sDuElTmkNgYTXyxbk",,0
"11A67307DF774D949A2B39F2520F7C67","D03","DSNY","DSNY_009","S","2014-09-03","2014-09-03","2014-09-29","DSNY_009.S.20140903.ELASP7.01","NEON.BET.D03.000030","vial of pooled individuals","ELASP7","Elaphropus sp.","genus",,"Motschulsky",,"Motschulsky 1839","scdXeiOYH+xCXiXscoerBg8nVMTM/1lP","iiDgbhaUgfPlmO3sDuElTmkNgYTXyxbk",,0
"7DDCBD896DF349F69EDA110053B99E9C","D03","DSNY","DSNY_016","N","2014-09-03","2014-09-03","2014-09-29","DSNY_016.N.20140903.AMBIRI.01","NEON.BET.D03.000213","vial of pooled individuals","AMBIRI","Amblygnathus iripennis","species","cf. species","Say",,"Say 1823","7ZsG8s1cQijU1p7CX6b9FNrZuRO+/rX6","iiDgbhaUgfPlmO3sDuElTmkNgYTXyxbk",,0
"0C9044C8C9144E97894EC0FB91D2B4E1","D03","DSNY","DSNY_016","W","2014-09-03","2014-09-03","2014-09-18","DSNY_016.W.20140903.CLISP4.01","NEON.BET.D03.000471","vial of pooled individuals","CLISP4","Clivina sp.","genus",,"Latreille",,"Latreille 1802","7ZsG8s1cQijU1p7CX6b9FNrZuRO+/rX6","iiDgbhaUgfPlmO3sDuElTmkNgYTXyxbk",,0
"F44FEF8E6C104296AC3876DE70F7A646","D03","DSNY","DSNY_016","E","2014-09-03","2014-09-03","2014-09-18","DSNY_016.E.20140903.PASSUB1.01","NEON.BET.D03.000282","vial of pooled individuals","PASSUB1","Pasimachus sublaevis","species",,"Palisot de Beauvois",,"Palisot de Beauvois 1811","7ZsG8s1cQijU1p7CX6b9FNrZuRO+/rX6","iiDgbhaUgfPlmO3sDuElTmkNgYTXyxbk",,0
"7CE0874A78B14151B67D7D111375FF9A","D03","DSNY","DSNY_016","N","2014-09-03","2014-09-03","2014-09-18","DSNY_016.N.20140903.PASSUB1.01","NEON.BET.D03.000138","vial of pooled individuals","PASSUB1","Pasimachus sublaevis","species",,"Palisot de Beauvois",,"Palisot de Beauvois 1811","7ZsG8s1cQijU1p7CX6b9FNrZuRO+/rX6","iiDgbhaUgfPlmO3sDuElTmkNgYTXyxbk",,0
"7EAFFB159EAA4EE68A55BDB6ED72EDEC","D03","DSNY","DSNY_016","W","2014-09-03","2014-09-03","2014-09-18","DSNY_016.W.20140903.PASSUB1.01","NEON.BET.D03.000281","vial of pooled individuals","PASSUB1","Pasimachus sublaevis","species",,"Palisot de Beauvois",,"Palisot de Beauvois 1811","7ZsG8s1cQijU1p7CX6b9FNrZuRO+/rX6","iiDgbhaUgfPlmO3sDuElTmkNgYTXyxbk",,0
"C8DE8CE5B55E441B91C72C2C20E39605","D03","DSNY","DSNY_016","W","2014-09-03","2014-09-03","2014-09-18","DSNY_016.W.20140903.CLISP4.01","NEON.BET.D03.000470","vial of pooled individuals","CLISP4","Clivina sp.","genus",,"Latreille",,"Latreille 1802","7ZsG8s1cQijU1p7CX6b9FNrZuRO+/rX6","iiDgbhaUgfPlmO3sDuElTmkNgYTXyxbk",,0
"BFBEBE2B576B4D9B9377719E164CEBB9","D03","DSNY","DSNY_016","N","2014-09-03","2014-09-03","2014-09-18","DSNY_016.N.20140903.PASSUB1.01","NEON.BET.D03.000142","vial of pooled individuals","PASSUB1","Pasimachus sublaevis","species",,"Palisot de Beauvois",,"Palisot de Beauvois 1811","7ZsG8s1cQijU1p7CX6b9FNrZuRO+/rX6","iiDgbhaUgfPlmO3sDuElTmkNgYTXyxbk",,0
"4052E9165C9A480AA01365FDA49FB8B2","D03","DSNY","DSNY_016","W","2014-09-03","2014-09-03","2014-09-18","DSNY_016.W.20140903.PASSUB1.01","NEON.BET.D03.000280","vial of pooled individuals","PASSUB1","Pasimachus sublaevis","species",,"Palisot de Beauvois",,"Palisot de Beauvois 1811","7ZsG8s1cQijU1p7CX6b9FNrZuRO+/rX6","iiDgbhaUgfPlmO3sDuElTmkNgYTXyxbk",,0
"A8982E401BDD49D2BB9BBA757D5CE6CA","D03","DSNY","DSNY_016","N","2014-09-03","2014-09-03","2014-09-18","DSNY_016.N.20140903.CLISP4.01","NEON.BET.D03.000451","vial of pooled individuals","CLISP4","Clivina sp.","genus",,"Latreille",,"Latreille 1802","7ZsG8s1cQijU1p7CX6b9FNrZuRO+/rX6","iiDgbhaUgfPlmO3sDuElTmkNgYTXyxbk",,0
"B2A8DFA0F4E84C45B86979747A6E929C","D03","DSNY","DSNY_016","W","2014-09-03","2014-09-03","2014-09-18","DSNY_016.W.20140903.CLISP4.01","NEON.BET.D03.000448","vial of pooled individuals","CLISP4","Clivina sp.","genus",,"Latreille",,"Latreille 1802","7ZsG8s1cQijU1p7CX6b9FNrZuRO+/rX6","iiDgbhaUgfPlmO3sDuElTmkNgYTXyxbk",,0
"A5976FEB7023497BBB3A68DA5236A4A1","D03","DSNY","DSNY_016","E","2014-09-03","2014-09-03","2014-09-25","DSNY_016.E.20140903.CYCFAB.01","NEON.BET.D03.000230","vial of pooled individuals","CYCFAB","Cyclotrachelus faber","species",,"Germar",,"Germar 1824","7ZsG8s1cQijU1p7CX6b9FNrZuRO+/rX6","iiDgbhaUgfPlmO3sDuElTmkNgYTXyxbk",,0
"D63F1007B7C347A092B533113F820DA8","D03","DSNY","DSNY_016","E","2014-09-03","2014-09-03","2014-09-18","DSNY_016.E.20140903.PASSUB1.01","NEON.BET.D03.000232","vial of pooled individuals","PASSUB1","Pasimachus sublaevis","species",,"Palisot de Beauvois",,"Palisot de Beauvois 1811","7ZsG8s1cQijU1p7CX6b9FNrZuRO+/rX6","iiDgbhaUgfPlmO3sDuElTmkNgYTXyxbk",,0
"98DF5DBF23CE47C99CBB9B9004CE7245","D03","DSNY","DSNY_016","N","2014-09-03","2014-09-03","2014-09-18","DSNY_016.N.20140903.CLISP4.01","NEON.BET.D03.000464","vial of pooled individuals","CLISP4","Clivina sp.","genus",,"Latreille",,"Latreille 1802","7ZsG8s1cQijU1p7CX6b9FNrZuRO+/rX6","iiDgbhaUgfPlmO3sDuElTmkNgYTXyxbk",,0
"499C92157D5943D9A112D5B090B9A593","D03","DSNY","DSNY_016","E","2014-09-03","2014-09-03","2014-09-18","DSNY_016.E.20140903.PASSUB1.01","NEON.BET.D03.000233","vial of pooled individuals","PASSUB1","Pasimachus sublaevis","species",,"Palisot de Beauvois",,"Palisot de Beauvois 1811","7ZsG8s1cQijU1p7CX6b9FNrZuRO+/rX6","iiDgbhaUgfPlmO3sDuElTmkNgYTXyxbk",,0
"C3DD0A26D6D340F5BAD5E1FBD842884D","D03","DSNY","DSNY_016","E","2014-09-03","2014-09-03","2014-09-18","DSNY_016.E.20140903.PASSUB1.01","NEON.BET.D03.000231","vial of pooled individuals","PASSUB1","Pasimachus sublaevis","species",,"Palisot de Beauvois",,"Palisot de Beauvois 1811","7ZsG8s1cQijU1p7CX6b9FNrZuRO+/rX6","iiDgbhaUgfPlmO3sDuElTmkNgYTXyxbk",,0
"A363FE1763904170921CEF27E00E2CE6","D03","DSNY","DSNY_016","E","2014-09-03","2014-09-03","2014-09-18","DSNY_016.E.20140903.PASSUB1.01","NEON.BET.D03.000234","vial of pooled individuals","PASSUB1","Pasimachus sublaevis","species",,"Palisot de Beauvois",,"Palisot de Beauvois 1811","7ZsG8s1cQijU1p7CX6b9FNrZuRO+/rX6","iiDgbhaUgfPlmO3sDuElTmkNgYTXyxbk",,0
"7731ED50677E45E0BD91976C8DB7F6DE","D03","DSNY","DSNY_016","W","2014-09-03","2014-09-03","2014-09-18","DSNY_016.W.20140903.CLISP4.01","NEON.BET.D03.000459","vial of pooled individuals","CLISP4","Clivina sp.","genus",,"Latreille",,"Latreille 1802","7ZsG8s1cQijU1p7CX6b9FNrZuRO+/rX6","iiDgbhaUgfPlmO3sDuElTmkNgYTXyxbk",,0
"8DC8F262C05549FBB2A9B4A035773633","D03","DSNY","DSNY_016","W","2014-09-03","2014-09-03","2014-09-18","DSNY_016.W.20140903.CLISP.04","NEON.BET.D03.000458","vial of pooled individuals","CLISP4","Clivina sp.","genus",,"Latreille",,"Latreille 1802","7ZsG8s1cQijU1p7CX6b9FNrZuRO+/rX6","iiDgbhaUgfPlmO3sDuElTmkNgYTXyxbk",,0
"327A4155395547389FA377D70B725077","D03","DSNY","DSNY_021","N","2014-09-03","2014-09-03","2014-09-30","DSNY_021.N.20140903.AMBIRI.01","NEON.BET.D03.000021","vial of pooled individuals","AMBIRI","Amblygnathus iripennis","species","cf. species","Say",,"Say 1823","7ZsG8s1cQijU1p7CX6b9FNrZuRO+/rX6","iiDgbhaUgfPlmO3sDuElTmkNgYTXyxbk",,0
"98C0F2CCEB6A410C878F5EDEEB4DE5F2","D03","DSNY","DSNY_021","E","2014-09-03","2014-09-03","2014-09-30","DSNY_021.E.20140903.ANIHAP.01","NEON.BET.D03.000145","vial of pooled individuals","ANIHAP","Anisodactylus haplomus","species",,"Chaudoir",,"Chaudoir 1868","7ZsG8s1cQijU1p7CX6b9FNrZuRO+/rX6","iiDgbhaUgfPlmO3sDuElTmkNgYTXyxbk",,0
"8EE3703D76E74D9E8855AEF21F047D10","D03","DSNY","DSNY_021","N","2014-09-03","2014-09-03","2014-09-26","DSNY_021.N.20140903.CLISP4.01","NEON.BET.D03.000152","vial of pooled individuals","CLISP4","Clivina sp.","genus",,"Latreille",,"Latreille 1802","scdXeiOYH+xCXiXscoerBg8nVMTM/1lP","iiDgbhaUgfPlmO3sDuElTmkNgYTXyxbk",,0
