"uid","domainID","siteID","plotID","trapID","collectDate","etOHChangeDate","processingDate","identifiedDate","associatedSampleID","sampleID","targetTaxaPresent","sampleType","taxonID","scientificName","taxonRank","identificationQualifier","scientificNameAuthorship","morphospeciesID","individualCount","identificationReferences","identifiedBy","recordedBy","remarks","duplicateSampleIDQF"
"95F7F219E9974FB2AFD2EDE6B04D568D","D09","WOOD","WOOD_021","E","2014-06-04","2014-06-05","2015-03-01",,"WOOD_021.20140604.ib.01","WOOD_021.20140604.ib.01","Y","invert bycatch",,,,,,,,,,"4oCBvlQIQ4DhSH30J22+0bs0GAacIQwk",,0
"638751EF31394449B2CB5D1DCDFA026B","D09","WOOD","WOOD_003","N","2014-06-04","2014-06-05","2015-03-01",,"WOOD_003.N.20140604.oc.01",,"Y","other carabid",,,,,,,,,,"4oCBvlQIQ4DhSH30J22+0bs0GAacIQwk",,0
"8A0443DA84F74710BB15DD154377E84A","D09","WOOD","WOOD_003","S","2014-06-04","2014-06-05","2015-03-01",,"WOOD_003.S.20140604.oc.01",,"Y","other carabid",,,,,,,,,,"4oCBvlQIQ4DhSH30J22+0bs0GAacIQwk",,0
"2CCAAAB7ABCA4972B0E4DAC4D9C79007","D09","WOOD","WOOD_003","S","2014-06-04","2014-06-05","2015-03-01",,"WOOD_003.20140604.ib.02","WOOD_003.20140604.ib.02","Y","invert bycatch",,,,,,,,,,"4oCBvlQIQ4DhSH30J22+0bs0GAacIQwk",,0
"F4985B51843B4F1A89E13D930FB31CEA","D09","WOOD","WOOD_003","N","2014-06-04","2014-06-05","2015-03-01",,"WOOD_003.20140604.ib.01","WOOD_003.20140604.ib.01","Y","invert bycatch",,,,,,,,,,"4oCBvlQIQ4DhSH30J22+0bs0GAacIQwk",,2
"C5DCDC4BEA384D169791FA9E60895201","D09","WOOD","WOOD_003","E","2014-06-04","2014-06-05","2015-03-01",,"WOOD_003.20140604.ib.01","WOOD_003.20140604.ib.01","Y","invert bycatch",,,,,,,,,,"4oCBvlQIQ4DhSH30J22+0bs0GAacIQwk",,2
"6FB94465F9DE44FA81A860698AC835C5","D09","WOOD","WOOD_003","W","2014-06-04","2014-06-05","2015-03-01",,"WOOD_003.20140604.ib.01","WOOD_003.20140604.ib.01","Y","invert bycatch",,,,,,,,,,"4oCBvlQIQ4DhSH30J22+0bs0GAacIQwk",,2
"184181AD9FDF4A7AAF6801B1143AB09B","D09","WOOD","WOOD_003","E","2014-06-04","2014-06-05","2015-03-01",,"WOOD_003.E.20140604.oc.01",,"Y","other carabid",,,,,,,,,,"4oCBvlQIQ4DhSH30J22+0bs0GAacIQwk",,0
"1C56E545C9164EF4BBD028E2D0E7130A","D09","WOOD","WOOD_002","E","2014-06-04","2014-06-05","2015-03-01",,"WOOD_002.E.20140604.oc.01",,"Y","other carabid",,,,,,,,,,"4oCBvlQIQ4DhSH30J22+0bs0GAacIQwk",,0
"5320DABE0686433E9D2A0A7FBB94810E","D09","WOOD","WOOD_002","N","2014-06-04","2014-06-05","2015-03-01",,"WOOD_002.N.20140604.oc.01",,"Y","other carabid",,,,,,,,,,"4oCBvlQIQ4DhSH30J22+0bs0GAacIQwk",,0
"8414B98695DB4D198ABBD1204A0C8D2F","D09","WOOD","WOOD_002","S","2014-06-04","2014-06-05","2015-03-01",,"WOOD_002.20140604.ib.02","WOOD_002.20140604.ib.02","N","invert bycatch",,,,,,,,,,"4oCBvlQIQ4DhSH30J22+0bs0GAacIQwk",,0
"F446529F20CA43779B71B9BCA1CEB9A7","D09","WOOD","WOOD_002","E","2014-06-04","2014-06-05","2015-03-01",,"WOOD_002.20140604.ib.03","WOOD_002.20140604.ib.03","Y","invert bycatch",,,,,,,,,,"4oCBvlQIQ4DhSH30J22+0bs0GAacIQwk",,0
"1C1717DFBB624493AF5E528E36C1F6F2","D09","WOOD","WOOD_002","N","2014-06-04","2014-06-05","2015-03-01",,"WOOD_002.20140604.ib.01","WOOD_002.20140604.ib.01","Y","invert bycatch",,,,,,,,,,"4oCBvlQIQ4DhSH30J22+0bs0GAacIQwk",,2
"C91C8DB26FF940A19765A6211F95697F","D09","WOOD","WOOD_002","W","2014-06-04","2014-06-05","2015-03-01",,"WOOD_002.20140604.ib.01","WOOD_002.20140604.ib.01","N","invert bycatch",,,,,,,,,,"4oCBvlQIQ4DhSH30J22+0bs0GAacIQwk",,2
"A1B685CA5FE44389907F95793D33C5D2","D09","WOOD","WOOD_001","N","2014-06-04","2014-06-05","2015-03-01",,"WOOD_001.N.20140604.oc.01",,"Y","other carabid",,,,,,,,,,"4oCBvlQIQ4DhSH30J22+0bs0GAacIQwk",,0
"A9397D39D5A344C4B208093185EDB397","D09","WOOD","WOOD_001","W","2014-06-04","2014-06-05","2015-03-01",,"WOOD_001.W.20140604.oc.01",,"Y","other carabid",,,,,,,,,,"4oCBvlQIQ4DhSH30J22+0bs0GAacIQwk",,0
"202B99C6D87F4E0C8048F00E7678E99B","D09","WOOD","WOOD_001","N","2014-06-04","2014-06-05","2015-03-01",,"WOOD_001.20140604.ib.01","WOOD_001.20140604.ib.01","Y","invert bycatch",,,,,,,,,,"4oCBvlQIQ4DhSH30J22+0bs0GAacIQwk",,2
"0E5BCAC7B885499084F76617E68A9119","D09","WOOD","WOOD_001","W","2014-06-04","2014-06-05","2015-03-01",,"WOOD_001.20140604.ib.01","WOOD_001.20140604.ib.01","Y","invert bycatch",,,,,,,,,,"4oCBvlQIQ4DhSH30J22+0bs0GAacIQwk",,2
"95016BD28D364CD4AC58DA81C08E44D4","D09","WOOD","WOOD_001","S","2014-06-04","2014-06-05","2015-03-01",,"WOOD_001.20140604.ib.02","WOOD_001.20140604.ib.02","N","invert bycatch",,,,,,,,,,"4oCBvlQIQ4DhSH30J22+0bs0GAacIQwk",,0
"8B63D984068B417B99F46936DEBA6C9D","D09","WOOD","WOOD_001","E","2014-06-04","2014-06-05","2015-03-01",,"WOOD_001.20140604.ib.03","WOOD_001.20140604.ib.03","N","invert bycatch",,,,,,,,,,"4oCBvlQIQ4DhSH30J22+0bs0GAacIQwk",,0
"66D35ABE1E1F4330903B09DBE069FC6C","D09","WOOD","WOOD_007","S","2014-06-04","2014-06-05","2015-03-01",,"WOOD_007.S.20140604.oc.01",,"Y","other carabid",,,,,,,,,,"4oCBvlQIQ4DhSH30J22+0bs0GAacIQwk",,0
"DD70B6EA206E4BE58EAFD4FDEBFEB8B7","D09","WOOD","WOOD_007","E","2014-06-04","2014-06-05","2015-03-01",,"WOOD_007.20140604.ib.03","WOOD_007.20140604.ib.03","Y","invert bycatch",,,,,,,,,,"4oCBvlQIQ4DhSH30J22+0bs0GAacIQwk",,0
"A18FD9F8270A4622A1D281D8748F0827","D09","WOOD","WOOD_007","W","2014-06-04","2014-06-05","2015-03-01",,"WOOD_007.20140604.ib.04","WOOD_007.20140604.ib.04","Y","invert bycatch",,,,,,,,,,"4oCBvlQIQ4DhSH30J22+0bs0GAacIQwk",,0
"9A45C76FD3714904A767DCB8835203CE","D09","WOOD","WOOD_007","N","2014-06-04","2014-06-05","2015-03-01",,"WOOD_007.20140604.ib.01","WOOD_007.20140604.ib.01","Y","invert bycatch",,,,,,,,,,"4oCBvlQIQ4DhSH30J22+0bs0GAacIQwk",,0
"BBA56C1454234E75AD80502504F10FAD","D09","WOOD","WOOD_007","S","2014-06-04","2014-06-05","2015-03-01",,"WOOD_007.20140604.ib.02","WOOD_007.20140604.ib.02","Y","invert bycatch",,,,,,,,,,"4oCBvlQIQ4DhSH30J22+0bs0GAacIQwk",,0
"F0CA5CD457D84D019285FBD6BC675FD9","D09","WOOD","WOOD_007","N","2014-06-04","2014-06-05","2015-03-01",,"WOOD_007.N.20140604.oc.01",,"Y","other carabid",,,,,,,,,,"4oCBvlQIQ4DhSH30J22+0bs0GAacIQwk",,0
"C53763DEB7D94338AC4D00D26A528C1E","D09","WOOD","WOOD_007","W","2014-06-04","2014-06-05","2015-03-01",,"WOOD_007.W.20140604.oc.01",,"Y","other carabid",,,,,,,,,,"4oCBvlQIQ4DhSH30J22+0bs0GAacIQwk",,0
"47FAA488BC024CE0B9C902A0C71AF0F7","D09","WOOD","WOOD_007","E","2014-06-04","2014-06-05","2015-03-01",,"WOOD_007.E.20140604.oc.01",,"Y","other carabid",,,,,,,,,,"4oCBvlQIQ4DhSH30J22+0bs0GAacIQwk",,0
"08E6A0AD1A6C494985A7F4253C910E3D","D09","WOOD","WOOD_006","W","2014-06-04","2014-06-05","2015-03-01",,"WOOD_006.20140604.ib.04","WOOD_006.20140604.ib.04","N","invert bycatch",,,,,,,,,,"4oCBvlQIQ4DhSH30J22+0bs0GAacIQwk",,0
"DDA01475AE444B2087989B2EA2010F5E","D09","WOOD","WOOD_006","N","2014-06-04","2014-06-05","2015-03-01",,"WOOD_006.20140604.ib.01","WOOD_006.20140604.ib.01","N","invert bycatch",,,,,,,,,,"4oCBvlQIQ4DhSH30J22+0bs0GAacIQwk",,0
"A4FCD07AE8EF4FD8ADCDD9249932F542","D09","WOOD","WOOD_006","S","2014-06-04","2014-06-05","2015-03-01",,"WOOD_006.20140604.ib.02","WOOD_006.20140604.ib.02","Y","invert bycatch",,,,,,,,,,"4oCBvlQIQ4DhSH30J22+0bs0GAacIQwk",,0
"10CC81A280C84D3A9940CFEBC93F7DCE","D09","WOOD","WOOD_006","E","2014-06-04","2014-06-05","2015-03-01",,"WOOD_006.20140604.ib.03","WOOD_006.20140604.ib.03","N","invert bycatch",,,,,,,,,,"4oCBvlQIQ4DhSH30J22+0bs0GAacIQwk",,0
"DD7A8A84A289417F8003DE87E5E43243","D09","WOOD","WOOD_006","S","2014-06-04","2014-06-05","2015-03-01",,"WOOD_006.S.20140604.oc.01",,"Y","other carabid",,,,,,,,,,"4oCBvlQIQ4DhSH30J22+0bs0GAacIQwk",,0
"40AC9626DAC7488B827B6A09CFA3A507","D09","WOOD","WOOD_005","N","2014-06-04","2014-06-05","2015-03-01",,"WOOD_005.20140604.ib.01","WOOD_005.20140604.ib.01","Y","invert bycatch",,,,,,,,,,"4oCBvlQIQ4DhSH30J22+0bs0GAacIQwk",,2
"AE1801C4C51144778B2030CCEFE1276E","D09","WOOD","WOOD_005","W","2014-06-04","2014-06-05","2015-03-01",,"WOOD_005.20140604.ib.01","WOOD_005.20140604.ib.01","Y","invert bycatch",,,,,,,,,,"4oCBvlQIQ4DhSH30J22+0bs0GAacIQwk",,2
"C4DCC94B41054F31850729F6B8B2B838","D09","WOOD","WOOD_005","S","2014-06-04","2014-06-05","2015-03-01",,"WOOD_005.20140604.ib.02","WOOD_005.20140604.ib.02","N","invert bycatch",,,,,,,,,,"4oCBvlQIQ4DhSH30J22+0bs0GAacIQwk",,0
"66A6DA24E798419D867A91AD6E398818","D09","WOOD","WOOD_005","E","2014-06-04","2014-06-05","2015-03-01",,"WOOD_005.20140604.ib.03","WOOD_005.20140604.ib.03","N","invert bycatch",,,,,,,,,,"4oCBvlQIQ4DhSH30J22+0bs0GAacIQwk",,0
"0F9BE74F16854E57B6489C673DE6FF6D","D09","WOOD","WOOD_005","N","2014-06-04","2014-06-05","2015-03-01",,"WOOD_005.N.20140604.oc.01",,"Y","other carabid",,,,,,,,,,"4oCBvlQIQ4DhSH30J22+0bs0GAacIQwk",,0
"44A4742B485543FC987B5D530D61259C","D09","WOOD","WOOD_005","W","2014-06-04","2014-06-05","2015-03-01",,"WOOD_005.W.20140604.oc.01",,"Y","other carabid",,,,,,,,,,"4oCBvlQIQ4DhSH30J22+0bs0GAacIQwk",,0
"7E078B742F95498EB09441B36B311998","D09","WOOD","WOOD_004","N","2014-06-04","2014-06-05","2015-03-01",,"WOOD_004.N.20140604.oc.01",,"Y","other carabid",,,,,,,,,,"4oCBvlQIQ4DhSH30J22+0bs0GAacIQwk",,0
"1E41DD0FFCD74EB3A3B44B2325E2665C","D09","WOOD","WOOD_004","N","2014-06-04","2014-06-05","2015-03-01",,"WOOD_004.20140604.ib.01","WOOD_004.20140604.ib.01","Y","invert bycatch",,,,,,,,,,"4oCBvlQIQ4DhSH30J22+0bs0GAacIQwk",,2
"6807EC56FB614B999DA6E329C8E89006","D09","WOOD","WOOD_004","W","2014-06-04","2014-06-05","2015-03-01",,"WOOD_004.20140604.ib.01","WOOD_004.20140604.ib.01","Y","invert bycatch",,,,,,,,,,"4oCBvlQIQ4DhSH30J22+0bs0GAacIQwk",,2
"C9D9B19C3A1840929385E0E8C834D91F","D09","WOOD","WOOD_004","E","2014-06-04","2014-06-05","2015-03-01",,"WOOD_004.E.20140604.oc.01",,"Y","other carabid",,,,,,,,,,"4oCBvlQIQ4DhSH30J22+0bs0GAacIQwk",,0
"8D04E69B2F6C4C66A90B72CDADD846AE","D09","WOOD","WOOD_004","S","2014-06-04","2014-06-05","2015-03-01",,"WOOD_004.S.20140604.oc.01",,"Y","other carabid",,,,,,,,,,"4oCBvlQIQ4DhSH30J22+0bs0GAacIQwk",,0
"B2D568CC99824C1CB0D9F5146BC8B109","D09","WOOD","WOOD_004","W","2014-06-04","2014-06-05","2015-03-01",,"WOOD_004.W.20140604.oc.01",,"Y","other carabid",,,,,,,,,,"4oCBvlQIQ4DhSH30J22+0bs0GAacIQwk",,0
"CEE94C0CD3FE4C9F8CEEC786B43D94FF","D09","WOOD","WOOD_004","S","2014-06-04","2014-06-05","2015-03-01",,"WOOD_004.20140604.ib.02","WOOD_004.20140604.ib.02","Y","invert bycatch",,,,,,,,,,"4oCBvlQIQ4DhSH30J22+0bs0GAacIQwk",,0
"548CC0AB4F894D5A90FD86198FE12018","D09","WOOD","WOOD_004","E","2014-06-04","2014-06-05","2015-03-01",,"WOOD_004.20140604.ib.03","WOOD_004.20140604.ib.03","Y","invert bycatch",,,,,,,,,,"4oCBvlQIQ4DhSH30J22+0bs0GAacIQwk",,0
"F28D76CB3B7D41E19E77B853ACB3B67F","D09","WOOD","WOOD_023","S","2014-06-04","2014-06-05","2015-03-01",,"WOOD_023.S.20140604.oc.01",,"Y","other carabid",,,,,,,,,,"4oCBvlQIQ4DhSH30J22+0bs0GAacIQwk",,0
"F56F9C1F8CC74CBDBDE5ED9F5EB0E4EA","D09","WOOD","WOOD_023","S","2014-06-04","2014-06-05","2015-03-01",,"WOOD_023.20140604.ib.01","WOOD_023.20140604.ib.01","Y","invert bycatch",,,,,,,,,,"4oCBvlQIQ4DhSH30J22+0bs0GAacIQwk",,2
"284FFFFDC4C4432D891EE4B2F835C29A","D09","WOOD","WOOD_023","N","2014-06-04","2014-06-05","2015-03-01",,"WOOD_023.20140604.ib.01","WOOD_023.20140604.ib.01","Y","invert bycatch",,,,,,,,,,"4oCBvlQIQ4DhSH30J22+0bs0GAacIQwk",,2
"48E196B18276468A87CF1484E6EB5267","D09","WOOD","WOOD_023","N","2014-06-04","2014-06-05","2015-03-01",,"WOOD_023.N.20140604.oc.01",,"Y","other carabid",,,,,,,,,,"4oCBvlQIQ4DhSH30J22+0bs0GAacIQwk",,0
"C031B6BEFD984F09B1839A64BE33C61A","D09","WOOD","WOOD_021","E","2014-06-04","2014-06-05","2015-03-01",,"WOOD_021.E.20140604.oc.01",,"Y","other carabid",,,,,,,,,,"4oCBvlQIQ4DhSH30J22+0bs0GAacIQwk",,0
"FC739649C2614CAA8E8AB1FEEA1D2E98","D09","WOOD","WOOD_021","N","2014-06-18","2014-06-19","2015-03-01",,"WOOD_021.20140618.ib.01","WOOD_021.20140618.ib.01","Y","invert bycatch",,,,,,,,,,"4oCBvlQIQ4DhSH30J22+0bs0GAacIQwk",,0
"7294896E02FE428D9D204BE6B7B1B018","D09","WOOD","WOOD_003","N","2014-06-18","2014-06-19","2015-03-01",,"WOOD_003.N.20140618.oc.01",,"Y","other carabid",,,,,,,,,,"4oCBvlQIQ4DhSH30J22+0bs0GAacIQwk",,0
"02E8F5464CC54FA48440C5730CD7AA1A","D09","WOOD","WOOD_003","W","2014-06-18","2014-06-19","2015-03-01",,"WOOD_003.20140618.ib.01","WOOD_003.20140618.ib.01","N","invert bycatch",,,,,,,,,,"4oCBvlQIQ4DhSH30J22+0bs0GAacIQwk",,2
"15B7416B1B754FE2BC323114C23F2962","D09","WOOD","WOOD_003","E","2014-06-18","2014-06-19","2015-03-01",,"WOOD_003.20140618.ib.01","WOOD_003.20140618.ib.01","Y","invert bycatch",,,,,,,,,,"4oCBvlQIQ4DhSH30J22+0bs0GAacIQwk",,2
"A3069690A12C4AF7A7814AA01EB6B0A9","D09","WOOD","WOOD_003","S","2014-06-18","2014-06-19","2015-03-01",,"WOOD_003.20140618.ib.01","WOOD_003.20140618.ib.01","N","invert bycatch",,,,,,,,,,"4oCBvlQIQ4DhSH30J22+0bs0GAacIQwk",,2
"D26F773A3C3342F8A787463F37CB304A","D09","WOOD","WOOD_003","N","2014-06-18","2014-06-19","2015-03-01",,"WOOD_003.20140618.ib.01","WOOD_003.20140618.ib.01","Y","invert bycatch",,,,,,,,,,"4oCBvlQIQ4DhSH30J22+0bs0GAacIQwk",,2
"C3D4598653E0495693D2A35EBD82A26D","D09","WOOD","WOOD_003","E","2014-06-18","2014-06-19","2015-03-01",,"WOOD_003.E.20140618.oc.01",,"Y","other carabid",,,,,,,,,,"4oCBvlQIQ4DhSH30J22+0bs0GAacIQwk",,0
"01E08F567438473E8262E33122953D19","D09","WOOD","WOOD_002","W","2014-06-18","2014-06-19","2015-03-01",,"WOOD_002.20140618.ib.01","WOOD_002.20140618.ib.01","N","invert bycatch",,,,,,,,,,"4oCBvlQIQ4DhSH30J22+0bs0GAacIQwk",,2
"F7B839288B3F47528AD775BF5C0077B8","D09","WOOD","WOOD_002","N","2014-06-18","2014-06-19","2015-03-01",,"WOOD_002.20140618.ib.01","WOOD_002.20140618.ib.01","Y","invert bycatch",,,,,,,,,,"4oCBvlQIQ4DhSH30J22+0bs0GAacIQwk",,2
"931AD5ADABE9427FB3D4420622FC644D","D09","WOOD","WOOD_002","S","2014-06-18","2014-06-19","2015-03-01",,"WOOD_002.20140618.ib.02","WOOD_002.20140618.ib.02","Y","invert bycatch",,,,,,,,,,"4oCBvlQIQ4DhSH30J22+0bs0GAacIQwk",,0
"A055220DFC354AB295E54667A8A6DCE0","D09","WOOD","WOOD_002","E","2014-06-18","2014-06-19","2015-03-01",,"WOOD_002.20140618.ib.03","WOOD_002.20140618.ib.03","Y","invert bycatch",,,,,,,,,,"4oCBvlQIQ4DhSH30J22+0bs0GAacIQwk",,0
"163D7873DE024FB491E8099BD9BEAEAB","D09","WOOD","WOOD_002","N","2014-06-18","2014-06-19","2015-03-01",,"WOOD_002.N.20140618.oc.01",,"Y","other carabid",,,,,,,,,,"4oCBvlQIQ4DhSH30J22+0bs0GAacIQwk",,0
"7AD33C7D4AE94B198B4E5F0C87C62672","D09","WOOD","WOOD_002","E","2014-06-18","2014-06-19","2015-03-01",,"WOOD_002.E.20140618.oc.01",,"Y","other carabid",,,,,,,,,,"4oCBvlQIQ4DhSH30J22+0bs0GAacIQwk",,0
"19F54947F1F74DEEB505F1E13BAECAF4","D09","WOOD","WOOD_002","S","2014-06-18","2014-06-19","2015-03-01",,"WOOD_002.S.20140618.oc.01",,"Y","other carabid",,,,,,,,,,"4oCBvlQIQ4DhSH30J22+0bs0GAacIQwk",,0
"A19E561DD4684E639E61392F2F52EAC3","D09","WOOD","WOOD_001","S","2014-06-18","2014-06-19","2015-03-01",,"WOOD_001.S.20140618.oc.01",,"Y","other carabid",,,,,,,,,,"4oCBvlQIQ4DhSH30J22+0bs0GAacIQwk",,0
"37951B96D138491C8A36D397F3A0547C","D09","WOOD","WOOD_001","W","2014-06-18","2014-06-19","2015-03-01",,"WOOD_001.20140618.ib.01","WOOD_001.20140618.ib.01","N","invert bycatch",,,,,,,,,,"4oCBvlQIQ4DhSH30J22+0bs0GAacIQwk",,2
"07BA9393486E43C18130D035FDA17FE9","D09","WOOD","WOOD_001","N","2014-06-18","2014-06-19","2015-03-01",,"WOOD_001.20140618.ib.01","WOOD_001.20140618.ib.01","N","invert bycatch",,,,,,,,,,"4oCBvlQIQ4DhSH30J22+0bs0GAacIQwk",,2
"3A68C9D10BD24E5B988CDE69D38448CD","D09","WOOD","WOOD_001","S","2014-06-18","2014-06-19","2015-03-01",,"WOOD_001.20140618.ib.02","WOOD_001.20140618.ib.02","Y","invert bycatch",,,,,,,,,,"4oCBvlQIQ4DhSH30J22+0bs0GAacIQwk",,0
"BBDA8FA8EE0B41818AF59FF50822BEE3","D09","WOOD","WOOD_001","E","2014-06-18","2014-06-19","2015-03-01",,"WOOD_001.20140618.ib.03","WOOD_001.20140618.ib.03","N","invert bycatch",,,,,,,,,,"4oCBvlQIQ4DhSH30J22+0bs0GAacIQwk",,0
"F0E8D62D5DB74C3BA52D11857780D28A","D09","WOOD","WOOD_007","W","2014-06-18","2014-06-19","2015-03-01",,"WOOD_007.W.20140618.oc.01",,"Y","other carabid",,,,,,,,,,"4oCBvlQIQ4DhSH30J22+0bs0GAacIQwk",,0
"3C801747BB804395AC442D2E45A482FF","D09","WOOD","WOOD_007","W","2014-06-18","2014-06-19","2015-03-01",,"WOOD_007.20140618.ib.01","WOOD_007.20140618.ib.01","Y","invert bycatch",,,,,,,,,,"4oCBvlQIQ4DhSH30J22+0bs0GAacIQwk",,2
"85BFB726934049768BCF42DBC37D84A0","D09","WOOD","WOOD_007","N","2014-06-18","2014-06-19","2015-03-01",,"WOOD_007.20140618.ib.01","WOOD_007.20140618.ib.01","N","invert bycatch",,,,,,,,,,"4oCBvlQIQ4DhSH30J22+0bs0GAacIQwk",,2
"261670C16A9D423A970823115C12F1C3","D09","WOOD","WOOD_007","S","2014-06-18","2014-06-19","2015-03-01",,"WOOD_007.S.20140618.oc.01",,"Y","other carabid",,,,,,,,,,"4oCBvlQIQ4DhSH30J22+0bs0GAacIQwk",,0
"30B8739325834C65BF454C7B042C9FEC","D09","WOOD","WOOD_007","S","2014-06-18","2014-06-19","2015-03-01",,"WOOD_007.20140618.ib.02","WOOD_007.20140618.ib.02","Y","invert bycatch",,,,,,,,,,"4oCBvlQIQ4DhSH30J22+0bs0GAacIQwk",,0
"CEE5A7C6E61142358C0D0183D35590E0","D09","WOOD","WOOD_007","E","2014-06-18","2014-06-19","2015-03-01",,"WOOD_007.20140618.ib.03","WOOD_007.20140618.ib.03","Y","invert bycatch",,,,,,,,,,"4oCBvlQIQ4DhSH30J22+0bs0GAacIQwk",,0
"B9C4D36ED30D460ABE3E084CFCAB0F7D","D09","WOOD","WOOD_007","E","2014-06-18","2014-06-19","2015-03-01",,"WOOD_007.E.20140618.oc.01",,"Y","other carabid",,,,,,,,,,"4oCBvlQIQ4DhSH30J22+0bs0GAacIQwk",,0
"9D078DE68EDA46C58472A1756D69F5A0","D09","WOOD","WOOD_006","W","2014-06-18","2014-06-19","2015-03-01",,"WOOD_006.20140618.ib.01","WOOD_006.20140618.ib.01","N","invert bycatch",,,,,,,,,,"4oCBvlQIQ4DhSH30J22+0bs0GAacIQwk",,2
"0DE50A9EC1EB493884655D764402C912","D09","WOOD","WOOD_006","S","2014-06-18","2014-06-19","2015-03-01",,"WOOD_006.20140618.ib.01","WOOD_006.20140618.ib.01","N","invert bycatch",,,,,,,,,,"4oCBvlQIQ4DhSH30J22+0bs0GAacIQwk",,2
"BD3EAA40C9B84531BC92915983F668DE","D09","WOOD","WOOD_006","E","2014-06-18","2014-06-19","2015-03-01",,"WOOD_006.20140618.ib.01","WOOD_006.20140618.ib.01","N","invert bycatch",,,,,,,,,,"4oCBvlQIQ4DhSH30J22+0bs0GAacIQwk",,2
"11655A8605994B06A6C95318D7A85962","D09","WOOD","WOOD_006","N","2014-06-18","2014-06-19","2015-03-01",,"WOOD_006.20140618.ib.01","WOOD_006.20140618.ib.01","Y","invert bycatch",,,,,,,,,,"4oCBvlQIQ4DhSH30J22+0bs0GAacIQwk",,2
"125177276F7E4B608E00F872E0DBBE78","D09","WOOD","WOOD_006","N","2014-06-18","2014-06-19","2015-03-01",,"WOOD_006.N.20140618.oc.01",,"Y","other carabid",,,,,,,,,,"4oCBvlQIQ4DhSH30J22+0bs0GAacIQwk",,0
"4D5B977202824E9EBF29DB7E2C42B20D","D09","WOOD","WOOD_005","S","2014-06-18","2014-06-19","2015-03-01",,"WOOD_005.20140618.ib.01","WOOD_005.20140618.ib.01","N","invert bycatch",,,,,,,,,,"4oCBvlQIQ4DhSH30J22+0bs0GAacIQwk",,2
"8E3853CDF51940F696982AB993510ACB","D09","WOOD","WOOD_005","E","2014-06-18","2014-06-19","2015-03-01",,"WOOD_005.20140618.ib.01","WOOD_005.20140618.ib.01","N","invert bycatch",,,,,,,,,,"4oCBvlQIQ4DhSH30J22+0bs0GAacIQwk",,2
"779D594F01F84359ACE2662AE8424E90","D09","WOOD","WOOD_005","N","2014-06-18","2014-06-19","2015-03-01",,"WOOD_005.20140618.ib.01","WOOD_005.20140618.ib.01","N","invert bycatch",,,,,,,,,,"4oCBvlQIQ4DhSH30J22+0bs0GAacIQwk",,2
"1922462B3E7147F6B1FBA71BACC8C97A","D09","WOOD","WOOD_005","W","2014-06-18","2014-06-19","2015-03-01",,"WOOD_005.20140618.ib.01","WOOD_005.20140618.ib.01","N","invert bycatch",,,,,,,,,,"4oCBvlQIQ4DhSH30J22+0bs0GAacIQwk",,2
"EF62603F5FA44AA8A880B82753EB701D","D09","WOOD","WOOD_004","E","2014-06-18","2014-06-19","2015-03-01",,"WOOD_004.20140618.ib.01","WOOD_004.20140618.ib.01","Y","invert bycatch",,,,,,,,,,"4oCBvlQIQ4DhSH30J22+0bs0GAacIQwk",,2
"CA7183A66ACE44AB925A3763B39E0906","D09","WOOD","WOOD_004","N","2014-06-18","2014-06-19","2015-03-01",,"WOOD_004.20140618.ib.01","WOOD_004.20140618.ib.01","N","invert bycatch",,,,,,,,,,"4oCBvlQIQ4DhSH30J22+0bs0GAacIQwk",,2
"C4C619F30D79473E9879F6A7D2311AA0","D09","WOOD","WOOD_004","W","2014-06-18","2014-06-19","2015-03-01",,"WOOD_004.20140618.ib.01","WOOD_004.20140618.ib.01","Y","invert bycatch",,,,,,,,,,"4oCBvlQIQ4DhSH30J22+0bs0GAacIQwk",,2
"8088CF70EF49476FAC76838B941EBFD1","D09","WOOD","WOOD_004","S","2014-06-18","2014-06-19","2015-03-01",,"WOOD_004.20140618.ib.02","WOOD_004.20140618.ib.02","N","invert bycatch",,,,,,,,,,"4oCBvlQIQ4DhSH30J22+0bs0GAacIQwk",,0
"8A89EA0016D7472CA9E161CCB282672B","D09","WOOD","WOOD_004","E","2014-06-18","2014-06-19","2015-03-01",,"WOOD_004.E.20140618.oc.01",,"Y","other carabid",,,,,,,,,,"4oCBvlQIQ4DhSH30J22+0bs0GAacIQwk",,0
"011C9F7F98824AE19BB1964C7C7E9F61","D09","WOOD","WOOD_004","W","2014-06-18","2014-06-19","2015-03-01",,"WOOD_004.W.20140618.oc.01",,"Y","other carabid",,,,,,,,,,"4oCBvlQIQ4DhSH30J22+0bs0GAacIQwk",,0
"8F570ED41F044E4586C0779D6E0095EA","D09","WOOD","WOOD_023","N","2014-06-18","2014-06-19","2015-03-01",,"WOOD_023.N.20140618.oc.01",,"Y","other carabid",,,,,,,,,,"4oCBvlQIQ4DhSH30J22+0bs0GAacIQwk",,0
"91FF149CFF84422F8E91E3B87D9EE053","D09","WOOD","WOOD_023","S","2014-06-18","2014-06-19","2015-03-01",,"WOOD_023.S.20140618.oc.01",,"Y","other carabid",,,,,,,,,,"4oCBvlQIQ4DhSH30J22+0bs0GAacIQwk",,0
"272B9B613845423AA5496407544E55C9","D09","WOOD","WOOD_023","S","2014-06-18","2014-06-19","2015-03-01",,"WOOD_023.20140618.ib.01","WOOD_023.20140618.ib.01","Y","invert bycatch",,,,,,,,,,"4oCBvlQIQ4DhSH30J22+0bs0GAacIQwk",,2
"87EC35F3B9924B1EB66511DA87A72AA6","D09","WOOD","WOOD_023","N","2014-06-18","2014-06-19","2015-03-01",,"WOOD_023.20140618.ib.01","WOOD_023.20140618.ib.01","Y","invert bycatch",,,,,,,,,,"4oCBvlQIQ4DhSH30J22+0bs0GAacIQwk",,2
"C40EBC26A0944A47B9B3B1F9CE7CB7E5","D09","WOOD","WOOD_021","E","2014-06-18","2014-06-19","2015-03-01",,"WOOD_021.E.20140618.oc.01",,"Y","other carabid",,,,,,,,,,"4oCBvlQIQ4DhSH30J22+0bs0GAacIQwk",,0
"42549A547EE3438D9A37789BE488250C","D09","WOOD","WOOD_021","E","2014-07-02","2014-07-03","2015-03-01",,"WOOD_021.20140702.ib.01","WOOD_021.20140702.ib.01","N","invert bycatch",,,,,,,,,,"4oCBvlQIQ4DhSH30J22+0bs0GAacIQwk",,2
"818E4251991245E08C066D02370D21DD","D09","WOOD","WOOD_003","E","2014-07-02","2014-07-03","2015-03-01",,"WOOD_003.E.20140702.oc.01",,"Y","other carabid",,,,,,,,,,"4oCBvlQIQ4DhSH30J22+0bs0GAacIQwk",,0
"425BA44F45F149A0923A7554FC505FEF","D09","WOOD","WOOD_003","N","2014-07-02","2014-07-03","2015-03-01",,"WOOD_003.N.20140702.oc.01",,"Y","other carabid",,,,,,,,,,"4oCBvlQIQ4DhSH30J22+0bs0GAacIQwk",,0
"49031BE6AAA64F1A82832BCC5E79A811","D09","WOOD","WOOD_003","S","2014-07-02","2014-07-03","2015-03-01",,"WOOD_003.S.20140702.oc.01",,"Y","other carabid",,,,,,,,,,"4oCBvlQIQ4DhSH30J22+0bs0GAacIQwk",,0
"3294FD4FA54446A1B471C4F69462F877","D09","WOOD","WOOD_003","S","2014-07-02","2014-07-03","2015-03-01",,"WOOD_003.20140702.ib.02","WOOD_003.20140702.ib.02","Y","invert bycatch",,,,,,,,,,"4oCBvlQIQ4DhSH30J22+0bs0GAacIQwk",,0
"CB66D7547CC244B1BEAC472EEA9F19C4","D09","WOOD","WOOD_003","E","2014-07-02","2014-07-03","2015-03-01",,"WOOD_003.20140702.ib.01","WOOD_003.20140702.ib.01","Y","invert bycatch",,,,,,,,,,"4oCBvlQIQ4DhSH30J22+0bs0GAacIQwk",,2
"8D903408D67146BD97FD2C1ECD59DED1","D09","WOOD","WOOD_003","N","2014-07-02","2014-07-03","2015-03-01",,"WOOD_003.20140702.ib.01","WOOD_003.20140702.ib.01","Y","invert bycatch",,,,,,,,,,"4oCBvlQIQ4DhSH30J22+0bs0GAacIQwk",,2
"D2A4CAE8BCAB4506962A772B288325EB","D09","WOOD","WOOD_003","W","2014-07-02","2014-07-03","2015-03-01",,"WOOD_003.20140702.ib.01","WOOD_003.20140702.ib.01","Y","invert bycatch",,,,,,,,,,"4oCBvlQIQ4DhSH30J22+0bs0GAacIQwk",,2
"0DCF249F73404344B3F242D4DD73689B","D09","WOOD","WOOD_003","W","2014-07-02","2014-07-03","2015-03-01",,"WOOD_003.W.20140702.oc.01",,"Y","other carabid",,,,,,,,,,"4oCBvlQIQ4DhSH30J22+0bs0GAacIQwk",,0
"D09B69BDA6AC47F8B504CB6B2EFD082D","D09","WOOD","WOOD_002","S","2014-07-02","2014-07-03","2015-03-01",,"WOOD_002.20140702.ib.02","WOOD_002.20140702.ib.02","Y","invert bycatch",,,,,,,,,,"4oCBvlQIQ4DhSH30J22+0bs0GAacIQwk",,0
"F199DCEC68C74DD2A032ED9FAF5AEB07","D09","WOOD","WOOD_002","W","2014-07-02","2014-07-03","2015-03-01",,"WOOD_002.20140702.ib.01","WOOD_002.20140702.ib.01","N","invert bycatch",,,,,,,,,,"4oCBvlQIQ4DhSH30J22+0bs0GAacIQwk",,2
"E8D0295501F546778D41E6C2D7F68CBE","D09","WOOD","WOOD_002","N","2014-07-02","2014-07-03","2015-03-01",,"WOOD_002.20140702.ib.01","WOOD_002.20140702.ib.01","Y","invert bycatch",,,,,,,,,,"4oCBvlQIQ4DhSH30J22+0bs0GAacIQwk",,2
"04B9707FF9DF44B183D7322E4E988827","D09","WOOD","WOOD_002","E","2014-07-02","2014-07-03","2015-03-01",,"WOOD_002.20140702.ib.01","WOOD_002.20140702.ib.01","N","invert bycatch",,,,,,,,,,"4oCBvlQIQ4DhSH30J22+0bs0GAacIQwk",,2
"D895EC213F1F4CE39A81121C5C1E0429","D09","WOOD","WOOD_002","N","2014-07-02","2014-07-03","2015-03-01",,"WOOD_002.N.20140702.oc.01",,"Y","other carabid",,,,,,,,,,"4oCBvlQIQ4DhSH30J22+0bs0GAacIQwk",,0
"6CB996F0BACC4707867A1C60C5B32442","D09","WOOD","WOOD_002","S","2014-07-02","2014-07-03","2015-03-01",,"WOOD_002.S.20140702.oc.01",,"Y","other carabid",,,,,,,,,,"4oCBvlQIQ4DhSH30J22+0bs0GAacIQwk",,0
"A6EC4B1D049C4BF0B350A1576375097D","D09","WOOD","WOOD_001","W","2014-07-02","2014-07-03","2015-03-01",,"WOOD_001.W.20140702.oc.01",,"Y","other carabid",,,,,,,,,,"4oCBvlQIQ4DhSH30J22+0bs0GAacIQwk",,0
"900F875389EA413088AC82FF09974F01","D09","WOOD","WOOD_001","S","2014-07-02","2014-07-03","2015-03-01",,"WOOD_001.20140702.ib.02","WOOD_001.20140702.ib.02","N","invert bycatch",,,,,,,,,,"4oCBvlQIQ4DhSH30J22+0bs0GAacIQwk",,0
"B662E49728CA4535A008FDE3E264B97D","D09","WOOD","WOOD_001","E","2014-07-02","2014-07-03","2015-03-01",,"WOOD_001.20140702.ib.03","WOOD_001.20140702.ib.03","N","invert bycatch",,,,,,,,,,"4oCBvlQIQ4DhSH30J22+0bs0GAacIQwk",,0
"0AF5F247D2DB4BB79DECDB8FFB63904C","D09","WOOD","WOOD_001","N","2014-07-02","2014-07-03","2015-03-01",,"WOOD_001.20140702.ib.01","WOOD_001.20140702.ib.01","N","invert bycatch",,,,,,,,,,"4oCBvlQIQ4DhSH30J22+0bs0GAacIQwk",,2
"BF5D5E197A5B4667B55161D19481EF84","D09","WOOD","WOOD_001","W","2014-07-02","2014-07-03","2015-03-01",,"WOOD_001.20140702.ib.01","WOOD_001.20140702.ib.01","Y","invert bycatch",,,,,,,,,,"4oCBvlQIQ4DhSH30J22+0bs0GAacIQwk",,2
"0006ACF93FB542E1B06ED19A04D678B9","D09","WOOD","WOOD_007","W","2014-07-02","2014-07-03","2015-03-01",,"WOOD_007.W.20140702.oc.01",,"Y","other carabid",,,,,,,,,,"4oCBvlQIQ4DhSH30J22+0bs0GAacIQwk",,0
"3E12FD85BFC543028601586A87B51583","D09","WOOD","WOOD_007","W","2014-07-02","2014-07-03","2015-03-01",,"WOOD_007.20140702.ib.01","WOOD_007.20140702.ib.01","Y","invert bycatch",,,,,,,,,,"4oCBvlQIQ4DhSH30J22+0bs0GAacIQwk",,2
"325198C3D22C48D792195C3DCF613756","D09","WOOD","WOOD_007","N","2014-07-02","2014-07-03","2015-03-01",,"WOOD_007.20140702.ib.01","WOOD_007.20140702.ib.01","Y","invert bycatch",,,,,,,,,,"4oCBvlQIQ4DhSH30J22+0bs0GAacIQwk",,2
"C5A3414C2A2B44E8B22B5D5B59EE7245","D09","WOOD","WOOD_007","E","2014-07-02","2014-07-03","2015-03-01",,"WOOD_007.E.20140702.oc.01",,"Y","other carabid",,,,,,,,,,"4oCBvlQIQ4DhSH30J22+0bs0GAacIQwk",,1
"AAFD27B74CEB4C138C40A29D47EA13F1","D09","WOOD","WOOD_007","S","2014-07-02","2014-07-03","2015-03-01",,"WOOD_007.20140702.ib.02","WOOD_007.20140702.ib.02","Y","invert bycatch",,,,,,,,,,"4oCBvlQIQ4DhSH30J22+0bs0GAacIQwk",,0
"C566D7FF5499449489DC46574886AD94","D09","WOOD","WOOD_007","S","2014-07-02","2014-07-03","2015-03-01",,"WOOD_007.S.20140702.oc.01",,"Y","other carabid",,,,,,,,,,"4oCBvlQIQ4DhSH30J22+0bs0GAacIQwk",,0
"548FDFBA4B034CFD82A7EC95A8434280","D09","WOOD","WOOD_007","N","2014-07-02","2014-07-03","2015-03-01",,"WOOD_007.N.20140702.oc.01",,"Y","other carabid",,,,,,,,,,"4oCBvlQIQ4DhSH30J22+0bs0GAacIQwk",,0
"CB51F6EFBBAD4643843BAA7CC35E1039","D09","WOOD","WOOD_006","W","2014-07-02","2014-07-03","2015-03-01",,"WOOD_006.W.20140702.oc.01",,"Y","other carabid",,,,,,,,,,"4oCBvlQIQ4DhSH30J22+0bs0GAacIQwk",,0
"8437A7E23ADB4837BF0E2538A880E512","D09","WOOD","WOOD_006","W","2014-07-02","2014-07-03","2015-03-01",,"WOOD_006.20140702.ib.01","WOOD_006.20140702.ib.01","Y","invert bycatch",,,,,,,,,,"4oCBvlQIQ4DhSH30J22+0bs0GAacIQwk",,2
"67B0546E7F7B44F1B68549FC310443B8","D09","WOOD","WOOD_006","N","2014-07-02","2014-07-03","2015-03-01",,"WOOD_006.20140702.ib.01","WOOD_006.20140702.ib.01","N","invert bycatch",,,,,,,,,,"4oCBvlQIQ4DhSH30J22+0bs0GAacIQwk",,2
"A95AFE561F6743AB8E35CFACD5733FC3","D09","WOOD","WOOD_006","E","2014-07-02","2014-07-03","2015-03-01",,"WOOD_006.20140702.ib.01","WOOD_006.20140702.ib.01","N","invert bycatch",,,,,,,,,,"4oCBvlQIQ4DhSH30J22+0bs0GAacIQwk",,2
"78B04B3855AE44A6A9565B7062E3BB8E","D09","WOOD","WOOD_006","S","2014-07-02","2014-07-03","2015-03-01",,"WOOD_006.20140702.ib.02","WOOD_006.20140702.ib.02","N","invert bycatch",,,,,,,,,,"4oCBvlQIQ4DhSH30J22+0bs0GAacIQwk",,0
"9A5ABA49237443718E7CF1581907E61A","D09","WOOD","WOOD_005","N","2014-07-02","2014-07-03","2015-03-01",,"WOOD_005.N.20140702.oc.01",,"N","other carabid",,,,,,,,,,"4oCBvlQIQ4DhSH30J22+0bs0GAacIQwk",,0
"DAE465F9388E4AD6977782A0B2C3E869","D09","WOOD","WOOD_005","E","2014-07-02","2014-07-03","2015-03-01",,"WOOD_005.20140702.ib.01","WOOD_005.20140702.ib.01","N","invert bycatch",,,,,,,,,,"4oCBvlQIQ4DhSH30J22+0bs0GAacIQwk",,2
"7881AFCFED5148938FE6B523C6644C02","D09","WOOD","WOOD_005","W","2014-07-02","2014-07-03","2015-03-01",,"WOOD_005.20140702.ib.01","WOOD_005.20140702.ib.01","N","invert bycatch",,,,,,,,,,"4oCBvlQIQ4DhSH30J22+0bs0GAacIQwk",,2
"510E7057B7E04289A3BACCE1514E754A","D09","WOOD","WOOD_005","S","2014-07-02","2014-07-03","2015-03-01",,"WOOD_005.20140702.ib.02","WOOD_005.20140702.ib.02","N","invert bycatch",,,,,,,,,,"4oCBvlQIQ4DhSH30J22+0bs0GAacIQwk",,0
"4A05F14290DD4E4EAE6BCA0C60BEF194","D09","WOOD","WOOD_004","N","2014-07-02","2014-07-03","2015-03-01",,"WOOD_004.N.20140702.oc.01",,"Y","other carabid",,,,,,,,,,"4oCBvlQIQ4DhSH30J22+0bs0GAacIQwk",,0
"B53A07CE2E7B49A49AB3903F83655C7B","D09","WOOD","WOOD_004","S","2014-07-02","2014-07-03","2015-03-01",,"WOOD_004.20140702.ib.02","WOOD_004.20140702.ib.02","N","invert bycatch",,,,,,,,,,"4oCBvlQIQ4DhSH30J22+0bs0GAacIQwk",,0
"90872769B9634F758275EAEBE0DB3509","D09","WOOD","WOOD_004","W","2014-07-02","2014-07-03","2015-03-01",,"WOOD_004.20140702.ib.01","WOOD_004.20140702.ib.01","N","invert bycatch",,,,,,,,,,"4oCBvlQIQ4DhSH30J22+0bs0GAacIQwk",,2
"B0FDB0B07FBE450BB726C480DCA6DF02","D09","WOOD","WOOD_004","E","2014-07-02","2014-07-03","2015-03-01",,"WOOD_004.20140702.ib.01","WOOD_004.20140702.ib.01","Y","invert bycatch",,,,,,,,,,"4oCBvlQIQ4DhSH30J22+0bs0GAacIQwk",,2
"4290FD66605646C3AD0E6A2ABB065CA3","D09","WOOD","WOOD_004","N","2014-07-02","2014-07-03","2015-03-01",,"WOOD_004.20140702.ib.01","WOOD_004.20140702.ib.01","N","invert bycatch",,,,,,,,,,"4oCBvlQIQ4DhSH30J22+0bs0GAacIQwk",,2
"A23D613D8FDF49BEA769C003038A3E23","D09","WOOD","WOOD_004","E","2014-07-02","2014-07-03","2015-03-01",,"WOOD_004.E.20140702.oc.01",,"Y","other carabid",,,,,,,,,,"4oCBvlQIQ4DhSH30J22+0bs0GAacIQwk",,0
"87274BBD260D4F0EB98907049F143022","D09","WOOD","WOOD_024","W","2014-07-02","2014-07-03","2015-03-01",,"WOOD_024.W.20140702.oc.01",,"Y","other carabid",,,,,,,,,,"4oCBvlQIQ4DhSH30J22+0bs0GAacIQwk",,0
"1CDA7246D5CA4D6BAA4FF71215E8535F","D09","WOOD","WOOD_024","N","2014-07-02","2014-07-03","2015-03-01",,"WOOD_024.N.20140702.oc.01",,"Y","other carabid",,,,,,,,,,"4oCBvlQIQ4DhSH30J22+0bs0GAacIQwk",,0
"5CD03AB067744BBEB709B5CC2AD4F7B2","D09","WOOD","WOOD_024","W","2014-07-02","2014-07-03","2015-03-01",,"WOOD_024.20140702.ib.01","WOOD_024.20140702.ib.01","Y","invert bycatch",,,,,,,,,,"4oCBvlQIQ4DhSH30J22+0bs0GAacIQwk",,2
"E5D4A60B83844C45BE712EF580D8A4A4","D09","WOOD","WOOD_024","N","2014-07-02","2014-07-03","2015-03-01",,"WOOD_024.20140702.ib.01","WOOD_024.20140702.ib.01","Y","invert bycatch",,,,,,,,,,"4oCBvlQIQ4DhSH30J22+0bs0GAacIQwk",,2
"2FC851BAC83E472B9B537787F3404F88","D09","WOOD","WOOD_024","N","2014-07-02","2014-07-03","2015-03-01",,"WOOD_024.20140702.ib.01","WOOD_024.20140702.ib.01","Y","invert bycatch",,,,,,,,,,"4oCBvlQIQ4DhSH30J22+0bs0GAacIQwk",,2
"76A375A4E10A49A3B28EACC65E32670D","D09","WOOD","WOOD_023","N","2014-07-02","2014-07-03","2015-03-01",,"WOOD_023.20140702.ib.01","WOOD_023.20140702.ib.01","N","invert bycatch",,,,,,,,,,"4oCBvlQIQ4DhSH30J22+0bs0GAacIQwk",,2
"D63877FE771B4F60A187530FA278E19E","D09","WOOD","WOOD_023","E","2014-07-02","2014-07-03","2015-03-01",,"WOOD_023.20140702.ib.01","WOOD_023.20140702.ib.01","Y","invert bycatch",,,,,,,,,,"4oCBvlQIQ4DhSH30J22+0bs0GAacIQwk",,2
"19EFD3F64DA94A4AAE8FB8A38248B8A5","D09","WOOD","WOOD_023","S","2014-07-02","2014-07-03","2015-03-01",,"WOOD_023.20140702.ib.01","WOOD_023.20140702.ib.01","Y","invert bycatch",,,,,,,,,,"4oCBvlQIQ4DhSH30J22+0bs0GAacIQwk",,2
"90DDC1E3989E43CB853585D9C743AB90","D09","WOOD","WOOD_023","E","2014-07-02","2014-07-03","2015-03-01",,"WOOD_023.E.20140702.oc.01",,"Y","other carabid",,,,,,,,,,"4oCBvlQIQ4DhSH30J22+0bs0GAacIQwk",,0
"4B1583074A5D414E9224C3649664C4AB","D09","WOOD","WOOD_023","E","2014-07-02","2014-07-03","2015-03-01","2014-07-03","WOOD_023.E.20140702.RANSYL.01","WOOD_023.E.20140702.RANSYL.01","Y","vert bycatch herp","LITSYL","Lithobates sylvaticus","species",,"LeConte",,1,,"GOvgZIvQ0qQHj/ySC0OOMgunX2ZttPpr","4oCBvlQIQ4DhSH30J22+0bs0GAacIQwk",,0
"75C5AA7339794B278A6700CFBD4FD6A1","D09","WOOD","WOOD_023","S","2014-07-02","2014-07-03","2015-03-01",,"WOOD_023.S.20140702.oc.01",,"Y","other carabid",,,,,,,,,,"4oCBvlQIQ4DhSH30J22+0bs0GAacIQwk",,0
"E1FB2EE2D7CF4D3B8D38DC356D89C3C6","D09","WOOD","WOOD_021","N","2014-07-02","2014-07-03","2015-03-01",,"WOOD_021.20140702.ib.01","WOOD_021.20140702.ib.01","N","invert bycatch",,,,,,,,,,"4oCBvlQIQ4DhSH30J22+0bs0GAacIQwk",,2
"B839776EDC8B4F4C91BDC9B120FDD1B8","D09","WOOD","WOOD_021","E","2014-07-16","2014-07-17","2015-03-01",,"WOOD_021.E.20140716.oc.01",,"Y","other carabid",,,,,,,,,,"4oCBvlQIQ4DhSH30J22+0bs0GAacIQwk",,0
"29C89B5CFA1D4F148EBB92F5913F9588","D09","WOOD","WOOD_003","W","2014-07-16","2014-07-17","2015-03-01",,"WOOD_003.W.20140716.oc.01",,"Y","other carabid",,,,,,,,,,"4oCBvlQIQ4DhSH30J22+0bs0GAacIQwk",,0
"A275D9962B5444C0A5BF22BCAF6252E6","D09","WOOD","WOOD_003","E","2014-07-16","2014-07-17","2015-03-01",,"WOOD_003.E.20140716.oc.01",,"Y","other carabid",,,,,,,,,,"4oCBvlQIQ4DhSH30J22+0bs0GAacIQwk",,0
"8FB9E476D83741C6BDDB70A6F5D53716","D09","WOOD","WOOD_003","N","2014-07-16","2014-07-17","2015-03-01",,"WOOD_003.20140716.ib.01","WOOD_003.20140716.ib.01","Y","invert bycatch",,,,,,,,,,"4oCBvlQIQ4DhSH30J22+0bs0GAacIQwk",,2
"6DDA22E8D35245BA803938F65E8964ED","D09","WOOD","WOOD_003","S","2014-07-16","2014-07-17","2015-03-01",,"WOOD_003.20140716.ib.01","WOOD_003.20140716.ib.01","Y","invert bycatch",,,,,,,,,,"4oCBvlQIQ4DhSH30J22+0bs0GAacIQwk",,2
"E7B2D9D2A27341C28A5654B13E27A15E","D09","WOOD","WOOD_003","W","2014-07-16","2014-07-17","2015-03-01",,"WOOD_003.20140716.ib.01","WOOD_003.20140716.ib.01","Y","invert bycatch",,,,,,,,,,"4oCBvlQIQ4DhSH30J22+0bs0GAacIQwk",,2
"3A1D293107664BAD9A37374B2931070B","D09","WOOD","WOOD_003","E","2014-07-16","2014-07-17","2015-03-01",,"WOOD_003.20140716.ib.01","WOOD_003.20140716.ib.01","Y","invert bycatch",,,,,,,,,,"4oCBvlQIQ4DhSH30J22+0bs0GAacIQwk",,2
"316D1C3DC34D469D99888BFDDAA2E8B2","D09","WOOD","WOOD_003","N","2014-07-16","2014-07-17","2015-03-01",,"WOOD_003.N.20140716.oc.01",,"Y","other carabid",,,,,,,,,,"4oCBvlQIQ4DhSH30J22+0bs0GAacIQwk",,0
"A42B5B2B87EA434BA654A4597E0A2870","D09","WOOD","WOOD_003","S","2014-07-16","2014-07-17","2015-03-01",,"WOOD_003.S.20140716.oc.01",,"Y","other carabid",,,,,,,,,,"4oCBvlQIQ4DhSH30J22+0bs0GAacIQwk",,0
"6C716FF10E134BC8AEA9899F5E9D1579","D09","WOOD","WOOD_002","N","2014-07-16","2014-07-17","2015-03-01",,"WOOD_002.N.20140716.oc.01",,"Y","other carabid",,,,,,,,,,"4oCBvlQIQ4DhSH30J22+0bs0GAacIQwk",,0
"A281ECCA4C034C45AB0264CE3C6BDAAD","D09","WOOD","WOOD_002","W","2014-07-16","2014-07-17","2015-03-01",,"WOOD_002.W.20140716.oc.01",,"Y","other carabid",,,,,,,,,,"4oCBvlQIQ4DhSH30J22+0bs0GAacIQwk",,0
"B0FAB7727D2041C8A233DFDFF7894C10","D09","WOOD","WOOD_002","S","2014-07-16","2014-07-17","2015-03-01",,"WOOD_002.20140716.ib.01","WOOD_002.20140716.ib.01","Y","invert bycatch",,,,,,,,,,"4oCBvlQIQ4DhSH30J22+0bs0GAacIQwk",,2
"BE9904F6F44748D6B3435BD87491C86B","D09","WOOD","WOOD_002","N","2014-07-16","2014-07-17","2015-03-01",,"WOOD_002.20140716.ib.01","WOOD_002.20140716.ib.01","Y","invert bycatch",,,,,,,,,,"4oCBvlQIQ4DhSH30J22+0bs0GAacIQwk",,2
"BD99CEA453F7455993F3E8DB4E95F5F0","D09","WOOD","WOOD_002","W","2014-07-16","2014-07-17","2015-03-01",,"WOOD_002.20140716.ib.01","WOOD_002.20140716.ib.01","Y","invert bycatch",,,,,,,,,,"4oCBvlQIQ4DhSH30J22+0bs0GAacIQwk",,2
"F91C67A730F94BC0A3BD175C1E5957E7","D09","WOOD","WOOD_002","E","2014-07-16","2014-07-17","2015-03-01",,"WOOD_002.20140716.ib.01","WOOD_002.20140716.ib.01","Y","invert bycatch",,,,,,,,,,"4oCBvlQIQ4DhSH30J22+0bs0GAacIQwk",,2
"C8766ABBCAE040619A0EA89511F27F32","D09","WOOD","WOOD_002","S","2014-07-16","2014-07-17","2015-03-01",,"WOOD_002.S.20140716.oc.01",,"Y","other carabid",,,,,,,,,,"4oCBvlQIQ4DhSH30J22+0bs0GAacIQwk",,0
"9378112A19F24961B1F0CA7C8E98B93B","D09","WOOD","WOOD_002","E","2014-07-16","2014-07-17","2015-03-01",,"WOOD_002.E.20140716.oc.01",,"Y","other carabid",,,,,,,,,,"4oCBvlQIQ4DhSH30J22+0bs0GAacIQwk",,0
"0ADA4869BE7142B4A5B5201DAEC3068A","D09","WOOD","WOOD_001","W","2014-07-16","2014-07-17","2015-03-01",,"WOOD_001.W.20140716.oc.01",,"Y","other carabid",,,,,,,,,,"4oCBvlQIQ4DhSH30J22+0bs0GAacIQwk",,0
"F6C73F65A64E48D5AB4A7979FBDCA0EE","D09","WOOD","WOOD_001","S","2014-07-16","2014-07-17","2015-03-01",,"WOOD_001.S.20140716.oc.01",,"Y","other carabid",,,,,,,,,,"4oCBvlQIQ4DhSH30J22+0bs0GAacIQwk",,0
"64545CCC648A4173AB8C90D8F9998CB1","D09","WOOD","WOOD_001","W","2014-07-16","2014-07-17","2015-03-01",,"WOOD_001.20140716.ib.01","WOOD_001.20140716.ib.01","Y","invert bycatch",,,,,,,,,,"4oCBvlQIQ4DhSH30J22+0bs0GAacIQwk",,2
"86AA0C48458245D0856696BBC4231743","D09","WOOD","WOOD_001","E","2014-07-16","2014-07-17","2015-03-01",,"WOOD_001.20140716.ib.01","WOOD_001.20140716.ib.01","N","invert bycatch",,,,,,,,,,"4oCBvlQIQ4DhSH30J22+0bs0GAacIQwk",,2
"3D68EFF076B14FA1837C9CDC1AE4C23C","D09","WOOD","WOOD_001","S","2014-07-16","2014-07-17","2015-03-01",,"WOOD_001.20140716.ib.01","WOOD_001.20140716.ib.01","Y","invert bycatch",,,,,,,,,,"4oCBvlQIQ4DhSH30J22+0bs0GAacIQwk",,2
"C981193E64F3456FB488D7B10E889787","D09","WOOD","WOOD_001","N","2014-07-16","2014-07-17","2015-03-01",,"WOOD_001.20140716.ib.01","WOOD_001.20140716.ib.01","Y","invert bycatch",,,,,,,,,,"4oCBvlQIQ4DhSH30J22+0bs0GAacIQwk",,2
"A1664FD5E74F46CCADB717AA99FA75B2","D09","WOOD","WOOD_001","N","2014-07-16","2014-07-17","2015-03-01",,"WOOD_001.N.20140716.oc.01",,"Y","other carabid",,,,,,,,,,"4oCBvlQIQ4DhSH30J22+0bs0GAacIQwk",,0
"9DAFA7404D234278BC12C56A787A6597","D09","WOOD","WOOD_007","N","2014-07-16","2014-07-17","2015-03-01",,"WOOD_007.N.20140716.oc.01",,"Y","other carabid",,,,,,,,,,"4oCBvlQIQ4DhSH30J22+0bs0GAacIQwk",,0
"BE5A06D2367A417AB24045024F424CF7","D09","WOOD","WOOD_007","E","2014-07-16","2014-07-17","2015-03-01",,"WOOD_007.E.20140716.oc.01",,"Y","other carabid",,,,,,,,,,"4oCBvlQIQ4DhSH30J22+0bs0GAacIQwk",,0
"C089E3E748084131A8CD89D92A3194A9","D09","WOOD","WOOD_007","W","2014-07-16","2014-07-17","2015-03-01",,"WOOD_007.W.20140716.oc.01",,"Y","other carabid",,,,,,,,,,"4oCBvlQIQ4DhSH30J22+0bs0GAacIQwk",,0
"01056715EB4541EC9E0D1622E761D27A","D09","WOOD","WOOD_007","S","2014-07-16","2014-07-17","2015-03-01",,"WOOD_007.20140716.ib.02","WOOD_007.20140716.ib.02","Y","invert bycatch",,,,,,,,,,"4oCBvlQIQ4DhSH30J22+0bs0GAacIQwk",,0
"DAE2DDE56CA24184ACE48AE3130F33DB","D09","WOOD","WOOD_007","N","2014-07-16","2014-07-17","2015-03-01",,"WOOD_007.20140716.ib.01","WOOD_007.20140716.ib.01","Y","invert bycatch",,,,,,,,,,"4oCBvlQIQ4DhSH30J22+0bs0GAacIQwk",,2
"8C8C2491A5834CCCABCCF17DC160BD68","D09","WOOD","WOOD_007","W","2014-07-16","2014-07-17","2015-03-01",,"WOOD_007.20140716.ib.01","WOOD_007.20140716.ib.01","Y","invert bycatch",,,,,,,,,,"4oCBvlQIQ4DhSH30J22+0bs0GAacIQwk",,2
"673A4AE337A74625BAAC53731F5BB624","D09","WOOD","WOOD_007","N","2014-07-16","2014-07-17","2015-03-01",,"WOOD_007.20140716.ib.01","WOOD_007.20140716.ib.01","Y","invert bycatch",,,,,,,,,,"4oCBvlQIQ4DhSH30J22+0bs0GAacIQwk",,2
"83F4FC039868464680443C6C8588F9CD","D09","WOOD","WOOD_007","E","2014-07-16","2014-07-17","2015-03-01",,"WOOD_007.20140716.ib.01","WOOD_007.20140716.ib.01","Y","invert bycatch",,,,,,,,,,"4oCBvlQIQ4DhSH30J22+0bs0GAacIQwk",,2
"062DF094A66343E899213BA786923892","D09","WOOD","WOOD_007","S","2014-07-16","2014-07-17","2015-03-01",,"WOOD_007.S.20140716.oc.01",,"Y","other carabid",,,,,,,,,,"4oCBvlQIQ4DhSH30J22+0bs0GAacIQwk",,0
"932DEFFFCB3543DBAF6437D06C463B35","D09","WOOD","WOOD_006","W","2014-07-16","2014-07-17","2015-03-01",,"WOOD_006.W.20140716.oc.01",,"Y","other carabid",,,,,,,,,,"4oCBvlQIQ4DhSH30J22+0bs0GAacIQwk",,0
"31012D56567E4EC095779C35F9E74165","D09","WOOD","WOOD_006","N","2014-07-16","2014-07-17","2015-03-01",,"WOOD_006.N.20140716.oc.01",,"Y","other carabid",,,,,,,,,,"4oCBvlQIQ4DhSH30J22+0bs0GAacIQwk",,0
"3054DEC71B654241B69EB6D5ECFB17BF","D09","WOOD","WOOD_006","E","2014-07-16","2014-07-17","2015-03-01",,"WOOD_006.E.20140716.oc.01",,"Y","other carabid",,,,,,,,,,"4oCBvlQIQ4DhSH30J22+0bs0GAacIQwk",,0
"B4091C42131543258B024AD84D666CC3","D09","WOOD","WOOD_006","E","2014-07-16","2014-07-17","2015-03-01",,"WOOD_006.20140716.ib.01","WOOD_006.20140716.ib.01","Y","invert bycatch",,,,,,,,,,"4oCBvlQIQ4DhSH30J22+0bs0GAacIQwk",,2
"AF45BA0DCC6E4746BD0638D689F3623E","D09","WOOD","WOOD_006","W","2014-07-16","2014-07-17","2015-03-01",,"WOOD_006.20140716.ib.01","WOOD_006.20140716.ib.01","Y","invert bycatch",,,,,,,,,,"4oCBvlQIQ4DhSH30J22+0bs0GAacIQwk",,2
"E1C1292AD53E4852B898F236C0961595","D09","WOOD","WOOD_006","N","2014-07-16","2014-07-17","2015-03-01",,"WOOD_006.20140716.ib.01","WOOD_006.20140716.ib.01","Y","invert bycatch",,,,,,,,,,"4oCBvlQIQ4DhSH30J22+0bs0GAacIQwk",,2
"EE4BC508A5064068B82F1B4F2E4D1C9F","D09","WOOD","WOOD_006","S","2014-07-16","2014-07-17","2015-03-01",,"WOOD_006.20140716.ib.01","WOOD_006.20140716.ib.01","N","invert bycatch",,,,,,,,,,"4oCBvlQIQ4DhSH30J22+0bs0GAacIQwk",,2
"75BFE86719944314A83A2BD6935E53BD","D09","WOOD","WOOD_005","N","2014-07-16","2014-07-17","2015-03-01",,"WOOD_005.N.20140716.oc.01",,"Y","other carabid",,,,,,,,,,"4oCBvlQIQ4DhSH30J22+0bs0GAacIQwk",,0
"82DB64E93B154AF29AD581A128DC2109","D09","WOOD","WOOD_005","E","2014-07-16","2014-07-17","2015-03-01",,"WOOD_005.20140716.ib.01","WOOD_005.20140716.ib.01","N","invert bycatch",,,,,,,,,,"4oCBvlQIQ4DhSH30J22+0bs0GAacIQwk",,2
"19EA580086014DA4AA763690B5935704","D09","WOOD","WOOD_005","N","2014-07-16","2014-07-17","2015-03-01",,"WOOD_005.20140716.ib.01","WOOD_005.20140716.ib.01","Y","invert bycatch",,,,,,,,,,"4oCBvlQIQ4DhSH30J22+0bs0GAacIQwk",,2
"D847D9DEDF5048C4A1FEC7BAC4752A9A","D09","WOOD","WOOD_005","W","2014-07-16","2014-07-17","2015-03-01",,"WOOD_005.20140716.ib.01","WOOD_005.20140716.ib.01","N","invert bycatch",,,,,,,,,,"4oCBvlQIQ4DhSH30J22+0bs0GAacIQwk",,2
"59D419766171481ABB2C7483DDFEE9AE","D09","WOOD","WOOD_005","S","2014-07-16","2014-07-17","2015-03-01",,"WOOD_005.20140716.ib.01","WOOD_005.20140716.ib.01","N","invert bycatch",,,,,,,,,,"4oCBvlQIQ4DhSH30J22+0bs0GAacIQwk",,2
"29977064D28C4CECA27FD9255EEE3918","D09","WOOD","WOOD_004","N","2014-07-16","2014-07-17","2015-03-01",,"WOOD_004.20140716.ib.01","WOOD_004.20140716.ib.01","N","invert bycatch",,,,,,,,,,"4oCBvlQIQ4DhSH30J22+0bs0GAacIQwk",,2
"FDC83BA3DA354D99BE22AEFD1A66E623","D09","WOOD","WOOD_004","E","2014-07-16","2014-07-17","2015-03-01",,"WOOD_004.20140716.ib.01","WOOD_004.20140716.ib.01","Y","invert bycatch",,,,,,,,,,"4oCBvlQIQ4DhSH30J22+0bs0GAacIQwk",,2
"2AE0B961D5BD4D45A49A4B4195A1C4EB","D09","WOOD","WOOD_004","S","2014-07-16","2014-07-17","2015-03-01",,"WOOD_004.20140716.ib.01","WOOD_004.20140716.ib.01","N","invert bycatch",,,,,,,,,,"4oCBvlQIQ4DhSH30J22+0bs0GAacIQwk",,2
"B7EFA8BABEB34B889D6161F857CBE953","D09","WOOD","WOOD_004","W","2014-07-16","2014-07-17","2015-03-01",,"WOOD_004.20140716.ib.01","WOOD_004.20140716.ib.01","Y","invert bycatch",,,,,,,,,,"4oCBvlQIQ4DhSH30J22+0bs0GAacIQwk",,2
"19C7733D4A704F249AD879D099D40878","D09","WOOD","WOOD_004","W","2014-07-16","2014-07-17","2015-03-01",,"WOOD_004.W.20140716.oc.01",,"Y","other carabid",,,,,,,,,,"4oCBvlQIQ4DhSH30J22+0bs0GAacIQwk",,0
"DC545773E3754B82BB585A24D4EF694B","D09","WOOD","WOOD_004","E","2014-07-16","2014-07-17","2015-03-01",,"WOOD_004.E.20140716.oc.01",,"Y","other carabid",,,,,,,,,,"4oCBvlQIQ4DhSH30J22+0bs0GAacIQwk",,0
"DB05A30E0E3248A2A5D82B7AD0A309ED","D09","WOOD","WOOD_024","N","2014-07-16","2014-07-17","2015-03-01",,"WOOD_024.N.20140716.oc.01",,"Y","other carabid",,,,,,,,,,"4oCBvlQIQ4DhSH30J22+0bs0GAacIQwk",,0
"73D72FB1C4604F94B2A9609007C9FF18","D09","WOOD","WOOD_024","N","2014-07-16","2014-07-17","2015-03-01",,"WOOD_024.20140716.ib.01","WOOD_024.20140716.ib.01","Y","invert bycatch",,,,,,,,,,"4oCBvlQIQ4DhSH30J22+0bs0GAacIQwk",,0
"6824379C5D3E491B82B1D776FABFB451","D09","WOOD","WOOD_023","E","2014-07-16","2014-07-17","2015-03-01",,"WOOD_023.E.20140716.oc.01",,"Y","other carabid",,,,,,,,,,"4oCBvlQIQ4DhSH30J22+0bs0GAacIQwk",,0
"2F75F2197CBA4E51ABD09E89957380AA","D09","WOOD","WOOD_023","S","2014-07-16","2014-07-17","2015-03-01",,"WOOD_023.S.20140716.oc.01",,"Y","other carabid",,,,,,,,,,"4oCBvlQIQ4DhSH30J22+0bs0GAacIQwk",,0
"F794F7EB49834F59B0E78D268E892598","D09","WOOD","WOOD_023","E","2014-07-16","2014-07-17","2015-03-01",,"WOOD_023.20140716.ib.01","WOOD_023.20140716.ib.01","Y","invert bycatch",,,,,,,,,,"4oCBvlQIQ4DhSH30J22+0bs0GAacIQwk",,2
"66FDFD7035D04E9AA8813F2E64B402DA","D09","WOOD","WOOD_023","S","2014-07-16","2014-07-17","2015-03-01",,"WOOD_023.20140716.ib.01","WOOD_023.20140716.ib.01","Y","invert bycatch",,,,,,,,,,"4oCBvlQIQ4DhSH30J22+0bs0GAacIQwk",,2
"D49CB26D96B34CE6A95947EF5F593F2A","D09","WOOD","WOOD_023","N","2014-07-16","2014-07-17","2015-03-01",,"WOOD_023.N.20140716.oc.01",,"Y","other carabid",,,,,,,,,,"4oCBvlQIQ4DhSH30J22+0bs0GAacIQwk",,0
"FE380C27145547A8A19F55C4302D05B0","D09","WOOD","WOOD_021","E","2014-07-16","2014-07-17","2015-03-01",,"WOOD_021.20140716.ib.01","WOOD_021.20140716.ib.01","Y","invert bycatch",,,,,,,,,,"4oCBvlQIQ4DhSH30J22+0bs0GAacIQwk",,2
"DB4DFF2D9FC042918963C8F5E6339F90","D09","WOOD","WOOD_021","N","2014-07-16","2014-07-17","2015-03-01",,"WOOD_021.20140716.ib.01","WOOD_021.20140716.ib.01","Y","invert bycatch",,,,,,,,,,"4oCBvlQIQ4DhSH30J22+0bs0GAacIQwk",,2
"38678ACE75274F1C812CBB7E00D6FC41","D09","WOOD","WOOD_021","E","2014-07-30","2014-07-31","2015-03-01",,"WOOD_021.20140730.ib.01","WOOD_021.20140730.ib.01","Y","invert bycatch",,,,,,,,,,"4oCBvlQIQ4DhSH30J22+0bs0GAacIQwk",,0
"CA15A57D88724772A4405D2D76B8731B","D09","WOOD","WOOD_003","S","2014-07-30","2014-07-31","2015-03-01",,"WOOD_003.S.20140730.oc.01",,"Y","other carabid",,,,,,,,,,"4oCBvlQIQ4DhSH30J22+0bs0GAacIQwk",,0
"B40BADE0B860428E82009161026DA920","D09","WOOD","WOOD_003","N","2014-07-30","2014-07-31","2015-03-01",,"WOOD_003.N.20140730.oc.01",,"Y","other carabid",,,,,,,,,,"4oCBvlQIQ4DhSH30J22+0bs0GAacIQwk",,0
"8C79D6835A1244E28FCD98DDC52F9531","D09","WOOD","WOOD_003","W","2014-07-30","2014-07-31","2015-03-01",,"WOOD_003.W.20140730.oc.01",,"Y","other carabid",,,,,,,,,,"4oCBvlQIQ4DhSH30J22+0bs0GAacIQwk",,0
"B4DBA04731AE482CAA2ADAA1CEBD7B9F","D09","WOOD","WOOD_003","N","2014-07-30","2014-07-31","2015-03-01",,"WOOD_003.20140730.ib.01","WOOD_003.20140730.ib.01","Y","invert bycatch",,,,,,,,,,"4oCBvlQIQ4DhSH30J22+0bs0GAacIQwk",,2
"F81EAF5DA5A247B9B522FA6215873078","D09","WOOD","WOOD_003","W","2014-07-30","2014-07-31","2015-03-01",,"WOOD_003.20140730.ib.01","WOOD_003.20140730.ib.01","Y","invert bycatch",,,,,,,,,,"4oCBvlQIQ4DhSH30J22+0bs0GAacIQwk",,2
"41F3D1EA22D844DCAF916B6CFBCF5AF9","D09","WOOD","WOOD_003","E","2014-07-30","2014-07-31","2015-03-01",,"WOOD_003.20140730.ib.01","WOOD_003.20140730.ib.01","N","invert bycatch",,,,,,,,,,"4oCBvlQIQ4DhSH30J22+0bs0GAacIQwk",,2
"D5F31797E00D4D96AF7DE1B07D69D987","D09","WOOD","WOOD_003","S","2014-07-30","2014-07-31","2015-03-01",,"WOOD_003.20140730.ib.01","WOOD_003.20140730.ib.01","Y","invert bycatch",,,,,,,,,,"4oCBvlQIQ4DhSH30J22+0bs0GAacIQwk",,2
"06E1B8D3CBA2416A8FE53C13AC7055EC","D09","WOOD","WOOD_002","N","2014-07-30","2014-07-31","2015-03-01",,"WOOD_002.N.20140730.oc.01",,"Y","other carabid",,,,,,,,,,"4oCBvlQIQ4DhSH30J22+0bs0GAacIQwk",,0
"05A4773A1CE54190B8B76C61FF38E1F7","D09","WOOD","WOOD_002","E","2014-07-30","2014-07-31","2015-03-01",,"WOOD_002.E.20140730.oc.01",,"Y","other carabid",,,,,,,,,,"4oCBvlQIQ4DhSH30J22+0bs0GAacIQwk",,0
"F262A55484514C9AA932D82EFB2401DA","D09","WOOD","WOOD_002","N","2014-07-30","2014-07-31","2015-03-01",,"WOOD_002.20140730.ib.01","WOOD_002.20140730.ib.01","Y","invert bycatch",,,,,,,,,,"4oCBvlQIQ4DhSH30J22+0bs0GAacIQwk",,2
"BC95A81040E742F6953B57FA97CC4614","D09","WOOD","WOOD_002","S","2014-07-30","2014-07-31","2015-03-01",,"WOOD_002.20140730.ib.01","WOOD_002.20140730.ib.01","Y","invert bycatch",,,,,,,,,,"4oCBvlQIQ4DhSH30J22+0bs0GAacIQwk",,2
"7893F54C3FEA4C88A86084778EF7843F","D09","WOOD","WOOD_002","W","2014-07-30","2014-07-31","2015-03-01",,"WOOD_002.20140730.ib.01","WOOD_002.20140730.ib.01","N","invert bycatch",,,,,,,,,,"4oCBvlQIQ4DhSH30J22+0bs0GAacIQwk",,2
"DA2777B2896F4E81B21F8BF883515140","D09","WOOD","WOOD_002","E","2014-07-30","2014-07-31","2015-03-01",,"WOOD_002.20140730.ib.01","WOOD_002.20140730.ib.01","Y","invert bycatch",,,,,,,,,,"4oCBvlQIQ4DhSH30J22+0bs0GAacIQwk",,2
"912CC1C73E0E4FD4976E0959D572139F","D09","WOOD","WOOD_002","S","2014-07-30","2014-07-31","2015-03-01",,"WOOD_002.S.20140730.oc.01",,"Y","other carabid",,,,,,,,,,"4oCBvlQIQ4DhSH30J22+0bs0GAacIQwk",,0
"480DD0947F994B36B53D657A9C133BA8","D09","WOOD","WOOD_001","S","2014-07-30","2014-07-31","2015-03-01",,"WOOD_001.S.20140730.oc.01",,"Y","other carabid",,,,,,,,,,"4oCBvlQIQ4DhSH30J22+0bs0GAacIQwk",,0
"F023C9B849CC499EACCA50EAEE88694D","D09","WOOD","WOOD_001","W","2014-07-30","2014-07-31","2015-03-01",,"WOOD_001.W.20140730.oc.01",,"Y","other carabid",,,,,,,,,,"4oCBvlQIQ4DhSH30J22+0bs0GAacIQwk",,0
"1CEEBE5959344782B33A71FE17C8437D","D09","WOOD","WOOD_001","N","2014-07-30","2014-07-31","2015-03-01",,"WOOD_001.N.20140730.oc.01",,"Y","other carabid",,,,,,,,,,"4oCBvlQIQ4DhSH30J22+0bs0GAacIQwk",,0
"8CB62F7748CA4BFFB7537A3241CB12C5","D09","WOOD","WOOD_001","N","2014-07-30","2014-07-31","2015-03-01",,"WOOD_001.20140730.ib.01","WOOD_001.20140730.ib.01","Y","invert bycatch",,,,,,,,,,"4oCBvlQIQ4DhSH30J22+0bs0GAacIQwk",,2
"075E2D9A975346EC9F84516A3A9DC548","D09","WOOD","WOOD_001","S","2014-07-30","2014-07-31","2015-03-01",,"WOOD_001.20140730.ib.01","WOOD_001.20140730.ib.01","Y","invert bycatch",,,,,,,,,,"4oCBvlQIQ4DhSH30J22+0bs0GAacIQwk",,2
"DD5D6A2048154EE0B499853D03D9EA3E","D09","WOOD","WOOD_001","W","2014-07-30","2014-07-31","2015-03-01",,"WOOD_001.20140730.ib.01","WOOD_001.20140730.ib.01","Y","invert bycatch",,,,,,,,,,"4oCBvlQIQ4DhSH30J22+0bs0GAacIQwk",,2
"99B0EC4FDDBC47C8A07C45E1EF142735","D09","WOOD","WOOD_001","E","2014-07-30","2014-07-31","2015-03-01",,"WOOD_001.20140730.ib.01","WOOD_001.20140730.ib.01","N","invert bycatch",,,,,,,,,,"4oCBvlQIQ4DhSH30J22+0bs0GAacIQwk",,2
"604CAE589ED54A6286B02ABCAD8EE90B","D09","WOOD","WOOD_007","E","2014-07-30","2014-07-31","2015-03-01",,"WOOD_007.E.20140730.oc.01",,"Y","other carabid",,,,,,,,,,"4oCBvlQIQ4DhSH30J22+0bs0GAacIQwk",,0
"D3EF7B95BCE7412880D00A57F1F90DDE","D09","WOOD","WOOD_007","N","2014-07-30","2014-07-31","2015-03-01",,"WOOD_007.N.20140730.oc.01",,"Y","other carabid",,,,,,,,,,"4oCBvlQIQ4DhSH30J22+0bs0GAacIQwk",,0
"823913467DDC457EAA715D4A55CCC572","D09","WOOD","WOOD_007","E","2014-07-30","2014-07-31","2015-03-01",,"WOOD_007.20140730.ib.01","WOOD_007.20140730.ib.01","Y","invert bycatch",,,,,,,,,,"4oCBvlQIQ4DhSH30J22+0bs0GAacIQwk",,2
"303A807B152941B78A4E302E5A2298B1","D09","WOOD","WOOD_007","S","2014-07-30","2014-07-31","2015-03-01",,"WOOD_007.20140730.ib.01","WOOD_007.20140730.ib.01","Y","invert bycatch",,,,,,,,,,"4oCBvlQIQ4DhSH30J22+0bs0GAacIQwk",,2
"AEE4AC348B6A49C0B82C72BD8F609202","D09","WOOD","WOOD_007","W","2014-07-30","2014-07-31","2015-03-01",,"WOOD_007.20140730.ib.01","WOOD_007.20140730.ib.01","N","invert bycatch",,,,,,,,,,"4oCBvlQIQ4DhSH30J22+0bs0GAacIQwk",,2
"B03E9A3AD9564420AEE267ECE56B0517","D09","WOOD","WOOD_007","N","2014-07-30","2014-07-31","2015-03-01",,"WOOD_007.20140730.ib.01","WOOD_007.20140730.ib.01","Y","invert bycatch",,,,,,,,,,"4oCBvlQIQ4DhSH30J22+0bs0GAacIQwk",,2
"965521AC5DE3454ABBF3251EBBB2F90F","D09","WOOD","WOOD_007","S","2014-07-30","2014-07-31","2015-03-01",,"WOOD_007.S.20140730.oc.01",,"Y","other carabid",,,,,,,,,,"4oCBvlQIQ4DhSH30J22+0bs0GAacIQwk",,0
"A111E93D25C64796B795980D37AF8464","D09","WOOD","WOOD_006","S","2014-07-30","2014-07-31","2015-03-01",,"WOOD_006.S.20140730.oc.01",,"Y","other carabid",,,,,,,,,,"4oCBvlQIQ4DhSH30J22+0bs0GAacIQwk",,0
"21B1BCAD50F34B48841947492EF337EB","D09","WOOD","WOOD_006","W","2014-07-30","2014-07-31","2015-03-01",,"WOOD_006.20140730.ib.01","WOOD_006.20140730.ib.01","Y","invert bycatch",,,,,,,,,,"4oCBvlQIQ4DhSH30J22+0bs0GAacIQwk",,2
"B72C64F6F6314F1683B44ED68F979F78","D09","WOOD","WOOD_006","E","2014-07-30","2014-07-31","2015-03-01",,"WOOD_006.20140730.ib.01","WOOD_006.20140730.ib.01","Y","invert bycatch",,,,,,,,,,"4oCBvlQIQ4DhSH30J22+0bs0GAacIQwk",,2
"5485348E618E40A7876CE9B12637DA11","D09","WOOD","WOOD_006","N","2014-07-30","2014-07-31","2015-03-01",,"WOOD_006.20140730.ib.01","WOOD_006.20140730.ib.01","Y","invert bycatch",,,,,,,,,,"4oCBvlQIQ4DhSH30J22+0bs0GAacIQwk",,2
"FDBC08DC84A14E8E9DA81DE9D72E91AE","D09","WOOD","WOOD_006","W","2014-07-30","2014-07-31","2015-03-01",,"WOOD_006.20140730.ib.01","WOOD_006.20140730.ib.01","Y","invert bycatch",,,,,,,,,,"4oCBvlQIQ4DhSH30J22+0bs0GAacIQwk",,2
"516264A999194DF6A316C49D611FCF31","D09","WOOD","WOOD_006","S","2014-07-30","2014-07-31","2015-03-01",,"WOOD_006.20140730.ib.01","WOOD_006.20140730.ib.01","Y","invert bycatch",,,,,,,,,,"4oCBvlQIQ4DhSH30J22+0bs0GAacIQwk",,2
"660CA30992CB4BE29A213AE31113912A","D09","WOOD","WOOD_006","E","2014-07-30","2014-07-31","2015-03-01",,"WOOD_006.E.20140730.oc.01",,"Y","other carabid",,,,,,,,,,"4oCBvlQIQ4DhSH30J22+0bs0GAacIQwk",,0
"DF1AD6A3DFDF420397B2734522C6DD6C","D09","WOOD","WOOD_006","N","2014-07-30","2014-07-31","2015-03-01",,"WOOD_006.N.20140730.oc.01",,"Y","other carabid",,,,,,,,,,"4oCBvlQIQ4DhSH30J22+0bs0GAacIQwk",,0
"1706419E0E8445FFB0B1DF63D89196C9","D09","WOOD","WOOD_006","W","2014-07-30","2014-07-31","2015-03-01",,"WOOD_006.W.20140730.oc.01",,"Y","other carabid",,,,,,,,,,"4oCBvlQIQ4DhSH30J22+0bs0GAacIQwk",,0
"C8A83D361A7A455397DECF8F8AB9F0D2","D09","WOOD","WOOD_005","N","2014-07-30","2014-07-31","2015-03-01",,"WOOD_005.N.20140730.oc.01",,"Y","other carabid",,,,,,,,,,"4oCBvlQIQ4DhSH30J22+0bs0GAacIQwk",,0
"D1FE84261EC84EFB880D497C1AC04F68","D09","WOOD","WOOD_005","W","2014-07-30","2014-07-31","2015-03-01",,"WOOD_005.W.20140730.oc.01",,"Y","other carabid",,,,,,,,,,"4oCBvlQIQ4DhSH30J22+0bs0GAacIQwk",,0
"1A7374C228F4498B93AB214E15DF7A9A","D09","WOOD","WOOD_005","E","2014-07-30","2014-07-31","2015-03-01",,"WOOD_005.E.20140730.oc.01",,"Y","other carabid",,,,,,,,,,"4oCBvlQIQ4DhSH30J22+0bs0GAacIQwk",,0
"6DFFCA3D92EE4DE881DC37A5FF820864","D09","WOOD","WOOD_005","N","2014-07-30","2014-07-31","2015-03-01",,"WOOD_005.20140730.ib.01","WOOD_005.20140730.ib.01","Y","invert bycatch",,,,,,,,,,"4oCBvlQIQ4DhSH30J22+0bs0GAacIQwk",,2
"C74B67B9DE76437A9E5DA3C994503CB5","D09","WOOD","WOOD_005","S","2014-07-30","2014-07-31","2015-03-01",,"WOOD_005.20140730.ib.01","WOOD_005.20140730.ib.01","N","invert bycatch",,,,,,,,,,"4oCBvlQIQ4DhSH30J22+0bs0GAacIQwk",,2
"03F30C3E75914257B3659F5B3020F145","D09","WOOD","WOOD_005","W","2014-07-30","2014-07-31","2015-03-01",,"WOOD_005.20140730.ib.01","WOOD_005.20140730.ib.01","Y","invert bycatch",,,,,,,,,,"4oCBvlQIQ4DhSH30J22+0bs0GAacIQwk",,2
"CF632AA4456E4734B46316BCC0BD1720","D09","WOOD","WOOD_005","E","2014-07-30","2014-07-31","2015-03-01",,"WOOD_005.20140730.ib.01","WOOD_005.20140730.ib.01","Y","invert bycatch",,,,,,,,,,"4oCBvlQIQ4DhSH30J22+0bs0GAacIQwk",,2
"587D67081C5E48ADAD8B6704D2F51C43","D09","WOOD","WOOD_004","E","2014-07-30","2014-07-31","2015-03-01",,"WOOD_004.20140730.ib.01","WOOD_004.20140730.ib.01","N","invert bycatch",,,,,,,,,,"4oCBvlQIQ4DhSH30J22+0bs0GAacIQwk",,2
"CE4A2D1616B0407F86A5C0EE4862A53A","D09","WOOD","WOOD_004","S","2014-07-30","2014-07-31","2015-03-01",,"WOOD_004.20140730.ib.01","WOOD_004.20140730.ib.01","N","invert bycatch",,,,,,,,,,"4oCBvlQIQ4DhSH30J22+0bs0GAacIQwk",,2
"26C9AB4B8812406D832297902EEEB6F2","D09","WOOD","WOOD_004","N","2014-07-30","2014-07-31","2015-03-01",,"WOOD_004.20140730.ib.01","WOOD_004.20140730.ib.01","N","invert bycatch",,,,,,,,,,"4oCBvlQIQ4DhSH30J22+0bs0GAacIQwk",,2
"E94952CC5E4F4F4690F8C190034E1C28","D09","WOOD","WOOD_004","W","2014-07-30","2014-07-31","2015-03-01",,"WOOD_004.20140730.ib.01","WOOD_004.20140730.ib.01","N","invert bycatch",,,,,,,,,,"4oCBvlQIQ4DhSH30J22+0bs0GAacIQwk",,2
"A9EF1621A08A45888EBA46E2B13C9A77","D09","WOOD","WOOD_024","N","2014-07-30","2014-07-31","2015-03-01",,"WOOD_024.N.20140730.oc.01",,"Y","other carabid",,,,,,,,,,"4oCBvlQIQ4DhSH30J22+0bs0GAacIQwk",,0
"53BF861CC87147179D7947AF7D0A38FB","D09","WOOD","WOOD_024","N","2014-07-30","2014-07-31","2015-03-01",,"WOOD_024.20140730.ib.01","WOOD_024.20140730.ib.01","Y","invert bycatch",,,,,,,,,,"4oCBvlQIQ4DhSH30J22+0bs0GAacIQwk",,0
"F9027E35D0C241F0B331ADC9CB1DC524","D09","WOOD","WOOD_023","S","2014-07-30","2014-07-31","2015-03-01",,"WOOD_023.S.20140730.oc.01",,"Y","other carabid",,,,,,,,,,"4oCBvlQIQ4DhSH30J22+0bs0GAacIQwk",,0
"850E99D0F5D748C795CB6521EBA67469","D09","WOOD","WOOD_023","N","2014-07-30","2014-07-31","2015-03-01",,"WOOD_023.N.20140730.oc.01",,"Y","other carabid",,,,,,,,,,"4oCBvlQIQ4DhSH30J22+0bs0GAacIQwk",,0
"DA5CCE8627B04475987B8D0A7F26E726","D09","WOOD","WOOD_023","N","2014-07-30","2014-07-31","2015-03-01",,"WOOD_023.20140730.ib.01","WOOD_023.20140730.ib.01","Y","invert bycatch",,,,,,,,,,"4oCBvlQIQ4DhSH30J22+0bs0GAacIQwk",,2
"A2D87C2C562B41E9A5CB5B3F6399AA6A","D09","WOOD","WOOD_023","S","2014-07-30","2014-07-31","2015-03-01",,"WOOD_023.20140730.ib.01","WOOD_023.20140730.ib.01","Y","invert bycatch",,,,,,,,,,"4oCBvlQIQ4DhSH30J22+0bs0GAacIQwk",,2
"A594F793FA17499C922432AC430F6CA0","D09","WOOD","WOOD_023","E","2014-07-30","2014-07-31","2015-03-01",,"WOOD_023.20140730.ib.01","WOOD_023.20140730.ib.01","Y","invert bycatch",,,,,,,,,,"4oCBvlQIQ4DhSH30J22+0bs0GAacIQwk",,2
"7A6366C2EC1A468885A8827227C16AA8","D09","WOOD","WOOD_023","E","2014-07-30","2014-07-31","2015-03-01",,"WOOD_023.E.20140730.oc.01",,"Y","other carabid",,,,,,,,,,"4oCBvlQIQ4DhSH30J22+0bs0GAacIQwk",,0
"297DFB04C4A04DE49644A82523DCF46E","D09","WOOD","WOOD_021","E","2014-07-30","2014-07-31","2015-03-01",,"WOOD_021.E.20140730.oc.01",,"Y","other carabid",,,,,,,,,,"4oCBvlQIQ4DhSH30J22+0bs0GAacIQwk",,0
"3CFCCD13FCEA41DABF5B0F55FC5D5D55","D09","WOOD","WOOD_021","E","2014-08-13","2014-08-14","2015-03-01",,"WOOD_021.E.20140813.oc.01",,"Y","other carabid",,,,,,,,,,"GOvgZIvQ0qQHj/ySC0OOMgunX2ZttPpr",,0
"44E90462432B4DCB98ABB98D0BBD4047","D09","WOOD","WOOD_003","N","2014-08-13","2014-08-14","2015-03-01",,"WOOD_003.N.20140813.oc.01",,"Y","other carabid",,,,,,,,,,"4oCBvlQIQ4DhSH30J22+0bs0GAacIQwk",,0
"56C44646DFBA4941993521EECF828B3C","D09","WOOD","WOOD_003","W","2014-08-13","2014-08-14","2015-03-01",,"WOOD_003.W.20140813.oc.01",,"Y","other carabid",,,,,,,,,,"4oCBvlQIQ4DhSH30J22+0bs0GAacIQwk",,0
"E9B2DA8E5F4A413DBF93FA6B25C88F88","D09","WOOD","WOOD_003","E","2014-08-13","2014-08-14","2015-03-01",,"WOOD_003.20140813.ib.01","WOOD_003.20140813.ib.01","Y","invert bycatch",,,,,,,,,,"4oCBvlQIQ4DhSH30J22+0bs0GAacIQwk",,2
"EBDDEA8870C545B49ABF9B2B4946EC68","D09","WOOD","WOOD_003","W","2014-08-13","2014-08-14","2015-03-01",,"WOOD_003.20140813.ib.01","WOOD_003.20140813.ib.01","Y","invert bycatch",,,,,,,,,,"4oCBvlQIQ4DhSH30J22+0bs0GAacIQwk",,2
"813D241509BB4EB8BB51080309ED406F","D09","WOOD","WOOD_003","W","2014-08-13","2014-08-14","2015-03-01",,"WOOD_003.20140813.ib.01","WOOD_003.20140813.ib.01","Y","invert bycatch",,,,,,,,,,"4oCBvlQIQ4DhSH30J22+0bs0GAacIQwk",,2
"1223BBB81128477AA06EABE57C27D1DC","D09","WOOD","WOOD_003","N","2014-08-13","2014-08-14","2015-03-01",,"WOOD_003.20140813.ib.01","WOOD_003.20140813.ib.01","Y","invert bycatch",,,,,,,,,,"4oCBvlQIQ4DhSH30J22+0bs0GAacIQwk",,2
"55E1627C8D9242E08933AD1386803CD3","D09","WOOD","WOOD_003","S","2014-08-13","2014-08-14","2015-03-01",,"WOOD_003.20140813.ib.01","WOOD_003.20140813.ib.01","Y","invert bycatch",,,,,,,,,,"4oCBvlQIQ4DhSH30J22+0bs0GAacIQwk",,2
"D1B7EC57638447EB8848B72FD717BBB4","D09","WOOD","WOOD_003","S","2014-08-13","2014-08-14","2015-03-01",,"WOOD_003.S.20140813.oc.01",,"Y","other carabid",,,,,,,,,,"4oCBvlQIQ4DhSH30J22+0bs0GAacIQwk",,0
"6D71BE1E092A446EB33C16CE3B9D4A2A","D09","WOOD","WOOD_003","E","2014-08-13","2014-08-14","2015-03-01",,"WOOD_003.E.20140813.oc.01",,"Y","other carabid",,,,,,,,,,"4oCBvlQIQ4DhSH30J22+0bs0GAacIQwk",,0
"B20BDE1FF1804A89BD1ADF8543FE4699","D09","WOOD","WOOD_002","E","2014-08-13","2014-08-14","2015-03-01",,"WOOD_002.E.20140813.oc.01",,"Y","other carabid",,,,,,,,,,"4oCBvlQIQ4DhSH30J22+0bs0GAacIQwk",,0
"F1802D97ED004D69B03AF3A17B729097","D09","WOOD","WOOD_002","S","2014-08-13","2014-08-14","2015-03-01",,"WOOD_002.S.20140813.oc.01",,"Y","other carabid",,,,,,,,,,"4oCBvlQIQ4DhSH30J22+0bs0GAacIQwk",,0
"A4721A09F3F2467DADA1CE02AFF89D66","D09","WOOD","WOOD_002","N","2014-08-13","2014-08-14","2015-03-01",,"WOOD_002.20140813.ib.01","WOOD_002.20140813.ib.01","Y","invert bycatch",,,,,,,,,,"4oCBvlQIQ4DhSH30J22+0bs0GAacIQwk",,2
"685701FBC84241CB8D54735E2E4E8E25","D09","WOOD","WOOD_002","W","2014-08-13","2014-08-14","2015-03-01",,"WOOD_002.20140813.ib.01","WOOD_002.20140813.ib.01","N","invert bycatch",,,,,,,,,,"4oCBvlQIQ4DhSH30J22+0bs0GAacIQwk",,2
"22A22CB699A94D45A34D14912955BAB0","D09","WOOD","WOOD_002","S","2014-08-13","2014-08-14","2015-03-01",,"WOOD_002.20140813.ib.01","WOOD_002.20140813.ib.01","Y","invert bycatch",,,,,,,,,,"4oCBvlQIQ4DhSH30J22+0bs0GAacIQwk",,2
"A890FF677F794675B5EE4AC25D5542C8","D09","WOOD","WOOD_002","E","2014-08-13","2014-08-14","2015-03-01",,"WOOD_002.20140813.ib.01","WOOD_002.20140813.ib.01","Y","invert bycatch",,,,,,,,,,"4oCBvlQIQ4DhSH30J22+0bs0GAacIQwk",,2
"52CF59752886484EAAEC5F79679131BF","D09","WOOD","WOOD_002","N","2014-08-13","2014-08-14","2015-03-01",,"WOOD_002.N.20140813.oc.01",,"Y","other carabid",,,,,,,,,,"4oCBvlQIQ4DhSH30J22+0bs0GAacIQwk",,0
"B0A7018EBFA047D6896AF050C6718986","D09","WOOD","WOOD_001","N","2014-08-13","2014-08-14","2015-03-01",,"WOOD_001.N.20140813.oc.01",,"Y","other carabid",,,,,,,,,,"4oCBvlQIQ4DhSH30J22+0bs0GAacIQwk",,0
"49577939A05D43B8AF8E03858E690882","D09","WOOD","WOOD_001","S","2014-08-13","2014-08-14","2015-03-01",,"WOOD_001.S.20140813.oc.01",,"Y","other carabid",,,,,,,,,,"4oCBvlQIQ4DhSH30J22+0bs0GAacIQwk",,0
"FDEF351EEEF2455AAA4FD797ACD09C55","D09","WOOD","WOOD_001","W","2014-08-13","2014-08-14","2015-03-01",,"WOOD_001.20140813.ib.01","WOOD_001.20140813.ib.01","N","invert bycatch",,,,,,,,,,"4oCBvlQIQ4DhSH30J22+0bs0GAacIQwk",,2
"5D504B9A0C924DEFA2C508D6E53F98DD","D09","WOOD","WOOD_001","S","2014-08-13","2014-08-14","2015-03-01",,"WOOD_001.20140813.ib.01","WOOD_001.20140813.ib.01",,"invert bycatch",,,,,,,,,,"4oCBvlQIQ4DhSH30J22+0bs0GAacIQwk",,2
"E7C981D5525E449CAF6A291A183014E7","D09","WOOD","WOOD_001","N","2014-08-13","2014-08-14","2015-03-01",,"WOOD_001.20140813.ib.01","WOOD_001.20140813.ib.01","Y","invert bycatch",,,,,,,,,,"4oCBvlQIQ4DhSH30J22+0bs0GAacIQwk",,2
"B29A8BBE7A164447AAA3C78B3E0164CF","D09","WOOD","WOOD_001","E","2014-08-13","2014-08-14","2015-03-01",,"WOOD_001.20140813.ib.01","WOOD_001.20140813.ib.01","Y","invert bycatch",,,,,,,,,,"4oCBvlQIQ4DhSH30J22+0bs0GAacIQwk",,2
"4D8DF9B0DA10462989D7EB9094517665","D09","WOOD","WOOD_001","E","2014-08-13","2014-08-14","2015-03-01",,"WOOD_001.E.20140813.oc.01",,"Y","other carabid",,,,,,,,,,"4oCBvlQIQ4DhSH30J22+0bs0GAacIQwk",,0
"E19D8F49D86C4784975FA5DA933DF2D8","D09","WOOD","WOOD_007","W","2014-08-13","2014-08-14","2015-03-01",,"WOOD_007.20140813.ib.01","WOOD_007.20140813.ib.01","Y","invert bycatch",,,,,,,,,,"GOvgZIvQ0qQHj/ySC0OOMgunX2ZttPpr",,2
"CD20B584BBA74B9FBC37BA63A3DC5D6C","D09","WOOD","WOOD_007","N","2014-08-13","2014-08-14","2015-03-01",,"WOOD_007.20140813.ib.01","WOOD_007.20140813.ib.01","N","invert bycatch",,,,,,,,,,"GOvgZIvQ0qQHj/ySC0OOMgunX2ZttPpr",,2
"A7D8DB765C9645D397585B621F857EEB","D09","WOOD","WOOD_007","E","2014-08-13","2014-08-14","2015-03-01",,"WOOD_007.20140813.ib.01","WOOD_007.20140813.ib.01","Y","invert bycatch",,,,,,,,,,"GOvgZIvQ0qQHj/ySC0OOMgunX2ZttPpr",,2
"F55E8C86EE5A4050BA0BBFBD4E51A8FD","D09","WOOD","WOOD_007","S","2014-08-13","2014-08-14","2015-03-01",,"WOOD_007.20140813.ib.01","WOOD_007.20140813.ib.01","Y","invert bycatch",,,,,,,,,,"GOvgZIvQ0qQHj/ySC0OOMgunX2ZttPpr",,2
"0472B089D3114620883FADFF7F246169","D09","WOOD","WOOD_007","S","2014-08-13","2014-08-14","2015-03-01",,"WOOD_007.S.20140813.oc.01",,"Y","other carabid",,,,,,,,,,"GOvgZIvQ0qQHj/ySC0OOMgunX2ZttPpr",,0
"F973E4A739644EFC850D7BE6C625245D","D09","WOOD","WOOD_007","W","2014-08-13","2014-08-14","2015-03-01",,"WOOD_007.W.20140813.oc.01",,"Y","other carabid",,,,,,,,,,"GOvgZIvQ0qQHj/ySC0OOMgunX2ZttPpr",,0
"07B5C8F56CFC4294BCC0A9F8430B4D2E","D09","WOOD","WOOD_006","S","2014-08-13","2014-08-14","2015-03-01",,"WOOD_006.20140813.ib.01","WOOD_006.20140813.ib.01","Y","invert bycatch",,,,,,,,,,"GOvgZIvQ0qQHj/ySC0OOMgunX2ZttPpr",,2
"09E340FC180B4F1699D42C9E11E0E408","D09","WOOD","WOOD_006","N","2014-08-13","2014-08-14","2015-03-01",,"WOOD_006.20140813.ib.01","WOOD_006.20140813.ib.01","Y","invert bycatch",,,,,,,,,,"GOvgZIvQ0qQHj/ySC0OOMgunX2ZttPpr",,2
"7460E165EA2B4518A381C54BCF1D14DA","D09","WOOD","WOOD_006","E","2014-08-13","2014-08-14","2015-03-01",,"WOOD_006.20140813.ib.01","WOOD_006.20140813.ib.01","Y","invert bycatch",,,,,,,,,,"GOvgZIvQ0qQHj/ySC0OOMgunX2ZttPpr",,2
"5F0DDF3B6D134008A6AA633EBCB3AEBB","D09","WOOD","WOOD_006","W","2014-08-13","2014-08-14","2015-03-01",,"WOOD_006.20140813.ib.01","WOOD_006.20140813.ib.01","Y","invert bycatch",,,,,,,,,,"GOvgZIvQ0qQHj/ySC0OOMgunX2ZttPpr",,2
"CAD2201343284FC38DBA0FDA0AC537F0","D09","WOOD","WOOD_006","E","2014-08-13","2014-08-14","2015-03-01",,"WOOD_006.E.20140813.oc.01",,"Y","other carabid",,,,,,,,,,"GOvgZIvQ0qQHj/ySC0OOMgunX2ZttPpr",,0
"34CF06D23BE14F38A26895FE692AD40D","D09","WOOD","WOOD_006","N","2014-08-13","2014-08-14","2015-03-01",,"WOOD_006.N.20140813.oc.01",,"Y","other carabid",,,,,,,,,,"GOvgZIvQ0qQHj/ySC0OOMgunX2ZttPpr",,0
"0EC0127AC905456A8176E42251BC9C24","D09","WOOD","WOOD_006","S","2014-08-13","2014-08-14","2015-03-01",,"WOOD_006.S.20140813.oc.01",,"Y","other carabid",,,,,,,,,,"GOvgZIvQ0qQHj/ySC0OOMgunX2ZttPpr",,0
"B0BE2D53B88644A0B2583126AF2A4E1E","D09","WOOD","WOOD_006","W","2014-08-13","2014-08-14","2015-03-01",,"WOOD_006.W.20140813.oc.01",,"Y","other carabid",,,,,,,,,,"GOvgZIvQ0qQHj/ySC0OOMgunX2ZttPpr",,0
"A1493A2F264846DBABDC40FD01D27CCB","D09","WOOD","WOOD_005","E","2014-08-13","2014-08-14","2015-03-01",,"WOOD_005.20140813.ib.01","WOOD_005.20140813.ib.01","N","invert bycatch",,,,,,,,,,"GOvgZIvQ0qQHj/ySC0OOMgunX2ZttPpr",,2
"7DF7BD92B19640C9878092C138E0C388","D09","WOOD","WOOD_005","N","2014-08-13","2014-08-14","2015-03-01",,"WOOD_005.20140813.ib.01","WOOD_005.20140813.ib.01","N","invert bycatch",,,,,,,,,,"GOvgZIvQ0qQHj/ySC0OOMgunX2ZttPpr",,2
"09471ED89A4942358412116AD1E6E1D0","D09","WOOD","WOOD_005","S","2014-08-13","2014-08-14","2015-03-01",,"WOOD_005.20140813.ib.01","WOOD_005.20140813.ib.01","Y","invert bycatch",,,,,,,,,,"GOvgZIvQ0qQHj/ySC0OOMgunX2ZttPpr",,2
"20C40418611F43A7985A1FEBA6E3F0B4","D09","WOOD","WOOD_005","W","2014-08-13","2014-08-14","2015-03-01",,"WOOD_005.20140813.ib.01","WOOD_005.20140813.ib.01","Y","invert bycatch",,,,,,,,,,"GOvgZIvQ0qQHj/ySC0OOMgunX2ZttPpr",,2
"B372F68B00054DC5A9C3A59C0009AC96","D09","WOOD","WOOD_005","S","2014-08-13","2014-08-14","2015-03-01",,"WOOD_005.S.20140813.oc.01",,"Y","other carabid",,,,,,,,,,"GOvgZIvQ0qQHj/ySC0OOMgunX2ZttPpr",,0
"7A528746610E47A3B55FA8DD18A0B675","D09","WOOD","WOOD_005","W","2014-08-13","2014-08-14","2015-03-01",,"WOOD_005.W.20140813.oc.01",,"Y","other carabid",,,,,,,,,,"GOvgZIvQ0qQHj/ySC0OOMgunX2ZttPpr",,0
"B98B65B1354A4871AB83123ECA5B73E7","D09","WOOD","WOOD_004","E","2014-08-13","2014-08-14","2015-03-01",,"WOOD_004.E.20140813.oc.01",,"Y","other carabid",,,,,,,,,,"GOvgZIvQ0qQHj/ySC0OOMgunX2ZttPpr",,0
"C195F018A381457CB3A985088DE35058","D09","WOOD","WOOD_004","N","2014-08-13","2014-08-14","2015-03-01",,"WOOD_004.20140813.ib.01","WOOD_004.20140813.ib.01","N","invert bycatch",,,,,,,,,,"4oCBvlQIQ4DhSH30J22+0bs0GAacIQwk",,2
"6637493852EA43A7B8116DE60182B285","D09","WOOD","WOOD_004","E","2014-08-13","2014-08-14","2015-03-01",,"WOOD_004.20140813.ib.01","WOOD_004.20140813.ib.01","Y","invert bycatch",,,,,,,,,,"GOvgZIvQ0qQHj/ySC0OOMgunX2ZttPpr",,2
"CA63B1DD17C6442AA99F46E51987971E","D09","WOOD","WOOD_004","W","2014-08-13","2014-08-14","2015-03-01",,"WOOD_004.20140813.ib.01","WOOD_004.20140813.ib.01","N","invert bycatch",,,,,,,,,,"GOvgZIvQ0qQHj/ySC0OOMgunX2ZttPpr",,2
"6177EACDF2564210AC9E6C2C07E143D0","D09","WOOD","WOOD_004","S","2014-08-13","2014-08-14","2015-03-01",,"WOOD_004.20140813.ib.01","WOOD_004.20140813.ib.01","Y","invert bycatch",,,,,,,,,,"4oCBvlQIQ4DhSH30J22+0bs0GAacIQwk",,2
"414AF3FE278C4E8A876F8EDD25311FDF","D09","WOOD","WOOD_004","S","2014-08-13","2014-08-14","2015-03-01",,"WOOD_004.S.20140813.oc.01",,"Y","other carabid",,,,,,,,,,"4oCBvlQIQ4DhSH30J22+0bs0GAacIQwk",,0
"5D8196815B574B8A87FB0596A04DB8AA","D09","WOOD","WOOD_024","N","2014-08-13","2014-08-14","2015-03-01",,"WOOD_024.N.20140813.oc.01",,"Y","other carabid",,,,,,,,,,"GOvgZIvQ0qQHj/ySC0OOMgunX2ZttPpr",,0
"0786488E2CAA43419B8E123D5BC84800","D09","WOOD","WOOD_024","N","2014-08-13","2014-08-14","2015-03-01",,"WOOD_024.20140813.ib.01","WOOD_024.20140813.ib.01","Y","invert bycatch",,,,,,,,,,"GOvgZIvQ0qQHj/ySC0OOMgunX2ZttPpr",,0
"76D688C0BDE841A5B0929FB9F8CE23DC","D09","WOOD","WOOD_023","E","2014-08-13","2014-08-14","2015-03-01",,"WOOD_023.E.20140813.oc.01",,"Y","other carabid",,,,,,,,,,"GOvgZIvQ0qQHj/ySC0OOMgunX2ZttPpr",,0
"62C51A4839C843D394C4896E5FAE6424","D09","WOOD","WOOD_023","E","2014-08-13","2014-08-14","2015-03-01",,"WOOD_023.20140813.ib.01","WOOD_023.20140813.ib.01","Y","invert bycatch",,,,,,,,,,"GOvgZIvQ0qQHj/ySC0OOMgunX2ZttPpr",,2
"FADEF5DC245F40358E71392BD94A31C9","D09","WOOD","WOOD_023","E","2014-08-13","2014-08-14","2015-03-01",,"WOOD_023.20140813.ib.01","WOOD_023.20140813.ib.01","Y","invert bycatch",,,,,,,,,,"GOvgZIvQ0qQHj/ySC0OOMgunX2ZttPpr",,2
"8F8CD00EAD9F44FBAEB3E2ADE8EAF854","D09","WOOD","WOOD_023","S","2014-08-13","2014-08-14","2015-03-01",,"WOOD_023.20140813.ib.01","WOOD_023.20140813.ib.01","Y","invert bycatch",,,,,,,,,,"GOvgZIvQ0qQHj/ySC0OOMgunX2ZttPpr",,2
"7541E3A6106E46A08E30A43892BF1147","D09","WOOD","WOOD_023","N","2014-08-13","2014-08-14","2015-03-01",,"WOOD_023.20140813.ib.01","WOOD_023.20140813.ib.01","Y","invert bycatch",,,,,,,,,,"GOvgZIvQ0qQHj/ySC0OOMgunX2ZttPpr",,2
"14CE909910CD44D08A7427E0C55B99BB","D09","WOOD","WOOD_023","S","2014-08-13","2014-08-14","2015-03-01",,"WOOD_023.S.20140813.oc.01",,"Y","other carabid",,,,,,,,,,"GOvgZIvQ0qQHj/ySC0OOMgunX2ZttPpr",,0
"56894FCB4B0847FC8AEF9C6720A45223","D09","WOOD","WOOD_023","N","2014-08-13","2014-08-14","2015-03-01",,"WOOD_023.N.20140813.oc.01",,"Y","other carabid",,,,,,,,,,"GOvgZIvQ0qQHj/ySC0OOMgunX2ZttPpr",,0
"12F8AB8962084C44BF756E497C02A1A2","D09","WOOD","WOOD_021","E","2014-08-13","2014-08-14","2015-03-01",,"WOOD_021.20140813.ib.01","WOOD_021.20140813.ib.01","Y","invert bycatch",,,,,,,,,,"GOvgZIvQ0qQHj/ySC0OOMgunX2ZttPpr",,0
"4243B8D533EE47A4BE4B0D35774C3830","D09","WOOD","WOOD_021","E","2014-08-27","2014-08-28","2015-03-01",,"WOOD_021.E.20140827.oc.01",,"Y","other carabid",,,,,,,,,,"4oCBvlQIQ4DhSH30J22+0bs0GAacIQwk",,0
"A724C5785F674198B946CCF08574E0B2","D09","WOOD","WOOD_003","E","2014-08-27","2014-08-28","2015-03-01",,"WOOD_003.E.20140827.oc.01",,"Y","other carabid",,,,,,,,,,"4oCBvlQIQ4DhSH30J22+0bs0GAacIQwk",,0
"46B17B487D184E24A0EB9CFA5E068886","D09","WOOD","WOOD_003","N","2014-08-27","2014-08-28","2015-03-01",,"WOOD_003.N.20140827.oc.01",,"Y","other carabid",,,,,,,,,,"4oCBvlQIQ4DhSH30J22+0bs0GAacIQwk",,0
"EED97BD5DE6040B6853D6453A15FD242","D09","WOOD","WOOD_003","N","2014-08-27","2014-08-28","2015-03-01",,"WOOD_003.20140827.ib.01","WOOD_003.20140827.ib.01","Y","invert bycatch",,,,,,,,,,"GOvgZIvQ0qQHj/ySC0OOMgunX2ZttPpr",,2
"8F65C564B58445F99A080CDCE1166720","D09","WOOD","WOOD_003","E","2014-08-27","2014-08-28","2015-03-01",,"WOOD_003.20140827.ib.01","WOOD_003.20140827.ib.01","Y","invert bycatch",,,,,,,,,,"4oCBvlQIQ4DhSH30J22+0bs0GAacIQwk",,2
"1129E5656363462E9096EF19F665D331","D09","WOOD","WOOD_003","S","2014-08-27","2014-08-28","2015-03-01",,"WOOD_003.20140827.ib.01","WOOD_003.20140827.ib.01","N","invert bycatch",,,,,,,,,,"4oCBvlQIQ4DhSH30J22+0bs0GAacIQwk",,2
"35FAF3C3C2E848828F1309CBB4930C7D","D09","WOOD","WOOD_003","W","2014-08-27","2014-08-28","2015-03-01",,"WOOD_003.20140827.ib.01","WOOD_003.20140827.ib.01","N","invert bycatch",,,,,,,,,,"4oCBvlQIQ4DhSH30J22+0bs0GAacIQwk",,2
"EA635CEE1FCB4613B89A24E5A69725AD","D09","WOOD","WOOD_002","S","2014-08-27","2014-08-28","2015-03-01",,"WOOD_002.S.20140827.oc.01",,"Y","other carabid",,,,,,,,,,"GOvgZIvQ0qQHj/ySC0OOMgunX2ZttPpr",,0
"DC5D7E7236C24A55B7B471370AF1AA08","D09","WOOD","WOOD_002","W","2014-08-27","2014-08-28","2015-03-01",,"WOOD_002.20140827.ib.01","WOOD_002.20140827.ib.01","Y","invert bycatch",,,,,,,,,,"GOvgZIvQ0qQHj/ySC0OOMgunX2ZttPpr",,2
"149AA00112B547C995CFFFFB0F92D3C2","D09","WOOD","WOOD_002","N","2014-08-27","2014-08-28","2015-03-01",,"WOOD_002.20140827.ib.01","WOOD_002.20140827.ib.01","Y","invert bycatch",,,,,,,,,,"GOvgZIvQ0qQHj/ySC0OOMgunX2ZttPpr",,2
"704A7FD29B744A979DFCAD419B655DE0","D09","WOOD","WOOD_002","E","2014-08-27","2014-08-28","2015-03-01",,"WOOD_002.20140827.ib.01","WOOD_002.20140827.ib.01","Y","invert bycatch",,,,,,,,,,"GOvgZIvQ0qQHj/ySC0OOMgunX2ZttPpr",,2
"842BA7DBBC02413AA6A61DA70812468E","D09","WOOD","WOOD_002","S","2014-08-27","2014-08-28","2015-03-01",,"WOOD_002.20140827.ib.02","WOOD_002.20140827.ib.02","Y","invert bycatch",,,,,,,,,,"GOvgZIvQ0qQHj/ySC0OOMgunX2ZttPpr",,0
"3029CF7A64C243108B2D34CB7AD25046","D09","WOOD","WOOD_002","E","2014-08-27","2014-08-28","2015-03-01",,"WOOD_002.E.20140827.oc.01",,"Y","other carabid",,,,,,,,,,"GOvgZIvQ0qQHj/ySC0OOMgunX2ZttPpr",,0
"878DDC6A7F8A48CC9CDD0F34659FB893","D09","WOOD","WOOD_002","W","2014-08-27","2014-08-28","2015-03-01",,"WOOD_002.W.20140827.oc.01",,"Y","other carabid",,,,,,,,,,"GOvgZIvQ0qQHj/ySC0OOMgunX2ZttPpr",,0
"23334039DD824D2CA93F4BE84E84B33E","D09","WOOD","WOOD_002","N","2014-08-27","2014-08-28","2015-03-01",,"WOOD_002.N.20140827.oc.01",,"Y","other carabid",,,,,,,,,,"GOvgZIvQ0qQHj/ySC0OOMgunX2ZttPpr",,0
"783090FE12BA417C9A6F1ED952EEDD9F","D09","WOOD","WOOD_001","S","2014-08-27","2014-08-28","2015-03-01",,"WOOD_001.S.20140827.oc.01",,"Y","other carabid",,,,,,,,,,"GOvgZIvQ0qQHj/ySC0OOMgunX2ZttPpr",,0
"0B927B1648E4452A9105162EE8EFFB50","D09","WOOD","WOOD_001","N","2014-08-27","2014-08-28","2015-03-01",,"WOOD_001.N.20140827.oc.01",,"Y","other carabid",,,,,,,,,,"GOvgZIvQ0qQHj/ySC0OOMgunX2ZttPpr",,0
"80749743F7F54693A8F93BAA70BE4D75","D09","WOOD","WOOD_001","E","2014-08-27","2014-08-28","2015-03-01",,"WOOD_001.20140827.ib.01","WOOD_001.20140827.ib.01","N","invert bycatch",,,,,,,,,,"GOvgZIvQ0qQHj/ySC0OOMgunX2ZttPpr",,2
"DC8795DFBCFA41C391EAB15CF3FC9809","D09","WOOD","WOOD_001","W","2014-08-27","2014-08-28","2015-03-01",,"WOOD_001.20140827.ib.01","WOOD_001.20140827.ib.01","N","invert bycatch",,,,,,,,,,"GOvgZIvQ0qQHj/ySC0OOMgunX2ZttPpr",,2
"BB40B2D961FA4B99962C14515CE77F3B","D09","WOOD","WOOD_001","S","2014-08-27","2014-08-28","2015-03-01",,"WOOD_001.20140827.ib.01","WOOD_001.20140827.ib.01","Y","invert bycatch",,,,,,,,,,"GOvgZIvQ0qQHj/ySC0OOMgunX2ZttPpr",,2
"30E04888BD02420BA170F1D53E42CE1E","D09","WOOD","WOOD_001","N","2014-08-27","2014-08-28","2015-03-01",,"WOOD_001.20140827.ib.01","WOOD_001.20140827.ib.01","Y","invert bycatch",,,,,,,,,,"GOvgZIvQ0qQHj/ySC0OOMgunX2ZttPpr",,2
"67741367A5ED4D1DA8CAF802701D5DD5","D09","WOOD","WOOD_007","S","2014-08-27","2014-08-28","2015-03-01",,"WOOD_007.S.20140827.oc.01",,"Y","other carabid",,,,,,,,,,"4oCBvlQIQ4DhSH30J22+0bs0GAacIQwk",,0
"C67A3F0576BF472C96861570F53736C3","D09","WOOD","WOOD_007","N","2014-08-27","2014-08-28","2015-03-01",,"WOOD_007.20140827.ib.01","WOOD_007.20140827.ib.01","N","invert bycatch",,,,,,,,,,"4oCBvlQIQ4DhSH30J22+0bs0GAacIQwk",,2
"40AB2777AAAD475FA8C3A3B248091704","D09","WOOD","WOOD_007","S","2014-08-27","2014-08-28","2015-03-01",,"WOOD_007.20140827.ib.01","WOOD_007.20140827.ib.01","Y","invert bycatch",,,,,,,,,,"4oCBvlQIQ4DhSH30J22+0bs0GAacIQwk",,2
"F0AF465CB109443FA5348B0A407F269F","D09","WOOD","WOOD_007","E","2014-08-27","2014-08-28","2015-03-01",,"WOOD_007.20140827.ib.01","WOOD_007.20140827.ib.01","Y","invert bycatch",,,,,,,,,,"4oCBvlQIQ4DhSH30J22+0bs0GAacIQwk",,2
"FB96A76281AE4B65BF9F19592DD8D652","D09","WOOD","WOOD_007","E","2014-08-27","2014-08-28","2015-03-01",,"WOOD_007.20140827.ib.01","WOOD_007.20140827.ib.01","N","invert bycatch",,,,,,,,,,"4oCBvlQIQ4DhSH30J22+0bs0GAacIQwk",,2
"F4F9DB384BAF4621B8DA083A763A449E","D09","WOOD","WOOD_006","E","2014-08-27","2014-08-28","2015-03-01",,"WOOD_006.E.20140827.oc.01",,"Y","other carabid",,,,,,,,,,"4oCBvlQIQ4DhSH30J22+0bs0GAacIQwk",,0
"BBD1CB0960E447D69AE6681652C9D28F","D09","WOOD","WOOD_006","E","2014-08-27","2014-08-28","2015-03-01",,"WOOD_006.20140827.ib.01","WOOD_006.20140827.ib.01","Y","invert bycatch",,,,,,,,,,"4oCBvlQIQ4DhSH30J22+0bs0GAacIQwk",,2
"F11084D847264F7E921CBA04A0EA1B5F","D09","WOOD","WOOD_006","S","2014-08-27","2014-08-28","2015-03-01",,"WOOD_006.20140827.ib.01","WOOD_006.20140827.ib.01","N","invert bycatch",,,,,,,,,,"a/0SlN26fEtmJ3LLysIxkaRUfZvckIBE",,2
"A2BBB6351BDE45CD9544F97E7AF54D57","D09","WOOD","WOOD_006","N","2014-08-27","2014-08-28","2015-03-01",,"WOOD_006.20140827.ib.01","WOOD_006.20140827.ib.01","Y","invert bycatch",,,,,,,,,,"4oCBvlQIQ4DhSH30J22+0bs0GAacIQwk",,2
"2CE9B6DFC09B4806AFB19770323C6502","D09","WOOD","WOOD_006","W","2014-08-27","2014-08-28","2015-03-01",,"WOOD_006.20140827.ib.01","WOOD_006.20140827.ib.01","Y","invert bycatch",,,,,,,,,,"4oCBvlQIQ4DhSH30J22+0bs0GAacIQwk",,2
"2857B289973042C1B06F17C60F97F18F","D09","WOOD","WOOD_006","N","2014-08-27","2014-08-28","2015-03-01","2014-08-28","WOOD_006.N.20140827.SOCI.01","WOOD_006.N.20140827.SOCI.01","Y","vert bycatch mam","SOCI","Sorex cinereus","species","cf. species","Kerr",,1,,"MVefHvSsru58qgwVlM4kEI9caOIDNVkX","4oCBvlQIQ4DhSH30J22+0bs0GAacIQwk",,0
"EC70B94617854BFCBBDBC12602C23601","D09","WOOD","WOOD_006","W","2014-08-27","2014-08-28","2015-03-01",,"WOOD_006.W.20140827.oc.01",,"Y","other carabid",,,,,,,,,,"4oCBvlQIQ4DhSH30J22+0bs0GAacIQwk",,0
"4BEEB830E78E463389387E46D89CEB0A","D09","WOOD","WOOD_006","N","2014-08-27","2014-08-28","2015-03-01",,"WOOD_006.N.20140827.oc.01",,"Y","other carabid",,,,,,,,,,"4oCBvlQIQ4DhSH30J22+0bs0GAacIQwk",,0
"4C3F85489FB144E1A6FA6DA119453740","D09","WOOD","WOOD_005","N","2014-08-27","2014-08-28","2015-03-01",,"WOOD_005.N.20140827.oc.01",,"Y","other carabid",,,,,,,,,,"4oCBvlQIQ4DhSH30J22+0bs0GAacIQwk",,0
"A86DC4831149426396B24BC5B60A50E6","D09","WOOD","WOOD_005","S","2014-08-27","2014-08-28","2015-03-01",,"WOOD_005.S.20140827.oc.01",,"Y","other carabid",,,,,,,,,,"4oCBvlQIQ4DhSH30J22+0bs0GAacIQwk",,0
"70196032A90341EAAD4669031F05B86B","D09","WOOD","WOOD_005","W","2014-08-27","2014-08-28","2015-03-01",,"WOOD_005.W.20140827.oc.01",,"Y","other carabid",,,,,,,,,,"4oCBvlQIQ4DhSH30J22+0bs0GAacIQwk",,0
"03CBA970AE674A34AA68AA87F1709C04","D09","WOOD","WOOD_005","E","2014-08-27","2014-08-28","2015-03-01",,"WOOD_005.20140827.ib.01","WOOD_005.20140827.ib.01","N","invert bycatch",,,,,,,,,,"4oCBvlQIQ4DhSH30J22+0bs0GAacIQwk",,2
"3F38DCA18A6048F486A0F17E8FDACC08","D09","WOOD","WOOD_005","W","2014-08-27","2014-08-28","2015-03-01",,"WOOD_005.20140827.ib.01","WOOD_005.20140827.ib.01","Y","invert bycatch",,,,,,,,,,"4oCBvlQIQ4DhSH30J22+0bs0GAacIQwk",,2
"AFA3E0E92A134E5F816246B055312090","D09","WOOD","WOOD_005","S","2014-08-27","2014-08-28","2015-03-01",,"WOOD_005.20140827.ib.01","WOOD_005.20140827.ib.01","Y","invert bycatch",,,,,,,,,,"4oCBvlQIQ4DhSH30J22+0bs0GAacIQwk",,2
"075329696FD84427A2D2BE0B6ACB8D10","D09","WOOD","WOOD_005","N","2014-08-27","2014-08-28","2015-03-01",,"WOOD_005.20140827.ib.01","WOOD_005.20140827.ib.01","Y","invert bycatch",,,,,,,,,,"4oCBvlQIQ4DhSH30J22+0bs0GAacIQwk",,2
"C25EDA2CB80D4AF8A0EF181D8C207AD4","D09","WOOD","WOOD_004","S","2014-08-27","2014-08-28","2015-03-01",,"WOOD_004.S.20140827.oc.01",,"Y","other carabid",,,,,,,,,,"4oCBvlQIQ4DhSH30J22+0bs0GAacIQwk",,0
"5D33BAE0FCDF4620B26F4482D23C0490","D09","WOOD","WOOD_004","W","2014-08-27","2014-08-28","2015-03-01",,"WOOD_004.20140827.ib.01","WOOD_004.20140827.ib.01","N","invert bycatch",,,,,,,,,,"4oCBvlQIQ4DhSH30J22+0bs0GAacIQwk",,2
"D36229B611734FE2A1A8CE0FE5A14945","D09","WOOD","WOOD_004","N","2014-08-27","2014-08-28","2015-03-01",,"WOOD_004.20140827.ib.01","WOOD_004.20140827.ib.01","Y","invert bycatch",,,,,,,,,,"4oCBvlQIQ4DhSH30J22+0bs0GAacIQwk",,2
"1AC43F89308247AE80BB85AE0D4F165D","D09","WOOD","WOOD_004","S","2014-08-27","2014-08-28","2015-03-01",,"WOOD_004.20140827.ib.01","WOOD_004.20140827.ib.01","Y","invert bycatch",,,,,,,,,,"4oCBvlQIQ4DhSH30J22+0bs0GAacIQwk",,2
"33139CC01C5E4EFDA8840F0320BB5495","D09","WOOD","WOOD_004","E","2014-08-27","2014-08-28","2015-03-01",,"WOOD_004.20140827.ib.01","WOOD_004.20140827.ib.01","Y","invert bycatch",,,,,,,,,,"4oCBvlQIQ4DhSH30J22+0bs0GAacIQwk",,2
"7AE3DDD6F26F40F694943B1DBFF5874F","D09","WOOD","WOOD_004","E","2014-08-27","2014-08-28","2015-03-01",,"WOOD_004.E.20140827.oc.01",,"Y","other carabid",,,,,,,,,,"4oCBvlQIQ4DhSH30J22+0bs0GAacIQwk",,0
"902C725CD6394D2593603CD7A7B5D3CA","D09","WOOD","WOOD_004","N","2014-08-27","2014-08-28","2015-03-01",,"WOOD_004.N.20140827.oc.01",,"Y","other carabid",,,,,,,,,,"4oCBvlQIQ4DhSH30J22+0bs0GAacIQwk",,0
"1DFDD69B878C47B78C3E21EB913E46C6","D09","WOOD","WOOD_024","W","2014-08-27","2014-08-28","2015-03-01",,"WOOD_024.20140827.ib.01","WOOD_024.20140827.ib.01","Y","invert bycatch",,,,,,,,,,"4oCBvlQIQ4DhSH30J22+0bs0GAacIQwk",,2
"FDEF806F66444CB7836CA7CDD68E7172","D09","WOOD","WOOD_024","N","2014-08-27","2014-08-28","2015-03-01",,"WOOD_024.N.20140827.oc.01",,"Y","other carabid",,,,,,,,,,"4oCBvlQIQ4DhSH30J22+0bs0GAacIQwk",,0
"2809A51B0AA64E73BF421F279BA3AE60","D09","WOOD","WOOD_024","W","2014-08-27","2014-08-28","2015-03-01",,"WOOD_024.W.20140827.oc.01",,"Y","other carabid",,,,,,,,,,"4oCBvlQIQ4DhSH30J22+0bs0GAacIQwk",,0
"3E696B224F884F9493266D8B8B894A9E","D09","WOOD","WOOD_024","N","2014-08-27","2014-08-28","2015-03-01",,"WOOD_024.20140827.ib.01","WOOD_024.20140827.ib.01","Y","invert bycatch",,,,,,,,,,"4oCBvlQIQ4DhSH30J22+0bs0GAacIQwk",,2
"DC0A87AD41E44B4083A1F94CE32A724B","D09","WOOD","WOOD_023","N","2014-08-27","2014-08-28","2015-03-01",,"WOOD_023.N.20140827.oc.01",,"Y","other carabid",,,,,,,,,,"4oCBvlQIQ4DhSH30J22+0bs0GAacIQwk",,0
"302EF3748D8A4551BEC69E0A962B5D60","D09","WOOD","WOOD_023","E","2014-08-27","2014-08-28","2015-03-01",,"WOOD_023.20140827.ib.01","WOOD_023.20140827.ib.01","Y","invert bycatch",,,,,,,,,,"4oCBvlQIQ4DhSH30J22+0bs0GAacIQwk",,2
"0A439BF029544A6C9EACA6F552AB2FE4","D09","WOOD","WOOD_023","N","2014-08-27","2014-08-28","2015-03-01",,"WOOD_023.20140827.ib.01","WOOD_023.20140827.ib.01","Y","invert bycatch",,,,,,,,,,"4oCBvlQIQ4DhSH30J22+0bs0GAacIQwk",,2
"29102C4CF7D1421FBF5CAEA46DDAED35","D09","WOOD","WOOD_023","S","2014-08-27","2014-08-28","2015-03-01",,"WOOD_023.20140827.ib.01","WOOD_023.20140827.ib.01","Y","invert bycatch",,,,,,,,,,"4oCBvlQIQ4DhSH30J22+0bs0GAacIQwk",,2
"78591BD5827145A89152ED61E9CAE41B","D09","WOOD","WOOD_023","N","2014-08-27","2014-08-28","2015-03-01",,"WOOD_023.20140827.ib.01","WOOD_023.20140827.ib.01","Y","invert bycatch",,,,,,,,,,"4oCBvlQIQ4DhSH30J22+0bs0GAacIQwk",,2
"2DC5E1B79BB54F839713EC19D1797776","D09","WOOD","WOOD_023","S","2014-08-27","2014-08-28","2015-03-01",,"WOOD_023.S.20140827.oc.01",,"Y","other carabid",,,,,,,,,,"4oCBvlQIQ4DhSH30J22+0bs0GAacIQwk",,0
"12E8F19BA0D441A3A21AE71646F15C2F","D09","WOOD","WOOD_023","E","2014-08-27","2014-08-28","2015-03-01",,"WOOD_023.E.20140827.oc.01",,"Y","other carabid",,,,,,,,,,"4oCBvlQIQ4DhSH30J22+0bs0GAacIQwk",,0
"BC46101964164DBDB669214875C1885F","D09","WOOD","WOOD_021","E","2014-08-27","2014-08-28","2015-03-01",,"WOOD_021.20140827.ib.01","WOOD_021.20140827.ib.01","N","invert bycatch",,,,,,,,,,"4oCBvlQIQ4DhSH30J22+0bs0GAacIQwk",,0
"2FBD6F423F6C43129E5151984F82AD69","D09","WOOD","WOOD_021","E","2014-09-10","2014-09-11","2015-03-01",,"WOOD_021.20140910.ib.01","WOOD_021.20140910.ib.01","N","invert bycatch",,,,,,,,,,"4oCBvlQIQ4DhSH30J22+0bs0GAacIQwk",,0
"160BB74CD24A413181E876071F2F6821","D09","WOOD","WOOD_023","N","2014-09-10","2014-09-11","2015-03-01",,"WOOD_023.N.20140910.oc.01",,"Y","other carabid",,,,,,,,,,"4oCBvlQIQ4DhSH30J22+0bs0GAacIQwk",,0
"5C1C2336FDA4494BA90DB5B9D8856625","D09","WOOD","WOOD_023","S","2014-09-10","2014-09-11","2015-03-01",,"WOOD_023.S.20140910.oc.01",,"Y","other carabid",,,,,,,,,,"4oCBvlQIQ4DhSH30J22+0bs0GAacIQwk",,0
"5AE73F3524B04C3A8081006C8D148F67","D09","WOOD","WOOD_023","S","2014-09-10","2014-09-11","2015-03-01",,"WOOD_023.20140910.ib.01","WOOD_023.20140910.ib.01","Y","invert bycatch",,,,,,,,,,"4oCBvlQIQ4DhSH30J22+0bs0GAacIQwk",,2
"C606175CA6C94F9099950747741FA84D","D09","WOOD","WOOD_023","E","2014-09-10","2014-09-11","2015-03-01",,"WOOD_023.20140910.ib.01","WOOD_023.20140910.ib.01","N","invert bycatch",,,,,,,,,,"4oCBvlQIQ4DhSH30J22+0bs0GAacIQwk",,2
"99F93C77A97F43D88429E10F728182AF","D09","WOOD","WOOD_023","N","2014-09-10","2014-09-11","2015-03-01",,"WOOD_023.20140910.ib.01","WOOD_023.20140910.ib.01","Y","invert bycatch",,,,,,,,,,"4oCBvlQIQ4DhSH30J22+0bs0GAacIQwk",,2
"09D11B78696246B290FF4BA995A27ABB","D09","WOOD","WOOD_024","N","2014-09-10","2014-09-11","2015-03-01",,"WOOD_024.20140910.ib.01","WOOD_024.20140910.ib.01","N","invert bycatch",,,,,,,,,,"4oCBvlQIQ4DhSH30J22+0bs0GAacIQwk",,2
"9ABBB761C1CC421A8F85AE19DD7520A1","D09","WOOD","WOOD_024","W","2014-09-10","2014-09-11","2015-03-01",,"WOOD_024.20140910.ib.01","WOOD_024.20140910.ib.01","Y","invert bycatch",,,,,,,,,,"4oCBvlQIQ4DhSH30J22+0bs0GAacIQwk",,2
"90189B2555A24CC88CBB918AFE8F1074","D09","WOOD","WOOD_024","W","2014-09-10","2014-09-11","2015-03-01",,"WOOD_024.W.20140910.oc.01",,"Y","other carabid",,,,,,,,,,"4oCBvlQIQ4DhSH30J22+0bs0GAacIQwk",,0
"D96776943B884C109288D1BB7CA175CF","D09","WOOD","WOOD_004","W","2014-09-10","2014-09-11","2015-03-01",,"WOOD_004.20140910.ib.01","WOOD_004.20140910.ib.01","N","invert bycatch",,,,,,,,,,"4oCBvlQIQ4DhSH30J22+0bs0GAacIQwk",,2
"743E82B2D36640EEA833BDC415D7E3D3","D09","WOOD","WOOD_004","E","2014-09-10","2014-09-11","2015-03-01",,"WOOD_004.20140910.ib.01","WOOD_004.20140910.ib.01","N","invert bycatch",,,,,,,,,,"4oCBvlQIQ4DhSH30J22+0bs0GAacIQwk",,2
"81624CB3E0E44F958DF91FAAFA4DECC3","D09","WOOD","WOOD_004","S","2014-09-10","2014-09-11","2015-03-01",,"WOOD_004.20140910.ib.01","WOOD_004.20140910.ib.01","N","invert bycatch",,,,,,,,,,"4oCBvlQIQ4DhSH30J22+0bs0GAacIQwk",,2
"A6B19BD54E4C43679E0A608849F17CAB","D09","WOOD","WOOD_004","N","2014-09-10","2014-09-11","2015-03-01",,"WOOD_004.20140910.ib.01","WOOD_004.20140910.ib.01","Y","invert bycatch",,,,,,,,,,"4oCBvlQIQ4DhSH30J22+0bs0GAacIQwk",,2
"875CD1367973458E8DE0F37FC034DB5B","D09","WOOD","WOOD_004","N","2014-09-10","2014-09-11","2015-03-01",,"WOOD_004.N.20140910.oc.01",,"Y","other carabid",,,,,,,,,,"4oCBvlQIQ4DhSH30J22+0bs0GAacIQwk",,0
"B59E3F506D1E444CA767D90BAF6FD168","D09","WOOD","WOOD_005","S","2014-09-10","2014-09-11","2015-03-01",,"WOOD_005.S.20140910.oc.01",,"Y","other carabid",,,,,,,,,,"4oCBvlQIQ4DhSH30J22+0bs0GAacIQwk",,0
"4A2C9C2097C24B389E97962E76B00D6B","D09","WOOD","WOOD_005","E","2014-09-10","2014-09-11","2015-03-01",,"WOOD_005.20140910.ib.01","WOOD_005.20140910.ib.01","N","invert bycatch",,,,,,,,,,"4oCBvlQIQ4DhSH30J22+0bs0GAacIQwk",,2
"1D9EEFC85672487D80F30F3899D8361F","D09","WOOD","WOOD_005","N","2014-09-10","2014-09-11","2015-03-01",,"WOOD_005.20140910.ib.01","WOOD_005.20140910.ib.01","Y","invert bycatch",,,,,,,,,,"4oCBvlQIQ4DhSH30J22+0bs0GAacIQwk",,2
"52F35E6B36ED4622A12B7938A6620F81","D09","WOOD","WOOD_005","W","2014-09-10","2014-09-11","2015-03-01",,"WOOD_005.20140910.ib.01","WOOD_005.20140910.ib.01","N","invert bycatch",,,,,,,,,,"4oCBvlQIQ4DhSH30J22+0bs0GAacIQwk",,2
"04835C2E1C3C4AF38A2DBACA9B05458D","D09","WOOD","WOOD_005","S","2014-09-10","2014-09-11","2015-03-01",,"WOOD_005.20140910.ib.01","WOOD_005.20140910.ib.01","Y","invert bycatch",,,,,,,,,,"4oCBvlQIQ4DhSH30J22+0bs0GAacIQwk",,2
"CE95F45366A44D7EAFBE038AE6FC3C8D","D09","WOOD","WOOD_005","N","2014-09-10","2014-09-11","2015-03-01",,"WOOD_005.N.20140910.oc.01",,"Y","other carabid",,,,,,,,,,"4oCBvlQIQ4DhSH30J22+0bs0GAacIQwk",,0
"41396F4A61074C61BBC8BFC2D2345311","D09","WOOD","WOOD_006","E","2014-09-10","2014-09-11","2015-03-01",,"WOOD_006.E.20140910.oc.01",,"Y","other carabid",,,,,,,,,,"4oCBvlQIQ4DhSH30J22+0bs0GAacIQwk",,0
"E4CCEB0E55A24FCDB8EFF472D3CE7253","D09","WOOD","WOOD_006","W","2014-09-10","2014-09-11","2015-03-01",,"WOOD_006.20140910.ib.01","WOOD_006.20140910.ib.01","N","invert bycatch",,,,,,,,,,"4oCBvlQIQ4DhSH30J22+0bs0GAacIQwk",,2
"8388709117F54482A8B3C1EAE891459E","D09","WOOD","WOOD_006","E","2014-09-10","2014-09-11","2015-03-01",,"WOOD_006.20140910.ib.01","WOOD_006.20140910.ib.01","Y","invert bycatch",,,,,,,,,,"4oCBvlQIQ4DhSH30J22+0bs0GAacIQwk",,2
"81E991E6B9804BBA9D47BE29B81A36A6","D09","WOOD","WOOD_006","S","2014-09-10","2014-09-11","2015-03-01",,"WOOD_006.20140910.ib.01","WOOD_006.20140910.ib.01","N","invert bycatch",,,,,,,,,,"4oCBvlQIQ4DhSH30J22+0bs0GAacIQwk",,2
"37EFA8ACD39F47C8BC3085845817A120","D09","WOOD","WOOD_006","N","2014-09-10","2014-09-11","2015-03-01",,"WOOD_006.20140910.ib.01","WOOD_006.20140910.ib.01","N","invert bycatch",,,,,,,,,,"4oCBvlQIQ4DhSH30J22+0bs0GAacIQwk",,2
"4081B8FF8812482BBD6A84494DCC3BF7","D09","WOOD","WOOD_007","W","2014-09-10","2014-09-11","2015-03-01",,"WOOD_007.20140910.ib.01","WOOD_007.20140910.ib.01","N","invert bycatch",,,,,,,,,,"4oCBvlQIQ4DhSH30J22+0bs0GAacIQwk",,2
"7D80859B533D426BB0D01A9969DCE2BE","D09","WOOD","WOOD_007","N","2014-09-10","2014-09-11","2015-03-01",,"WOOD_007.20140910.ib.01","WOOD_007.20140910.ib.01","N","invert bycatch",,,,,,,,,,"4oCBvlQIQ4DhSH30J22+0bs0GAacIQwk",,2
"EC0D5BA4EEE740B3A189C1BD25FA7310","D09","WOOD","WOOD_007","S","2014-09-10","2014-09-11","2015-03-01",,"WOOD_007.20140910.ib.01","WOOD_007.20140910.ib.01","N","invert bycatch",,,,,,,,,,"4oCBvlQIQ4DhSH30J22+0bs0GAacIQwk",,2
"FEDCBA5C476E46AAA1BC59610B79D01F","D09","WOOD","WOOD_007","E","2014-09-10","2014-09-11","2015-03-01",,"WOOD_007.20140910.ib.01","WOOD_007.20140910.ib.01","N","invert bycatch",,,,,,,,,,"4oCBvlQIQ4DhSH30J22+0bs0GAacIQwk",,2
"88FDDA8779CF426E803218B733CFD456","D09","WOOD","WOOD_001","N","2014-09-10","2014-09-11","2015-03-01",,"WOOD_001.N.20140910.oc.01",,"Y","other carabid",,,,,,,,,,"4oCBvlQIQ4DhSH30J22+0bs0GAacIQwk",,0
"067F035B418943BDAAA654AFC8F48456","D09","WOOD","WOOD_001","W","2014-09-10","2014-09-11","2015-03-01",,"WOOD_001.20140910.ib.01","WOOD_001.20140910.ib.01","N","invert bycatch",,,,,,,,,,"4oCBvlQIQ4DhSH30J22+0bs0GAacIQwk",,2
"CFEE88BD5A7A439CB1A73D34A3E9234F","D09","WOOD","WOOD_001","N","2014-09-10","2014-09-11","2015-03-01",,"WOOD_001.20140910.ib.01","WOOD_001.20140910.ib.01","Y","invert bycatch",,,,,,,,,,"4oCBvlQIQ4DhSH30J22+0bs0GAacIQwk",,2
"94B7E141A2D84C08AF83BD2C0A3D5276","D09","WOOD","WOOD_001","S","2014-09-10","2014-09-11","2015-03-01",,"WOOD_001.20140910.ib.01","WOOD_001.20140910.ib.01","Y","invert bycatch",,,,,,,,,,"4oCBvlQIQ4DhSH30J22+0bs0GAacIQwk",,2
"28DAA83963B5489196024B3CD1476560","D09","WOOD","WOOD_001","E","2014-09-10","2014-09-11","2015-03-01",,"WOOD_001.20140910.ib.01","WOOD_001.20140910.ib.01","N","invert bycatch",,,,,,,,,,"4oCBvlQIQ4DhSH30J22+0bs0GAacIQwk",,2
"980EBD7E88A243A8AB6DA101136BDF34","D09","WOOD","WOOD_001","S","2014-09-10","2014-09-11","2015-03-01",,"WOOD_001.S.20140910.oc.01",,"Y","other carabid",,,,,,,,,,"4oCBvlQIQ4DhSH30J22+0bs0GAacIQwk",,0
"FCA8907503044D97828AF9488CD97C05","D09","WOOD","WOOD_002","S","2014-09-10","2014-09-11","2015-03-01",,"WOOD_002.S.20140910.oc.01",,"Y","other carabid",,,,,,,,,,"4oCBvlQIQ4DhSH30J22+0bs0GAacIQwk",,0
"8019032486D7485B829DC1115D13664E","D09","WOOD","WOOD_002","S","2014-09-10","2014-09-11","2015-03-01",,"WOOD_002.20140910.ib.01","WOOD_002.20140910.ib.01","Y","invert bycatch",,,,,,,,,,"4oCBvlQIQ4DhSH30J22+0bs0GAacIQwk",,2
"F503CFC799B54D44A4D8D6332DB547CA","D09","WOOD","WOOD_002","W","2014-09-10","2014-09-11","2015-03-01",,"WOOD_002.20140910.ib.01","WOOD_002.20140910.ib.01","Y","invert bycatch",,,,,,,,,,"4oCBvlQIQ4DhSH30J22+0bs0GAacIQwk",,2
"04BDC4B7D828416D9581CCDC225AB7D5","D09","WOOD","WOOD_002","E","2014-09-10","2014-09-11","2015-03-01",,"WOOD_002.20140910.ib.01","WOOD_002.20140910.ib.01","N","invert bycatch",,,,,,,,,,"4oCBvlQIQ4DhSH30J22+0bs0GAacIQwk",,2
"13B05ECA89D4485BAEEC5AA76C41A0AB","D09","WOOD","WOOD_002","N","2014-09-10","2014-09-11","2015-03-01",,"WOOD_002.20140910.ib.01","WOOD_002.20140910.ib.01","Y","invert bycatch",,,,,,,,,,"4oCBvlQIQ4DhSH30J22+0bs0GAacIQwk",,2
"371026047C7D402EBEA4B005B177E354","D09","WOOD","WOOD_002","N","2014-09-10","2014-09-11","2015-03-01",,"WOOD_002.N.20140910.oc.01",,"Y","other carabid",,,,,,,,,,"4oCBvlQIQ4DhSH30J22+0bs0GAacIQwk",,0
"207A8497050A4FCD8E4CC25439151731","D09","WOOD","WOOD_002","W","2014-09-10","2014-09-11","2015-03-01",,"WOOD_002.W.20140910.oc.01",,"Y","other carabid",,,,,,,,,,"4oCBvlQIQ4DhSH30J22+0bs0GAacIQwk",,0
"4CC0901B0B084923B4280D623B649475","D09","WOOD","WOOD_003","W","2014-09-10","2014-09-11","2015-03-01",,"WOOD_003.W.20140910.oc.01",,"Y","other carabid",,,,,,,,,,"4oCBvlQIQ4DhSH30J22+0bs0GAacIQwk",,0
"A14A7C0DB86E465DB4D67EBB1E3770C1","D09","WOOD","WOOD_003","E","2014-09-10","2014-09-11","2015-03-01",,"WOOD_003.E.20140910.oc.01",,"Y","other carabid",,,,,,,,,,"4oCBvlQIQ4DhSH30J22+0bs0GAacIQwk",,0
"E4EDEC68132F4F24972F05A29798FA17","D09","WOOD","WOOD_003","S","2014-09-10","2014-09-11","2015-03-01",,"WOOD_003.20140910.ib.02","WOOD_003.20140910.ib.02","N","invert bycatch",,,,,,,,,,"4oCBvlQIQ4DhSH30J22+0bs0GAacIQwk",,0
"7AAB3B664A2440AF8C9DD1CDFCC58304","D09","WOOD","WOOD_003","N","2014-09-10","2014-09-11","2015-03-01",,"WOOD_003.20140910.ib.01","WOOD_003.20140910.ib.01","N","invert bycatch",,,,,,,,,,"4oCBvlQIQ4DhSH30J22+0bs0GAacIQwk",,2
"8403CEADA03E4AD9A25058E6D554CD76","D09","WOOD","WOOD_003","W","2014-09-10","2014-09-11","2015-03-01",,"WOOD_003.20140910.ib.01","WOOD_003.20140910.ib.01","Y","invert bycatch",,,,,,,,,,"4oCBvlQIQ4DhSH30J22+0bs0GAacIQwk",,2
"17D1C9A17D5A4D4297E09CC5CBA1A070","D09","WOOD","WOOD_003","E","2014-09-10","2014-09-11","2015-03-01",,"WOOD_003.20140910.ib.01","WOOD_003.20140910.ib.01","Y","invert bycatch",,,,,,,,,,"4oCBvlQIQ4DhSH30J22+0bs0GAacIQwk",,2
