"uid","domainID","siteID","plotID","trapID","nlcdClass","decimalLatitude","decimalLongitude","geodeticDatum","coordinateUncertainty","elevation","elevationUncertainty","setDate","collectDate","boutNumber","eventID","sampleID","daysOfTrapping","cupStatus","lidStatus","fluidLevel","trapReset","samplingProtocol","recordedBy","remarks","missingRecordsPerBoutQF","duplicateCollectionEventQF","compareSetCollectDateQF"
"D2B08F47775A4A5999B15921006DC149","D15","ONAQ","ONAQ_002","N","shrubScrub",40.193497,-112.464539,"WGS84",1.1,0.0,0.1,"2014-06-19","2014-07-03",1,"BET.ONAQ_002.2014.01","ONAQ_002.N.20140703",14,"ok","ok","low","Y","NEON.DOC.014050","xwW9faweG9yezxUGEB9quDydrYQYJWI4","added 250mL PG",0,0,0
"58EFD69DCB7A4D51B0F71F79E5D5989B","D15","ONAQ","ONAQ_012","S","evergreenForest",40.184764,-112.529539,"WGS84",1.1,0.0,0.1,"2014-06-19","2014-07-03",1,"BET.ONAQ_012.2014.01","ONAQ_012.S.20140703",14,"ok","ok","low","Y","NEON.DOC.014050","qnNRlNDF2ndv9+C3oWEt5IdhKZpI37LJ",,0,0,0
"AC58A4CBA84545078257CDD3BA78B3FF","D15","ONAQ","ONAQ_012","W","evergreenForest",40.184941,-112.529778,"WGS84",1.1,0.0,0.1,"2014-06-19","2014-07-03",1,"BET.ONAQ_012.2014.01","ONAQ_012.W.20140703",14,"ok","ok","low","Y","NEON.DOC.014050","qnNRlNDF2ndv9+C3oWEt5IdhKZpI37LJ",,0,0,0
"CF17A9CB2B414D36A64011200A59FEE4","D15","ONAQ","ONAQ_012","N","evergreenForest",40.185124,-112.529548,"WGS84",1.1,0.0,0.1,"2014-06-19","2014-07-03",1,"BET.ONAQ_012.2014.01","ONAQ_012.N.20140703",14,"ok","ok","low","Y","NEON.DOC.014050","qnNRlNDF2ndv9+C3oWEt5IdhKZpI37LJ",,0,0,0
"247814FE09C846E18099F2CACF100BEB","D15","ONAQ","ONAQ_012","E","evergreenForest",40.184947,-112.529309,"WGS84",1.1,0.0,0.1,"2014-06-19","2014-07-03",1,"BET.ONAQ_012.2014.01","ONAQ_012.E.20140703",14,"ok","ok","low","Y","NEON.DOC.014050","qnNRlNDF2ndv9+C3oWEt5IdhKZpI37LJ",,0,0,0
"42DFB88A01194F55A9D04B4EA2156795","D15","ONAQ","ONAQ_010","S","evergreenForest",40.200863,-112.497125,"WGS84",1.1,0.0,0.1,"2014-06-19","2014-07-03",1,"BET.ONAQ_010.2014.01","ONAQ_010.S.20140703",14,"ok","ok","low","Y","NEON.DOC.014050","xwW9faweG9yezxUGEB9quDydrYQYJWI4","added 250 mL PG to cup",0,0,0
"122C4F28187B46BE94309A2564E07038","D15","ONAQ","ONAQ_010","N","evergreenForest",40.201224,-112.497133,"WGS84",1.1,0.0,0.1,"2014-06-19","2014-07-03",1,"BET.ONAQ_010.2014.01","ONAQ_010.N.20140703",14,"ok","ok","low","Y","NEON.DOC.014050","xwW9faweG9yezxUGEB9quDydrYQYJWI4","added 250 mL PG to cup",0,0,0
"1F9F39AEFBCB4A6EA4CFED9A98CFF18B","D15","ONAQ","ONAQ_010","W","evergreenForest",40.201040,-112.497364,"WGS84",1.1,0.0,0.1,"2014-06-19","2014-07-03",1,"BET.ONAQ_010.2014.01","ONAQ_010.W.20140703",14,"ok","ok","low","Y","NEON.DOC.014050","xwW9faweG9yezxUGEB9quDydrYQYJWI4","added 250 mL PG to cup",0,0,0
"8613A58339FD4222AD2B78A765CD3E32","D15","ONAQ","ONAQ_010","E","evergreenForest",40.201046,-112.496895,"WGS84",1.1,0.0,0.1,"2014-06-19","2014-07-03",1,"BET.ONAQ_010.2014.01","ONAQ_010.E.20140703",14,"ok","ok","low","Y","NEON.DOC.014050","xwW9faweG9yezxUGEB9quDydrYQYJWI4","added 250mL PG to cup",0,0,0
"AB26EDF7B65C41558A9F044BFDCFEE71","D15","ONAQ","ONAQ_009","E","shrubScrub",40.160806,-112.471015,"WGS84",1.1,0.0,0.1,"2014-06-19","2014-07-03",1,"BET.ONAQ_009.2014.01","ONAQ_009.E.20140703",14,"ok","ok","low","Y","NEON.DOC.014050","qnNRlNDF2ndv9+C3oWEt5IdhKZpI37LJ","dead lizard in trap",0,0,0
"94818D01D82F426D86179048118AF471","D15","ONAQ","ONAQ_009","N","shrubScrub",40.160983,-112.471253,"WGS84",1.1,0.0,0.1,"2014-06-19","2014-07-03",1,"BET.ONAQ_009.2014.01","ONAQ_009.N.20140703",14,"ok","ok","low","Y","NEON.DOC.014050","qnNRlNDF2ndv9+C3oWEt5IdhKZpI37LJ",,0,0,0
"0A89C94D002A47C4BC5B1B63DBAE1F9B","D15","ONAQ","ONAQ_009","W","shrubScrub",40.160800,-112.471484,"WGS84",1.1,0.0,0.1,"2014-06-19","2014-07-03",1,"BET.ONAQ_009.2014.01","ONAQ_009.W.20140703",14,"ok","ok","low","Y","NEON.DOC.014050","qnNRlNDF2ndv9+C3oWEt5IdhKZpI37LJ",,0,0,0
"60D4A9D7924349918151B445457D4843","D15","ONAQ","ONAQ_009","S","shrubScrub",40.160623,-112.471246,"WGS84",1.1,0.0,0.1,"2014-06-19","2014-07-03",1,"BET.ONAQ_009.2014.01","ONAQ_009.S.20140703",14,"ok","ok","low","Y","NEON.DOC.014050","qnNRlNDF2ndv9+C3oWEt5IdhKZpI37LJ","dead lizard in trap",0,0,0
"FA8B0A7341014E1C84B0A7F9014B1A49","D15","ONAQ","ONAQ_008","E","evergreenForest",40.158542,-112.521339,"WGS84",1.2,0.0,0.2,"2014-06-19","2014-07-03",1,"BET.ONAQ_008.2014.01","ONAQ_008.E.20140703",14,"ok","ok","low","Y","NEON.DOC.014050","qnNRlNDF2ndv9+C3oWEt5IdhKZpI37LJ",,0,0,0
"3CC7FA75E58F440C9CA633211036CF53","D15","ONAQ","ONAQ_008","N","evergreenForest",40.158719,-112.521578,"WGS84",1.2,0.0,0.2,"2014-06-19","2014-07-03",1,"BET.ONAQ_008.2014.01","ONAQ_008.N.20140703",14,"ok","ok","low","Y","NEON.DOC.014050","qnNRlNDF2ndv9+C3oWEt5IdhKZpI37LJ",,0,0,0
"D63DFA4C02D347BB8AA14D003DAA8EA1","D15","ONAQ","ONAQ_008","S","evergreenForest",40.158358,-112.521570,"WGS84",1.2,0.0,0.2,"2014-06-19","2014-07-03",1,"BET.ONAQ_008.2014.01","ONAQ_008.S.20140703",14,"ok","ok","low","Y","NEON.DOC.014050","qnNRlNDF2ndv9+C3oWEt5IdhKZpI37LJ",,0,0,0
"6439B4331891481AA3962D9A4862663C","D15","ONAQ","ONAQ_008","W","evergreenForest",40.158536,-112.521809,"WGS84",1.2,0.0,0.2,"2014-06-19","2014-07-03",1,"BET.ONAQ_008.2014.01","ONAQ_008.W.20140703",14,"ok","ok","low","Y","NEON.DOC.014050","qnNRlNDF2ndv9+C3oWEt5IdhKZpI37LJ",,0,0,0
"F7D625B44CC4465D87C2215370143FAF","D15","ONAQ","ONAQ_006","N","evergreenForest",40.164888,-112.547065,"WGS84",1.1,0.0,0.1,"2014-06-19","2014-07-03",1,"BET.ONAQ_006.2014.01","ONAQ_006.N.20140703",14,"ok","ok","low","Y","NEON.DOC.014050","qnNRlNDF2ndv9+C3oWEt5IdhKZpI37LJ",,0,0,0
"4A633D916EA9436D95D674AED7FB5B35","D15","ONAQ","ONAQ_006","E","evergreenForest",40.164711,-112.546826,"WGS84",1.1,0.0,0.1,"2014-06-19","2014-07-03",1,"BET.ONAQ_006.2014.01","ONAQ_006.E.20140703",14,"ok","ok","low","Y","NEON.DOC.014050","qnNRlNDF2ndv9+C3oWEt5IdhKZpI37LJ",,0,0,0
"EB507A4FED3F42F7A5EA3EA797DDD337","D15","ONAQ","ONAQ_006","W","evergreenForest",40.164704,-112.547295,"WGS84",1.1,0.0,0.1,"2014-06-19","2014-07-03",1,"BET.ONAQ_006.2014.01","ONAQ_006.W.20140703",14,"ok","ok","low","Y","NEON.DOC.014050","qnNRlNDF2ndv9+C3oWEt5IdhKZpI37LJ",,0,0,0
"FEDAD7586A02440B8F86243CDFD67B8E","D15","ONAQ","ONAQ_006","S","evergreenForest",40.164527,-112.547056,"WGS84",1.1,0.0,0.1,"2014-06-19","2014-07-03",1,"BET.ONAQ_006.2014.01","ONAQ_006.S.20140703",14,"ok","ok","low","Y","NEON.DOC.014050","qnNRlNDF2ndv9+C3oWEt5IdhKZpI37LJ","something dug around trap, didn't get near cup",0,0,0
"67EAE58E532B4DA2B159B06C12A8A4AD","D15","ONAQ","ONAQ_007","N","shrubScrub",40.212678,-112.467439,"WGS84",1.1,0.0,0.1,"2014-06-19","2014-07-03",1,"BET.ONAQ_007.2014.01","ONAQ_007.N.20140703",14,"ok","ok","low","Y","NEON.DOC.014050","xwW9faweG9yezxUGEB9quDydrYQYJWI4","Filled to 150mL PG",0,0,0
"494BCEC5900A4A2DBE25D0D7E83215F5","D15","ONAQ","ONAQ_007","S","shrubScrub",40.212318,-112.467431,"WGS84",1.1,0.0,0.1,"2014-06-19","2014-07-03",1,"BET.ONAQ_007.2014.01","ONAQ_007.S.20140703",14,"ok","ok","low","Y","NEON.DOC.014050","xwW9faweG9yezxUGEB9quDydrYQYJWI4","Filled to 150mL PG",0,0,0
"7882CDF2AA4F44509AE06B002B1E6A45","D15","ONAQ","ONAQ_007","W","shrubScrub",40.212495,-112.467670,"WGS84",1.1,0.0,0.1,"2014-06-19","2014-07-03",1,"BET.ONAQ_007.2014.01","ONAQ_007.W.20140703",14,"ok","ok","low","Y","NEON.DOC.014050","xwW9faweG9yezxUGEB9quDydrYQYJWI4","Filled to 150mL PG",0,0,0
"C78AFF31F7224842B2D06464C18C9678","D15","ONAQ","ONAQ_007","E","shrubScrub",40.212501,-112.467200,"WGS84",1.1,0.0,0.1,"2014-06-19","2014-07-03",1,"BET.ONAQ_007.2014.01","ONAQ_007.E.20140703",14,"ok","ok","low","Y","NEON.DOC.014050","xwW9faweG9yezxUGEB9quDydrYQYJWI4","Filled to 150mL PG",0,0,0
"30288E6F9BC24065A69D871FC39E0CC7","D15","ONAQ","ONAQ_005","S","shrubScrub",40.180593,-112.431851,"WGS84",1.1,0.0,0.1,"2014-06-19","2014-07-03",1,"BET.ONAQ_005.2014.01","ONAQ_005.S.20140703",14,"ok","ok","low","Y","NEON.DOC.014050","xwW9faweG9yezxUGEB9quDydrYQYJWI4","added 150mL PG",0,0,0
"0CEE41848AF0416886EC589CA26C2B52","D15","ONAQ","ONAQ_005","E","shrubScrub",40.180777,-112.431620,"WGS84",1.1,0.0,0.1,"2014-06-19","2014-07-03",1,"BET.ONAQ_005.2014.01","ONAQ_005.E.20140703",14,"ok","ok","low","Y","NEON.DOC.014050","xwW9faweG9yezxUGEB9quDydrYQYJWI4","added 150mL PG",0,0,0
"8DE07371738A4A798A83106EE6F21F82","D15","ONAQ","ONAQ_005","W","shrubScrub",40.180771,-112.432090,"WGS84",1.1,0.0,0.1,"2014-06-19","2014-07-03",1,"BET.ONAQ_005.2014.01","ONAQ_005.W.20140703",14,"ok","ok","low","Y","NEON.DOC.014050","xwW9faweG9yezxUGEB9quDydrYQYJWI4","added 150mL PG",0,0,0
"C7888711DEE54E8A8E34755994442670","D15","ONAQ","ONAQ_005","N","shrubScrub",40.180954,-112.431858,"WGS84",1.1,0.0,0.1,"2014-06-19","2014-07-03",1,"BET.ONAQ_005.2014.01","ONAQ_005.N.20140703",14,"ok","ok","low","Y","NEON.DOC.014050","xwW9faweG9yezxUGEB9quDydrYQYJWI4","added 250mL PG",0,0,0
"67573C7447E94CB786721E875A6BED2B","D15","ONAQ","ONAQ_004","W","shrubScrub",40.185935,-112.472717,"WGS84",1.1,0.0,0.1,"2014-06-19","2014-07-03",1,"BET.ONAQ_004.2014.01","ONAQ_004.W.20140703",14,"ok","ok","low","Y","NEON.DOC.014050","xwW9faweG9yezxUGEB9quDydrYQYJWI4","Filled to 150mL PG",0,0,0
"5B2099101C9C459999BE17AEED4EECD5","D15","ONAQ","ONAQ_004","N","shrubScrub",40.186118,-112.472486,"WGS84",1.1,0.0,0.1,"2014-06-19","2014-07-03",1,"BET.ONAQ_004.2014.01","ONAQ_004.N.20140703",14,"ok","ok","low","Y","NEON.DOC.014050","xwW9faweG9yezxUGEB9quDydrYQYJWI4","Filled to 150mL PG",0,0,0
"DD9B5DE939DD474C923EC5F534F326F5","D15","ONAQ","ONAQ_004","E","shrubScrub",40.185941,-112.472247,"WGS84",1.1,0.0,0.1,"2014-06-19","2014-07-03",1,"BET.ONAQ_004.2014.01","ONAQ_004.E.20140703",14,"ok","ok","low","Y","NEON.DOC.014050","xwW9faweG9yezxUGEB9quDydrYQYJWI4","Filled to 150mL PG",0,0,0
"00BF8BF8764A4CB8A53A3573E5FEA39C","D15","ONAQ","ONAQ_004","S","shrubScrub",40.185758,-112.472478,"WGS84",1.1,0.0,0.1,"2014-06-19","2014-07-03",1,"BET.ONAQ_004.2014.01","ONAQ_004.S.20140703",14,"ok","ok","low","Y","NEON.DOC.014050","xwW9faweG9yezxUGEB9quDydrYQYJWI4",,0,0,0
"35153F62461E4314B5FAF602710BE953","D15","ONAQ","ONAQ_003","E","shrubScrub",40.205924,-112.430041,"WGS84",1.1,0.0,0.1,"2014-06-19","2014-07-03",1,"BET.ONAQ_003.2014.01","ONAQ_003.E.20140703",14,"ok","ok","low","Y","NEON.DOC.014050","xwW9faweG9yezxUGEB9quDydrYQYJWI4","added 150mL PG",0,0,0
"BF477C200900491D9C9DADFC01DF201F","D15","ONAQ","ONAQ_003","S","shrubScrub",40.205741,-112.430273,"WGS84",1.1,0.0,0.1,"2014-06-19","2014-07-03",1,"BET.ONAQ_003.2014.01","ONAQ_003.S.20140703",14,"ok","ok","low","Y","NEON.DOC.014050","xwW9faweG9yezxUGEB9quDydrYQYJWI4","added 150mL PG",0,0,0
"F95CDEC6CD864223BF13CADDD893468A","D15","ONAQ","ONAQ_003","W","shrubScrub",40.205918,-112.430511,"WGS84",1.1,0.0,0.1,"2014-06-19","2014-07-03",1,"BET.ONAQ_003.2014.01","ONAQ_003.W.20140703",14,"ok","ok","low","Y","NEON.DOC.014050","xwW9faweG9yezxUGEB9quDydrYQYJWI4","added 150mL PG",0,0,0
"E21AF43FB2A94360BD06022811DF1A92","D15","ONAQ","ONAQ_003","N","shrubScrub",40.206101,-112.430280,"WGS84",1.1,0.0,0.1,"2014-06-19","2014-07-03",1,"BET.ONAQ_003.2014.01","ONAQ_003.N.20140703",14,"ok","ok","low","Y","NEON.DOC.014050","xwW9faweG9yezxUGEB9quDydrYQYJWI4","added 150 mL PG",0,0,0
"1CA7956B21AD4C4B93DFEB8978546147","D15","ONAQ","ONAQ_002","W","shrubScrub",40.193314,-112.464770,"WGS84",1.1,0.0,0.1,"2014-06-19","2014-07-03",1,"BET.ONAQ_002.2014.01","ONAQ_002.W.20140703",14,"ok","ok","low","Y","NEON.DOC.014050","xwW9faweG9yezxUGEB9quDydrYQYJWI4","added 250mL PG",0,0,0
"23F8C25E00A447129289A6A5D8CA91F6","D15","ONAQ","ONAQ_002","S","shrubScrub",40.193137,-112.464531,"WGS84",1.1,0.0,0.1,"2014-06-19","2014-07-03",1,"BET.ONAQ_002.2014.01","ONAQ_002.S.20140703",14,"ok","ok","low","Y","NEON.DOC.014050","xwW9faweG9yezxUGEB9quDydrYQYJWI4","added 250mL PG",0,0,0
"85914E0620ED4A4CB5CEC9A6750C510F","D15","ONAQ","ONAQ_002","E","shrubScrub",40.193320,-112.464300,"WGS84",1.1,0.0,0.1,"2014-06-19","2014-07-03",1,"BET.ONAQ_002.2014.01","ONAQ_002.E.20140703",14,"ok","ok","low","Y","NEON.DOC.014050","xwW9faweG9yezxUGEB9quDydrYQYJWI4","added 250mL PG",0,0,0
"8C445A34BF5340EBB7B22B0CB85655AB","D15","ONAQ","ONAQ_002","W","shrubScrub",40.193314,-112.464770,"WGS84",1.1,0.0,0.1,"2014-07-03","2014-07-17",2,"BET.ONAQ_002.2014.02","ONAQ_002.W.20140717",14,"ok","ok","low","Y","NEON.DOC.014050","B5YzZg28369xWGye0Wf9qxMwC1Zdm1gM",,0,0,0
"69BD00D707DE4BD1B9038D5B5B343CB4","D15","ONAQ","ONAQ_012","E","evergreenForest",40.184947,-112.529309,"WGS84",1.1,0.0,0.1,"2014-07-03","2014-07-17",2,"BET.ONAQ_012.2014.02","ONAQ_012.E.20140717",14,"ok","ok","ok","Y","NEON.DOC.014050","qnNRlNDF2ndv9+C3oWEt5IdhKZpI37LJ",,0,0,0
"0C43FD9AC35B4B0187768577BD43B692","D15","ONAQ","ONAQ_012","W","evergreenForest",40.184941,-112.529778,"WGS84",1.1,0.0,0.1,"2014-07-03","2014-07-17",2,"BET.ONAQ_012.2014.02","ONAQ_012.W.20140717",14,"ok","ok","ok","Y","NEON.DOC.014050","qnNRlNDF2ndv9+C3oWEt5IdhKZpI37LJ",,0,0,0
"6E5B7869E3174B07AB1FB65E9BE56626","D15","ONAQ","ONAQ_012","S","evergreenForest",40.184764,-112.529539,"WGS84",1.1,0.0,0.1,"2014-07-03","2014-07-17",2,"BET.ONAQ_012.2014.02","ONAQ_012.S.20140717",14,"ok","ok","ok","Y","NEON.DOC.014050","qnNRlNDF2ndv9+C3oWEt5IdhKZpI37LJ",,0,0,0
"F2AD9FEF90BF4D54B068E8335DE1F262","D15","ONAQ","ONAQ_012","N","evergreenForest",40.185124,-112.529548,"WGS84",1.1,0.0,0.1,"2014-07-03","2014-07-17",2,"BET.ONAQ_012.2014.02","ONAQ_012.N.20140717",14,"ok","ok","ok","Y","NEON.DOC.014050","qnNRlNDF2ndv9+C3oWEt5IdhKZpI37LJ",,0,0,0
"0E16EC29AEAF423A9F8613EE637057BE","D15","ONAQ","ONAQ_010","W","evergreenForest",40.201040,-112.497364,"WGS84",1.1,0.0,0.1,"2014-07-03","2014-07-17",2,"BET.ONAQ_010.2014.02","ONAQ_010.W.20140717",14,"ok","ok","low","Y","NEON.DOC.014050","B5YzZg28369xWGye0Wf9qxMwC1Zdm1gM",,0,0,0
"B04557CD0A0A4FA099A8A455FAC27EF1","D15","ONAQ","ONAQ_010","N","evergreenForest",40.201224,-112.497133,"WGS84",1.1,0.0,0.1,"2014-07-03","2014-07-17",2,"BET.ONAQ_010.2014.02","ONAQ_010.N.20140717",14,"ok","ok","low","Y","NEON.DOC.014050","B5YzZg28369xWGye0Wf9qxMwC1Zdm1gM",,0,0,0
"C7A401F7D11C4EE1B6D3EC60B1DFE36A","D15","ONAQ","ONAQ_010","S","evergreenForest",40.200863,-112.497125,"WGS84",1.1,0.0,0.1,"2014-07-03","2014-07-17",2,"BET.ONAQ_010.2014.02","ONAQ_010.S.20140717",14,"ok","ok","low","Y","NEON.DOC.014050","B5YzZg28369xWGye0Wf9qxMwC1Zdm1gM",,0,0,0
"0B19B5A4230840E29F0295667AD9B9B9","D15","ONAQ","ONAQ_010","E","evergreenForest",40.201046,-112.496895,"WGS84",1.1,0.0,0.1,"2014-07-03","2014-07-17",2,"BET.ONAQ_010.2014.02","ONAQ_010.E.20140717",14,"ok","ok","low","Y","NEON.DOC.014050","B5YzZg28369xWGye0Wf9qxMwC1Zdm1gM",,0,0,0
"F64EEBF992E44E7B8C3547118A1860C5","D15","ONAQ","ONAQ_009","W","shrubScrub",40.160800,-112.471484,"WGS84",1.1,0.0,0.1,"2014-07-03","2014-07-17",2,"BET.ONAQ_009.2014.02","ONAQ_009.W.20140717",14,"ok","ok","low","Y","NEON.DOC.014050","qnNRlNDF2ndv9+C3oWEt5IdhKZpI37LJ",,0,0,0
"916039AD233942D99CFA46475B5DF990","D15","ONAQ","ONAQ_009","N","shrubScrub",40.160983,-112.471253,"WGS84",1.1,0.0,0.1,"2014-07-03","2014-07-17",2,"BET.ONAQ_009.2014.02","ONAQ_009.N.20140717",14,"ok","ok","low","Y","NEON.DOC.014050","qnNRlNDF2ndv9+C3oWEt5IdhKZpI37LJ",,0,0,0
"0EF6A54D841B4EE5B55EB2D8C0627EA3","D15","ONAQ","ONAQ_009","S","shrubScrub",40.160623,-112.471246,"WGS84",1.1,0.0,0.1,"2014-07-03","2014-07-17",2,"BET.ONAQ_009.2014.02","ONAQ_009.S.20140717",14,"ok","ok","ok","Y","NEON.DOC.014050","qnNRlNDF2ndv9+C3oWEt5IdhKZpI37LJ",,0,0,0
"E9F51F9945024A8E9D77EC9E4A6828C4","D15","ONAQ","ONAQ_009","E","shrubScrub",40.160806,-112.471015,"WGS84",1.1,0.0,0.1,"2014-07-03","2014-07-17",2,"BET.ONAQ_009.2014.02","ONAQ_009.E.20140717",14,"ok","ok","ok","Y","NEON.DOC.014050","qnNRlNDF2ndv9+C3oWEt5IdhKZpI37LJ",,0,0,0
"71A81153F9CE4EBD9B4E8DB4991CC6DD","D15","ONAQ","ONAQ_008","W","evergreenForest",40.158536,-112.521809,"WGS84",1.2,0.0,0.2,"2014-07-03","2014-07-17",2,"BET.ONAQ_008.2014.02","ONAQ_008.W.20140717",14,"ok","ok","ok","Y","NEON.DOC.014050","qnNRlNDF2ndv9+C3oWEt5IdhKZpI37LJ",,0,0,0
"B9E14897CACE40018E0FEAC017B81CC4","D15","ONAQ","ONAQ_008","S","evergreenForest",40.158358,-112.521570,"WGS84",1.2,0.0,0.2,"2014-07-03","2014-07-17",2,"BET.ONAQ_008.2014.02","ONAQ_008.S.20140717",14,"ok","ok","ok","Y","NEON.DOC.014050","qnNRlNDF2ndv9+C3oWEt5IdhKZpI37LJ",,0,0,0
"375848EE45374BFE9DB0A6DE7D7973D5","D15","ONAQ","ONAQ_008","N","evergreenForest",40.158719,-112.521578,"WGS84",1.2,0.0,0.2,"2014-07-03","2014-07-17",2,"BET.ONAQ_008.2014.02","ONAQ_008.N.20140717",14,"ok","ok","ok","Y","NEON.DOC.014050","qnNRlNDF2ndv9+C3oWEt5IdhKZpI37LJ",,0,0,0
"8F6813F6F13E4CB5B88A382F73AB1199","D15","ONAQ","ONAQ_008","E","evergreenForest",40.158542,-112.521339,"WGS84",1.2,0.0,0.2,"2014-07-03","2014-07-17",2,"BET.ONAQ_008.2014.02","ONAQ_008.E.20140717",14,"ok","ok","ok","Y","NEON.DOC.014050","qnNRlNDF2ndv9+C3oWEt5IdhKZpI37LJ",,0,0,0
"C07E44046E9A4A3992DC8EA60BCFE309","D15","ONAQ","ONAQ_006","S","evergreenForest",40.164527,-112.547056,"WGS84",1.1,0.0,0.1,"2014-07-03","2014-07-17",2,"BET.ONAQ_006.2014.02","ONAQ_006.S.20140717",14,"disturbed","ok","ok","Y","NEON.DOC.014050","qnNRlNDF2ndv9+C3oWEt5IdhKZpI37LJ",,0,0,0
"5AD68A1ACD344B0385FED739424E8CDA","D15","ONAQ","ONAQ_006","W","evergreenForest",40.164704,-112.547295,"WGS84",1.1,0.0,0.1,"2014-07-03","2014-07-17",2,"BET.ONAQ_006.2014.02","ONAQ_006.W.20140717",14,"ok","ok","ok","Y","NEON.DOC.014050","qnNRlNDF2ndv9+C3oWEt5IdhKZpI37LJ",,0,0,0
"8E16C7F27A5D4A669FAACEB7426E058A","D15","ONAQ","ONAQ_006","E","evergreenForest",40.164711,-112.546826,"WGS84",1.1,0.0,0.1,"2014-07-03","2014-07-17",2,"BET.ONAQ_006.2014.02","ONAQ_006.E.20140717",14,"ok","ok","ok","Y","NEON.DOC.014050","qnNRlNDF2ndv9+C3oWEt5IdhKZpI37LJ","spilled small amount of contents while rinsing- recovered all specimens",0,0,0
"6904D3E8677446D68511A24F03AE2DC4","D15","ONAQ","ONAQ_006","N","evergreenForest",40.164888,-112.547065,"WGS84",1.1,0.0,0.1,"2014-07-03","2014-07-17",2,"BET.ONAQ_006.2014.02","ONAQ_006.N.20140717",14,"ok","ok","ok","Y","NEON.DOC.014050","qnNRlNDF2ndv9+C3oWEt5IdhKZpI37LJ",,0,0,0
"5655E643FA494E24A07B3BC87FA2F97E","D15","ONAQ","ONAQ_007","N","shrubScrub",40.212678,-112.467439,"WGS84",1.1,0.0,0.1,"2014-07-03","2014-07-17",2,"BET.ONAQ_007.2014.02","ONAQ_007.N.20140717",14,"ok","ok","low","Y","NEON.DOC.014050","B5YzZg28369xWGye0Wf9qxMwC1Zdm1gM",,0,0,0
"773432BE298A4D4CA346FA58AB7FD086","D15","ONAQ","ONAQ_007","W","shrubScrub",40.212495,-112.467670,"WGS84",1.1,0.0,0.1,"2014-07-03","2014-07-17",2,"BET.ONAQ_007.2014.02","ONAQ_007.W.20140717",14,"ok","ok","low","Y","NEON.DOC.014050","B5YzZg28369xWGye0Wf9qxMwC1Zdm1gM",,0,0,0
"00C8E751A85A49CFBA88ABFCD0798D34","D15","ONAQ","ONAQ_007","S","shrubScrub",40.212318,-112.467431,"WGS84",1.1,0.0,0.1,"2014-07-03","2014-07-17",2,"BET.ONAQ_007.2014.02","ONAQ_007.S.20140717",14,"ok","ok","low","Y","NEON.DOC.014050","B5YzZg28369xWGye0Wf9qxMwC1Zdm1gM",,0,0,0
"5E1BAC31632541F484B3030C8083F895","D15","ONAQ","ONAQ_007","E","shrubScrub",40.212501,-112.467200,"WGS84",1.1,0.0,0.1,"2014-07-03","2014-07-17",2,"BET.ONAQ_007.2014.02","ONAQ_007.E.20140717",14,"ok","ok","low","Y","NEON.DOC.014050","B5YzZg28369xWGye0Wf9qxMwC1Zdm1gM",,0,0,0
"11EF8F2132A64F98ADA74A06D422551C","D15","ONAQ","ONAQ_005","N","shrubScrub",40.180954,-112.431858,"WGS84",1.1,0.0,0.1,"2014-07-03","2014-07-17",2,"BET.ONAQ_005.2014.02","ONAQ_005.N.20140717",14,"ok","ok","low","Y","NEON.DOC.014050","B5YzZg28369xWGye0Wf9qxMwC1Zdm1gM",,0,0,0
"5B67862BE8724F8CA11C70B81B5F2C12","D15","ONAQ","ONAQ_005","S","shrubScrub",40.180593,-112.431851,"WGS84",1.1,0.0,0.1,"2014-07-03","2014-07-17",2,"BET.ONAQ_005.2014.02","ONAQ_005.S.20140717",14,"ok","ok","low","Y","NEON.DOC.014050","B5YzZg28369xWGye0Wf9qxMwC1Zdm1gM",,0,0,0
"D061C913FA2B445A9373F65B517220C8","D15","ONAQ","ONAQ_005","W","shrubScrub",40.180771,-112.432090,"WGS84",1.1,0.0,0.1,"2014-07-03","2014-07-17",2,"BET.ONAQ_005.2014.02","ONAQ_005.W.20140717",14,"ok","ok","low","Y","NEON.DOC.014050","B5YzZg28369xWGye0Wf9qxMwC1Zdm1gM",,0,0,0
"A83AE63F8CC1488C8E07B91A345A46A8","D15","ONAQ","ONAQ_005","E","shrubScrub",40.180777,-112.431620,"WGS84",1.1,0.0,0.1,"2014-07-03","2014-07-17",2,"BET.ONAQ_005.2014.02","ONAQ_005.E.20140717",14,"ok","ok","low","Y","NEON.DOC.014050","B5YzZg28369xWGye0Wf9qxMwC1Zdm1gM",,0,0,0
"4CB5B6EA23F44619A2104D6BC431A6CC","D15","ONAQ","ONAQ_004","W","shrubScrub",40.185935,-112.472717,"WGS84",1.1,0.0,0.1,"2014-07-03","2014-07-17",2,"BET.ONAQ_004.2014.02","ONAQ_004.W.20140717",14,"ok","ok","low","Y","NEON.DOC.014050","B5YzZg28369xWGye0Wf9qxMwC1Zdm1gM",,0,0,0
"9B5A446926AD4811B9D20E2CDC469868","D15","ONAQ","ONAQ_004","E","shrubScrub",40.185941,-112.472247,"WGS84",1.1,0.0,0.1,"2014-07-03","2014-07-17",2,"BET.ONAQ_004.2014.02","ONAQ_004.E.20140717",14,"ok","ok","low","Y","NEON.DOC.014050","B5YzZg28369xWGye0Wf9qxMwC1Zdm1gM",,0,0,0
"51707D0836FA4F9296ABF540CA11169B","D15","ONAQ","ONAQ_004","S","shrubScrub",40.185758,-112.472478,"WGS84",1.1,0.0,0.1,"2014-07-03","2014-07-17",2,"BET.ONAQ_004.2014.02","ONAQ_004.S.20140717",14,"ok","ok","low","Y","NEON.DOC.014050","B5YzZg28369xWGye0Wf9qxMwC1Zdm1gM",,0,0,0
"B9BC8F367E4F426B87F3261D1622ED8E","D15","ONAQ","ONAQ_004","N","shrubScrub",40.186118,-112.472486,"WGS84",1.1,0.0,0.1,"2014-07-03","2014-07-17",2,"BET.ONAQ_004.2014.02","ONAQ_004.N.20140717",14,"ok","ok","low","Y","NEON.DOC.014050","B5YzZg28369xWGye0Wf9qxMwC1Zdm1gM",,0,0,0
"4185FB868E5C4F3BA0E397BDB5C5B9BF","D15","ONAQ","ONAQ_003","E","shrubScrub",40.205924,-112.430041,"WGS84",1.1,0.0,0.1,"2014-07-03","2014-07-17",2,"BET.ONAQ_003.2014.02","ONAQ_003.E.20140717",14,"ok","ok","low","Y","NEON.DOC.014050","B5YzZg28369xWGye0Wf9qxMwC1Zdm1gM",,0,0,0
"46A66C7A0F824393B4ECD1CAFFBEDBC6","D15","ONAQ","ONAQ_003","N","shrubScrub",40.206101,-112.430280,"WGS84",1.1,0.0,0.1,"2014-07-03","2014-07-17",2,"BET.ONAQ_003.2014.02","ONAQ_003.N.20140717",14,"ok","ok","low","Y","NEON.DOC.014050","B5YzZg28369xWGye0Wf9qxMwC1Zdm1gM",,0,0,0
"225ADEBD56434D799430690CCCE83838","D15","ONAQ","ONAQ_003","S","shrubScrub",40.205741,-112.430273,"WGS84",1.1,0.0,0.1,"2014-07-03","2014-07-17",2,"BET.ONAQ_003.2014.02","ONAQ_003.S.20140717",14,"ok","ok","low","Y","NEON.DOC.014050","B5YzZg28369xWGye0Wf9qxMwC1Zdm1gM",,0,0,0
"A396BBD5244C4049B6B35857AF3C5ABB","D15","ONAQ","ONAQ_003","W","shrubScrub",40.205918,-112.430511,"WGS84",1.1,0.0,0.1,"2014-07-03","2014-07-17",2,"BET.ONAQ_003.2014.02","ONAQ_003.W.20140717",14,"ok","ok","low","Y","NEON.DOC.014050","B5YzZg28369xWGye0Wf9qxMwC1Zdm1gM",,0,0,0
"443026D8662A4A55B6D434AE6156024B","D15","ONAQ","ONAQ_002","E","shrubScrub",40.193320,-112.464300,"WGS84",1.1,0.0,0.1,"2014-07-03","2014-07-17",2,"BET.ONAQ_002.2014.02","ONAQ_002.E.20140717",14,"ok","ok","low","Y","NEON.DOC.014050","B5YzZg28369xWGye0Wf9qxMwC1Zdm1gM",,0,0,0
"A265F91CA174487680A50C78DF4EC56E","D15","ONAQ","ONAQ_002","S","shrubScrub",40.193137,-112.464531,"WGS84",1.1,0.0,0.1,"2014-07-03","2014-07-17",2,"BET.ONAQ_002.2014.02","ONAQ_002.S.20140717",14,"ok","ok","low","Y","NEON.DOC.014050","B5YzZg28369xWGye0Wf9qxMwC1Zdm1gM",,0,0,0
"28C72BBFC71C4C9B8A89E94D95B31ADA","D15","ONAQ","ONAQ_002","N","shrubScrub",40.193497,-112.464539,"WGS84",1.1,0.0,0.1,"2014-07-03","2014-07-17",2,"BET.ONAQ_002.2014.02","ONAQ_002.N.20140717",14,"ok","ok","low","Y","NEON.DOC.014050","B5YzZg28369xWGye0Wf9qxMwC1Zdm1gM",,0,0,0
"80D15B3C229449AFACBA23054F41C02A","D15","ONAQ","ONAQ_002","E","shrubScrub",40.193320,-112.464300,"WGS84",1.1,0.0,0.1,"2014-07-17","2014-07-31",3,"BET.ONAQ_002.2014.03","ONAQ_002.E.20140731",14,"ok","ok","ok","Y","NEON.DOC.014050","wsPgf8Zw9fJKymWy47Zkre6IykLRH3+g",,0,0,0
"92F545BDCB4B443DB3C62C096F2131EA","D15","ONAQ","ONAQ_012","N","evergreenForest",40.185124,-112.529548,"WGS84",1.1,0.0,0.1,"2014-07-17","2014-07-31",3,"BET.ONAQ_012.2014.03","ONAQ_012.N.20140731",14,"ok","ok","ok","Y","NEON.DOC.014050","qnNRlNDF2ndv9+C3oWEt5IdhKZpI37LJ",,0,0,0
"C3B790551DCB43A8833B8F0F5078DCE3","D15","ONAQ","ONAQ_012","E","evergreenForest",40.184947,-112.529309,"WGS84",1.1,0.0,0.1,"2014-07-17","2014-07-31",3,"BET.ONAQ_012.2014.03","ONAQ_012.E.20140731",14,"ok","ok","ok","Y","NEON.DOC.014050","qnNRlNDF2ndv9+C3oWEt5IdhKZpI37LJ",,0,0,0
"1961FB1601FE43D0927677AC7B9631DB","D15","ONAQ","ONAQ_012","W","evergreenForest",40.184941,-112.529778,"WGS84",1.1,0.0,0.1,"2014-07-17","2014-07-31",3,"BET.ONAQ_012.2014.03","ONAQ_012.W.20140731",14,"ok","ok","ok","Y","NEON.DOC.014050","qnNRlNDF2ndv9+C3oWEt5IdhKZpI37LJ",,0,0,0
"319EA58BCDDC4BB3A0CE8DBB990A76EF","D15","ONAQ","ONAQ_012","S","evergreenForest",40.184764,-112.529539,"WGS84",1.1,0.0,0.1,"2014-07-17","2014-07-31",3,"BET.ONAQ_012.2014.03","ONAQ_012.S.20140731",14,"ok","ok","low","Y","NEON.DOC.014050","qnNRlNDF2ndv9+C3oWEt5IdhKZpI37LJ",,0,0,0
"B2B1AAB955744319A27DEB53361F1E2B","D15","ONAQ","ONAQ_010","E","evergreenForest",40.201046,-112.496895,"WGS84",1.1,0.0,0.1,"2014-07-17","2014-07-31",3,"BET.ONAQ_010.2014.03","ONAQ_010.E.20140731",14,"ok","ok","low","Y","NEON.DOC.014050","xwW9faweG9yezxUGEB9quDydrYQYJWI4","added 250mL PG",0,0,0
"0CA380F6A4B7452F9A82FE3384B36CD0","D15","ONAQ","ONAQ_010","W","evergreenForest",40.201040,-112.497364,"WGS84",1.1,0.0,0.1,"2014-07-17","2014-07-31",3,"BET.ONAQ_010.2014.03","ONAQ_010.W.20140731",14,"ok","ok","low","Y","NEON.DOC.014050","xwW9faweG9yezxUGEB9quDydrYQYJWI4","added 250mL PG",0,0,0
"8377E5C02A784DB0842A1767EA73C834","D15","ONAQ","ONAQ_010","S","evergreenForest",40.200863,-112.497125,"WGS84",1.1,0.0,0.1,"2014-07-17","2014-07-31",3,"BET.ONAQ_010.2014.03","ONAQ_010.S.20140731",14,"ok","ok","low","Y","NEON.DOC.014050","xwW9faweG9yezxUGEB9quDydrYQYJWI4","added 250mL PG",0,0,0
"F5E1F13060EA49ACB799EB4F53F34D55","D15","ONAQ","ONAQ_010","N","evergreenForest",40.201224,-112.497133,"WGS84",1.1,0.0,0.1,"2014-07-17","2014-07-31",3,"BET.ONAQ_010.2014.03","ONAQ_010.N.20140731",14,"ok","ok","low","Y","NEON.DOC.014050","xwW9faweG9yezxUGEB9quDydrYQYJWI4","added 250mL PG",0,0,0
"D59844F3E06E44629BD0546EA8CD4A6A","D15","ONAQ","ONAQ_009","E","shrubScrub",40.160806,-112.471015,"WGS84",1.1,0.0,0.1,"2014-07-17","2014-07-31",3,"BET.ONAQ_009.2014.03","ONAQ_009.E.20140731",14,"ok","ok","low","Y","NEON.DOC.014050","xwW9faweG9yezxUGEB9quDydrYQYJWI4","added 250mL PG",0,0,0
"EC260210A55D460FB5CC2146C1A3B3E3","D15","ONAQ","ONAQ_009","N","shrubScrub",40.160983,-112.471253,"WGS84",1.1,0.0,0.1,"2014-07-17","2014-07-31",3,"BET.ONAQ_009.2014.03","ONAQ_009.N.20140731",14,"ok","ok","low","Y","NEON.DOC.014050","xwW9faweG9yezxUGEB9quDydrYQYJWI4","added 250mL PG",0,0,0
"3E4B060B29D844039C8818494FA6AE4B","D15","ONAQ","ONAQ_009","S","shrubScrub",40.160623,-112.471246,"WGS84",1.1,0.0,0.1,"2014-07-17","2014-07-31",3,"BET.ONAQ_009.2014.03","ONAQ_009.S.20140731",14,"ok","ok","low","Y","NEON.DOC.014050","xwW9faweG9yezxUGEB9quDydrYQYJWI4","added 250mL PG",0,0,0
"B1CC21A221684223B01585592D091268","D15","ONAQ","ONAQ_009","W","shrubScrub",40.160800,-112.471484,"WGS84",1.1,0.0,0.1,"2014-07-17","2014-07-31",3,"BET.ONAQ_009.2014.03","ONAQ_009.W.20140731",14,"ok","ok","low","Y","NEON.DOC.014050","xwW9faweG9yezxUGEB9quDydrYQYJWI4","added 250mL PG",0,0,0
"789BEA3E5B2C49818977C35719862BD7","D15","ONAQ","ONAQ_008","N","evergreenForest",40.158719,-112.521578,"WGS84",1.2,0.0,0.2,"2014-07-17","2014-07-31",3,"BET.ONAQ_008.2014.03","ONAQ_008.N.20140731",14,"ok","ok","low","Y","NEON.DOC.014050","xwW9faweG9yezxUGEB9quDydrYQYJWI4","added 250mL PG",0,0,0
"3123EEC7451A461DB7267B5710E51F60","D15","ONAQ","ONAQ_008","S","evergreenForest",40.158358,-112.521570,"WGS84",1.2,0.0,0.2,"2014-07-17","2014-07-31",3,"BET.ONAQ_008.2014.03","ONAQ_008.S.20140731",14,"ok","ok","low","Y","NEON.DOC.014050","xwW9faweG9yezxUGEB9quDydrYQYJWI4","added 250mL PG",0,0,0
"1BB48DCD8B904F229B5EDC851F9F2477","D15","ONAQ","ONAQ_008","W","evergreenForest",40.158536,-112.521809,"WGS84",1.2,0.0,0.2,"2014-07-17","2014-07-31",3,"BET.ONAQ_008.2014.03","ONAQ_008.W.20140731",14,"ok","ok","low","Y","NEON.DOC.014050","xwW9faweG9yezxUGEB9quDydrYQYJWI4","added 250mL PG",0,0,0
"9DCB034325234A8CAB0C1312135BCC06","D15","ONAQ","ONAQ_008","E","evergreenForest",40.158542,-112.521339,"WGS84",1.2,0.0,0.2,"2014-07-17","2014-07-31",3,"BET.ONAQ_008.2014.03","ONAQ_008.E.20140731",14,"ok","ok","low","Y","NEON.DOC.014050","xwW9faweG9yezxUGEB9quDydrYQYJWI4","added 250mL PG",0,0,0
"D566C9B54C794D20A0CC52C0F5970921","D15","ONAQ","ONAQ_006","S","evergreenForest",40.164527,-112.547056,"WGS84",1.1,0.0,0.1,"2014-07-17","2014-07-31",3,"BET.ONAQ_006.2014.03","ONAQ_006.S.20140731",14,"ok","ok","ok","Y","NEON.DOC.014050","qnNRlNDF2ndv9+C3oWEt5IdhKZpI37LJ",,0,0,0
"A713FFA7C0874CF4B82466F3B86C5E14","D15","ONAQ","ONAQ_006","E","evergreenForest",40.164711,-112.546826,"WGS84",1.1,0.0,0.1,"2014-07-17","2014-07-31",3,"BET.ONAQ_006.2014.03","ONAQ_006.E.20140731",14,"ok","ok","low","Y","NEON.DOC.014050","qnNRlNDF2ndv9+C3oWEt5IdhKZpI37LJ",,0,0,0
"8E6BCC24C76542ACBFF8DF77D84A357A","D15","ONAQ","ONAQ_006","W","evergreenForest",40.164704,-112.547295,"WGS84",1.1,0.0,0.1,"2014-07-17","2014-07-31",3,"BET.ONAQ_006.2014.03","ONAQ_006.W.20140731",14,"ok","ok","ok","Y","NEON.DOC.014050","qnNRlNDF2ndv9+C3oWEt5IdhKZpI37LJ",,0,0,0
"830DF2697C6D493F8A80E9C854B8F36E","D15","ONAQ","ONAQ_006","N","evergreenForest",40.164888,-112.547065,"WGS84",1.1,0.0,0.1,"2014-07-17","2014-07-31",3,"BET.ONAQ_006.2014.03","ONAQ_006.N.20140731",14,"ok","ok","ok","Y","NEON.DOC.014050","qnNRlNDF2ndv9+C3oWEt5IdhKZpI37LJ",,0,0,0
"240823472D5142BC833FD4F67E4F84BF","D15","ONAQ","ONAQ_007","E","shrubScrub",40.212501,-112.467200,"WGS84",1.1,0.0,0.1,"2014-07-17","2014-07-31",3,"BET.ONAQ_007.2014.03","ONAQ_007.E.20140731",14,"ok","ok","ok","Y","NEON.DOC.014050","wsPgf8Zw9fJKymWy47Zkre6IykLRH3+g",,0,0,0
"FB151386B6064C59AC56D7424FE27A92","D15","ONAQ","ONAQ_007","N","shrubScrub",40.212678,-112.467439,"WGS84",1.1,0.0,0.1,"2014-07-17","2014-07-31",3,"BET.ONAQ_007.2014.03","ONAQ_007.N.20140731",14,"ok","ok","ok","Y","NEON.DOC.014050","wsPgf8Zw9fJKymWy47Zkre6IykLRH3+g",,0,0,0
"410EE3BF45E5474795B98A93403AFE7F","D15","ONAQ","ONAQ_007","W","shrubScrub",40.212495,-112.467670,"WGS84",1.1,0.0,0.1,"2014-07-17","2014-07-31",3,"BET.ONAQ_007.2014.03","ONAQ_007.W.20140731",14,"ok","ok","ok","Y","NEON.DOC.014050","wsPgf8Zw9fJKymWy47Zkre6IykLRH3+g",,0,0,0
"A99A7D1210D64245A85E16927C248A48","D15","ONAQ","ONAQ_007","S","shrubScrub",40.212318,-112.467431,"WGS84",1.1,0.0,0.1,"2014-07-17","2014-07-31",3,"BET.ONAQ_007.2014.03","ONAQ_007.S.20140731",14,"ok","ok","ok","Y","NEON.DOC.014050","wsPgf8Zw9fJKymWy47Zkre6IykLRH3+g",,0,0,0
"CD8C458FE1DF4FA7B02DBDE8D4A52D8D","D15","ONAQ","ONAQ_005","N","shrubScrub",40.180954,-112.431858,"WGS84",1.1,0.0,0.1,"2014-07-17","2014-07-31",3,"BET.ONAQ_005.2014.03","ONAQ_005.N.20140731",14,"ok","ok","ok","Y","NEON.DOC.014050","wsPgf8Zw9fJKymWy47Zkre6IykLRH3+g",,0,0,0
"6FFCB1E2BA044DA1968A8A8DC3570211","D15","ONAQ","ONAQ_005","S","shrubScrub",40.180593,-112.431851,"WGS84",1.1,0.0,0.1,"2014-07-17","2014-07-31",3,"BET.ONAQ_005.2014.03","ONAQ_005.S.20140731",14,"ok","ok","low","Y","NEON.DOC.014050","wsPgf8Zw9fJKymWy47Zkre6IykLRH3+g",,0,0,0
"61F915655C304179B5F9FB7829EE371D","D15","ONAQ","ONAQ_005","E","shrubScrub",40.180777,-112.431620,"WGS84",1.1,0.0,0.1,"2014-07-17","2014-07-31",3,"BET.ONAQ_005.2014.03","ONAQ_005.E.20140731",14,"ok","ok","ok","Y","NEON.DOC.014050","wsPgf8Zw9fJKymWy47Zkre6IykLRH3+g",,0,0,0
"E245C6A958924D698C78C9B1519675A7","D15","ONAQ","ONAQ_005","W","shrubScrub",40.180771,-112.432090,"WGS84",1.1,0.0,0.1,"2014-07-17","2014-07-31",3,"BET.ONAQ_005.2014.03","ONAQ_005.W.20140731",14,"ok","ok","high","Y","NEON.DOC.014050","wsPgf8Zw9fJKymWy47Zkre6IykLRH3+g","rain water appears to have gotten into the trap",0,0,0
"1C3AE339716941E9B88496EDF715111C","D15","ONAQ","ONAQ_004","S","shrubScrub",40.185758,-112.472478,"WGS84",1.1,0.0,0.1,"2014-07-17","2014-07-31",3,"BET.ONAQ_004.2014.03","ONAQ_004.S.20140731",14,"ok","ok","low","Y","NEON.DOC.014050","xwW9faweG9yezxUGEB9quDydrYQYJWI4","added 250mL PG",0,0,0
"D6033DB229034C4EA239F205CBE9896F","D15","ONAQ","ONAQ_004","W","shrubScrub",40.185935,-112.472717,"WGS84",1.1,0.0,0.1,"2014-07-17","2014-07-31",3,"BET.ONAQ_004.2014.03","ONAQ_004.W.20140731",14,"ok","ok","low","Y","NEON.DOC.014050","xwW9faweG9yezxUGEB9quDydrYQYJWI4","added 250mL PG",0,0,0
"8517BE6C77284FE398C544BF986838C5","D15","ONAQ","ONAQ_004","E","shrubScrub",40.185941,-112.472247,"WGS84",1.1,0.0,0.1,"2014-07-17","2014-07-31",3,"BET.ONAQ_004.2014.03","ONAQ_004.E.20140731",14,"ok","ok","low","Y","NEON.DOC.014050","xwW9faweG9yezxUGEB9quDydrYQYJWI4","added 250mL PG",0,0,0
"6C2F4FC109BD431B8CAE17516C495A45","D15","ONAQ","ONAQ_004","N","shrubScrub",40.186118,-112.472486,"WGS84",1.1,0.0,0.1,"2014-07-17","2014-07-31",3,"BET.ONAQ_004.2014.03","ONAQ_004.N.20140731",14,"ok","ok","low","Y","NEON.DOC.014050","xwW9faweG9yezxUGEB9quDydrYQYJWI4","added 250mL PG",0,0,0
"5A0F1D8FA84747E59B88B71D722C13E5","D15","ONAQ","ONAQ_003","S","shrubScrub",40.205741,-112.430273,"WGS84",1.1,0.0,0.1,"2014-07-17","2014-07-31",3,"BET.ONAQ_003.2014.03","ONAQ_003.S.20140731",14,"ok","ok","ok","Y","NEON.DOC.014050","wsPgf8Zw9fJKymWy47Zkre6IykLRH3+g",,0,0,0
"E42521F489644477BEC0C9A6EE4A3B46","D15","ONAQ","ONAQ_003","W","shrubScrub",40.205918,-112.430511,"WGS84",1.1,0.0,0.1,"2014-07-17","2014-07-31",3,"BET.ONAQ_003.2014.03","ONAQ_003.W.20140731",14,"ok","ok","ok","Y","NEON.DOC.014050","wsPgf8Zw9fJKymWy47Zkre6IykLRH3+g",,0,0,0
"F7A29E344C3F4D9E8B187B4D0A87FA21","D15","ONAQ","ONAQ_003","N","shrubScrub",40.206101,-112.430280,"WGS84",1.1,0.0,0.1,"2014-07-17","2014-07-31",3,"BET.ONAQ_003.2014.03","ONAQ_003.N.20140731",14,"ok","ok","low","Y","NEON.DOC.014050","wsPgf8Zw9fJKymWy47Zkre6IykLRH3+g",,0,0,0
"F0265A2BDC7446BE8ACDC2B0992B7828","D15","ONAQ","ONAQ_003","E","shrubScrub",40.205924,-112.430041,"WGS84",1.1,0.0,0.1,"2014-07-17","2014-07-31",3,"BET.ONAQ_003.2014.03","ONAQ_003.E.20140731",14,"ok","ok","ok","Y","NEON.DOC.014050","wsPgf8Zw9fJKymWy47Zkre6IykLRH3+g",,0,0,0
"1D1079DAF8EA454A8C32243AC0B156E3","D15","ONAQ","ONAQ_002","S","shrubScrub",40.193137,-112.464531,"WGS84",1.1,0.0,0.1,"2014-07-17","2014-07-31",3,"BET.ONAQ_002.2014.03","ONAQ_002.S.20140731",14,"ok","ok","low","Y","NEON.DOC.014050","wsPgf8Zw9fJKymWy47Zkre6IykLRH3+g",,0,0,0
"140026D634DC422CBD5883DBA0E903A6","D15","ONAQ","ONAQ_002","W","shrubScrub",40.193314,-112.464770,"WGS84",1.1,0.0,0.1,"2014-07-17","2014-07-31",3,"BET.ONAQ_002.2014.03","ONAQ_002.W.20140731",14,"ok","ok","ok","Y","NEON.DOC.014050","wsPgf8Zw9fJKymWy47Zkre6IykLRH3+g",,0,0,0
"5DA00C7E6B28436BBCC546A03A1360DF","D15","ONAQ","ONAQ_002","N","shrubScrub",40.193497,-112.464539,"WGS84",1.1,0.0,0.1,"2014-07-17","2014-07-31",3,"BET.ONAQ_002.2014.03","ONAQ_002.N.20140731",14,"ok","ok","ok","Y","NEON.DOC.014050","wsPgf8Zw9fJKymWy47Zkre6IykLRH3+g",,0,0,0
"D62366FE473E431BB82F794D30AAFD6B","D15","ONAQ","ONAQ_002","E","shrubScrub",40.193320,-112.464300,"WGS84",1.1,0.0,0.1,"2014-07-31","2014-08-14",4,"BET.ONAQ_002.2014.04","ONAQ_002.E.20140814",14,"ok","ok","ok","Y","NEON.DOC.014050","qnNRlNDF2ndv9+C3oWEt5IdhKZpI37LJ",,0,0,0
"A8D92E09CB764F7089F6E90A961C3B4F","D15","ONAQ","ONAQ_012","E","evergreenForest",40.184947,-112.529309,"WGS84",1.1,0.0,0.1,"2014-07-31","2014-08-14",4,"BET.ONAQ_012.2014.04","ONAQ_012.E.20140814",14,"ok","ok","ok","Y","NEON.DOC.014050","B5YzZg28369xWGye0Wf9qxMwC1Zdm1gM",,0,0,0
"357F502CE7F5433897A1DBCEBB647081","D15","ONAQ","ONAQ_012","S","evergreenForest",40.184764,-112.529539,"WGS84",1.1,0.0,0.1,"2014-07-31","2014-08-14",4,"BET.ONAQ_012.2014.04","ONAQ_012.S.20140814",14,"ok","ok","ok","Y","NEON.DOC.014050","B5YzZg28369xWGye0Wf9qxMwC1Zdm1gM","significant digging around cup",0,0,0
"BD8355371EFA48D0823EC81F6989B0C1","D15","ONAQ","ONAQ_012","W","evergreenForest",40.184941,-112.529778,"WGS84",1.1,0.0,0.1,"2014-07-31","2014-08-14",4,"BET.ONAQ_012.2014.04","ONAQ_012.W.20140814",14,"ok","ok","ok","Y","NEON.DOC.014050","B5YzZg28369xWGye0Wf9qxMwC1Zdm1gM","significant digging around cup",0,0,0
"6E7FDC698D214A4CA07ECF5D2B3C9FCA","D15","ONAQ","ONAQ_012","N","evergreenForest",40.185124,-112.529548,"WGS84",1.1,0.0,0.1,"2014-07-31","2014-08-14",4,"BET.ONAQ_012.2014.04","ONAQ_012.N.20140814",14,"ok","ok","ok","Y","NEON.DOC.014050","B5YzZg28369xWGye0Wf9qxMwC1Zdm1gM",,0,0,0
"BA930089C9C648EEBF562037E4BC266F","D15","ONAQ","ONAQ_010","E","evergreenForest",40.201046,-112.496895,"WGS84",1.1,0.0,0.1,"2014-07-31","2014-08-14",4,"BET.ONAQ_010.2014.04","ONAQ_010.E.20140814",14,"disturbed","ok","ok","Y","NEON.DOC.014050","qnNRlNDF2ndv9+C3oWEt5IdhKZpI37LJ","lid was set high and cups were lifted above ground. Probably by rainwater-no beetles.",0,0,0
"F927A17AB1F04307A86F85EF2F7B5252","D15","ONAQ","ONAQ_010","S","evergreenForest",40.200863,-112.497125,"WGS84",1.1,0.0,0.1,"2014-07-31","2014-08-14",4,"BET.ONAQ_010.2014.04","ONAQ_010.S.20140814",14,"ok","ok","ok","Y","NEON.DOC.014050","qnNRlNDF2ndv9+C3oWEt5IdhKZpI37LJ",,0,0,0
"F361101927694CC89046101D78A54FD4","D15","ONAQ","ONAQ_010","N","evergreenForest",40.201224,-112.497133,"WGS84",1.1,0.0,0.1,"2014-07-31","2014-08-14",4,"BET.ONAQ_010.2014.04","ONAQ_010.N.20140814",14,"ok","ok","low","Y","NEON.DOC.014050","qnNRlNDF2ndv9+C3oWEt5IdhKZpI37LJ",,0,0,0
"D116F825BC9340899D9B7D65754966F6","D15","ONAQ","ONAQ_010","W","evergreenForest",40.201040,-112.497364,"WGS84",1.1,0.0,0.1,"2014-07-31","2014-08-14",4,"BET.ONAQ_010.2014.04","ONAQ_010.W.20140814",14,"ok","ok","low","Y","NEON.DOC.014050","qnNRlNDF2ndv9+C3oWEt5IdhKZpI37LJ",,0,0,0
"A9EA475820E447B18759ACAB7CB68071","D15","ONAQ","ONAQ_009","S","shrubScrub",40.160623,-112.471246,"WGS84",1.1,0.0,0.1,"2014-07-31","2014-08-14",4,"BET.ONAQ_009.2014.04","ONAQ_009.S.20140814",14,"ok","ok","low","Y","NEON.DOC.014050","B5YzZg28369xWGye0Wf9qxMwC1Zdm1gM","Digging around cup but no disturbance otherwise",0,0,0
"C3C3FCCC180143078478AB6037FAFC1D","D15","ONAQ","ONAQ_009","W","shrubScrub",40.160800,-112.471484,"WGS84",1.1,0.0,0.1,"2014-07-31","2014-08-14",4,"BET.ONAQ_009.2014.04","ONAQ_009.W.20140814",14,"ok","ok","ok","Y","NEON.DOC.014050","B5YzZg28369xWGye0Wf9qxMwC1Zdm1gM",,0,0,0
"80576AF65EDA463E801BE3DE512A36D6","D15","ONAQ","ONAQ_009","E","shrubScrub",40.160806,-112.471015,"WGS84",1.1,0.0,0.1,"2014-07-31","2014-08-14",4,"BET.ONAQ_009.2014.04","ONAQ_009.E.20140814",14,"ok","ok","low","Y","NEON.DOC.014050","B5YzZg28369xWGye0Wf9qxMwC1Zdm1gM",,0,0,0
"3B9B2AB15A9B4C4C9C0F155084026AEB","D15","ONAQ","ONAQ_009","N","shrubScrub",40.160983,-112.471253,"WGS84",1.1,0.0,0.1,"2014-07-31","2014-08-14",4,"BET.ONAQ_009.2014.04","ONAQ_009.N.20140814",14,"ok","ok","low","Y","NEON.DOC.014050","B5YzZg28369xWGye0Wf9qxMwC1Zdm1gM",,0,0,0
"1674BB85328A41B2AA98714F1BECDBC3","D15","ONAQ","ONAQ_008","W","evergreenForest",40.158536,-112.521809,"WGS84",1.2,0.0,0.2,"2014-07-31","2014-08-14",4,"BET.ONAQ_008.2014.04","ONAQ_008.W.20140814",14,"ok","ok","low","Y","NEON.DOC.014050","B5YzZg28369xWGye0Wf9qxMwC1Zdm1gM",,0,0,0
"4FF19D87CD9B4544BE577882CC298D3B","D15","ONAQ","ONAQ_008","N","evergreenForest",40.158719,-112.521578,"WGS84",1.2,0.0,0.2,"2014-07-31","2014-08-14",4,"BET.ONAQ_008.2014.04","ONAQ_008.N.20140814",14,"ok","ok","ok","Y","NEON.DOC.014050","B5YzZg28369xWGye0Wf9qxMwC1Zdm1gM",,0,0,0
"9ED4D8F694C64C9EBF397A73AF32063A","D15","ONAQ","ONAQ_008","S","evergreenForest",40.158358,-112.521570,"WGS84",1.2,0.0,0.2,"2014-07-31","2014-08-14",4,"BET.ONAQ_008.2014.04","ONAQ_008.S.20140814",14,"ok","ok","ok","Y","NEON.DOC.014050","B5YzZg28369xWGye0Wf9qxMwC1Zdm1gM",,0,0,0
"7AAA7AA32E8545C7952CDB0164CE1B83","D15","ONAQ","ONAQ_008","E","evergreenForest",40.158542,-112.521339,"WGS84",1.2,0.0,0.2,"2014-07-31","2014-08-14",4,"BET.ONAQ_008.2014.04","ONAQ_008.E.20140814",14,"ok","ok","ok","Y","NEON.DOC.014050","B5YzZg28369xWGye0Wf9qxMwC1Zdm1gM",,0,0,0
"8E421C3BF356481091275587DD9018FA","D15","ONAQ","ONAQ_006","E","evergreenForest",40.164711,-112.546826,"WGS84",1.1,0.0,0.1,"2014-07-31","2014-08-14",4,"BET.ONAQ_006.2014.04","ONAQ_006.E.20140814",14,"ok","ok","ok","Y","NEON.DOC.014050","B5YzZg28369xWGye0Wf9qxMwC1Zdm1gM",,0,0,0
"118A01489D6B43D38317807F21E2B4FC","D15","ONAQ","ONAQ_006","W","evergreenForest",40.164704,-112.547295,"WGS84",1.1,0.0,0.1,"2014-07-31","2014-08-14",4,"BET.ONAQ_006.2014.04","ONAQ_006.W.20140814",14,"ok","ok","ok","Y","NEON.DOC.014050","B5YzZg28369xWGye0Wf9qxMwC1Zdm1gM",,0,0,0
"97045EBC792B48728EF21AD62487E7D3","D15","ONAQ","ONAQ_006","S","evergreenForest",40.164527,-112.547056,"WGS84",1.1,0.0,0.1,"2014-07-31","2014-08-14",4,"BET.ONAQ_006.2014.04","ONAQ_006.S.20140814",14,"ok","ok","ok","Y","NEON.DOC.014050","B5YzZg28369xWGye0Wf9qxMwC1Zdm1gM",,0,0,0
"8721E466D86C46F586D01C296EE9F884","D15","ONAQ","ONAQ_006","N","evergreenForest",40.164888,-112.547065,"WGS84",1.1,0.0,0.1,"2014-07-31","2014-08-14",4,"BET.ONAQ_006.2014.04","ONAQ_006.N.20140814",14,"ok","ok","ok","Y","NEON.DOC.014050","B5YzZg28369xWGye0Wf9qxMwC1Zdm1gM",,0,0,0
"76234DA77DD54F7B9602C23CB213D75D","D15","ONAQ","ONAQ_007","N","shrubScrub",40.212678,-112.467439,"WGS84",1.1,0.0,0.1,"2014-07-31","2014-08-14",4,"BET.ONAQ_007.2014.04","ONAQ_007.N.20140814",14,"ok","ok","ok","Y","NEON.DOC.014050","qnNRlNDF2ndv9+C3oWEt5IdhKZpI37LJ",,0,0,0
"C321102C458D4400B4EA307B11BC16D0","D15","ONAQ","ONAQ_007","E","shrubScrub",40.212501,-112.467200,"WGS84",1.1,0.0,0.1,"2014-07-31","2014-08-14",4,"BET.ONAQ_007.2014.04","ONAQ_007.E.20140814",14,"ok","ok","ok","Y","NEON.DOC.014050","qnNRlNDF2ndv9+C3oWEt5IdhKZpI37LJ",,0,0,0
"B7B6595679704B07B8FDC033B4123456","D15","ONAQ","ONAQ_007","W","shrubScrub",40.212495,-112.467670,"WGS84",1.1,0.0,0.1,"2014-07-31","2014-08-14",4,"BET.ONAQ_007.2014.04","ONAQ_007.W.20140814",14,"ok","ok","ok","Y","NEON.DOC.014050","qnNRlNDF2ndv9+C3oWEt5IdhKZpI37LJ",,0,0,0
"70D60DCE376F4C85A04BF7DD9B8AAA94","D15","ONAQ","ONAQ_007","S","shrubScrub",40.212318,-112.467431,"WGS84",1.1,0.0,0.1,"2014-07-31","2014-08-14",4,"BET.ONAQ_007.2014.04","ONAQ_007.S.20140814",14,"ok","ok","ok","Y","NEON.DOC.014050","qnNRlNDF2ndv9+C3oWEt5IdhKZpI37LJ",,0,0,0
"F067D2E872F4451BB04A1A4B3FB1AC4E","D15","ONAQ","ONAQ_005","N","shrubScrub",40.180954,-112.431858,"WGS84",1.1,0.0,0.1,"2014-07-31","2014-08-14",4,"BET.ONAQ_005.2014.04","ONAQ_005.N.20140814",14,"ok","ok",,"Y","NEON.DOC.014050","qnNRlNDF2ndv9+C3oWEt5IdhKZpI37LJ","fluid level not checked, Eumeces skiltonianus in trap",0,0,0
"60ECF79CF5F84E92A5CBE7A6E3689E5A","D15","ONAQ","ONAQ_005","W","shrubScrub",40.180771,-112.432090,"WGS84",1.1,0.0,0.1,"2014-07-31","2014-08-14",4,"BET.ONAQ_005.2014.04","ONAQ_005.W.20140814",14,"ok","ok","ok","Y","NEON.DOC.014050","qnNRlNDF2ndv9+C3oWEt5IdhKZpI37LJ",,0,0,0
"ABF9176D33CE435281AF5585696E8800","D15","ONAQ","ONAQ_005","E","shrubScrub",40.180777,-112.431620,"WGS84",1.1,0.0,0.1,"2014-07-31","2014-08-14",4,"BET.ONAQ_005.2014.04","ONAQ_005.E.20140814",14,"ok","ok","ok","Y","NEON.DOC.014050","qnNRlNDF2ndv9+C3oWEt5IdhKZpI37LJ",,0,0,0
"C44EC3FA27574F7EAF80CBCFF9FEE1DA","D15","ONAQ","ONAQ_005","S","shrubScrub",40.180593,-112.431851,"WGS84",1.1,0.0,0.1,"2014-07-31","2014-08-14",4,"BET.ONAQ_005.2014.04","ONAQ_005.S.20140814",14,"ok","ok","ok","Y","NEON.DOC.014050","qnNRlNDF2ndv9+C3oWEt5IdhKZpI37LJ","animal digging about 0.5m from trap",0,0,0
"1428A3D38E814607BAB20B6227EF93DE","D15","ONAQ","ONAQ_004","E","shrubScrub",40.185941,-112.472247,"WGS84",1.1,0.0,0.1,"2014-07-31","2014-08-14",4,"BET.ONAQ_004.2014.04","ONAQ_004.E.20140814",14,"ok","ok","ok","Y","NEON.DOC.014050","qnNRlNDF2ndv9+C3oWEt5IdhKZpI37LJ",,0,0,0
"3233791DE7704CC397BFE478A84DF6F5","D15","ONAQ","ONAQ_004","N","shrubScrub",40.186118,-112.472486,"WGS84",1.1,0.0,0.1,"2014-07-31","2014-08-14",4,"BET.ONAQ_004.2014.04","ONAQ_004.N.20140814",14,"ok","ok","low","Y","NEON.DOC.014050","qnNRlNDF2ndv9+C3oWEt5IdhKZpI37LJ",,0,0,0
"FB3F6CCC4C2E41EAA1F00C3AD4D8F7C8","D15","ONAQ","ONAQ_004","S","shrubScrub",40.185758,-112.472478,"WGS84",1.1,0.0,0.1,"2014-07-31","2014-08-14",4,"BET.ONAQ_004.2014.04","ONAQ_004.S.20140814",14,"ok","ok","low","Y","NEON.DOC.014050","qnNRlNDF2ndv9+C3oWEt5IdhKZpI37LJ","Eumerces skiltonianus in S trap",0,0,0
"C938DA3838FA456F94A7F4489E714177","D15","ONAQ","ONAQ_004","W","shrubScrub",40.185935,-112.472717,"WGS84",1.1,0.0,0.1,"2014-07-31","2014-08-14",4,"BET.ONAQ_004.2014.04","ONAQ_004.W.20140814",14,"ok","ok","low","Y","NEON.DOC.014050","qnNRlNDF2ndv9+C3oWEt5IdhKZpI37LJ",,0,0,0
"31F94F8425C043ABBBA4C24B9EC2A369","D15","ONAQ","ONAQ_003","S","shrubScrub",40.205741,-112.430273,"WGS84",1.1,0.0,0.1,"2014-07-31","2014-08-14",4,"BET.ONAQ_003.2014.04","ONAQ_003.S.20140814",14,"ok","ok","ok","Y","NEON.DOC.014050","qnNRlNDF2ndv9+C3oWEt5IdhKZpI37LJ",,0,0,0
"B772A7F0CD3844CF83EA775367C4737B","D15","ONAQ","ONAQ_003","E","shrubScrub",40.205924,-112.430041,"WGS84",1.1,0.0,0.1,"2014-07-31","2014-08-14",4,"BET.ONAQ_003.2014.04","ONAQ_003.E.20140814",14,"ok","ok","ok","Y","NEON.DOC.014050","qnNRlNDF2ndv9+C3oWEt5IdhKZpI37LJ",,0,0,0
"F7F66C0F8ECA4D87B78B2586A0E6A512","D15","ONAQ","ONAQ_003","W","shrubScrub",40.205918,-112.430511,"WGS84",1.1,0.0,0.1,"2014-07-31","2014-08-14",4,"BET.ONAQ_003.2014.04","ONAQ_003.W.20140814",14,"ok","ok","low","Y","NEON.DOC.014050","qnNRlNDF2ndv9+C3oWEt5IdhKZpI37LJ",,0,0,0
"FFBE561DDD9345FB83EB492D718C42FB","D15","ONAQ","ONAQ_003","N","shrubScrub",40.206101,-112.430280,"WGS84",1.1,0.0,0.1,"2014-07-31","2014-08-14",4,"BET.ONAQ_003.2014.04","ONAQ_003.N.20140814",14,"ok","ok","low","Y","NEON.DOC.014050","qnNRlNDF2ndv9+C3oWEt5IdhKZpI37LJ",,0,0,0
"97CFEEB1DCA84725B1F45672654FBD5E","D15","ONAQ","ONAQ_002","N","shrubScrub",40.193497,-112.464539,"WGS84",1.1,0.0,0.1,"2014-07-31","2014-08-14",4,"BET.ONAQ_002.2014.04","ONAQ_002.N.20140814",14,"ok","ok","low","Y","NEON.DOC.014050","qnNRlNDF2ndv9+C3oWEt5IdhKZpI37LJ",,0,0,0
"3737A7D25C5544C6849F2AEE0D719634","D15","ONAQ","ONAQ_002","W","shrubScrub",40.193314,-112.464770,"WGS84",1.1,0.0,0.1,"2014-07-31","2014-08-14",4,"BET.ONAQ_002.2014.04","ONAQ_002.W.20140814",14,"ok","ok","ok","Y","NEON.DOC.014050","qnNRlNDF2ndv9+C3oWEt5IdhKZpI37LJ",,0,0,0
"D9BCFABB86D64C4286688E3920FF5CB6","D15","ONAQ","ONAQ_002","S","shrubScrub",40.193137,-112.464531,"WGS84",1.1,0.0,0.1,"2014-07-31","2014-08-14",4,"BET.ONAQ_002.2014.04","ONAQ_002.S.20140814",14,"ok","ok","ok","Y","NEON.DOC.014050","qnNRlNDF2ndv9+C3oWEt5IdhKZpI37LJ",,0,0,0
"4BD76CC4DFF445C6AF512A4A4FA08079","D15","ONAQ","ONAQ_002","E","shrubScrub",40.193320,-112.464300,"WGS84",1.1,0.0,0.1,"2014-08-14","2014-09-03",5,"BET.ONAQ_002.2014.05","ONAQ_002.E.20140903",20,"ok","ok","high","Y","NEON.DOC.014050","B5YzZg28369xWGye0Wf9qxMwC1Zdm1gM","Collection date was delayed by six days due to heavy rains /flooding/impassable roads at site.   Cup completely filled with rain water and mud, too much sludge to properly filter contents.  Is possible cup's contents overflowed, sample likely unusable.",0,0,0
"DB1EFF45AA4545188B662382CB1D7949","D15","ONAQ","ONAQ_012","E","evergreenForest",40.184947,-112.529309,"WGS84",1.1,0.0,0.1,"2014-08-14","2014-09-03",5,"BET.ONAQ_012.2014.05","ONAQ_012.E.20140903",20,"ok","ok","ok","Y","NEON.DOC.014050","3bQ0hIDom1b3W6sEp0q5aujdBVwz6G6F","Collection date was delayed by six days due to heavy rains /flooding/impassable roads at site.",0,0,0
"603709A88BB64DAA952CF189F205371A","D15","ONAQ","ONAQ_012","W","evergreenForest",40.184941,-112.529778,"WGS84",1.1,0.0,0.1,"2014-08-14","2014-09-03",5,"BET.ONAQ_012.2014.05","ONAQ_012.W.20140903",20,"ok","ok","ok","Y","NEON.DOC.014050","3bQ0hIDom1b3W6sEp0q5aujdBVwz6G6F","Collection date was delayed by six days due to heavy rains /flooding/impassable roads at site.",0,0,0
"667D11E50CB443F299DE37B42E060A33","D15","ONAQ","ONAQ_012","N","evergreenForest",40.185124,-112.529548,"WGS84",1.1,0.0,0.1,"2014-08-14","2014-09-03",5,"BET.ONAQ_012.2014.05","ONAQ_012.N.20140903",20,"ok","ok","high","Y","NEON.DOC.014050","3bQ0hIDom1b3W6sEp0q5aujdBVwz6G6F","Collection date was delayed by six days due to heavy rains /flooding/impassable roads at site.",0,0,0
"8784F55CBDEA47BBAC0DA4D7390A77D6","D15","ONAQ","ONAQ_012","S","evergreenForest",40.184764,-112.529539,"WGS84",1.1,0.0,0.1,"2014-08-14","2014-09-03",5,"BET.ONAQ_012.2014.05","ONAQ_012.S.20140903",20,"ok","ok","ok","Y","NEON.DOC.014050","3bQ0hIDom1b3W6sEp0q5aujdBVwz6G6F","Collection date was delayed by six days due to heavy rains /flooding/impassable roads at site.",0,0,0
"ED183685DB62482AB922B6BED26E3432","D15","ONAQ","ONAQ_010","E","evergreenForest",40.201046,-112.496895,"WGS84",1.1,0.0,0.1,"2014-08-14","2014-09-03",5,"BET.ONAQ_010.2014.05","ONAQ_010.E.20140903",20,"ok","ok","ok","Y","NEON.DOC.014050","B5YzZg28369xWGye0Wf9qxMwC1Zdm1gM","Collection date was delayed by six days due to heavy rains /flooding/impassable roads at site.",0,0,0
"500CE9CB1C434827B0A38AFF192B9533","D15","ONAQ","ONAQ_010","S","evergreenForest",40.200863,-112.497125,"WGS84",1.1,0.0,0.1,"2014-08-14","2014-09-03",5,"BET.ONAQ_010.2014.05","ONAQ_010.S.20140903",20,"ok","ok","high","Y","NEON.DOC.014050","B5YzZg28369xWGye0Wf9qxMwC1Zdm1gM","Collection date was delayed by six days due to heavy rains /flooding/impassable roads at site.",0,0,0
"DF0500B22CEA4034A75A88DD245EDAE2","D15","ONAQ","ONAQ_010","W","evergreenForest",40.201040,-112.497364,"WGS84",1.1,0.0,0.1,"2014-08-14","2014-09-03",5,"BET.ONAQ_010.2014.05","ONAQ_010.W.20140903",20,"ok","ok","ok","Y","NEON.DOC.014050","B5YzZg28369xWGye0Wf9qxMwC1Zdm1gM","Collection date was delayed by six days due to heavy rains /flooding/impassable roads at site.",0,0,0
"BC35058BCBF14C5D93BE9732CDC1B20B","D15","ONAQ","ONAQ_010","N","evergreenForest",40.201224,-112.497133,"WGS84",1.1,0.0,0.1,"2014-08-14","2014-09-03",5,"BET.ONAQ_010.2014.05","ONAQ_010.N.20140903",20,"ok","ok","ok","Y","NEON.DOC.014050","B5YzZg28369xWGye0Wf9qxMwC1Zdm1gM","Collection date was delayed by six days due to heavy rains /flooding/impassable roads at site.",0,0,0
"A0E85F18B65E4E5E86AD689AE1357311","D15","ONAQ","ONAQ_009","E","shrubScrub",40.160806,-112.471015,"WGS84",1.1,0.0,0.1,"2014-08-14","2014-09-03",5,"BET.ONAQ_009.2014.05","ONAQ_009.E.20140903",20,"ok","ok","ok","Y","NEON.DOC.014050","3bQ0hIDom1b3W6sEp0q5aujdBVwz6G6F","Collection date was delayed by six days due to heavy rains /flooding/impassable roads at site.",0,0,0
"EBD4F28B2F7847949940FAE5723EDBFE","D15","ONAQ","ONAQ_009","N","shrubScrub",40.160983,-112.471253,"WGS84",1.1,0.0,0.1,"2014-08-14","2014-09-03",5,"BET.ONAQ_009.2014.05","ONAQ_009.N.20140903",20,"ok","ok","ok","Y","NEON.DOC.014050","3bQ0hIDom1b3W6sEp0q5aujdBVwz6G6F","Collection date was delayed by six days due to heavy rains /flooding/impassable roads at site.",0,0,0
"695DA11023954529A447A8149D020394","D15","ONAQ","ONAQ_009","W","shrubScrub",40.160800,-112.471484,"WGS84",1.1,0.0,0.1,"2014-08-14","2014-09-03",5,"BET.ONAQ_009.2014.05","ONAQ_009.W.20140903",20,"ok","ok","ok","Y","NEON.DOC.014050","3bQ0hIDom1b3W6sEp0q5aujdBVwz6G6F","Collection date was delayed by six days due to heavy rains /flooding/impassable roads at site.",0,0,0
"269EAF48F0CB4F7581A4625860B73C57","D15","ONAQ","ONAQ_009","S","shrubScrub",40.160623,-112.471246,"WGS84",1.1,0.0,0.1,"2014-08-14","2014-09-03",5,"BET.ONAQ_009.2014.05","ONAQ_009.S.20140903",20,"ok","ok","ok","Y","NEON.DOC.014050","3bQ0hIDom1b3W6sEp0q5aujdBVwz6G6F","Collection date was delayed by six days due to heavy rains /flooding/impassable roads at site.",0,0,0
"DD45EB74176E41BFBF3DF6575707CE23","D15","ONAQ","ONAQ_008","E","evergreenForest",40.158542,-112.521339,"WGS84",1.2,0.0,0.2,"2014-08-14","2014-09-03",5,"BET.ONAQ_008.2014.05","ONAQ_008.E.20140903",20,"ok","ok","high","Y","NEON.DOC.014050","3bQ0hIDom1b3W6sEp0q5aujdBVwz6G6F","Collection date was delayed by six days due to heavy rains /flooding/impassable roads at site.",0,0,0
"700B80ABF98D41E8A52A1E166C4347BD","D15","ONAQ","ONAQ_008","W","evergreenForest",40.158536,-112.521809,"WGS84",1.2,0.0,0.2,"2014-08-14","2014-09-03",5,"BET.ONAQ_008.2014.05","ONAQ_008.W.20140903",20,"ok","ok","ok","Y","NEON.DOC.014050","3bQ0hIDom1b3W6sEp0q5aujdBVwz6G6F","Collection date was delayed by six days due to heavy rains /flooding/impassable roads at site.",0,0,0
"7A1BB64DC05E41DF816AE77CADDDE80F","D15","ONAQ","ONAQ_008","N","evergreenForest",40.158719,-112.521578,"WGS84",1.2,0.0,0.2,"2014-08-14","2014-09-03",5,"BET.ONAQ_008.2014.05","ONAQ_008.N.20140903",20,"ok","ok","ok","Y","NEON.DOC.014050","3bQ0hIDom1b3W6sEp0q5aujdBVwz6G6F","Collection date was delayed by six days due to heavy rains /flooding/impassable roads at site.",0,0,0
"3D663F02A4E24783B0A14A4823DAB7D2","D15","ONAQ","ONAQ_008","S","evergreenForest",40.158358,-112.521570,"WGS84",1.2,0.0,0.2,"2014-08-14","2014-09-03",5,"BET.ONAQ_008.2014.05","ONAQ_008.S.20140903",20,"ok","ok","ok","Y","NEON.DOC.014050","3bQ0hIDom1b3W6sEp0q5aujdBVwz6G6F","Collection date was delayed by six days due to heavy rains /flooding/impassable roads at site.",0,0,0
"E370064BDC37494F8D85D4EC037939A8","D15","ONAQ","ONAQ_006","S","evergreenForest",40.164527,-112.547056,"WGS84",1.1,0.0,0.1,"2014-08-14","2014-09-03",5,"BET.ONAQ_006.2014.05","ONAQ_006.S.20140903",20,"ok","ok","high","Y","NEON.DOC.014050","3bQ0hIDom1b3W6sEp0q5aujdBVwz6G6F","Collection date was delayed by six days due to heavy rains /flooding/impassable roads at site.",0,0,0
"AB89C900225947DBB2B4AB5C807CD19A","D15","ONAQ","ONAQ_006","W","evergreenForest",40.164704,-112.547295,"WGS84",1.1,0.0,0.1,"2014-08-14","2014-09-03",5,"BET.ONAQ_006.2014.05","ONAQ_006.W.20140903",20,"ok","ok","ok","Y","NEON.DOC.014050","3bQ0hIDom1b3W6sEp0q5aujdBVwz6G6F","Collection date was delayed by six days due to heavy rains /flooding/impassable roads at site.",0,0,0
"03C0757C9B3C400394DA1C4E17EBC76E","D15","ONAQ","ONAQ_006","E","evergreenForest",40.164711,-112.546826,"WGS84",1.1,0.0,0.1,"2014-08-14","2014-09-03",5,"BET.ONAQ_006.2014.05","ONAQ_006.E.20140903",20,"ok","ok","ok","Y","NEON.DOC.014050","3bQ0hIDom1b3W6sEp0q5aujdBVwz6G6F","Collection date was delayed by six days due to heavy rains /flooding/impassable roads at site.",0,0,0
"E9EDAE86427F48468FE0ACFB2DCEDAA4","D15","ONAQ","ONAQ_006","N","evergreenForest",40.164888,-112.547065,"WGS84",1.1,0.0,0.1,"2014-08-14","2014-09-03",5,"BET.ONAQ_006.2014.05","ONAQ_006.N.20140903",20,"ok","ok","ok","Y","NEON.DOC.014050","3bQ0hIDom1b3W6sEp0q5aujdBVwz6G6F","Collection date was delayed by six days due to heavy rains /flooding/impassable roads at site.",0,0,0
"968D831706BF4B06804A274EC6BB3DB1","D15","ONAQ","ONAQ_007","S","shrubScrub",40.212318,-112.467431,"WGS84",1.1,0.0,0.1,"2014-08-14","2014-09-03",5,"BET.ONAQ_007.2014.05","ONAQ_007.S.20140903",20,"ok","ok","high","Y","NEON.DOC.014050","B5YzZg28369xWGye0Wf9qxMwC1Zdm1gM","Collection date was delayed by six days due to heavy rains /flooding/impassable roads at site.  Lots of dirt in cups.  Too much mud to filter properly.",0,0,0
"8129FF44C4084D769C8E931E2EC3274A","D15","ONAQ","ONAQ_007","W","shrubScrub",40.212495,-112.467670,"WGS84",1.1,0.0,0.1,"2014-08-14","2014-09-03",5,"BET.ONAQ_007.2014.05","ONAQ_007.W.20140903",20,"ok","ok","high","Y","NEON.DOC.014050","B5YzZg28369xWGye0Wf9qxMwC1Zdm1gM","Collection date was delayed by six days due to heavy rains /flooding/impassable roads at site.  Lots of dirt in cups.  Too much mud to filter properly.",0,0,0
"9AED26EFEE9F463CA60C3048CD722CB6","D15","ONAQ","ONAQ_007","N","shrubScrub",40.212678,-112.467439,"WGS84",1.1,0.0,0.1,"2014-08-14","2014-09-03",5,"BET.ONAQ_007.2014.05","ONAQ_007.N.20140903",20,"ok","ok","high","Y","NEON.DOC.014050","B5YzZg28369xWGye0Wf9qxMwC1Zdm1gM","Collection date was delayed by six days due to heavy rains /flooding/impassable roads at site.  Lots of dirt in cups.  Too much mud to filter properly.",0,0,0
"A9D4DCDCE462459996D8E08375A598DF","D15","ONAQ","ONAQ_007","E","shrubScrub",40.212501,-112.467200,"WGS84",1.1,0.0,0.1,"2014-08-14","2014-09-03",5,"BET.ONAQ_007.2014.05","ONAQ_007.E.20140903",20,"ok","ok","ok","Y","NEON.DOC.014050","B5YzZg28369xWGye0Wf9qxMwC1Zdm1gM","Collection date was delayed by six days due to heavy rains /flooding/impassable roads at site.  Lots of dirt in cups.  Too much mud to filter properly.",0,0,0
"00DADE118F404880B4B1A75F2FFE43B0","D15","ONAQ","ONAQ_005","S","shrubScrub",40.180593,-112.431851,"WGS84",1.1,0.0,0.1,"2014-08-14","2014-09-03",5,"BET.ONAQ_005.2014.05","ONAQ_005.S.20140903",20,"ok","ok","ok","Y","NEON.DOC.014050","B5YzZg28369xWGye0Wf9qxMwC1Zdm1gM","Collection date was delayed by six days due to heavy rains /flooding/impassable roads at site.",0,0,0
"749F76AF9215484C9ACAE21834DBB1DA","D15","ONAQ","ONAQ_005","E","shrubScrub",40.180777,-112.431620,"WGS84",1.1,0.0,0.1,"2014-08-14","2014-09-03",5,"BET.ONAQ_005.2014.05","ONAQ_005.E.20140903",20,"ok","ok","ok","Y","NEON.DOC.014050","B5YzZg28369xWGye0Wf9qxMwC1Zdm1gM","Collection date was delayed by six days due to heavy rains /flooding/impassable roads at site.",0,0,0
"E3ED1832679C4EFA8C082C275EBBB062","D15","ONAQ","ONAQ_005","W","shrubScrub",40.180771,-112.432090,"WGS84",1.1,0.0,0.1,"2014-08-14","2014-09-03",5,"BET.ONAQ_005.2014.05","ONAQ_005.W.20140903",20,"ok","ok","ok","Y","NEON.DOC.014050","B5YzZg28369xWGye0Wf9qxMwC1Zdm1gM","Collection date was delayed by six days due to heavy rains /flooding/impassable roads at site.",0,0,0
"0EA7CE0714BB405C898F98A2CC7FE149","D15","ONAQ","ONAQ_005","N","shrubScrub",40.180954,-112.431858,"WGS84",1.1,0.0,0.1,"2014-08-14","2014-09-03",5,"BET.ONAQ_005.2014.05","ONAQ_005.N.20140903",20,"ok","ok","ok","Y","NEON.DOC.014050","B5YzZg28369xWGye0Wf9qxMwC1Zdm1gM","Collection date was delayed by six days due to heavy rains /flooding/impassable roads at site.",0,0,0
"5616CE17C78541719DCB40E80157AF96","D15","ONAQ","ONAQ_004","W","shrubScrub",40.185935,-112.472717,"WGS84",1.1,0.0,0.1,"2014-08-14","2014-09-03",5,"BET.ONAQ_004.2014.05","ONAQ_004.W.20140903",20,"ok","ok","high","Y","NEON.DOC.014050","B5YzZg28369xWGye0Wf9qxMwC1Zdm1gM","Collection date was delayed by six days due to heavy rains /flooding/impassable roads at site.",0,0,0
"FC79251BAE7E46679E89D891CD16571C","D15","ONAQ","ONAQ_004","S","shrubScrub",40.185758,-112.472478,"WGS84",1.1,0.0,0.1,"2014-08-14","2014-09-03",5,"BET.ONAQ_004.2014.05","ONAQ_004.S.20140903",20,"ok","ok","ok","Y","NEON.DOC.014050","B5YzZg28369xWGye0Wf9qxMwC1Zdm1gM","Collection date was delayed by six days due to heavy rains /flooding/impassable roads at site.",0,0,0
"1ACBFBD17B0D4D45A1E1B0EDC3243731","D15","ONAQ","ONAQ_004","N","shrubScrub",40.186118,-112.472486,"WGS84",1.1,0.0,0.1,"2014-08-14","2014-09-03",5,"BET.ONAQ_004.2014.05","ONAQ_004.N.20140903",20,"ok","ok","ok","Y","NEON.DOC.014050","B5YzZg28369xWGye0Wf9qxMwC1Zdm1gM","Collection date was delayed by six days due to heavy rains /flooding/impassable roads at site.",0,0,0
"BC4F6CF17B594501B178C9034B2B284C","D15","ONAQ","ONAQ_004","E","shrubScrub",40.185941,-112.472247,"WGS84",1.1,0.0,0.1,"2014-08-14","2014-09-03",5,"BET.ONAQ_004.2014.05","ONAQ_004.E.20140903",20,"ok","ok","ok","Y","NEON.DOC.014050","B5YzZg28369xWGye0Wf9qxMwC1Zdm1gM","Collection date was delayed by six days due to heavy rains /flooding/impassable roads at site.",0,0,0
"0DA6D97A79A8436385BC35002340F117","D15","ONAQ","ONAQ_003","W","shrubScrub",40.205918,-112.430511,"WGS84",1.1,0.0,0.1,"2014-08-14","2014-09-03",5,"BET.ONAQ_003.2014.05","ONAQ_003.W.20140903",20,"ok","disturbed","high","Y","NEON.DOC.014050","B5YzZg28369xWGye0Wf9qxMwC1Zdm1gM","Collection date was delayed by six days due to heavy rains /flooding/impassable roads at site.",0,0,0
"E5859377600447CB878F597AAEC227D4","D15","ONAQ","ONAQ_003","S","shrubScrub",40.205741,-112.430273,"WGS84",1.1,0.0,0.1,"2014-08-14","2014-09-03",5,"BET.ONAQ_003.2014.05","ONAQ_003.S.20140903",20,"ok","ok","ok","Y","NEON.DOC.014050","B5YzZg28369xWGye0Wf9qxMwC1Zdm1gM","Collection date was delayed by six days due to heavy rains /flooding/impassable roads at site.",0,0,0
"F232D4B8755E4BF18F4B0A80105955FA","D15","ONAQ","ONAQ_003","E","shrubScrub",40.205924,-112.430041,"WGS84",1.1,0.0,0.1,"2014-08-14","2014-09-03",5,"BET.ONAQ_003.2014.05","ONAQ_003.E.20140903",20,"ok","ok","high","Y","NEON.DOC.014050","B5YzZg28369xWGye0Wf9qxMwC1Zdm1gM","Sample split bwtn 2 bags.  both muddy/sludgy, both likely unuseable.  Collection date was delayed by six days due to heavy rains /flooding/impassable roads at site.",0,0,0
"3503517F02CB4172B4117541FEDFE220","D15","ONAQ","ONAQ_003","N","shrubScrub",40.206101,-112.430280,"WGS84",1.1,0.0,0.1,"2014-08-14","2014-09-03",5,"BET.ONAQ_003.2014.05","ONAQ_003.N.20140903",20,"ok","disturbed","ok","Y","NEON.DOC.014050","B5YzZg28369xWGye0Wf9qxMwC1Zdm1gM","Cup filled w/rain water, too much dirt/sludge to properly filter.  Collection date was delayed by six days due to heavy rains /flooding/impassable roads at site.",0,0,0
"AC5D57241219434487ACC5BAFC394C81","D15","ONAQ","ONAQ_002","S","shrubScrub",40.193137,-112.464531,"WGS84",1.1,0.0,0.1,"2014-08-14","2014-09-03",5,"BET.ONAQ_002.2014.05","ONAQ_002.S.20140903",20,"ok","ok","high","Y","NEON.DOC.014050","B5YzZg28369xWGye0Wf9qxMwC1Zdm1gM","Collection date was delayed by six days due to heavy rains /flooding/impassable roads at site.   Cup filled with rain water.",0,0,0
"395874DB4F58410BBA69529744A937EA","D15","ONAQ","ONAQ_002","W","shrubScrub",40.193314,-112.464770,"WGS84",1.1,0.0,0.1,"2014-08-14","2014-09-03",5,"BET.ONAQ_002.2014.05","ONAQ_002.W.20140903",20,"ok","ok","high","Y","NEON.DOC.014050","B5YzZg28369xWGye0Wf9qxMwC1Zdm1gM","Collection date was delayed by six days due to heavy rains /flooding/impassable roads at site.   Cup completely filled with rain water and mud, too much sludge to properly filter contents.  Is possible cup's contents overflowed, sample likely unusable.",0,0,0
"6103F4F716744F85A540530F84C40D83","D15","ONAQ","ONAQ_002","N","shrubScrub",40.193497,-112.464539,"WGS84",1.1,0.0,0.1,"2014-08-14","2014-09-03",5,"BET.ONAQ_002.2014.05","ONAQ_002.N.20140903",20,"disturbed","ok","low","Y","NEON.DOC.014050","B5YzZg28369xWGye0Wf9qxMwC1Zdm1gM","Collection date was delayed by six days due to heavy rains /flooding/impassable roads at site.  Cup completely filled with dry mud.  Entire contents bagged.  Sample likely unusable.",0,0,0
"F55BB59E2BB648B398E1CB565F731757","D15","ONAQ","ONAQ_002","W","shrubScrub",40.193314,-112.464770,"WGS84",1.1,0.0,0.1,"2014-09-03","2014-09-11",6,"BET.ONAQ_002.2014.06","ONAQ_002.W.20140911",8,"ok","ok","ok","N","NEON.DOC.014050","qnNRlNDF2ndv9+C3oWEt5IdhKZpI37LJ","Bout length < 14 days due to heavy rains /flooding/impassable roads at site delaying sample collection from previous bout (5).",0,0,0
"01DFCA2B10824C1D91603685DB8228BC","D15","ONAQ","ONAQ_002","S","shrubScrub",40.193137,-112.464531,"WGS84",1.1,0.0,0.1,"2014-09-03","2014-09-11",6,"BET.ONAQ_002.2014.06","ONAQ_002.S.20140911",8,"ok","ok","ok","N","NEON.DOC.014050","qnNRlNDF2ndv9+C3oWEt5IdhKZpI37LJ","Bout length < 14 days due to heavy rains /flooding/impassable roads at site delaying sample collection from previous bout (5).",0,0,0
"7D5BAED57D5A4D988F7345E18D9A8CF8","D15","ONAQ","ONAQ_002","N","shrubScrub",40.193497,-112.464539,"WGS84",1.1,0.0,0.1,"2014-09-03","2014-09-11",6,"BET.ONAQ_002.2014.06","ONAQ_002.N.20140911",8,"ok","ok","high","N","NEON.DOC.014050","qnNRlNDF2ndv9+C3oWEt5IdhKZpI37LJ","Very high liquid, cup may have spilled over during bout, possibly unuseable sample/data.  Bout length < 14 days due to heavy rains /flooding/impassable roads at site delaying sample collection from previous bout (5).",0,0,0
"9938B895788B477FB150F8AD480A5827","D15","ONAQ","ONAQ_002","E","shrubScrub",40.193320,-112.464300,"WGS84",1.1,0.0,0.1,"2014-09-03","2014-09-11",6,"BET.ONAQ_002.2014.06","ONAQ_002.E.20140911",8,"ok","ok","high","N","NEON.DOC.014050","qnNRlNDF2ndv9+C3oWEt5IdhKZpI37LJ","Bout length < 14 days due to heavy rains /flooding/impassable roads at site delaying sample collection from previous bout (5).",0,0,0
"0ED88EB3E7294F1B90C0F9CB3AB09D44","D15","ONAQ","ONAQ_003","E","shrubScrub",40.205924,-112.430041,"WGS84",1.1,0.0,0.1,"2014-09-03","2014-09-11",6,"BET.ONAQ_003.2014.06","ONAQ_003.E.20140911",8,"ok","ok","high","N","NEON.DOC.014050","qnNRlNDF2ndv9+C3oWEt5IdhKZpI37LJ","Sample extremely muddy due to recent heavy rain.  Did not rinse, likely unuseable sample b/c of uncertainty as to whether sample may have flooded out of cup during bout.  Bout length < 14 days due to delay in collecting samples for bout 5.",0,0,0
"FE08DA9BDA6148518817E2753D771013","D15","ONAQ","ONAQ_003","S","shrubScrub",40.205741,-112.430273,"WGS84",1.1,0.0,0.1,"2014-09-03","2014-09-11",6,"BET.ONAQ_003.2014.06","ONAQ_003.S.20140911",8,"ok","ok","high","N","NEON.DOC.014050","qnNRlNDF2ndv9+C3oWEt5IdhKZpI37LJ","Sample extremely muddy due to recent heavy rain.  Did not rinse, likely unuseable sample b/c of uncertainty as to whether sample may have flooded out of cup during bout.  Bout length < 14 days due to delay in collecting samples for bout 5.",0,0,0
"842D7B51E79D4D23903013CD68C9A2F3","D15","ONAQ","ONAQ_003","W","shrubScrub",40.205918,-112.430511,"WGS84",1.1,0.0,0.1,"2014-09-03","2014-09-11",6,"BET.ONAQ_003.2014.06","ONAQ_003.W.20140911",8,"ok","ok","ok","N","NEON.DOC.014050","qnNRlNDF2ndv9+C3oWEt5IdhKZpI37LJ","Cup sitting above ground level/sample extremely muddy due to recent heavy rain.  Didn't rinse, likely unuseable sample b/c of uncertainty w/whether sample may have flooded out of cup during bout.  Bout length < 14 days due to delay in collecting sample.",0,0,0
"D905314B905D43C1B684709207BC99DC","D15","ONAQ","ONAQ_003","N","shrubScrub",40.206101,-112.430280,"WGS84",1.1,0.0,0.1,"2014-09-03","2014-09-11",6,"BET.ONAQ_003.2014.06","ONAQ_003.N.20140911",8,"ok","ok","high","N","NEON.DOC.014050","qnNRlNDF2ndv9+C3oWEt5IdhKZpI37LJ","Sample extremely muddy due to recent heavy rain.  Did not rinse, likely unuseable sample b/c of uncertainty as to whether sample may have flooded out of cup during bout.  Bout length < 14 days due to delay in collecting samples for bout 5.",0,0,0
"8DA019AC034C41FD99BD75B07CD2E0DD","D15","ONAQ","ONAQ_004","E","shrubScrub",40.185941,-112.472247,"WGS84",1.1,0.0,0.1,"2014-09-03","2014-09-11",6,"BET.ONAQ_004.2014.06","ONAQ_004.E.20140911",8,"ok","ok","ok","Y","NEON.DOC.014050","qnNRlNDF2ndv9+C3oWEt5IdhKZpI37LJ","Bout length < 14 days due to heavy rains /flooding/impassable roads at site delaying sample collection from previous bout (5).",0,0,0
"7779FAF9F6AC4622ABC11BE47B1A4A6D","D15","ONAQ","ONAQ_004","W","shrubScrub",40.185935,-112.472717,"WGS84",1.1,0.0,0.1,"2014-09-03","2014-09-11",6,"BET.ONAQ_004.2014.06","ONAQ_004.W.20140911",8,"ok","ok","ok","N","NEON.DOC.014050","qnNRlNDF2ndv9+C3oWEt5IdhKZpI37LJ","Bout length < 14 days due to heavy rains /flooding/impassable roads at site delaying sample collection from previous bout (5).",0,0,0
"8A8F7B142E85416086A0706865E961AB","D15","ONAQ","ONAQ_004","N","shrubScrub",40.186118,-112.472486,"WGS84",1.1,0.0,0.1,"2014-09-03","2014-09-11",6,"BET.ONAQ_004.2014.06","ONAQ_004.N.20140911",8,"ok","ok","ok","N","NEON.DOC.014050","qnNRlNDF2ndv9+C3oWEt5IdhKZpI37LJ","Debris around cup from flooding in area, but cup still level.  Bout length < 14 days due to heavy rains /flooding/impassable roads at site delaying sample collection from previous bout (5).",0,0,0
"8F74B2D6E934497692EA02D194C4B225","D15","ONAQ","ONAQ_004","S","shrubScrub",40.185758,-112.472478,"WGS84",1.1,0.0,0.1,"2014-09-03","2014-09-11",6,"BET.ONAQ_004.2014.06","ONAQ_004.S.20140911",8,"ok","ok","ok","N","NEON.DOC.014050","qnNRlNDF2ndv9+C3oWEt5IdhKZpI37LJ","Debris around cup from flooding in area, but cup still level.  Bout length < 14 days due to heavy rains /flooding/impassable roads at site delaying sample collection from previous bout (5).",0,0,0
"5DDAB29D1C154CAE98BCACCCC051F4FE","D15","ONAQ","ONAQ_005","E","shrubScrub",40.180777,-112.431620,"WGS84",1.1,0.0,0.1,"2014-09-03","2014-09-11",6,"BET.ONAQ_005.2014.06","ONAQ_005.E.20140911",8,"ok","ok","ok","N","NEON.DOC.014050","qnNRlNDF2ndv9+C3oWEt5IdhKZpI37LJ","Bout length < 14 days due to delay in collecting samples for bout 5.",0,0,0
"BA226BA083E0421CAEE57ABBA1CD8D7D","D15","ONAQ","ONAQ_005","S","shrubScrub",40.180593,-112.431851,"WGS84",1.1,0.0,0.1,"2014-09-03","2014-09-11",6,"BET.ONAQ_005.2014.06","ONAQ_005.S.20140911",8,"ok","ok","ok","N","NEON.DOC.014050","qnNRlNDF2ndv9+C3oWEt5IdhKZpI37LJ","Bout length < 14 days due to delay in collecting samples for bout 5.",0,0,0
"7DB7E31AD46B4E3F8C337E6EFAC04264","D15","ONAQ","ONAQ_005","W","shrubScrub",40.180771,-112.432090,"WGS84",1.1,0.0,0.1,"2014-09-03","2014-09-11",6,"BET.ONAQ_005.2014.06","ONAQ_005.W.20140911",8,"ok","ok","ok","N","NEON.DOC.014050","qnNRlNDF2ndv9+C3oWEt5IdhKZpI37LJ","Bout length < 14 days due to delay in collecting samples for bout 5.",0,0,0
"F1BC272CCC064DCE8209FABD85C73B41","D15","ONAQ","ONAQ_005","N","shrubScrub",40.180954,-112.431858,"WGS84",1.1,0.0,0.1,"2014-09-03","2014-09-11",6,"BET.ONAQ_005.2014.06","ONAQ_005.N.20140911",8,"ok","ok","ok","N","NEON.DOC.014050","qnNRlNDF2ndv9+C3oWEt5IdhKZpI37LJ","Bout length < 14 days due to delay in collecting samples for bout 5.",0,0,0
"A46D6C49FCC841A592F65F56EE740346","D15","ONAQ","ONAQ_007","S","shrubScrub",40.212318,-112.467431,"WGS84",1.1,0.0,0.1,"2014-09-03","2014-09-11",6,"BET.ONAQ_007.2014.06","ONAQ_007.S.20140911",8,"ok","ok","high","N","NEON.DOC.014050","qnNRlNDF2ndv9+C3oWEt5IdhKZpI37LJ","Sample extremely muddy due to recent heavy rain.  Did not rinse, likely unuseable sample b/c of uncertainty as to whether sample may have flooded out of cup during bout.  Bout length < 14 days due to delay in collecting samples for bout 5.",0,0,0
"FB44E0DD75A04560B7C4E324786385B7","D15","ONAQ","ONAQ_007","W","shrubScrub",40.212495,-112.467670,"WGS84",1.1,0.0,0.1,"2014-09-03","2014-09-11",6,"BET.ONAQ_007.2014.06","ONAQ_007.W.20140911",8,"ok","ok","high","N","NEON.DOC.014050","qnNRlNDF2ndv9+C3oWEt5IdhKZpI37LJ","Sample extremely muddy due to recent heavy rain.  Did not rinse, likely unuseable sample b/c of uncertainty as to whether sample may have flooded out of cup during bout.  Bout length < 14 days due to delay in collecting samples for bout 5.",0,0,0
"2F227D957760426BB3A900CDAC4FF43E","D15","ONAQ","ONAQ_007","N","shrubScrub",40.212678,-112.467439,"WGS84",1.1,0.0,0.1,"2014-09-03","2014-09-11",6,"BET.ONAQ_007.2014.06","ONAQ_007.N.20140911",8,"ok","ok","high","N","NEON.DOC.014050","qnNRlNDF2ndv9+C3oWEt5IdhKZpI37LJ","Sample extremely muddy due to recent heavy rain.  Did not rinse, likely unuseable sample b/c of uncertainty as to whether sample may have flooded out of cup during bout.  Bout length < 14 days due to delay in collecting samples for bout 5.",0,0,0
"47DCCC59EC254CC9B3DE88BC8596CEE8","D15","ONAQ","ONAQ_007","E","shrubScrub",40.212501,-112.467200,"WGS84",1.1,0.0,0.1,"2014-09-03","2014-09-11",6,"BET.ONAQ_007.2014.06","ONAQ_007.E.20140911",8,"ok","ok","high","N","NEON.DOC.014050","qnNRlNDF2ndv9+C3oWEt5IdhKZpI37LJ","Sample extremely muddy due to recent heavy rain.  Did not rinse, likely unuseable sample b/c of uncertainty as to whether sample may have flooded out of cup during bout.  Bout length < 14 days due to delay in collecting samples for bout 5.",0,0,0
"35BFFE2661E44A1FB74821727085C2E9","D15","ONAQ","ONAQ_006","S","evergreenForest",40.164527,-112.547056,"WGS84",1.1,0.0,0.1,"2014-09-03","2014-09-11",6,"BET.ONAQ_006.2014.06","ONAQ_006.S.20140911",8,"ok","ok","ok","N","NEON.DOC.014050","wsPgf8Zw9fJKymWy47Zkre6IykLRH3+g","Bout length < 14 days due to delay in collecting samples for bout 5.",0,0,0
"B0B24B03F40B42BCBE18D788C916E951","D15","ONAQ","ONAQ_006","E","evergreenForest",40.164711,-112.546826,"WGS84",1.1,0.0,0.1,"2014-09-03","2014-09-11",6,"BET.ONAQ_006.2014.06","ONAQ_006.E.20140911",8,"ok","ok","ok","N","NEON.DOC.014050","wsPgf8Zw9fJKymWy47Zkre6IykLRH3+g","Bout length < 14 days due to delay in collecting samples for bout 5.",0,0,0
"0C7A77F46D1D4A849FE95688BFC6757B","D15","ONAQ","ONAQ_006","N","evergreenForest",40.164888,-112.547065,"WGS84",1.1,0.0,0.1,"2014-09-03","2014-09-11",6,"BET.ONAQ_006.2014.06","ONAQ_006.N.20140911",8,"ok","ok","ok","N","NEON.DOC.014050","wsPgf8Zw9fJKymWy47Zkre6IykLRH3+g","Bout length < 14 days due to delay in collecting samples for bout 5.",0,0,0
"88C0C5F0E2D74682A18998871AA221C3","D15","ONAQ","ONAQ_006","W","evergreenForest",40.164704,-112.547295,"WGS84",1.1,0.0,0.1,"2014-09-03","2014-09-11",6,"BET.ONAQ_006.2014.06","ONAQ_006.W.20140911",8,"ok","ok","ok","N","NEON.DOC.014050","wsPgf8Zw9fJKymWy47Zkre6IykLRH3+g","Bout length < 14 days due to delay in collecting samples for bout 5.",0,0,0
"C755F5A9D58043E6A3D154B17063F335","D15","ONAQ","ONAQ_008","N","evergreenForest",40.158719,-112.521578,"WGS84",1.2,0.0,0.2,"2014-09-03","2014-09-11",6,"BET.ONAQ_008.2014.06","ONAQ_008.N.20140911",8,"ok","ok","ok","N","NEON.DOC.014050","wsPgf8Zw9fJKymWy47Zkre6IykLRH3+g","Bout length < 14 days due to delay in collecting samples for bout 5.",0,0,0
"4B03D5FF5A424404A2291E4781585586","D15","ONAQ","ONAQ_008","S","evergreenForest",40.158358,-112.521570,"WGS84",1.2,0.0,0.2,"2014-09-03","2014-09-11",6,"BET.ONAQ_008.2014.06","ONAQ_008.S.20140911",8,"ok","ok","ok","N","NEON.DOC.014050","wsPgf8Zw9fJKymWy47Zkre6IykLRH3+g","Bout length < 14 days due to delay in collecting samples for bout 5.",0,0,0
"73B540D900A041AB91D1D07876C00773","D15","ONAQ","ONAQ_008","E","evergreenForest",40.158542,-112.521339,"WGS84",1.2,0.0,0.2,"2014-09-03","2014-09-11",6,"BET.ONAQ_008.2014.06","ONAQ_008.E.20140911",8,"ok","ok","ok","N","NEON.DOC.014050","wsPgf8Zw9fJKymWy47Zkre6IykLRH3+g","Bout length < 14 days due to delay in collecting samples for bout 5.",0,0,0
"80690FE6981D4930A47C397B64FBDD7D","D15","ONAQ","ONAQ_008","W","evergreenForest",40.158536,-112.521809,"WGS84",1.2,0.0,0.2,"2014-09-03","2014-09-11",6,"BET.ONAQ_008.2014.06","ONAQ_008.W.20140911",8,"ok","ok","ok","N","NEON.DOC.014050","wsPgf8Zw9fJKymWy47Zkre6IykLRH3+g","Bout length < 14 days due to delay in collecting samples for bout 5.",0,0,0
"3504A73CCEF843499BD6B635A4ACC3B2","D15","ONAQ","ONAQ_009","N","shrubScrub",40.160983,-112.471253,"WGS84",1.1,0.0,0.1,"2014-09-03","2014-09-11",6,"BET.ONAQ_009.2014.06","ONAQ_009.N.20140911",8,"ok","ok","ok","N","NEON.DOC.014050","wsPgf8Zw9fJKymWy47Zkre6IykLRH3+g","Bout length < 14 days due to delay in collecting samples for bout 5.",0,0,0
"3DE5D12819D94D1D82A52751C780710C","D15","ONAQ","ONAQ_009","W","shrubScrub",40.160800,-112.471484,"WGS84",1.1,0.0,0.1,"2014-09-03","2014-09-11",6,"BET.ONAQ_009.2014.06","ONAQ_009.W.20140911",8,"ok","ok","ok","N","NEON.DOC.014050","wsPgf8Zw9fJKymWy47Zkre6IykLRH3+g","Bout length < 14 days due to delay in collecting samples for bout 5.",0,0,0
"3EACB58E1DD64592A3F7F32B838C07DE","D15","ONAQ","ONAQ_009","S","shrubScrub",40.160623,-112.471246,"WGS84",1.1,0.0,0.1,"2014-09-03","2014-09-11",6,"BET.ONAQ_009.2014.06","ONAQ_009.S.20140911",8,"ok","ok","ok","N","NEON.DOC.014050","wsPgf8Zw9fJKymWy47Zkre6IykLRH3+g","Bout length < 14 days due to delay in collecting samples for bout 5.",0,0,0
"4E1B26978235427E903FD578AC4156FE","D15","ONAQ","ONAQ_009","E","shrubScrub",40.160806,-112.471015,"WGS84",1.1,0.0,0.1,"2014-09-03","2014-09-11",6,"BET.ONAQ_009.2014.06","ONAQ_009.E.20140911",8,"ok","ok","ok","N","NEON.DOC.014050","wsPgf8Zw9fJKymWy47Zkre6IykLRH3+g","Bout length < 14 days due to delay in collecting samples for bout 5.",0,0,0
"2EA81DBA9B5B49E39787E4E1B624D417","D15","ONAQ","ONAQ_010","S","evergreenForest",40.200863,-112.497125,"WGS84",1.1,0.0,0.1,"2014-09-03","2014-09-11",6,"BET.ONAQ_010.2014.06","ONAQ_010.S.20140911",8,"ok","ok","ok","N","NEON.DOC.014050","qnNRlNDF2ndv9+C3oWEt5IdhKZpI37LJ","Bout length < 14 days due to heavy rains /flooding/impassable roads at site delaying sample collection from previous bout (5).",0,0,0
"B473E2E02244462C9B7EF6E88D95407D","D15","ONAQ","ONAQ_010","W","evergreenForest",40.201040,-112.497364,"WGS84",1.1,0.0,0.1,"2014-09-03","2014-09-11",6,"BET.ONAQ_010.2014.06","ONAQ_010.W.20140911",8,"ok","ok","ok","N","NEON.DOC.014050","qnNRlNDF2ndv9+C3oWEt5IdhKZpI37LJ","Bout length < 14 days due to heavy rains /flooding/impassable roads at site delaying sample collection from previous bout (5).",0,0,0
"4AFE8E0A11CF4538901F3BCA2840F8DB","D15","ONAQ","ONAQ_010","E","evergreenForest",40.201046,-112.496895,"WGS84",1.1,0.0,0.1,"2014-09-03","2014-09-11",6,"BET.ONAQ_010.2014.06","ONAQ_010.E.20140911",8,"ok","ok","ok","N","NEON.DOC.014050","qnNRlNDF2ndv9+C3oWEt5IdhKZpI37LJ","Bout length < 14 days due to heavy rains /flooding/impassable roads at site delaying sample collection from previous bout (5).",0,0,0
"023C79375A4944B38B2878EF0EB4CA6D","D15","ONAQ","ONAQ_010","N","evergreenForest",40.201224,-112.497133,"WGS84",1.1,0.0,0.1,"2014-09-03","2014-09-11",6,"BET.ONAQ_010.2014.06","ONAQ_010.N.20140911",8,"ok","ok","ok","N","NEON.DOC.014050","qnNRlNDF2ndv9+C3oWEt5IdhKZpI37LJ","Bout length < 14 days due to heavy rains /flooding/impassable roads at site delaying sample collection from previous bout (5).",0,0,0
"2C0008759A77470590FF9C6D7DF9FFD0","D15","ONAQ","ONAQ_012","E","evergreenForest",40.184947,-112.529309,"WGS84",1.1,0.0,0.1,"2014-09-03","2014-09-11",6,"BET.ONAQ_012.2014.06","ONAQ_012.E.20140911",8,"ok","ok","ok","N","NEON.DOC.014050","wsPgf8Zw9fJKymWy47Zkre6IykLRH3+g","Bout length < 14 days due to delay in collecting samples for bout 5.",0,0,0
"7884B51047B942368FBD811D08F8AF39","D15","ONAQ","ONAQ_012","N","evergreenForest",40.185124,-112.529548,"WGS84",1.1,0.0,0.1,"2014-09-03","2014-09-11",6,"BET.ONAQ_012.2014.06","ONAQ_012.N.20140911",8,"ok","ok","ok","N","NEON.DOC.014050","wsPgf8Zw9fJKymWy47Zkre6IykLRH3+g","Bout length < 14 days due to delay in collecting samples for bout 5.",0,0,0
"B85107B8F12941DB84E2B6429F179D56","D15","ONAQ","ONAQ_012","S","evergreenForest",40.184764,-112.529539,"WGS84",1.1,0.0,0.1,"2014-09-03","2014-09-11",6,"BET.ONAQ_012.2014.06","ONAQ_012.S.20140911",8,"ok","ok","ok","N","NEON.DOC.014050","wsPgf8Zw9fJKymWy47Zkre6IykLRH3+g","Bout length < 14 days due to delay in collecting samples for bout 5.",0,0,0
"E7772E906B214C79929185854F6BDA9E","D15","ONAQ","ONAQ_012","W","evergreenForest",40.184941,-112.529778,"WGS84",1.1,0.0,0.1,"2014-09-03","2014-09-11",6,"BET.ONAQ_012.2014.06","ONAQ_012.W.20140911",8,"ok","ok","ok","N","NEON.DOC.014050","wsPgf8Zw9fJKymWy47Zkre6IykLRH3+g","Bout length < 14 days due to delay in collecting samples for bout 5.",0,0,0
