"uid","domainID","siteID","plotID","trapID","collectDate","etOHChangeDate","processingDate","identifiedDate","associatedSampleID","sampleID","targetTaxaPresent","sampleType","taxonID","scientificName","taxonRank","identificationQualifier","scientificNameAuthorship","morphospeciesID","individualCount","identificationReferences","identifiedBy","recordedBy","remarks","duplicateSampleIDQF"
"3E60B873EB064B2DAA5DC65F8AF74F50","D03","OSBS","OSBS_003","N","2014-04-14","2014-04-15","2014-04-15",,"OSBS_003.N.20140414.oc.01",,"N","other carabid",,,,,,,,,,"w9gx7zrN+zBUJ2iV6az0FngRBSIRDJ4m",,0
"B5B9A240FDE74311996025712FDF9E10","D03","OSBS","OSBS_022","N","2014-04-14","2014-04-15","2014-04-15",,"OSBS_022.20140414.ib.01","OSBS_022.20140414.ib.01",,"invert bycatch",,,,,,,,,,"w9gx7zrN+zBUJ2iV6az0FngRBSIRDJ4m",,0
"82B5D26965D7435AB2065FCE2B600407","D03","OSBS","OSBS_022","N","2014-04-14","2014-04-15","2014-04-15",,"OSBS_022.N.20140414.oc.01",,"Y","other carabid",,,,,,,,,,"w9gx7zrN+zBUJ2iV6az0FngRBSIRDJ4m",,0
"950FDA2C31FD49AAA75AD1CD2FC47177","D03","OSBS","OSBS_022","S","2014-04-14","2014-04-15","2014-04-15",,"OSBS_022.S.20140414.oc.01",,"Y","other carabid",,,,,,,,,,"w9gx7zrN+zBUJ2iV6az0FngRBSIRDJ4m",,0
"1D44704A97EF437DBC20FB137B8862A8","D03","OSBS","OSBS_008","N","2014-04-14","2014-04-15","2014-04-15",,"OSBS_008.20140414.ib.01","OSBS_008.20140414.ib.01","N","invert bycatch",,,,,,,,,,"iiDgbhaUgfPlmO3sDuElTmkNgYTXyxbk",,0
"0DD7ED295E444D388CB89B9D0C35E329","D03","OSBS","OSBS_006","N","2014-04-14","2014-04-15","2014-04-15",,"OSBS_006.20140414.ib.01","OSBS_006.20140414.ib.01","N","invert bycatch",,,,,,,,,,"iiDgbhaUgfPlmO3sDuElTmkNgYTXyxbk",,0
"DEF48BA42D664DDC8407E6B4B4F9A77A","D03","OSBS","OSBS_005","N","2014-04-14","2014-04-15","2014-04-15",,"OSBS_005.20140414.ib.01","OSBS_005.20140414.ib.01","Y","invert bycatch",,,,,,,,,,"iiDgbhaUgfNp3U3OpmVG3zaygcMeRRyi",,2
"A5ED9E58B2A443499401382B2A12201F","D03","OSBS","OSBS_005","N","2014-04-14","2014-04-29","2014-04-29",,"OSBS_005.20140414.ib.01","OSBS_005.20140414.ib.01","N","invert bycatch",,,,,,,,,,"iiDgbhaUgfPlmO3sDuElTmkNgYTXyxbk",,2
"8E67771A36824375893478E5AFC6C6A9","D03","OSBS","OSBS_005","N","2014-04-14","2014-04-15","2014-04-15",,"OSBS_005.20140414.ib.01","OSBS_005.20140414.ib.01","Y","invert bycatch",,,,,,,,,,"iiDgbhaUgfNp3U3OpmVG3zaygcMeRRyi",,2
"A1B3500DD3DB417D932ED0CB80234BB7","D03","OSBS","OSBS_005","E","2014-04-14","2014-04-15","2014-04-15",,"OSBS_005.E.20140414.oc.01",,"Y","other carabid",,,,,,,,,,"iiDgbhaUgfNp3U3OpmVG3zaygcMeRRyi",,1
"E9326AE6DA9F4418B3988CFE498C70D2","D03","OSBS","OSBS_007","N","2014-04-14","2014-04-29","2014-04-29",,"OSBS_007.20140414.ib.01","OSBS_007.20140414.ib.01",,"invert bycatch",,,,,,,,,,"iiDgbhaUgfPlmO3sDuElTmkNgYTXyxbk",,0
"96196C3FEB6E436BBDFA10DBA80711D4","D03","OSBS","OSBS_004","N","2014-04-14","2014-04-15","2014-04-15","2014-09-29","OSBS_004.N.20140414.PASSUB2.01","OSBS_004.N.20140414.PASSUB2.01","Y","common carabid","PASSUB2","Pasimachus subsulcatus","species",,"Say",,2,"Say 1823","PbNu4t/t/O1BAZriMiaA3VbsZD9KatgX","iiDgbhaUgfNp3U3OpmVG3zaygcMeRRyi","Trap unknown",0
"B9165AD7ED2549B3BA960646D6D80E35","D03","OSBS","OSBS_004","N","2014-04-14","2014-04-15","2014-04-15",,"OSBS_004.20140414.ib.01","OSBS_004.20140414.ib.01","N","invert bycatch",,,,,,,,,,"iiDgbhaUgfNp3U3OpmVG3zaygcMeRRyi",,2
"12F93050D727426F8E1C89CFE8A0953F","D03","OSBS","OSBS_004","N","2014-04-14","2014-04-15","2014-04-15",,"OSBS_004.20140414.ib.01","OSBS_004.20140414.ib.01","Y","invert bycatch",,,,,,,,,,"iiDgbhaUgfNp3U3OpmVG3zaygcMeRRyi",,2
"024593CF8515434BBC33020CEDDB16AB","D03","OSBS","OSBS_002","S","2014-04-14","2014-04-15","2014-04-15","2014-04-15","OSBS_002.S.20140414.PASSTR.01","OSBS_002.20140414.PASSTR.01","Y","common carabid","PASSTR","Pasimachus strenuus","species",,"LeConte",,,"Palisot de Beauvois","iiDgbhaUgfPlmO3sDuElTmkNgYTXyxbk","w9gx7zrN+zBUJ2iV6az0FngRBSIRDJ4m",,0
"11A61AB3F3DE4E4CA73D4B0FC4F6F069","D03","OSBS","OSBS_002","S","2014-04-14","2014-04-15","2014-04-15",,"OSBS_002.S.20140414.oc.01",,"Y","other carabid",,,,,,,,,,"w9gx7zrN+zBUJ2iV6az0FngRBSIRDJ4m",,0
"6750BA507D734C17AC6CAD7F3BFF641A","D03","OSBS","OSBS_002","N","2014-04-14","2014-04-15","2014-04-15",,"OSBS_002.20140414.ib.01","OSBS_002.20140414.ib.01","N","invert bycatch",,,,,,,,,,"w9gx7zrN+zBUJ2iV6az0FngRBSIRDJ4m",,0
"A43BD413819342A0B9D05758C956CC21","D03","OSBS","OSBS_003","N","2014-04-14","2014-04-15","2014-04-15",,"OSBS_003.20140414.ib.01","OSBS_003.20140414.ib.01","N","invert bycatch",,,,,,,,,,"w9gx7zrN+zBUJ2iV6az0FngRBSIRDJ4m",,0
"179635E5FEC44FDEAF99B12281C325ED","D03","OSBS","OSBS_003","N","2014-04-14","2014-04-15","2014-04-15","2014-04-15","OSBS_003.N.20140414.PASSUB1.01","OSBS_003.20140414.PASSUB1.01","Y","common carabid","PASSUB1","Pasimachus sublaevis","species",,"Palisot de Beauvois",,,"Palisot de Beauvois","iiDgbhaUgfPlmO3sDuElTmkNgYTXyxbk","w9gx7zrN+zBUJ2iV6az0FngRBSIRDJ4m",,0
"83B4BBFF16454F18AE5167FF6AE8D55C","D03","OSBS","OSBS_003","N","2014-04-28","2014-04-29","2014-04-29","2014-04-29","OSBS_003.N.20140428.PASSUB1.01","OSBS_003.20140428.PASSUB1.01","Y","common carabid","PASSUB1","Pasimachus sublaevis","species",,"Palisot de Beauvois",,,"Palisot de Beauvois	1811","7ZsG8s1cQijU1p7CX6b9FNrZuRO+/rX6","iiDgbhaUgfPlmO3sDuElTmkNgYTXyxbk",,0
"EBB56F59EAB8472F87854988552ADC48","D03","OSBS","OSBS_008","W","2014-04-28","2014-04-29","2014-09-19",,"OSBS_008.W.20140428.oc.01",,"Y","other carabid",,,,,,,,,,"iiDgbhaUgfPlmO3sDuElTmkNgYTXyxbk",,0
"6597AC19F72E47BCAA4B19BFCDD8E07D","D03","OSBS","OSBS_008","N","2014-04-28","2014-04-29","2014-04-29",,"OSBS_008.20140428.ib.01","OSBS_008.20140428.ib.01","N","invert bycatch",,,,,,,,,,"iiDgbhaUgfPlmO3sDuElTmkNgYTXyxbk",,0
"5822DAB0878948B693C52456B3CEB2FC","D03","OSBS","OSBS_006","E","2014-04-28","2014-04-29","2014-09-19","2014-09-19","OSBS_006.E.20140428.PASSUB2.01","OSBS_006.E.20140428.PASSUB2.01","Y","common carabid","PASSUB2","Pasimachus subsulcatus","species",,"Say",,,"Say 1823","w/KL6MXJXvQ9p4XzhV28GG2D83wW5unkeKKvBIBIGMI=","iiDgbhaUgfPlmO3sDuElTmkNgYTXyxbk",,0
"FA698BF5EBF64F54B3D3BD810977C155","D03","OSBS","OSBS_006","N","2014-04-28","2014-04-29","2014-04-29",,"OSBS_006.20140428.ib.01","OSBS_006.20140428.ib.01",,"invert bycatch",,,,,,,,,,"iiDgbhaUgfPlmO3sDuElTmkNgYTXyxbk",,0
"E98ECED15BF94C4D82F67E9A885AFDC0","D03","OSBS","OSBS_001","S","2014-04-28","2014-04-29","2014-04-29",,"OSBS_001.20140428.ib.01","OSBS_001.20140428.ib.01","Y","invert bycatch",,,,,,,,,,"iiDgbhaUgfPlmO3sDuElTmkNgYTXyxbk",,0
"0DC6A14676E540279A44A2403DCB931F","D03","OSBS","OSBS_001","S","2014-04-28","2014-04-29","2014-04-29",,"OSBS_001.S.20140428.oc.01",,"Y","other carabid",,,,,,,,,,"iiDgbhaUgfPlmO3sDuElTmkNgYTXyxbk",,0
"DBDA34EE81164508B1B84F4C150EA7F7","D03","OSBS","OSBS_002","E","2014-04-28","2014-04-29","2014-04-29","2014-04-29","OSBS_002.E.20140428.BUFQUE.01","OSBS_002.E.20140428.BUFQUE.01",,"vert bycatch herp","ANAQUE","Anaxyrus quercicus","species",,"Holbrook",,1,"Peterson's Guide to Amphibians and Reptiles","7ZsG8s1cQijU1p7CX6b9FNrZuRO+/rX6","iiDgbhaUgfPlmO3sDuElTmkNgYTXyxbk",,0
"FFE41428915E4192BDE2D6E4247ED202","D03","OSBS","OSBS_002","N","2014-04-28","2014-04-29","2014-04-29","2014-06-25","OSBS_002.N.20140428.PASSTR.01","OSBS_002.N.20140428.PASSTR.01","Y","common carabid","PASSTR","Pasimachus strenuus","species",,"LeConte",,,"LeConte	1874","7ZsG8s1cQijU1p7CX6b9FNrZuRO+/rX6","iiDgbhaUgfPlmO3sDuElTmkNgYTXyxbk",,0
"10DD90A22B154063ABB2CE394CCE47CB","D03","OSBS","OSBS_002","N","2014-04-28","2014-05-12","2014-05-12",,"OSBS_002.20140428.ib.01","OSBS_002.20140428.ib.01","N","invert bycatch",,,,,,,,,,"iiDgbhaUgfPlmO3sDuElTmkNgYTXyxbk",,2
"7390D4E20B1E4D51841D25EB712FAF20","D03","OSBS","OSBS_002","S","2014-04-28","2014-04-29","2014-04-29",,"OSBS_002.20140428.ib.01","OSBS_002.20140428.ib.01","Y","invert bycatch",,,,,,,,,,"iiDgbhaUgfPlmO3sDuElTmkNgYTXyxbk",,2
"D4BF308CB128467AB514DD94871341A0","D03","OSBS","OSBS_002","S","2014-04-28","2014-04-29","2014-04-29",,"OSBS_002.S.20140428.oc.01",,"Y","other carabid",,,,,,,,,,"iiDgbhaUgfPlmO3sDuElTmkNgYTXyxbk",,0
"CD7F5259BA2D45A7B77D0C90DC917C5D","D03","OSBS","OSBS_002","N","2014-04-28","2014-04-29","2014-04-29",,"OSBS_002.N.20140428.oc.01",,"Y","other carabid",,,,,,,,,,"iiDgbhaUgfPlmO3sDuElTmkNgYTXyxbk",,0
"EE4A770FC1854913999C7764285AD4C9","D03","OSBS","OSBS_003","N","2014-04-28","2014-04-29","2014-04-29",,"OSBS_003.20140428.ib.01","OSBS_003.20140428.ib.01","Y","invert bycatch",,,,,,,,,,"iiDgbhaUgfPlmO3sDuElTmkNgYTXyxbk",,0
"5E59A73C8A7A49D4A59F495AF63EDE5F","D03","OSBS","OSBS_003","W","2014-05-12","2014-05-12","2014-05-12",,"OSBS_003.W.20140512.oc.01",,,"other carabid",,,,,,,,,,"iiDgbhaUgfPlmO3sDuElTmkNgYTXyxbk",,0
"D22B4E08566242C88A4B6654B97C0491","D03","OSBS","OSBS_022","N","2014-05-12","2014-05-12","2014-05-12",,"OSBS_022.20140512.ib.01","OSBS_022.20140512.ib.01","N","invert bycatch",,,,,,,,,,"iiDgbhaUgfPlmO3sDuElTmkNgYTXyxbk",,0
"33F85F0DCA98464DA1FD20F681DA5A97","D03","OSBS","OSBS_008","N","2014-05-12","2014-05-12","2014-05-12",,"OSBS_008.20140512.ib.01","OSBS_008.20140512.ib.01","Y","invert bycatch",,,,,,,,,,"iiDgbhaUgfPlmO3sDuElTmkNgYTXyxbk",,0
"3D9B3EFBA7B64547BD303691CD71FDEA","D03","OSBS","OSBS_006","N","2014-05-12","2014-05-12","2014-05-12",,"OSBS_006.20140512.ib.01","OSBS_006.20140512.ib.01","N","invert bycatch",,,,,,,,,,"iiDgbhaUgfPlmO3sDuElTmkNgYTXyxbk",,0
"CCD60460FBF6492AB7F2526193AE96BF","D03","OSBS","OSBS_005","N","2014-05-12","2014-05-12","2014-05-12",,"OSBS_005.20140512.ib.01","OSBS_005.20140512.ib.01",,"invert bycatch",,,,,,,,,,"iiDgbhaUgfPlmO3sDuElTmkNgYTXyxbk",,0
"2CE1934A81A0467A94E18FD9279E4588","D03","OSBS","OSBS_007","N","2014-05-12","2014-05-12","2014-05-12",,"OSBS_007.20140512.ib.01","OSBS_007.20140512.ib.01","N","invert bycatch",,,,,,,,,,"iiDgbhaUgfPlmO3sDuElTmkNgYTXyxbk",,0
"0AD1A6452BA54856874285DDA65DDD07","D03","OSBS","OSBS_004","N","2014-05-12","2014-05-12","2014-05-12",,"OSBS_004.20140512.ib.01","OSBS_004.20140512.ib.01",,"invert bycatch",,,,,,,,,,"iiDgbhaUgfPlmO3sDuElTmkNgYTXyxbk",,0
"F16C61BEF0A043448CAEB1590CA36FDA","D03","OSBS","OSBS_004","N","2014-05-12","2014-05-12","2014-05-12","2014-09-19","OSBS_004.N.20140512.PASSUB2.01","OSBS_004.N.20140512.PASSUB2.01","Y","common carabid","PASSUB2","Pasimachus subsulcatus","species",,"Say",,,"say 1823","w/KL6MXJXvQ9p4XzhV28GG2D83wW5unkeKKvBIBIGMI=","iiDgbhaUgfPlmO3sDuElTmkNgYTXyxbk",,0
"CE28B12694CF47F487D909B8B1B8415B","D03","OSBS","OSBS_004","W","2014-05-12","2014-05-12","2014-05-12","2014-09-19","OSBS_004.W.20140512.PASSUB2.01","OSBS_004.W.20140512.PASSUB2.01","Y","common carabid","PASSUB2","Pasimachus subsulcatus","species",,"Say",,1,"Say 1823","YK5ulgcjQA5M6hxjAkVbmv4a8AjznrKv","iiDgbhaUgfPlmO3sDuElTmkNgYTXyxbk",,0
"B04E055004A84967B2549BBCEE8CBA58","D03","OSBS","OSBS_004","W","2014-05-12","2014-05-12","2014-05-12",,"OSBS_004.W.20140512.oc.01",,"Y","other carabid",,,,,,,,,,"iiDgbhaUgfPlmO3sDuElTmkNgYTXyxbk",,0
"A0D88C2371BC4058870AE7C956048D03","D03","OSBS","OSBS_001","N","2014-05-12","2014-05-12","2014-05-12",,"OSBS_001.20140512.ib.01","OSBS_001.20140512.ib.01",,"invert bycatch",,,,,,,,,,"iiDgbhaUgfPlmO3sDuElTmkNgYTXyxbk",,0
"2794DCBCB96D443D875B9D0FF9E3C01F","D03","OSBS","OSBS_001","W","2014-05-12","2014-05-12","2014-05-12",,"OSBS_001.W.20140512.oc.01",,,"other carabid",,,,,,,,,,"iiDgbhaUgfPlmO3sDuElTmkNgYTXyxbk",,0
"96AB7375BFF048E7A462E8B10B6A4F08","D03","OSBS","OSBS_003","W","2014-05-12","2014-05-12","2014-05-12","2014-09-19","OSBS_003.W.20140512.PASSUB2.01","OSBS_003.W.20140512.PASSUB2.01","Y","common carabid","PASSUB2","Pasimachus subsulcatus","species",,"Say",,1,"Say 1823","w/KL6MXJXvQ9p4XzhV28GG2D83wW5unkeKKvBIBIGMI=","iiDgbhaUgfPlmO3sDuElTmkNgYTXyxbk",,0
"BC7BDBF7B0C848FEB6B4542E47D1CA89","D03","OSBS","OSBS_003","N","2014-05-12","2014-05-12","2014-05-12",,"OSBS_003.20140512.ib.01","OSBS_003.20140512.ib.01","Y","invert bycatch",,,,,,,,,,"iiDgbhaUgfPlmO3sDuElTmkNgYTXyxbk",,0
"360BF13D0A0E45F7ADCFF0FE215F62D1","D03","OSBS","OSBS_003","S","2014-05-12","2014-05-12","2014-05-12",,"OSBS_003.S.20140512.oc.01",,"Y","other carabid",,,,,,,,,,"iiDgbhaUgfPlmO3sDuElTmkNgYTXyxbk",,0
"7D9265E18AF645ED8BDA9618FFA40778","D03","OSBS","OSBS_003","W","2014-05-27","2014-05-27","2014-05-27",,"OSBS_003.W.20140527.oc.01",,"Y","other carabid",,,,,,,,,,"iiDgbhaUgfPlmO3sDuElTmkNgYTXyxbk","Harpalus erythropus",0
"8222D96574DD4E77B06687069DA5B856","D03","OSBS","OSBS_022","N","2014-05-27","2014-05-27","2014-05-27",,"OSBS_022.20140527.ib.01","OSBS_022.20140527.ib.01",,"invert bycatch",,,,,,,,,,"iiDgbhaUgfPlmO3sDuElTmkNgYTXyxbk",,0
"3C2A8D76AB0A4CAD8ABA353628AD6837","D03","OSBS","OSBS_008","S","2014-05-27","2014-05-27","2014-05-27",,"OSBS_008.S.20140527.oc.01",,,"other carabid",,,,,,,,,,"iiDgbhaUgfPlmO3sDuElTmkNgYTXyxbk","Dicaelus alterans",0
"66E3253179424246A903F427F7D493A8","D03","OSBS","OSBS_006","N","2014-05-27","2014-05-27","2014-05-27",,"OSBS_006.20140527.ib.01","OSBS_006.20140527.ib.01",,"invert bycatch",,,,,,,,,,"iiDgbhaUgfPlmO3sDuElTmkNgYTXyxbk",,0
"BC02291528924A909250381A988342C3","D03","OSBS","OSBS_005","W","2014-05-27","2014-05-27","2014-05-27","2014-07-28","OSBS_005.W.20140527.PASSUB1.01","OSBS_005.W.20140527.PASSUB1.01","Y","common carabid","PASSUB1","Pasimachus sublaevis","species",,"Palisot de Beauvois",,1,"palisot de beauvois 1811","7ZsG8s1cQijU1p7CX6b9FNrZuRO+/rX6","iiDgbhaUgfPlmO3sDuElTmkNgYTXyxbk",,0
"50032018EB3E4566A157967ACDBD2D54","D03","OSBS","OSBS_005","N","2014-05-27","2014-05-27","2014-05-27",,"OSBS_005.20140527.ib.01","OSBS_005.20140527.ib.01","N","invert bycatch",,,,,,,,,,"iiDgbhaUgfPlmO3sDuElTmkNgYTXyxbk",,0
"3AD996C3720548EA9EC4F1E160B40FAC","D03","OSBS","OSBS_007","N","2014-05-27","2014-05-27","2014-05-27",,"OSBS_007.20140527.ib.01","OSBS_007.20140527.ib.01","N","invert bycatch",,,,,,,,,,"iiDgbhaUgfPlmO3sDuElTmkNgYTXyxbk",,0
"B0B459CEC9294D8C83051D62F044F008","D03","OSBS","OSBS_004","E","2014-05-27","2014-05-27","2014-05-27","2014-07-28","OSBS_004.E.20140527.PASSTR.01","OSBS_004.E.20140527.PASSTR.01","Y","common carabid","PASSTR","Pasimachus strenuus","species",,"LeConte",,1,"LeConte	1874","7ZsG8s1cQijU1p7CX6b9FNrZuRO+/rX6","7ZsG8s1cQijU1p7CX6b9FNrZuRO+/rX6",,0
"661EE8446EB84F04967E851F097C996E","D03","OSBS","OSBS_004","W","2014-05-27","2014-05-27","2014-05-27","2014-07-28","OSBS_004.W.20140527.PASSTR.01","OSBS_004.W.20140527.PASSTR.01","Y","common carabid","PASSTR","Pasimachus strenuus","species",,"LeConte",,1,"LeConte	1874","7ZsG8s1cQijU1p7CX6b9FNrZuRO+/rX6","7ZsG8s1cQijU1p7CX6b9FNrZuRO+/rX6",,0
"B5422A4623EE4236BF64CE3F85505BD6","D03","OSBS","OSBS_004","N","2014-05-27","2014-05-27","2014-05-27","2014-07-28","OSBS_004.N.20140527.PASSTR.01","OSBS_004.20140527.PASSTR.01","Y","common carabid","PASSTR","Pasimachus strenuus","species",,"LeConte",,1,"LeConte	1874","7ZsG8s1cQijU1p7CX6b9FNrZuRO+/rX6","7ZsG8s1cQijU1p7CX6b9FNrZuRO+/rX6",,0
"3EC1A1BAC73F4DC5B401122ADC384C6B","D03","OSBS","OSBS_004","N","2014-05-27","2014-05-27","2014-05-27",,"OSBS_004.20140527.ib.01","OSBS_004.20140527.ib.01","N","invert bycatch",,,,,,,,,,"7ZsG8s1cQijU1p7CX6b9FNrZuRO+/rX6",,0
"3647692C5EB34050962D22EBBAAA336D","D03","OSBS","OSBS_001","N","2014-05-27","2014-05-27","2014-05-27",,"OSBS_001.20140527.ib.01","OSBS_001.20140527.ib.01","N","invert bycatch",,,,,,,,,,"iiDgbhaUgfPlmO3sDuElTmkNgYTXyxbk",,0
"F07034A1784D406A927ACE054E481CB5","D03","OSBS","OSBS_002","N","2014-05-27","2014-05-27","2014-05-27",,"OSBS_002.20140527.ib.01","OSBS_002.20140527.ib.01","N","invert bycatch",,,,,,,,,,"iiDgbhaUgfPlmO3sDuElTmkNgYTXyxbk",,0
"EF1D55AA0F4E487CAD7DA2F409B4B8AD","D03","OSBS","OSBS_003","N","2014-05-27","2014-05-27","2014-05-27",,"OSBS_003.20140527.ib.01","OSBS_003.20140527.ib.01","Y","invert bycatch",,,,,,,,,,"iiDgbhaUgfPlmO3sDuElTmkNgYTXyxbk",,0
"2D9C3EBB905A48D79B908A1B46F637BF","D03","OSBS","OSBS_003","N","2014-05-27","2014-05-27","2014-05-27",,"OSBS_003.N.20140527.oc.01",,"Y","other carabid",,,,,,,,,,"iiDgbhaUgfPlmO3sDuElTmkNgYTXyxbk","Cyclotrachelus faber",0
"3E22CCD9336249B5B5514CC647AA390B","D03","OSBS","OSBS_003","W","2014-05-27","2014-05-27","2014-05-27","2014-07-28","OSBS_003.W.20140527.PASSTR.01","OSBS_003.W.20140527.PASSTR.01","Y","common carabid","PASSTR","Pasimachus strenuus","species",,"LeConte",,1,"LeConte	1874","7ZsG8s1cQijU1p7CX6b9FNrZuRO+/rX6","7ZsG8s1cQijU1p7CX6b9FNrZuRO+/rX6",,0
"75077E6EFED242C5A7272C76B681B46A","D03","OSBS","OSBS_003","N","2014-05-27","2014-05-27","2014-05-27","2014-07-28","OSBS_003.N.20140527.PASSUB2.01","OSBS_003.N.20140527.PASSUB2.01","Y","common carabid","PASSUB2","Pasimachus subsulcatus","species",,"Say",,1,"Say 1823","7ZsG8s1cQijU1p7CX6b9FNrZuRO+/rX6","7ZsG8s1cQijU1p7CX6b9FNrZuRO+/rX6",,0
"8B12C7E38B344ED29B662234EE180A33","D03","OSBS","OSBS_003","N","2014-06-09","2014-06-09","2014-06-09",,"OSBS_003.N.20140609.oc.01",,,"other carabid",,,,,,,,,,"iiDgbhaUgfPlmO3sDuElTmkNgYTXyxbk",,0
"6D491C46AD9B488CB87A9870FF5DF779","D03","OSBS","OSBS_022","N","2014-06-09","2014-06-09","2014-06-09",,"OSBS_022.20140609.ib.01","OSBS_022.20140609.ib.01",,"invert bycatch",,,,,,,,,,"iiDgbhaUgfPlmO3sDuElTmkNgYTXyxbk",,0
"88BFC8D0B4FC47C681D814958EAADD07","D03","OSBS","OSBS_008","N","2014-06-09","2014-06-09","2014-06-09",,"OSBS_008.20140609.ib.01","OSBS_008.20140609.ib.01",,"invert bycatch",,,,,,,,,,"iiDgbhaUgfPlmO3sDuElTmkNgYTXyxbk",,0
"B7B0D609B41442F496194CDD55BBB524","D03","OSBS","OSBS_006","W","2014-06-09","2014-06-09","2014-06-09",,"OSBS_006.W.20140609.oc.01",,,"other carabid",,,,,,,,,,"iiDgbhaUgfPlmO3sDuElTmkNgYTXyxbk",,0
"685F1E98E95C4245BAF268279DF73F7F","D03","OSBS","OSBS_006","N","2014-06-09","2014-06-09","2014-06-09",,"OSBS_006.20140609.ib.01","OSBS_006.20140609.ib.01",,"invert bycatch",,,,,,,,,,"iiDgbhaUgfPlmO3sDuElTmkNgYTXyxbk",,0
"F580FE51B9A54FEA96CD08C7A0BE4BF5","D03","OSBS","OSBS_005","N","2014-06-09","2014-06-09","2014-06-09",,"OSBS_005.20140609.ib.01","OSBS_005.20140609.ib.01",,"invert bycatch",,,,,,,,,,"iiDgbhaUgfPlmO3sDuElTmkNgYTXyxbk",,0
"4FE8AE57B7DB4FE6A1638F8388AB4D97","D03","OSBS","OSBS_007","W","2014-06-09","2014-06-09","2014-06-09","2014-09-19","OSBS_007.W.20140609.PASSTR.01","OSBS_007.W.20140609.PASSTR.01",,"common carabid","PASSTR","Pasimachus strenuus","species",,"LeConte",,,"leconte 1874","7ZsG8s1cQijU1p7CX6b9FNrZuRO+/rX6","iiDgbhaUgfPlmO3sDuElTmkNgYTXyxbk",,0
"D5D7B125E957446E9D753A8A96A450C1","D03","OSBS","OSBS_007","N","2014-06-09","2014-06-09","2014-06-09",,"OSBS_007.20140609.ib.01","OSBS_007.20140609.ib.01",,"invert bycatch",,,,,,,,,,"iiDgbhaUgfPlmO3sDuElTmkNgYTXyxbk",,0
"069535C75C6F4A64BE1DC5B6F7390AEA","D03","OSBS","OSBS_004","N","2014-06-09","2014-06-09","2014-06-09",,"OSBS_004.20140609.ib.01","OSBS_004.20140609.ib.01",,"invert bycatch",,,,,,,,,,"iiDgbhaUgfPlmO3sDuElTmkNgYTXyxbk",,0
"F79A229F308744939486978A19C4D9F0","D03","OSBS","OSBS_001","N","2014-06-09","2014-06-09","2014-06-09",,"OSBS_001.20140609.ib.01","OSBS_001.20140609.ib.01",,"invert bycatch",,,,,,,,,,"iiDgbhaUgfPlmO3sDuElTmkNgYTXyxbk",,0
"D4B7D85A7B054EDBA7399304264DA3BD","D03","OSBS","OSBS_001","W","2014-06-09","2014-06-09","2014-06-09",,"OSBS_001.W.20140609.oc.01",,,"other carabid",,,,,,,,,,"iiDgbhaUgfPlmO3sDuElTmkNgYTXyxbk","Loxandrus sp.",0
"A6AAA072DBD940AABEB0ECA71551725F","D03","OSBS","OSBS_002","N","2014-06-09","2014-06-09","2014-06-09",,"OSBS_002.20140609.ib.01","OSBS_002.20140609.ib.01",,"invert bycatch",,,,,,,,,,"iiDgbhaUgfPlmO3sDuElTmkNgYTXyxbk",,0
"D3198E497F2E40C7AFCBE5356D686D25","D03","OSBS","OSBS_003","E","2014-06-09","2014-06-09","2014-06-09","2014-06-24","OSBS_003.E.20140609.PASSTR.01","OSBS_003.E.20140609.PASSTR.01",,"common carabid","PASSTR","Pasimachus strenuus","species",,"LeConte",,,"leconte 1874","7ZsG8s1cQijU1p7CX6b9FNrZuRO+/rX6","iiDgbhaUgfPlmO3sDuElTmkNgYTXyxbk",,0
"C4CAADB53ADB41F38559A441516FCA0F","D03","OSBS","OSBS_003","N","2014-06-09","2014-06-09","2014-06-09",,"OSBS_003.20140609.ib.01","OSBS_003.20140609.ib.01",,"invert bycatch",,,,,,,,,,"iiDgbhaUgfPlmO3sDuElTmkNgYTXyxbk",,0
"273709336C95490BB3A3F6860F05A17A","D03","OSBS","OSBS_003","S","2014-06-09","2014-06-09","2014-06-09",,"OSBS_003.S.20140609.oc.01",,,"other carabid",,,,,,,,,,"iiDgbhaUgfPlmO3sDuElTmkNgYTXyxbk",,0
"5FA90E83ED6A4FC9B4F6518A6921D589","D03","OSBS","OSBS_003","W","2014-06-09","2014-06-09","2014-06-09",,"OSBS_003.W.20140609.oc.01",,,"other carabid",,,,,,,,,,"iiDgbhaUgfPlmO3sDuElTmkNgYTXyxbk","cyclotrachelus faber",0
"53BCD4E7FFD34752B97D8B9E6E6B613F","D03","OSBS","OSBS_003","N","2014-06-27","2014-07-06","2014-07-06",,"OSBS_003.20140627.ib.01","OSBS_003.20140627.ib.01",,"invert bycatch",,,,,,,,,,"iiDgbhaUgfPlmO3sDuElTmkNgYTXyxbk",,0
"8A005B33A6E04134B19C1D37D1A7067D","D03","OSBS","OSBS_022","N","2014-06-27","2014-06-27","2014-06-27",,"OSBS_022.20140627.ib.01","OSBS_022.20140627.ib.01",,"invert bycatch",,,,,,,,,,"iiDgbhaUgfPlmO3sDuElTmkNgYTXyxbk",,0
"3975FBE670A24752BFDFAB20B9091A0B","D03","OSBS","OSBS_022","S","2014-06-27","2014-06-27","2014-06-27",,"OSBS_022.S.20140627.oc.01",,,"other carabid",,,,,,,,,,"iiDgbhaUgfPlmO3sDuElTmkNgYTXyxbk","H. clairvillei",0
"CD9F7228FBE0462B8B38C14DAA9BE6A9","D03","OSBS","OSBS_022","N","2014-06-27","2014-06-27","2014-06-27",,"OSBS_022.N.20140627.oc.01",,,"other carabid",,,,,,,,,,"iiDgbhaUgfPlmO3sDuElTmkNgYTXyxbk","Loxandrus sp.",0
"6AB4001D5DC1401082FBFDA61EE31C62","D03","OSBS","OSBS_008","W","2014-06-27","2014-06-27","2014-06-27",,"OSBS_008.W.20140627.oc.01",,,"other carabid",,,,,,,,,,"iiDgbhaUgfPlmO3sDuElTmkNgYTXyxbk",,0
"3A05596127654CA6AF253B142ACF8968","D03","OSBS","OSBS_008","N","2014-06-27","2014-06-27","2014-06-27",,"OSBS_008.20140627.ib.01","OSBS_008.20140627.ib.01",,"invert bycatch",,,,,,,,,,"iiDgbhaUgfPlmO3sDuElTmkNgYTXyxbk",,0
"F19250B3A14043F5AB61E0C92B571FC6","D03","OSBS","OSBS_006","N","2014-06-27","2014-06-27","2014-06-27",,"OSBS_006.20140627.ib.01","OSBS_006.20140627.ib.01",,"invert bycatch",,,,,,,,,,"iiDgbhaUgfPlmO3sDuElTmkNgYTXyxbk",,0
"E627AD614BD846288F56171CB9340A2A","D03","OSBS","OSBS_005","N","2014-06-27","2014-06-27","2014-06-27",,"OSBS_005.20140627.ib.01","OSBS_005.20140627.ib.01",,"invert bycatch",,,,,,,,,,"iiDgbhaUgfPlmO3sDuElTmkNgYTXyxbk",,0
"3FD4E545B4224EB1A5404286C66C325E","D03","OSBS","OSBS_007","N","2014-06-27","2014-06-27","2014-06-27",,"OSBS_007.20140627.ib.01","OSBS_007.20140627.ib.01",,"invert bycatch",,,,,,,,,,"iiDgbhaUgfPlmO3sDuElTmkNgYTXyxbk",,0
"B1106555D92345A6AE3BD1832AD950E1","D03","OSBS","OSBS_004","N","2014-06-27","2014-07-06","2014-07-06",,"OSBS_004.20140627.ib.01","OSBS_004.20140627.ib.01",,"invert bycatch",,,,,,,,,,"iiDgbhaUgfPlmO3sDuElTmkNgYTXyxbk",,0
"E399075C50BD432D918C6F2B38EB9D98","D03","OSBS","OSBS_004","W","2014-06-27","2014-07-06","2014-07-06","2014-08-11","OSBS_004.W.20140627.PASSTR.01","OSBS_004.W.20140627.PASSTR.01",,"common carabid","PASSTR","Pasimachus strenuus","species",,"LeConte",,1,"leconte 1874","7ZsG8s1cQijU1p7CX6b9FNrZuRO+/rX6","iiDgbhaUgfPlmO3sDuElTmkNgYTXyxbk",,0
"F4D6CCF402064D34BF3D03FEF9AE3505","D03","OSBS","OSBS_004","E","2014-06-27","2014-07-06","2014-07-06","2014-08-11","OSBS_004.E.20140627.PASSTR.01","OSBS_004.E.20140627.PASSTR.01",,"common carabid","PASSTR","Pasimachus strenuus","species",,"LeConte",,1,"leconte 1874","7ZsG8s1cQijU1p7CX6b9FNrZuRO+/rX6","iiDgbhaUgfPlmO3sDuElTmkNgYTXyxbk",,0
"030815ACEC4E4D45AB17B96BDA9DBA90","D03","OSBS","OSBS_001","N","2014-06-27","2014-07-06","2014-07-06",,"OSBS_001.20140627.ib.01","OSBS_001.20140627.ib.01",,"invert bycatch",,,,,,,,,,"iiDgbhaUgfPlmO3sDuElTmkNgYTXyxbk",,0
"8326C103F40C44E89ED620F5968BAC03","D03","OSBS","OSBS_001","S","2014-06-27","2014-07-06","2014-07-06",,"OSBS_001.S.20140627.oc.01",,,"other carabid",,,,,,,,,,"iiDgbhaUgfPlmO3sDuElTmkNgYTXyxbk","Dicaelus elongatus",0
"71CE6410739248C7A6B0607388620C80","D03","OSBS","OSBS_002","E","2014-06-27","2014-07-06","2014-07-06","2014-09-29","OSBS_002.E.20140627.PASSUB2.01","OSBS_002.E.20140627.PASSUB2.01",,"common carabid","PASSUB2","Pasimachus subsulcatus","species",,"Say",,1,"say 1832","w/KL6MXJXvQ9p4XzhV28GG2D83wW5unkeKKvBIBIGMI=","iiDgbhaUgfPlmO3sDuElTmkNgYTXyxbk",,0
"83E819E7D0524928805333FFBCBEC418","D03","OSBS","OSBS_002","N","2014-06-27","2014-07-06","2014-07-06",,"OSBS_002.20140627.ib.01","OSBS_002.20140627.ib.01",,"invert bycatch",,,,,,,,,,"iiDgbhaUgfPlmO3sDuElTmkNgYTXyxbk",,0
"DCA27C30EFA24F31A0B7E14471194F9F","D03","OSBS","OSBS_003","E","2014-06-27","2014-07-06","2014-07-06","2014-07-06","OSBS_003.E.20140627.GASCAR.01","OSBS_003.E.20140627.GASCAR.01",,"vert bycatch herp","GASCAR","Gastrophryne carolinensis","species",,"Holbrook",,1,"Peterson's Guide to Reptiles and Amphibians ","4L8ym37Asu+KsQosRbU6bIsf8XS1mmQL","iiDgbhaUgfPlmO3sDuElTmkNgYTXyxbk",,0
"1D0F43902583409C9A3E72D4465E1AA6","D03","OSBS","OSBS_003","N","2014-06-27","2014-07-06","2014-07-06",,"OSBS_003.20140627.ib.04","OSBS_003.20140627.ib.04",,"invert bycatch",,,,,,,,,,"iiDgbhaUgfPlmO3sDuElTmkNgYTXyxbk",,0
"3406710BA40946BE86C6C6C3537334CD","D03","OSBS","OSBS_003","N","2014-06-27","2014-07-06","2014-07-06",,"OSBS_003.20140627.ib.02","OSBS_003.20140627.ib.02",,"invert bycatch",,,,,,,,,,"iiDgbhaUgfPlmO3sDuElTmkNgYTXyxbk",,0
"EB417C7F1D0E4682A3024E473F7A444E","D03","OSBS","OSBS_003","N","2014-06-27","2014-07-06","2014-07-06","2014-07-06","OSBS_003.N.20140627.PASSTR.01","OSBS_003.N.20140627.PASSTR.01",,"common carabid","PASSTR","Pasimachus strenuus","species",,"LeConte",,1,,"scdXeiOYH+xCXiXscoerBg8nVMTM/1lP","iiDgbhaUgfPlmO3sDuElTmkNgYTXyxbk",,0
"0713CA8076FA4380B552FA1948230BA8","D03","OSBS","OSBS_003","N","2014-06-27","2014-07-06","2014-07-06",,"OSBS_003.N.20140627.oc.01",,,"other carabid",,,,,,,,,,"iiDgbhaUgfPlmO3sDuElTmkNgYTXyxbk","Cyclotrachelus faber",0
"4DC43046CC8942B4B2DC14040CE8D0F1","D03","OSBS","OSBS_003","N","2014-06-27","2014-07-06","2014-07-06",,"OSBS_003.20140627.ib.03","OSBS_003.20140627.ib.03",,"invert bycatch",,,,,,,,,,"iiDgbhaUgfPlmO3sDuElTmkNgYTXyxbk",,0
"03CCE247A66342C585F5CB63F24AC8CE","D03","OSBS","OSBS_003","W","2014-07-07","2014-07-16","2014-07-16",,"OSBS_003.W.20140707.oc.01",,,"other carabid",,,,,,,,,,"iiDgbhaUgfPlmO3sDuElTmkNgYTXyxbk",,0
"A89FFE596D2B4668801A726EE1D608B6","D03","OSBS","OSBS_022","W","2014-07-07","2014-07-16","2014-07-16",,"OSBS_022.W.20140707.oc.01",,,"other carabid",,,,,,,,,,"iiDgbhaUgfPlmO3sDuElTmkNgYTXyxbk","P. marginatus",0
"D35D37E49A334F088ABEFF462FE98E8B","D03","OSBS","OSBS_022","N","2014-07-07","2014-07-16","2014-07-16",,"OSBS_022.20140707.ib.01","OSBS_022.20140707.ib.01",,"invert bycatch",,,,,,,,,,"iiDgbhaUgfPlmO3sDuElTmkNgYTXyxbk",,0
"6594EC75856044AF8B57CF0E4AAB15CD","D03","OSBS","OSBS_022","S","2014-07-07","2014-07-16","2014-07-16",,"OSBS_022.S.20140707.oc.01",,,"other carabid",,,,,,,,,,"iiDgbhaUgfPlmO3sDuElTmkNgYTXyxbk","P. marginatus",0
"84EB5B97F92D4C628A52574DD0D3B856","D03","OSBS","OSBS_008","N","2014-07-07","2014-07-16","2014-07-16","2014-07-16","OSBS_008.N.20140707.PASSTR.01","OSBS_008.N.20140707.PASSTR.01",,"common carabid","PASSTR","Pasimachus strenuus","species",,"LeConte",,,"leconte 1874","7ZsG8s1cQijU1p7CX6b9FNrZuRO+/rX6","iiDgbhaUgfPlmO3sDuElTmkNgYTXyxbk",,0
"35511A4245BC43D3BEA0236221199BDE","D03","OSBS","OSBS_008","N","2014-07-07","2014-07-16","2014-07-16",,"OSBS_008.20140707.ib.01","OSBS_008.20140707.ib.01",,"invert bycatch",,,,,,,,,,"iiDgbhaUgfPlmO3sDuElTmkNgYTXyxbk",,0
"12FD2FD1D791460FB99B9FD17049AB0F","D03","OSBS","OSBS_006","N","2014-07-07","2014-07-16","2014-07-16",,"OSBS_006.20140707.ib.01","OSBS_006.20140707.ib.01",,"invert bycatch",,,,,,,,,,"iiDgbhaUgfPlmO3sDuElTmkNgYTXyxbk",,0
"A59750E45B2A419DA6DE4DD7C8ACBD29","D03","OSBS","OSBS_005","N","2014-07-07","2014-07-16","2014-07-16",,"OSBS_005.20140707.ib.01","OSBS_005.20140707.ib.01",,"invert bycatch",,,,,,,,,,"iiDgbhaUgfPlmO3sDuElTmkNgYTXyxbk",,0
"F9905F5788844948AE781ED4F90DD525","D03","OSBS","OSBS_007","N","2014-07-07","2014-07-16","2014-07-16",,"OSBS_007.20140707.ib.01","OSBS_007.20140707.ib.01",,"invert bycatch",,,,,,,,,,"iiDgbhaUgfPlmO3sDuElTmkNgYTXyxbk",,0
"4B17E7C3E06D40F5AD5F369D0744426E","D03","OSBS","OSBS_004","N","2014-07-07","2014-07-16","2014-07-16",,"OSBS_004.20140707.ib.02","OSBS_004.20140707.ib.02",,"invert bycatch",,,,,,,,,,"iiDgbhaUgfPlmO3sDuElTmkNgYTXyxbk",,0
"80921141382049878037D98FBEB5FF34","D03","OSBS","OSBS_004","N","2014-07-07","2014-07-16","2014-07-16",,"OSBS_004.20140707.ib.01","OSBS_004.20140707.ib.01",,"invert bycatch",,,,,,,,,,"iiDgbhaUgfPlmO3sDuElTmkNgYTXyxbk",,0
"852DDB9DEF434F5D95B5D06CA01F36BB","D03","OSBS","OSBS_001","N","2014-07-07","2014-07-16","2014-07-16",,"OSBS_001.20140707.ib.01","OSBS_001.20140707.ib.01",,"invert bycatch",,,,,,,,,,"iiDgbhaUgfPlmO3sDuElTmkNgYTXyxbk",,0
"D80AAD11FCEC4DA68189C327F2ADFA4C","D03","OSBS","OSBS_002","N","2014-07-07","2014-07-16","2014-07-16",,"OSBS_002.20140707.ib.01","OSBS_002.20140707.ib.01",,"invert bycatch",,,,,,,,,,"iiDgbhaUgfPlmO3sDuElTmkNgYTXyxbk",,0
"0F322B86C99042EDAF953BDD1A80D1A1","D03","OSBS","OSBS_002","S","2014-07-07","2014-07-16","2014-07-16","2014-06-27","OSBS_002.S.20140707.GASCAR.01","OSBS_002.S.20140707.GASCAR.01",,"vert bycatch herp","GASCAR","Gastrophryne carolinensis","species",,"Holbrook",,,"Peterson's Guide to Reptiles and Amphibians","4L8ym37Asu+KsQosRbU6bIsf8XS1mmQL","iiDgbhaUgfPlmO3sDuElTmkNgYTXyxbk",,0
"5557D6D3C1C44049AB776F876DBA1524","D03","OSBS","OSBS_003","N","2014-07-07","2014-07-16","2014-07-16","2014-08-06","OSBS_003.N.20140707.PASSUB2.01","OSBS_003.N.20140707.PASSUB2.01","Y","common carabid","PASSUB2","Pasimachus subsulcatus","species",,"Say",,,"say 1823","bPko/k8RNU/icSbrBCzMLbJxWeUwZufu","bPko/k8RNU/icSbrBCzMLbJxWeUwZufu",,0
"CE3FA3610CFB43428A78AB24CFC2D705","D03","OSBS","OSBS_003","W","2014-07-07","2014-07-16","2014-07-16","2014-07-31","OSBS_003.W.20140707.PASSUB2.01","OSBS_003.W.20140707.PASSUB2.01",,"common carabid","PASSUB2","Pasimachus subsulcatus","species",,"Say",,,"say 1823","7ZsG8s1cQijU1p7CX6b9FNrZuRO+/rX6","7ZsG8s1cQijU1p7CX6b9FNrZuRO+/rX6",,0
"F612F15E8AFB4608B2E7F7F796189FF6","D03","OSBS","OSBS_003","N","2014-07-07","2014-07-16","2014-07-16",,"OSBS_003.20140707.ib.01","OSBS_003.20140707.ib.01",,"invert bycatch",,,,,,,,,,"iiDgbhaUgfPlmO3sDuElTmkNgYTXyxbk",,0
"58DD1512B5984A198E1081AE2CD7DD31","D03","OSBS","OSBS_003","S","2014-07-07","2014-07-16","2014-07-16",,"OSBS_003.S.20140707.oc.01",,,"other carabid",,,,,,,,,,"iiDgbhaUgfPlmO3sDuElTmkNgYTXyxbk",,0
"1039E339170C4E309B4CC4DBAF1C8C4C","D03","OSBS","OSBS_003","W","2014-07-21","2014-07-21","2014-07-21",,"OSBS_003.W.20140721.oc.01",,,"other carabid",,,,,,,,,,"iiDgbhaUgfPlmO3sDuElTmkNgYTXyxbk",,0
"DBE22DB2D23246968CC39525E43107ED","D03","OSBS","OSBS_022","S","2014-07-21","2014-07-21","2014-07-21","2014-07-21","OSBS_022.S.20140721.GASCAR.01","OSBS_022.S.20140721.GASCAR.01",,"vert bycatch herp","GASCAR","Gastrophryne carolinensis","species",,"Holbrook",,1,"Peterson's Guide to Reptiles and Amphibians","4L8ym37Asu+KsQosRbU6bIsf8XS1mmQL","iiDgbhaUgfPlmO3sDuElTmkNgYTXyxbk",,0
"0FD756AEBB7A4A3E80E758DF1A885E33","D03","OSBS","OSBS_022","N","2014-07-21","2014-07-21","2014-07-21",,"OSBS_022.N.20140721.oc.01",,,"other carabid",,,,,,,,,,"iiDgbhaUgfPlmO3sDuElTmkNgYTXyxbk","C. faber",0
"A978575932434F4E870C467483723A3A","D03","OSBS","OSBS_022","N","2014-07-21","2014-07-21","2014-07-21",,"OSBS_022.20140721.ib.01","OSBS_022.20140721.ib.01",,"invert bycatch",,,,,,,,,,"iiDgbhaUgfPlmO3sDuElTmkNgYTXyxbk",,0
"C131D6F0C3D947D199D744964ACC8984","D03","OSBS","OSBS_022","S","2014-07-21","2014-07-21","2014-07-21",,"OSBS_022.S.20140721.oc.01",,,"other carabid",,,,,,,,,,"iiDgbhaUgfPlmO3sDuElTmkNgYTXyxbk","P. marginatus",2
"2C716CDD2DAC4173AA853257EC522B1E","D03","OSBS","OSBS_022","S","2014-07-21","2014-07-21","2014-07-21",,"OSBS_022.S.20140721.oc.01",,,"other carabid",,,,,,,,,,"iiDgbhaUgfPlmO3sDuElTmkNgYTXyxbk","C. faber",2
"F1C47DB35B0F403DB092F0CC77730065","D03","OSBS","OSBS_008","N","2014-07-21","2014-07-21","2014-07-21",,"OSBS_008.20140721.ib.01","OSBS_008.20140721.ib.01",,"invert bycatch",,,,,,,,,,"iiDgbhaUgfPlmO3sDuElTmkNgYTXyxbk",,0
"B2FDA3E8AC9C4E4E8217875265435B4E","D03","OSBS","OSBS_006","N","2014-07-21","2014-07-21","2014-07-21",,"OSBS_006.20140721.ib.01","OSBS_006.20140721.ib.01",,"invert bycatch",,,,,,,,,,"iiDgbhaUgfPlmO3sDuElTmkNgYTXyxbk",,0
"77986BEF8D614C4DA6DDE156D9808BFE","D03","OSBS","OSBS_005","N","2014-07-21","2014-07-21","2014-07-21",,"OSBS_005.20140721.ib.01","OSBS_005.20140721.ib.01",,"invert bycatch",,,,,,,,,,"iiDgbhaUgfPlmO3sDuElTmkNgYTXyxbk",,0
"6A65CDEDAB914C769C434EF492ADD337","D03","OSBS","OSBS_007","N","2014-07-21","2014-07-21","2014-07-21",,"OSBS_007.20140721.ib.01","OSBS_007.20140721.ib.01",,"invert bycatch",,,,,,,,,,"iiDgbhaUgfPlmO3sDuElTmkNgYTXyxbk",,0
"1FCC4939C1EE4B1191F739D580636B68","D03","OSBS","OSBS_004","N","2014-07-21","2014-07-21","2014-07-21",,"OSBS_004.20140721.ib.01","OSBS_004.20140721.ib.01",,"invert bycatch",,,,,,,,,,"iiDgbhaUgfPlmO3sDuElTmkNgYTXyxbk",,0
"E2784450F01D42C0B1705E0C46E6927B","D03","OSBS","OSBS_004","E","2014-07-21","2014-07-21","2014-07-21","2014-09-30","OSBS_004.E.20140721.PASSTR.01","OSBS_004.E.20140721.PASSTR.01","Y","common carabid","PASSTR","Pasimachus strenuus","species",,"LeConte",,1,,"Y2v6GhTwVkDJUeaxDC3aaKPn58rqYyJG","iiDgbhaUgfPlmO3sDuElTmkNgYTXyxbk",,0
"259337FF5CF940738BA7BABC222F5C73","D03","OSBS","OSBS_001","W","2014-07-21","2014-07-21","2014-07-21",,"OSBS_001.W.20140721.oc.01",,,"other carabid",,,,,,,,,,"iiDgbhaUgfPlmO3sDuElTmkNgYTXyxbk",,0
"4DFEF54C7656434FB19AA1F36CE7B5C5","D03","OSBS","OSBS_001","N","2014-07-21","2014-07-21","2014-07-21",,"OSBS_001.20140721.ib.01","OSBS_001.20140721.ib.01",,"invert bycatch",,,,,,,,,,"iiDgbhaUgfPlmO3sDuElTmkNgYTXyxbk",,0
"856408CEE2204D1BA0C3E4A83DF13EBB","D03","OSBS","OSBS_002","N","2014-07-21","2014-07-21","2014-07-21",,"OSBS_002.20140721.ib.01","OSBS_002.20140721.ib.01",,"invert bycatch",,,,,,,,,,"iiDgbhaUgfPlmO3sDuElTmkNgYTXyxbk",,0
"DBD2DDF8CB864B3EA387829A0FA7EA8D","D03","OSBS","OSBS_003","E","2014-07-21","2014-07-21","2014-07-21","2014-08-06","OSBS_003.E.20140721.PASSUB2.01","OSBS_003.E.20140721.PASSUB2.01","Y","common carabid","PASSUB2","Pasimachus subsulcatus","species",,"Say",,1,"say 1823","bPko/k8RNU/icSbrBCzMLbJxWeUwZufu","bPko/k8RNU/icSbrBCzMLbJxWeUwZufu",,0
"A10A20566F024056B327C0ABCFCDF1CF","D03","OSBS","OSBS_003","N","2014-07-21","2014-07-21","2014-07-21","2014-08-06","OSBS_003.N.20140721.PASSUB2.01","OSBS_003.N.20140721.PASSUB2.01","Y","common carabid","PASSUB2","Pasimachus subsulcatus","species",,"Say",,1,"say 1823","bPko/k8RNU/icSbrBCzMLbJxWeUwZufu","bPko/k8RNU/icSbrBCzMLbJxWeUwZufu",,0
"3F5D977C7F4745388B520E199985F97D","D03","OSBS","OSBS_003","E","2014-07-21","2014-07-21","2014-07-21",,"OSBS_003.E.20140721.oc.01",,,"other carabid",,,,,,,,,,"bPko/k8RNU/icSbrBCzMLbJxWeUwZufu",,0
"5C4EF9FDD763458DA3335AD362FBB928","D03","OSBS","OSBS_003","N","2014-07-21","2014-07-21","2014-07-21",,"OSBS_003.20140721.ib.01","OSBS_003.20140721.ib.01",,"invert bycatch",,,,,,,,,,"iiDgbhaUgfPlmO3sDuElTmkNgYTXyxbk",,0
"CAEB0231A89F4C74847634D488DB86A8","D03","OSBS","OSBS_003","S","2014-07-21","2014-07-21","2014-07-21","2014-07-21","OSBS_003.S.20140721.GASCAR.01","OSBS_003.S.20140721.GASCAR.01",,"vert bycatch herp","GASCAR","Gastrophryne carolinensis","species",,"Holbrook",,1,"Peterson's Guide to Reptiles and Amphibians","7ZsG8s1cQijU1p7CX6b9FNrZuRO+/rX6","7ZsG8s1cQijU1p7CX6b9FNrZuRO+/rX6",,0
"03527DB5DA614044BF8CF7DA403803F1","D03","OSBS","OSBS_003","N","2014-07-21","2014-07-21","2014-07-21",,"OSBS_003.N.20140721.oc.01",,,"other carabid",,,,,,,,,,"bPko/k8RNU/icSbrBCzMLbJxWeUwZufu",,1
"297EC4E8B25A47C8BBE2D30E09A0C9BF","D03","OSBS","OSBS_003","S","2014-07-21","2014-07-21","2014-07-21",,"OSBS_003.S.20140721.oc.01",,,"other carabid",,,,,,,,,,"bPko/k8RNU/icSbrBCzMLbJxWeUwZufu",,1
"02E5286E980C468E989E1B993AF1F37E","D03","OSBS","OSBS_003","N","2014-07-21","2014-07-21","2014-07-21","2014-09-26","OSBS_003.N.20140721.PASSTR.01","OSBS_003.N.20140721.PASSTR.01",,"common carabid","PASSTR","Pasimachus strenuus","species",,"LeConte",,1,"leconte 1874","7ZsG8s1cQijU1p7CX6b9FNrZuRO+/rX6","7ZsG8s1cQijU1p7CX6b9FNrZuRO+/rX6",,0
"E2FB1F00FCB243B2938A796E6A47E5EA","D03","OSBS","OSBS_003","S","2014-07-21","2014-07-21","2014-07-21","2014-08-06","OSBS_003.S.20140721.PASSUB2.01","OSBS_003.S.20140721.PASSUB2.01",,"common carabid","PASSUB2","Pasimachus subsulcatus","species",,"Say",,1,"say 1823","bPko/k8RNU/icSbrBCzMLbJxWeUwZufu","bPko/k8RNU/icSbrBCzMLbJxWeUwZufu",,0
"1C7C6DE5B18E4111B27918E8F75FB404","D03","OSBS","OSBS_003","N","2014-08-04","2014-08-04","2014-09-29",,"OSBS_003.20140804.ib.01","OSBS_003.20140804.ib.01","Y","invert bycatch",,,,,,,,,,"scdXeiOYH+xCXiXscoerBg8nVMTM/1lP",,0
"201539B176BA4BE0A1220DFD5B80A220","D03","OSBS","OSBS_022","N","2014-08-04","2014-08-04","2014-09-29",,"OSBS_022.N.20140804.oc.01",,"Y","other carabid",,,,,,,,,,"PbNu4t/t/O1BAZriMiaA3VbsZD9KatgX",,0
"83E3070F7E8041918E194B42766C276F","D03","OSBS","OSBS_022","N","2014-08-04","2014-08-04","2014-09-29",,"OSBS_022.20140804.ib.01","OSBS_022.20140804.ib.01","Y","invert bycatch",,,,,,,,,,"PbNu4t/t/O1BAZriMiaA3VbsZD9KatgX",,0
"B37C4C9B7F27413C98DD81179F238918","D03","OSBS","OSBS_008","N","2014-08-04","2014-08-04","2014-09-29",,"OSBS_008.20140804.ib.01","OSBS_008.20140804.ib.01","N","invert bycatch",,,,,,,,,,"PbNu4t/t/O1BAZriMiaA3VbsZD9KatgX",,0
"C9FB0733F11B4EFCB0B0B421079D3A79","D03","OSBS","OSBS_006","E","2014-08-04","2014-08-04","2014-09-29",,"OSBS_006.E.20140804.oc.01",,"Y","other carabid",,,,,,,,,,"PbNu4t/t/O1BAZriMiaA3VbsZD9KatgX",,0
"B42427FEC0354C3B987AF00364A165C6","D03","OSBS","OSBS_006","N","2014-08-04","2014-08-04","2014-09-29",,"OSBS_006.20140804.ib.01","OSBS_006.20140804.ib.01","Y","invert bycatch",,,,,,,,,,"PbNu4t/t/O1BAZriMiaA3VbsZD9KatgX",,0
"6F882F5F06814AFA8E994B94D801DB45","D03","OSBS","OSBS_005","N","2014-08-04","2014-08-04","2014-09-29",,"OSBS_005.N.20140804.oc.01",,"Y","other carabid",,,,,,,,,,"PbNu4t/t/O1BAZriMiaA3VbsZD9KatgX",,0
"ED052A851E444E8BAE32ABF30FB78F68","D03","OSBS","OSBS_005","N","2014-08-04","2014-08-04","2014-09-29",,"OSBS_005.20140804.ib.01","OSBS_005.20140804.ib.01","Y","invert bycatch",,,,,,,,,,"PbNu4t/t/O1BAZriMiaA3VbsZD9KatgX",,0
"0AC30DE1EDB64F63AF774125C526FF60","D03","OSBS","OSBS_007","N","2014-08-04","2014-08-04","2014-09-29","2014-09-29","OSBS_007.N.20140804.SCEUND.01","OSBS_007.N.20140804.SCEUND.01","Y","vert bycatch herp","SCEUND","Sceloporus undulatus","species",,"Bosc and Daudin in Sonnini and Latreille",,2,,"scdXeiOYH+xCXiXscoerBg8nVMTM/1lP","PbNu4t/t/O1BAZriMiaA3VbsZD9KatgX",,0
"9F43E6F97BE944C08D2736B055D8988C","D03","OSBS","OSBS_007","N","2014-08-04","2014-08-04","2014-09-29",,"OSBS_007.20140804.ib.01","OSBS_007.20140804.ib.01","Y","invert bycatch",,,,,,,,,,"PbNu4t/t/O1BAZriMiaA3VbsZD9KatgX",,0
"66F1FA45E0954EB4B83F8913B8BB5A54","D03","OSBS","OSBS_007","N","2014-08-04","2014-08-04","2014-09-29",,"OSBS_007.N.20140804.oc.01",,,"other carabid",,,,,,,,,,"PbNu4t/t/O1BAZriMiaA3VbsZD9KatgX",,0
"0F971B5CB10F40B9AC2209D7A1E18E92","D03","OSBS","OSBS_004","N","2014-08-04","2014-08-04","2014-09-29",,"OSBS_004.20140804.ib.01","OSBS_004.20140804.ib.01","N","invert bycatch",,,,,,,,,,"PbNu4t/t/O1BAZriMiaA3VbsZD9KatgX",,0
"F95F40718E3F4237AC1FCF2EB20D3EE6","D03","OSBS","OSBS_001","N","2014-08-04","2014-08-04","2014-09-29",,"OSBS_001.20140804.ib.01","OSBS_001.20140804.ib.01","Y","invert bycatch",,,,,,,,,,"scdXeiOYH+xCXiXscoerBg8nVMTM/1lP",,0
"5B2C14FE0F514939B7883B25E54EE5B4","D03","OSBS","OSBS_001","W","2014-08-04","2014-08-04","2014-09-29",,"OSBS_001.W.20140804.oc.01",,"Y","other carabid",,,,,,,,,,"scdXeiOYH+xCXiXscoerBg8nVMTM/1lP",,0
"C7839CE48C76456B919737FFE99DB30C","D03","OSBS","OSBS_002","N","2014-08-04","2014-08-04","2014-09-29",,"OSBS_002.20140804.ib.01","OSBS_002.20140804.ib.01","N","invert bycatch",,,,,,,,,,"scdXeiOYH+xCXiXscoerBg8nVMTM/1lP",,0
"5FA606D526264C93A2F5CA796BEC16FE","D03","OSBS","OSBS_003","N","2014-08-04","2014-08-04","2014-09-29",,"OSBS_003.N.20140804.oc.01",,"Y","other carabid",,,,,,,,,,"scdXeiOYH+xCXiXscoerBg8nVMTM/1lP",,0
"0BDBE6023C834BCBAE48B90C9D426151","D03","OSBS","OSBS_003","W","2014-08-04","2014-08-04","2014-09-29",,"OSBS_003.W.20140804.oc.02",,"Y","other carabid",,,,,,,,,,"scdXeiOYH+xCXiXscoerBg8nVMTM/1lP",,0
"EB1782CC4630481AA3CF68116F287DFD","D03","OSBS","OSBS_003","N","2014-08-18","2014-08-18","2014-08-18",,"OSBS_003.20140818.ib.01","OSBS_003.20140818.ib.01",,"invert bycatch",,,,,,,,,,"scdXeiOYH+xCXiXscoerBg8nVMTM/1lP",,0
"D530BE8954DE40E2B48ED2183BFB1969","D03","OSBS","OSBS_022","E","2014-08-18","2014-08-18","2014-08-18","2014-08-18","OSBS_022.E.20140818.BUFTER.01","OSBS_022.E.20140818.BUFTER.01",,"vert bycatch herp","ANATER","Anaxyrus terrestris","species",,"Bonnaterre",,1,"Peterson's Guide to Reptiles and Amphibians","PO+gLcqpgG6WKM8lPge6HQp6NUBLdhs8","scdXeiOYH+xCXiXscoerBg8nVMTM/1lP",,0
"EDCE2DBE58CD4AA6BA418BCE43E130F2","D03","OSBS","OSBS_022","N","2014-08-18","2014-08-18","2014-08-18",,"OSBS_022.20140818.ib.01","OSBS_022.20140818.ib.01",,"invert bycatch",,,,,,,,,,"scdXeiOYH+xCXiXscoerBg8nVMTM/1lP",,0
"3CB49C9C806F4A35910ABFE4ED1F31EF","D03","OSBS","OSBS_008","N","2014-08-18","2014-08-18","2014-08-18",,"OSBS_008.20140818.ib.01","OSBS_008.20140818.ib.01",,"invert bycatch",,,,,,,,,,"scdXeiOYH+xCXiXscoerBg8nVMTM/1lP",,0
"ECE6AF3EB29346CB90CF979008C664FC","D03","OSBS","OSBS_008","N","2014-08-18","2014-08-18","2014-08-18","2014-08-18","OSBS_008.N.20140818.PASSTR.01","OSBS_008.20140818.PASSTR.01",,"common carabid","PASSTR","Pasimachus strenuus","species",,"LeConte",,,"leconte 1874","scdXeiOYH+xCXiXscoerBg8nVMTM/1lP","scdXeiOYH+xCXiXscoerBg8nVMTM/1lP",,0
"9D6FF7B46DD74C85A27053D08A9B63DA","D03","OSBS","OSBS_008","N","2014-08-18","2014-08-18","2014-08-18",,"OSBS_008.20140818.ib.02","OSBS_008.20140818.ib.02",,"invert bycatch",,,,,,,,,,"scdXeiOYH+xCXiXscoerBg8nVMTM/1lP",,0
"26E771E1FF3747EB8AC1EE23060D36BC","D03","OSBS","OSBS_006","N","2014-08-18","2014-08-18","2014-08-18","2014-08-18","OSBS_006.N.20140818.PASSTR.01","OSBS_006.20140818.PASSTR.01",,"common carabid","PASSTR","Pasimachus strenuus","species",,"LeConte",,,"leconte 1874","scdXeiOYH+xCXiXscoerBg8nVMTM/1lP","scdXeiOYH+xCXiXscoerBg8nVMTM/1lP",,0
"06DC45A2513E4209AEEF34AA93830472","D03","OSBS","OSBS_006","N","2014-08-18","2014-08-18","2014-08-18",,"OSBS_006.20140818.ib.01","OSBS_006.20140818.ib.01",,"invert bycatch",,,,,,,,,,"scdXeiOYH+xCXiXscoerBg8nVMTM/1lP",,0
"88AE83D9948B4B3C912E98AB738C9BD4","D03","OSBS","OSBS_005","N","2014-08-18","2014-08-18","2014-08-18",,"OSBS_005.20140818.ib.01","OSBS_005.20140818.ib.01",,"invert bycatch",,,,,,,,,,"scdXeiOYH+xCXiXscoerBg8nVMTM/1lP",,0
"21BC1B6FAB214CB0AD8C67A98D12441F","D03","OSBS","OSBS_007","N","2014-08-18","2014-08-18","2014-08-18",,"OSBS_007.20140818.ib.01","OSBS_007.20140818.ib.01",,"invert bycatch",,,,,,,,,,"scdXeiOYH+xCXiXscoerBg8nVMTM/1lP",,0
"FBD993D3BF6243C0BCA233DCD4C377D0","D03","OSBS","OSBS_007","E","2014-08-18","2014-08-18","2014-08-18","2014-08-18","OSBS_007.E.20140818.SCEUND.01","OSBS_007.E.20140818.SCEUND.01",,"vert bycatch herp","SCEUND","Sceloporus undulatus","species",,"Bosc and Daudin in Sonnini and Latreille",,1,"Peterson's Guide to Reptiles and Amphibians","PO+gLcqpgG6WKM8lPge6HQp6NUBLdhs8","scdXeiOYH+xCXiXscoerBg8nVMTM/1lP",,0
"1DAC6A7C43224AD78C4C6A04D19F35ED","D03","OSBS","OSBS_007","W","2014-08-18","2014-08-18","2014-08-18","2014-08-18","OSBS_007.W.20140818.SCEUND.01","OSBS_007.W.20140818.SCEUND.01",,"vert bycatch herp","SCEUND","Sceloporus undulatus","species",,"Bosc and Daudin in Sonnini and Latreille",,1,"Peterson's Guide to Reptiles and Amphibians","PO+gLcqpgG6WKM8lPge6HQp6NUBLdhs8","scdXeiOYH+xCXiXscoerBg8nVMTM/1lP",,0
"4B13A502581A4B4CADBB6A722D1AB368","D03","OSBS","OSBS_004","N","2014-08-18","2014-08-18","2014-08-18","2014-08-18","OSBS_004.N.20140818.PASSTR.01","OSBS_004.20140818.PASSTR.01",,"common carabid","PASSTR","Pasimachus strenuus","species",,"LeConte",,,"leconte 1874","scdXeiOYH+xCXiXscoerBg8nVMTM/1lP","scdXeiOYH+xCXiXscoerBg8nVMTM/1lP",,0
"3A1743D3255C4D7BBEF117D046520E0C","D03","OSBS","OSBS_004","N","2014-08-18","2014-08-18","2014-08-18",,"OSBS_004.20140818.ib.01","OSBS_004.20140818.ib.01",,"invert bycatch",,,,,,,,,,"scdXeiOYH+xCXiXscoerBg8nVMTM/1lP",,0
"474EB559EE5944B391B30AB44F414587","D03","OSBS","OSBS_001","S","2014-08-18","2014-08-18","2014-08-18",,"OSBS_001.S.20140818.oc.01",,,"other carabid",,,,,,,,,,"iiDgbhaUgfPlmO3sDuElTmkNgYTXyxbk",,0
"614E79DFD8F542029BAA0AD55065EFFC","D03","OSBS","OSBS_001","W","2014-08-18","2014-08-18","2014-08-18",,"OSBS_001.W.20140818.oc.01",,,"other carabid",,,,,,,,,,"iiDgbhaUgfPlmO3sDuElTmkNgYTXyxbk",,0
"01999C9B2975406C864D402720F06D8E","D03","OSBS","OSBS_001","N","2014-08-18","2014-08-18","2014-08-18",,"OSBS_001.20140818.ib.01","OSBS_001.20140818.ib.01",,"invert bycatch",,,,,,,,,,"iiDgbhaUgfPlmO3sDuElTmkNgYTXyxbk",,0
"BB4DB731A6784781BA2F219FB75C56CE","D03","OSBS","OSBS_002","N","2014-08-18","2014-08-18","2014-08-18",,"OSBS_002.20140818.ib.01","OSBS_002.20140818.ib.01",,"invert bycatch",,,,,,,,,,"iiDgbhaUgfPlmO3sDuElTmkNgYTXyxbk",,1
"7AE77D60E156480097700A3FF0128682","D03","OSBS","OSBS_002","N","2014-08-18","2014-08-18","2014-08-18","2014-09-29","OSBS_002.N.20140818.PASSTR.01","OSBS_002.20140818.PASSTR.01",,"common carabid","PASSTR","Pasimachus strenuus","species",,"LeConte",,,"germar 1824","scdXeiOYH+xCXiXscoerBg8nVMTM/1lP","scdXeiOYH+xCXiXscoerBg8nVMTM/1lP",,0
"5AB71D793F1E4625B3DA676235ECFFD1","D03","OSBS","OSBS_003","N","2014-08-18","2014-08-18","2014-08-18",,"OSBS_003.N.20140818.oc.01",,,"other carabid",,,,,,,,,,"scdXeiOYH+xCXiXscoerBg8nVMTM/1lP",,0
"46642C6092824D84AA3E4F57308C3C4B","D03","OSBS","OSBS_003","W","2014-08-18","2014-08-18","2014-08-18",,"OSBS_003.W.20140818.oc.01",,,"other carabid",,,,,,,,,,"scdXeiOYH+xCXiXscoerBg8nVMTM/1lP",,0
"666FC07B29BB4FCA937867571B178D08","D03","OSBS","OSBS_003","E","2014-08-18","2014-08-18","2014-08-18",,"OSBS_003.E.20140818.oc.01",,,"other carabid",,,,,,,,,,"scdXeiOYH+xCXiXscoerBg8nVMTM/1lP",,0
"77E37E58661646808C7750DB2361E72D","D03","OSBS","OSBS_003","W","2014-09-02","2014-09-02","2014-09-02",,"OSBS_003.W.20140902.oc.01",,,"other carabid",,,,,,,,,,"Y2v6GhTwVkDJUeaxDC3aaKPn58rqYyJG",,0
"230ABB50C3774432B2703D139AA6035C","D03","OSBS","OSBS_003","N","2014-09-02","2014-09-02","2014-09-02",,"OSBS_003.N.20140902.oc.01",,,"other carabid",,,,,,,,,,"Y2v6GhTwVkDJUeaxDC3aaKPn58rqYyJG",,0
"6FD976E9D1A84F2699B34FD189BC3EB0","D03","OSBS","OSBS_003","N","2014-09-02","2014-09-02","2014-09-02",,"OSBS_003.20140902.ib.01","OSBS_003.20140902.ib.01",,"invert bycatch",,,,,,,,,,"iiDgbhaUgfPlmO3sDuElTmkNgYTXyxbk",,0
"C47ECDDB6529497ABA0605237C5CA2B3","D03","OSBS","OSBS_003","N","2014-09-02","2014-09-02","2014-09-02","2014-09-30","OSBS_003.N.20140902.PASSUB2.01","OSBS_003.N.20140902.PASSUB2.01",,"common carabid","PASSUB2","Pasimachus subsulcatus","species",,"Say",,,"say 1823","Y2v6GhTwVkDJUeaxDC3aaKPn58rqYyJG","Y2v6GhTwVkDJUeaxDC3aaKPn58rqYyJG",,0
"DC642DB0A1134D3DA17E874D8C7CEA93","D03","OSBS","OSBS_002","N","2014-09-02","2014-09-02","2014-09-02",,"OSBS_002.20140902.ib.01","OSBS_002.20140902.ib.01",,"invert bycatch",,,,,,,,,,"iiDgbhaUgfPlmO3sDuElTmkNgYTXyxbk",,0
"C14D54E2441E4D2D906159A4F91FAA3B","D03","OSBS","OSBS_001","N","2014-09-02","2014-09-02","2014-09-02",,"OSBS_001.20140902.ib.01","OSBS_001.20140902.ib.01",,"invert bycatch",,,,,,,,,,"iiDgbhaUgfPlmO3sDuElTmkNgYTXyxbk",,0
"51FC97EFD7E049D887F4F29D0D2652ED","D03","OSBS","OSBS_001","E","2014-09-02","2014-09-02","2014-09-02",,"OSBS_001.E.20140902.oc.01",,,"other carabid",,,,,,,,,,"iiDgbhaUgfPlmO3sDuElTmkNgYTXyxbk",,0
"B0B3A42A6DD4418CAAA300C7A708FD2F","D03","OSBS","OSBS_001","W","2014-09-02","2014-09-02","2014-09-02",,"OSBS_001.W.20140902.oc.01",,,"other carabid",,,,,,,,,,"iiDgbhaUgfPlmO3sDuElTmkNgYTXyxbk",,0
"F3A8C817176C42F29993A78E6363A441","D03","OSBS","OSBS_004","E","2014-09-02","2014-09-02","2014-09-02","2014-09-30","OSBS_004.E.20140902.PASSTR.01","OSBS_004.E.20140902.PASSTR.01",,"common carabid","PASSTR","Pasimachus strenuus","species",,"LeConte",,,"leconte 1874","Y2v6GhTwVkDJUeaxDC3aaKPn58rqYyJG","Y2v6GhTwVkDJUeaxDC3aaKPn58rqYyJG",,0
"2CB2A645EF53448681CECBE3BBDAD03F","D03","OSBS","OSBS_004","N","2014-09-02","2014-09-02","2014-09-02",,"OSBS_004.20140902.ib.01","OSBS_004.20140902.ib.01",,"invert bycatch",,,,,,,,,,"Y2v6GhTwVkDJUeaxDC3aaKPn58rqYyJG",,0
"EDE67775CDA84A58BA5F6292F13EBCA5","D03","OSBS","OSBS_004","N","2014-09-02","2014-09-02","2014-09-02","2014-09-30","OSBS_004.N.20140902.PASSTR.01","OSBS_004.N.20140902.PASSTR.01",,"common carabid","PASSTR","Pasimachus strenuus","species",,"LeConte",,,"leconte 1874","Y2v6GhTwVkDJUeaxDC3aaKPn58rqYyJG","Y2v6GhTwVkDJUeaxDC3aaKPn58rqYyJG",,0
"D32CBE37EF1E4F36B49CC79562291915","D03","OSBS","OSBS_007","N","2014-09-02","2014-09-02","2014-09-02",,"OSBS_007.20140902.ib.01","OSBS_007.20140902.ib.01",,"invert bycatch",,,,,,,,,,"Y2v6GhTwVkDJUeaxDC3aaKPn58rqYyJG",,0
"47BCB12C61974B2DA5D5BFDE31A45189","D03","OSBS","OSBS_005","N","2014-09-02","2014-09-02","2014-09-02",,"OSBS_005.20140902.ib.01","OSBS_005.20140902.ib.01",,"invert bycatch",,,,,,,,,,"Y2v6GhTwVkDJUeaxDC3aaKPn58rqYyJG",,0
"AC659C9C95FC42BA885AD77DCFB52BAA","D03","OSBS","OSBS_006","N","2014-09-02","2014-09-02","2014-09-02",,"OSBS_006.20140902.ib.01","OSBS_006.20140902.ib.01",,"invert bycatch",,,,,,,,,,"Y2v6GhTwVkDJUeaxDC3aaKPn58rqYyJG",,0
"B1283CDE521342B3BF021E8E3B82BB6B","D03","OSBS","OSBS_008","N","2014-09-02","2014-09-02","2014-09-18","2014-09-18","OSBS_008.N.20140902.PASSTR.01","OSBS_008.N.20140902.PASSTR.01",,"common carabid","PASSTR","Pasimachus strenuus","species",,"LeConte",,,"leconte 1874","7ZsG8s1cQijU1p7CX6b9FNrZuRO+/rX6","7ZsG8s1cQijU1p7CX6b9FNrZuRO+/rX6",,2
"6650FC14AD64406BACA54D6E57862C7F","D03","OSBS","OSBS_008","N","2014-09-02","2014-09-02","2014-09-02","2014-09-30","OSBS_008.N.20140902.PASSTR.01","OSBS_008.20140902.PASSTR.01",,"common carabid","PASSTR","Pasimachus strenuus","species",,"LeConte",,,"leconte 1874","Y2v6GhTwVkDJUeaxDC3aaKPn58rqYyJG","Y2v6GhTwVkDJUeaxDC3aaKPn58rqYyJG",,2
"1539B267AEFB44898B612A43C9A615D6","D03","OSBS","OSBS_008","E","2014-09-02","2014-09-02","2014-09-18","2014-09-18","OSBS_008.E.20140902.PASSTR.01","OSBS_008.E.20140902.PASSTR.01",,"common carabid","PASSTR","Pasimachus strenuus","species",,"LeConte",,,"leconte 1874","7ZsG8s1cQijU1p7CX6b9FNrZuRO+/rX6","7ZsG8s1cQijU1p7CX6b9FNrZuRO+/rX6",,0
"9581FFFA372542298D06323C312C2D7A","D03","OSBS","OSBS_008","N","2014-09-02","2014-09-02","2014-09-02",,"OSBS_008.20140902.ib.01","OSBS_008.20140902.ib.01",,"invert bycatch",,,,,,,,,,"Y2v6GhTwVkDJUeaxDC3aaKPn58rqYyJG",,0
"B1F3C121E87348C69D8A42BF438804CA","D03","OSBS","OSBS_022","N","2014-09-02","2014-09-02","2014-09-02",,"OSBS_022.20140902.ib.01","OSBS_022.20140902.ib.01",,"invert bycatch",,,,,,,,,,"Y2v6GhTwVkDJUeaxDC3aaKPn58rqYyJG",,0
"0E0B6167B8CF490C9588297857BCAC21","D03","OSBS","OSBS_022","N","2014-09-02","2014-09-02","2014-09-18",,"OSBS_022.N.20140902.oc.01",,,"other carabid",,,,,,,,,,"7ZsG8s1cQijU1p7CX6b9FNrZuRO+/rX6","Clivina sp.",0
