"uid","domainID","siteID","plotID","trapID","nlcdClass","decimalLatitude","decimalLongitude","geodeticDatum","coordinateUncertainty","elevation","elevationUncertainty","setDate","collectDate","boutNumber","eventID","sampleID","daysOfTrapping","cupStatus","lidStatus","fluidLevel","trapReset","samplingProtocol","recordedBy","remarks","missingRecordsPerBoutQF","duplicateCollectionEventQF","compareSetCollectDateQF"
"26E79A82DBBE41A7B79DB514B921AC00","D10","STER","STER_006","S","cultivatedCrops",40.463753,-103.035340,"WGS84",5.1,1361.2,0.1,"2014-06-10","2014-06-24",1,"BET.STER_006.2014.01","STER_006.S.20140624",14,"ok","ok","ok","Y","NEON.DOC.014050","XXW8BqPXtz8Ncjf8bOi7gc6Hj7+NVXsl",,0,0,0
"8460EA3CB25D44669499ECE141C4E06E","D10","STER","STER_035","W","cultivatedCrops",40.469725,-103.016895,"WGS84",5.1,1362.2,0.1,"2014-06-10","2014-06-24",1,"BET.STER_035.2014.01","STER_035.W.20140624",14,"ok","ok","high","Y","NEON.DOC.014050","XXW8BqPXtz8Ncjf8bOi7gc6Hj7+NVXsl",,0,0,0
"2E0EB465C11343058B9C039DACDE5F50","D10","STER","STER_035","S","cultivatedCrops",40.469541,-103.016665,"WGS84",5.1,1362.2,0.1,"2014-06-10","2014-06-24",1,"BET.STER_035.2014.01","STER_035.S.20140624",14,"ok","ok","high","Y","NEON.DOC.014050","XXW8BqPXtz8Ncjf8bOi7gc6Hj7+NVXsl",,0,0,0
"402AD6CE55C544EAA57A0ADB5A820ED6","D10","STER","STER_035","N","cultivatedCrops",40.469901,-103.016654,"WGS84",5.1,1362.2,0.1,"2014-06-10","2014-06-24",1,"BET.STER_035.2014.01","STER_035.N.20140624",14,"disturbed","disturbed","ok","Y","NEON.DOC.014050","XXW8BqPXtz8Ncjf8bOi7gc6Hj7+NVXsl",,0,0,0
"86DF73DC495D4224A0F36C1FC7D27731","D10","STER","STER_035","E","cultivatedCrops",40.469717,-103.016424,"WGS84",5.1,1362.2,0.1,"2014-06-10","2014-06-24",1,"BET.STER_035.2014.01","STER_035.E.20140624",14,"ok","ok","ok","Y","NEON.DOC.014050","XXW8BqPXtz8Ncjf8bOi7gc6Hj7+NVXsl",,0,0,0
"68739D084375471C8AA5477131383BA6","D10","STER","STER_034","E","cultivatedCrops",40.478662,-103.019003,"WGS84",5.1,1365.8,0.2,"2014-06-10","2014-06-24",1,"BET.STER_034.2014.01","STER_034.E.20140624",14,"ok","disturbed","high","Y","NEON.DOC.014050","XXW8BqPXtz8Ncjf8bOi7gc6Hj7+NVXsl",,0,0,0
"044F474693F64AC4AC6CF60BD36F91D9","D10","STER","STER_034","W","cultivatedCrops",40.478670,-103.019475,"WGS84",5.1,1365.8,0.2,"2014-06-10","2014-06-24",1,"BET.STER_034.2014.01","STER_034.W.20140624",14,"ok","disturbed","low","Y","NEON.DOC.014050","XXW8BqPXtz8Ncjf8bOi7gc6Hj7+NVXsl",,0,0,0
"E202C0F4A5E4415B924435F5ED3B0C02","D10","STER","STER_034","N","cultivatedCrops",40.478846,-103.019234,"WGS84",5.1,1365.8,0.2,"2014-06-10","2014-06-24",1,"BET.STER_034.2014.01","STER_034.N.20140624",14,"ok","ok","high","Y","NEON.DOC.014050","XXW8BqPXtz8Ncjf8bOi7gc6Hj7+NVXsl",,0,0,0
"4F135A68C2614358992D2361A7E154EE","D10","STER","STER_034","S","cultivatedCrops",40.478486,-103.019244,"WGS84",5.1,1365.8,0.2,"2014-06-10","2014-06-24",1,"BET.STER_034.2014.01","STER_034.S.20140624",14,"ok","disturbed","high","Y","NEON.DOC.014050","XXW8BqPXtz8Ncjf8bOi7gc6Hj7+NVXsl",,0,0,0
"49FA71BB91884D37A3AA62E07FE9ACEF","D10","STER","STER_033","N","cultivatedCrops",40.476566,-103.011857,"WGS84",5.1,1356.6,0.2,"2014-06-10","2014-06-24",1,"BET.STER_033.2014.01","STER_033.N.20140624",14,"ok","ok","high","Y","NEON.DOC.014050","XXW8BqPXtz8Ncjf8bOi7gc6Hj7+NVXsl",,0,0,0
"C753624CC7014A3D8D023097EECB6A11","D10","STER","STER_033","W","cultivatedCrops",40.476390,-103.012098,"WGS84",5.1,1356.6,0.2,"2014-06-10","2014-06-24",1,"BET.STER_033.2014.01","STER_033.W.20140624",14,"ok","ok","ok","Y","NEON.DOC.014050","XXW8BqPXtz8Ncjf8bOi7gc6Hj7+NVXsl",,0,0,0
"A2AD43588A3149EC9CBAE6151C2B360B","D10","STER","STER_033","S","cultivatedCrops",40.476206,-103.011868,"WGS84",5.1,1356.6,0.2,"2014-06-10","2014-06-24",1,"BET.STER_033.2014.01","STER_033.S.20140624",14,"ok","ok","low","Y","NEON.DOC.014050","XXW8BqPXtz8Ncjf8bOi7gc6Hj7+NVXsl",,0,0,0
"173745893B444790B1AF4847E7AC22A7","D10","STER","STER_033","E","cultivatedCrops",40.476382,-103.011627,"WGS84",5.1,1356.6,0.2,"2014-06-10","2014-06-24",1,"BET.STER_033.2014.01","STER_033.E.20140624",14,"ok","ok","ok","Y","NEON.DOC.014050","XXW8BqPXtz8Ncjf8bOi7gc6Hj7+NVXsl",,0,0,0
"0BFDE08752F34ABCA0EA9B2D0AA70965","D10","STER","STER_031","W","cultivatedCrops",40.470730,-103.011923,"WGS84",5.1,1353.3,0.1,"2014-06-10","2014-06-24",1,"BET.STER_031.2014.01","STER_031.W.20140624",14,"ok","ok","high","Y","NEON.DOC.014050","XXW8BqPXtz8Ncjf8bOi7gc6Hj7+NVXsl",,0,0,0
"D0F483C2885D46578D5B54A4278F343A","D10","STER","STER_031","E","cultivatedCrops",40.470722,-103.011452,"WGS84",5.1,1353.3,0.1,"2014-06-10","2014-06-24",1,"BET.STER_031.2014.01","STER_031.E.20140624",14,"ok","ok","high","Y","NEON.DOC.014050","XXW8BqPXtz8Ncjf8bOi7gc6Hj7+NVXsl",,0,0,0
"7949B70716474DFB95CB9906CF6F90BB","D10","STER","STER_031","S","cultivatedCrops",40.470546,-103.011693,"WGS84",5.1,1353.3,0.1,"2014-06-10","2014-06-24",1,"BET.STER_031.2014.01","STER_031.S.20140624",14,"ok","ok","high","Y","NEON.DOC.014050","XXW8BqPXtz8Ncjf8bOi7gc6Hj7+NVXsl",,0,0,0
"1AB42ECFB7244B0EB9D52688F3E7E59E","D10","STER","STER_031","N","cultivatedCrops",40.470906,-103.011682,"WGS84",5.1,1353.3,0.1,"2014-06-10","2014-06-24",1,"BET.STER_031.2014.01","STER_031.N.20140624",14,"ok","ok","ok","Y","NEON.DOC.014050","XXW8BqPXtz8Ncjf8bOi7gc6Hj7+NVXsl",,0,0,0
"913DEC9EB580425BBB2AFDFFC271107F","D10","STER","STER_032","W","cultivatedCrops",40.472032,-103.025344,"WGS84",5.1,1362.6,0.1,"2014-06-10","2014-06-24",1,"BET.STER_032.2014.01","STER_032.W.20140624",14,"ok","disturbed","low","Y","NEON.DOC.014050","XXW8BqPXtz8Ncjf8bOi7gc6Hj7+NVXsl",,0,0,0
"57C8A07415474B2797CF6A6E51CE8E03","D10","STER","STER_032","S","cultivatedCrops",40.471848,-103.025113,"WGS84",5.1,1362.6,0.1,"2014-06-10","2014-06-24",1,"BET.STER_032.2014.01","STER_032.S.20140624",14,"ok","disturbed","low","Y","NEON.DOC.014050","XXW8BqPXtz8Ncjf8bOi7gc6Hj7+NVXsl",,0,0,0
"E2144E5A8BEB4994AA09B5A092C6607E","D10","STER","STER_032","E","cultivatedCrops",40.472024,-103.024872,"WGS84",5.1,1362.6,0.1,"2014-06-10","2014-06-24",1,"BET.STER_032.2014.01","STER_032.E.20140624",14,"disturbed","disturbed","low","Y","NEON.DOC.014050","XXW8BqPXtz8Ncjf8bOi7gc6Hj7+NVXsl",,0,0,0
"C6C704AB1A4242AEBE1A154E9BDCC95D","D10","STER","STER_032","N","cultivatedCrops",40.472208,-103.025103,"WGS84",5.1,1362.6,0.1,"2014-06-10","2014-06-24",1,"BET.STER_032.2014.01","STER_032.N.20140624",14,"ok","ok","ok","Y","NEON.DOC.014050","XXW8BqPXtz8Ncjf8bOi7gc6Hj7+NVXsl",,0,0,0
"40593ED6B66A463585FC630EA795D7E2","D10","STER","STER_029","S","cultivatedCrops",40.468385,-103.011757,"WGS84",5.1,1353.3,0.3,"2014-06-10","2014-06-24",1,"BET.STER_029.2014.01","STER_029.S.20140624",14,"ok","disturbed","low","Y","NEON.DOC.014050","XXW8BqPXtz8Ncjf8bOi7gc6Hj7+NVXsl",,0,0,0
"C0356B68F4D84DD190F2DC4421866DB6","D10","STER","STER_029","N","cultivatedCrops",40.468745,-103.011746,"WGS84",5.1,1353.3,0.3,"2014-06-10","2014-06-24",1,"BET.STER_029.2014.01","STER_029.N.20140624",14,"ok","disturbed","high","Y","NEON.DOC.014050","XXW8BqPXtz8Ncjf8bOi7gc6Hj7+NVXsl",,0,0,0
"61C837AE20C144B4B643265D7E8392A6","D10","STER","STER_029","E","cultivatedCrops",40.468561,-103.011515,"WGS84",5.1,1353.3,0.3,"2014-06-10","2014-06-24",1,"BET.STER_029.2014.01","STER_029.E.20140624",14,"ok","ok","ok","Y","NEON.DOC.014050","XXW8BqPXtz8Ncjf8bOi7gc6Hj7+NVXsl",,0,0,0
"C57B5A8362B54EF7A6DF91AE812FB6B6","D10","STER","STER_029","W","cultivatedCrops",40.468569,-103.011987,"WGS84",5.1,1353.3,0.3,"2014-06-10","2014-06-24",1,"BET.STER_029.2014.01","STER_029.W.20140624",14,"ok","ok","low","Y","NEON.DOC.014050","XXW8BqPXtz8Ncjf8bOi7gc6Hj7+NVXsl",,0,0,0
"80D367F68B344C6097B5369B136CF7C1","D10","STER","STER_028","W","cultivatedCrops",40.473276,-103.018572,"WGS84",5.2,1359.5,0.3,"2014-06-10","2014-06-24",1,"BET.STER_028.2014.01","STER_028.W.20140624",14,"ok","ok","ok","Y","NEON.DOC.014050","XXW8BqPXtz8Ncjf8bOi7gc6Hj7+NVXsl",,0,0,0
"2C5443A1EF2B4BD489DF0DA3132461F3","D10","STER","STER_028","S","cultivatedCrops",40.473092,-103.018341,"WGS84",5.2,1359.5,0.3,"2014-06-10","2014-06-24",1,"BET.STER_028.2014.01","STER_028.S.20140624",14,"ok","ok","ok","Y","NEON.DOC.014050","XXW8BqPXtz8Ncjf8bOi7gc6Hj7+NVXsl",,0,0,0
"F9FF44E1B8F24FF681CE9847DAF1A6B1","D10","STER","STER_028","E","cultivatedCrops",40.473268,-103.018100,"WGS84",5.2,1359.5,0.3,"2014-06-10","2014-06-24",1,"BET.STER_028.2014.01","STER_028.E.20140624",14,"ok","ok","low","Y","NEON.DOC.014050","XXW8BqPXtz8Ncjf8bOi7gc6Hj7+NVXsl",,0,0,0
"863BAD8D9B7A413C9B83468CB1780D7D","D10","STER","STER_028","N","cultivatedCrops",40.473452,-103.018331,"WGS84",5.2,1359.5,0.3,"2014-06-10","2014-06-24",1,"BET.STER_028.2014.01","STER_028.N.20140624",14,"ok","ok","ok","Y","NEON.DOC.014050","XXW8BqPXtz8Ncjf8bOi7gc6Hj7+NVXsl",,0,0,0
"722A5CBB4E104B9CA0CC049030F749C1","D10","STER","STER_027","E","cultivatedCrops",40.480825,-103.018586,"WGS84",5.1,1368.4,0.3,"2014-06-10","2014-06-24",1,"BET.STER_027.2014.01","STER_027.E.20140624",14,"ok","disturbed","high","Y","NEON.DOC.014050","XXW8BqPXtz8Ncjf8bOi7gc6Hj7+NVXsl",,0,0,0
"1F486011DDEF4199899F663370FA7C33","D10","STER","STER_027","W","cultivatedCrops",40.480833,-103.019057,"WGS84",5.1,1368.4,0.3,"2014-06-10","2014-06-24",1,"BET.STER_027.2014.01","STER_027.W.20140624",14,"ok","disturbed","high","Y","NEON.DOC.014050","XXW8BqPXtz8Ncjf8bOi7gc6Hj7+NVXsl",,0,0,0
"B997E599AE554BCDAF8ADF572CE003E2","D10","STER","STER_027","N","cultivatedCrops",40.481009,-103.018816,"WGS84",5.1,1368.4,0.3,"2014-06-10","2014-06-24",1,"BET.STER_027.2014.01","STER_027.N.20140624",14,"ok","ok","ok","Y","NEON.DOC.014050","XXW8BqPXtz8Ncjf8bOi7gc6Hj7+NVXsl",,0,0,0
"AEAB492BF70949508485DA51F20185A7","D10","STER","STER_027","S","cultivatedCrops",40.480649,-103.018827,"WGS84",5.1,1368.4,0.3,"2014-06-10","2014-06-24",1,"BET.STER_027.2014.01","STER_027.S.20140624",14,"ok","ok","ok","Y","NEON.DOC.014050","XXW8BqPXtz8Ncjf8bOi7gc6Hj7+NVXsl",,0,0,0
"26BA014C212645A9A714FBAD5043DCFC","D10","STER","STER_026","E","cultivatedCrops",40.474712,-103.024062,"WGS84",5.2,1360.7,0.3,"2014-06-10","2014-06-24",1,"BET.STER_026.2014.01","STER_026.E.20140624",14,"ok","ok","high","Y","NEON.DOC.014050","XXW8BqPXtz8Ncjf8bOi7gc6Hj7+NVXsl",,0,0,0
"DEAC78A3624E41C59A4EFC0EDBB4ECCC","D10","STER","STER_026","S","cultivatedCrops",40.474536,-103.024303,"WGS84",5.2,1360.7,0.3,"2014-06-10","2014-06-24",1,"BET.STER_026.2014.01","STER_026.S.20140624",14,"ok","disturbed","high","Y","NEON.DOC.014050","XXW8BqPXtz8Ncjf8bOi7gc6Hj7+NVXsl",,0,0,0
"E50DA2F4BB324165858C2D692974F409","D10","STER","STER_026","W","cultivatedCrops",40.474721,-103.024534,"WGS84",5.2,1360.7,0.3,"2014-06-10","2014-06-24",1,"BET.STER_026.2014.01","STER_026.W.20140624",14,"ok","ok","ok","Y","NEON.DOC.014050","XXW8BqPXtz8Ncjf8bOi7gc6Hj7+NVXsl",,0,0,0
"6E789BE7DFB2496D9E5025E472A23BC6","D10","STER","STER_026","N","cultivatedCrops",40.474897,-103.024292,"WGS84",5.2,1360.7,0.3,"2014-06-10","2014-06-24",1,"BET.STER_026.2014.01","STER_026.N.20140624",14,"ok","ok","ok","Y","NEON.DOC.014050","XXW8BqPXtz8Ncjf8bOi7gc6Hj7+NVXsl",,0,0,0
"032FFF2EF3D341C8B9B5398C33D5A27D","D10","STER","STER_006","W","cultivatedCrops",40.463937,-103.035571,"WGS84",5.1,1361.2,0.1,"2014-06-10","2014-06-24",1,"BET.STER_006.2014.01","STER_006.W.20140624",14,"ok","ok","ok","Y","NEON.DOC.014050","XXW8BqPXtz8Ncjf8bOi7gc6Hj7+NVXsl",,0,0,0
"0729BF4381EF42A198DA8161099EE5C7","D10","STER","STER_006","N","cultivatedCrops",40.464113,-103.035330,"WGS84",5.1,1361.2,0.1,"2014-06-10","2014-06-24",1,"BET.STER_006.2014.01","STER_006.N.20140624",14,"ok","ok","high","Y","NEON.DOC.014050","XXW8BqPXtz8Ncjf8bOi7gc6Hj7+NVXsl",,0,0,0
"2D48C2F57E974A28A6267E5F120CFDCE","D10","STER","STER_006","E","cultivatedCrops",40.463929,-103.035099,"WGS84",5.1,1361.2,0.1,"2014-06-10","2014-06-24",1,"BET.STER_006.2014.01","STER_006.E.20140624",14,"ok","ok","ok","Y","NEON.DOC.014050","XXW8BqPXtz8Ncjf8bOi7gc6Hj7+NVXsl",,0,0,0
"A2532DFBAE124E948BC29E44ECDD5706","D10","STER","STER_006","E","cultivatedCrops",40.463931,-103.035096,"WGS84",1.1,0.0,0.1,"2014-06-24","2014-07-08",3,"BET.STER_006.2014.03","STER_006.E.20140708",14,"ok","ok","ok","Y","NEON.DOC.014050","XXW8BqPXtz8Ncjf8bOi7gc6Hj7+NVXsl","Lip of cup exposed due to soil erosion",0,0,0
"2EA758354AC241DD88E78088E8E9545E","D10","STER","STER_035","E","cultivatedCrops",40.469715,-103.016427,"WGS84",1.1,0.0,0.1,"2014-06-24","2014-07-08",3,"BET.STER_035.2014.03","STER_035.E.20140708",14,"ok","ok","ok","Y","NEON.DOC.014050","XXW8BqPXtz8Ncjf8bOi7gc6Hj7+NVXsl",,0,0,0
"8C04660F88394384A6F4C8FBC2E4A4DA","D10","STER","STER_035","N","cultivatedCrops",40.469899,-103.016657,"WGS84",1.1,0.0,0.1,"2014-06-24","2014-07-08",3,"BET.STER_035.2014.03","STER_035.N.20140708",14,"ok","ok","ok","Y","NEON.DOC.014050","XXW8BqPXtz8Ncjf8bOi7gc6Hj7+NVXsl",,0,0,0
"EFF90871C7844BCCAD309EF3AAA8CC27","D10","STER","STER_035","S","cultivatedCrops",40.469539,-103.016668,"WGS84",1.1,0.0,0.1,"2014-06-24","2014-07-08",3,"BET.STER_035.2014.03","STER_035.S.20140708",14,"ok","ok","ok","Y","NEON.DOC.014050","XXW8BqPXtz8Ncjf8bOi7gc6Hj7+NVXsl",,0,0,0
"9573256FFB264BEA9271C516488AE476","D10","STER","STER_035","W","cultivatedCrops",40.469723,-103.016898,"WGS84",1.1,0.0,0.1,"2014-06-24","2014-07-08",3,"BET.STER_035.2014.03","STER_035.W.20140708",14,"ok","ok","low","Y","NEON.DOC.014050","XXW8BqPXtz8Ncjf8bOi7gc6Hj7+NVXsl",,0,0,0
"C647BE87FDCB47AE9DFCF50521276C05","D10","STER","STER_034","E","cultivatedCrops",40.478662,-103.019002,"WGS84",1.1,0.0,0.2,"2014-06-24","2014-07-08",3,"BET.STER_034.2014.03","STER_034.E.20140708",14,"ok","ok","ok","Y","NEON.DOC.014050","XXW8BqPXtz8Ncjf8bOi7gc6Hj7+NVXsl",,0,0,0
"A6CCAD53F1094A07A4B6F3F41304E0CA","D10","STER","STER_034","N","cultivatedCrops",40.478846,-103.019233,"WGS84",1.1,0.0,0.2,"2014-06-24","2014-07-08",3,"BET.STER_034.2014.03","STER_034.N.20140708",14,"ok","ok","ok","Y","NEON.DOC.014050","XXW8BqPXtz8Ncjf8bOi7gc6Hj7+NVXsl",,0,0,0
"0A576285D2C84191B7FE3119BBB5C217","D10","STER","STER_034","W","cultivatedCrops",40.478670,-103.019474,"WGS84",1.1,0.0,0.2,"2014-06-24","2014-07-08",3,"BET.STER_034.2014.03","STER_034.W.20140708",14,"ok","ok","low","Y","NEON.DOC.014050","XXW8BqPXtz8Ncjf8bOi7gc6Hj7+NVXsl",,0,0,0
"F5BA1CF801594BA1BFA27595E7C8B6DA","D10","STER","STER_034","S","cultivatedCrops",40.478486,-103.019243,"WGS84",1.1,0.0,0.2,"2014-06-24","2014-07-08",3,"BET.STER_034.2014.03","STER_034.S.20140708",14,"ok","ok","ok","Y","NEON.DOC.014050","XXW8BqPXtz8Ncjf8bOi7gc6Hj7+NVXsl",,0,0,0
"85EF8C35358A42A7A926118D0CEC19F9","D10","STER","STER_033","E","cultivatedCrops",40.476386,-103.011631,"WGS84",1.1,0.0,0.2,"2014-06-24","2014-07-08",3,"BET.STER_033.2014.03","STER_033.E.20140708",14,"ok","ok","low","Y","NEON.DOC.014050","XXW8BqPXtz8Ncjf8bOi7gc6Hj7+NVXsl",,0,0,0
"25D55591B2E242E68F30E25417002F39","D10","STER","STER_033","N","cultivatedCrops",40.476570,-103.011861,"WGS84",1.1,0.0,0.2,"2014-06-24","2014-07-08",3,"BET.STER_033.2014.03","STER_033.N.20140708",14,"ok","ok","low","Y","NEON.DOC.014050","XXW8BqPXtz8Ncjf8bOi7gc6Hj7+NVXsl",,0,0,0
"3B80BBEC7BB1457D9248D89E6D047748","D10","STER","STER_033","W","cultivatedCrops",40.476394,-103.012102,"WGS84",1.1,0.0,0.2,"2014-06-24","2014-07-08",3,"BET.STER_033.2014.03","STER_033.W.20140708",14,"ok","disturbed","ok","Y","NEON.DOC.014050","XXW8BqPXtz8Ncjf8bOi7gc6Hj7+NVXsl","Plastic spikes missing from corners but lid was still in place",0,0,0
"0A93537C5CC8423C9DDFE5510116210C","D10","STER","STER_033","S","cultivatedCrops",40.476210,-103.011872,"WGS84",1.1,0.0,0.2,"2014-06-24","2014-07-08",3,"BET.STER_033.2014.03","STER_033.S.20140708",14,"ok","ok","ok","Y","NEON.DOC.014050","XXW8BqPXtz8Ncjf8bOi7gc6Hj7+NVXsl",,0,0,0
"89594F69209E4722B03CF874BC6BE93C","D10","STER","STER_031","S","cultivatedCrops",40.470545,-103.011690,"WGS84",1.1,0.0,0.1,"2014-06-24","2014-07-08",3,"BET.STER_031.2014.03","STER_031.S.20140708",14,"ok","ok","low","Y","NEON.DOC.014050","XXW8BqPXtz8Ncjf8bOi7gc6Hj7+NVXsl",,0,0,0
"B5C25D68A9E848BEADC982F6C4A113F8","D10","STER","STER_031","E","cultivatedCrops",40.470721,-103.011449,"WGS84",1.1,0.0,0.1,"2014-06-24","2014-07-08",3,"BET.STER_031.2014.03","STER_031.E.20140708",14,"ok","ok","ok","Y","NEON.DOC.014050","XXW8BqPXtz8Ncjf8bOi7gc6Hj7+NVXsl",,0,0,0
"288EEDE985BD45C98CF5DC742C9D30C1","D10","STER","STER_031","N","cultivatedCrops",40.470905,-103.011680,"WGS84",1.1,0.0,0.1,"2014-06-24","2014-07-08",3,"BET.STER_031.2014.03","STER_031.N.20140708",14,"ok","ok","ok","Y","NEON.DOC.014050","XXW8BqPXtz8Ncjf8bOi7gc6Hj7+NVXsl",,0,0,0
"5F78C975EF66445F8D54DB51EC19732B","D10","STER","STER_031","W","cultivatedCrops",40.470729,-103.011921,"WGS84",1.1,0.0,0.1,"2014-06-24","2014-07-08",3,"BET.STER_031.2014.03","STER_031.W.20140708",14,"ok","ok","low","Y","NEON.DOC.014050","XXW8BqPXtz8Ncjf8bOi7gc6Hj7+NVXsl",,0,0,0
"4910BE362C0A4518A79A595FC0DA8A44","D10","STER","STER_032","N","cultivatedCrops",40.472209,-103.025097,"WGS84",1.1,0.0,0.1,"2014-06-24","2014-07-08",3,"BET.STER_032.2014.03","STER_032.N.20140708",14,"ok","ok","low","Y","NEON.DOC.014050","XXW8BqPXtz8Ncjf8bOi7gc6Hj7+NVXsl","Barely any fluid left in cup, cup filled with plant debris",0,0,0
"E4ACA239BAEB4F5E854642FF9C8BDDAA","D10","STER","STER_032","W","cultivatedCrops",40.472033,-103.025338,"WGS84",1.1,0.0,0.1,"2014-06-24","2014-07-08",3,"BET.STER_032.2014.03","STER_032.W.20140708",14,"ok","disturbed","ok","Y","NEON.DOC.014050","XXW8BqPXtz8Ncjf8bOi7gc6Hj7+NVXsl",,0,0,0
"03BAD4D8DF914CB385215842DEEE41E4","D10","STER","STER_032","E","cultivatedCrops",40.472025,-103.024866,"WGS84",1.1,0.0,0.1,"2014-06-24","2014-07-08",3,"BET.STER_032.2014.03","STER_032.E.20140708",14,"ok","ok","low","Y","NEON.DOC.014050","XXW8BqPXtz8Ncjf8bOi7gc6Hj7+NVXsl","Barely any fluid left in cup, cup filled with plant debris",0,0,0
"401EDC05E1724C3999AF3A2B7CD17A68","D10","STER","STER_032","S","cultivatedCrops",40.471849,-103.025107,"WGS84",1.1,0.0,0.1,"2014-06-24","2014-07-08",3,"BET.STER_032.2014.03","STER_032.S.20140708",14,"ok","disturbed","ok","Y","NEON.DOC.014050","XXW8BqPXtz8Ncjf8bOi7gc6Hj7+NVXsl","Lid pushed flush with ground on three sides",0,0,0
"8EA6E7AA64014419A0CD4B872B8343BD","D10","STER","STER_029","N","cultivatedCrops",40.468742,-103.011744,"WGS84",1.1,0.0,0.3,"2014-06-24","2014-07-08",3,"BET.STER_029.2014.03","STER_029.N.20140708",14,"ok","ok","ok","Y","NEON.DOC.014050","XXW8BqPXtz8Ncjf8bOi7gc6Hj7+NVXsl",,0,0,0
"A108C397EB7949C9BFA7C4E4B36C6D18","D10","STER","STER_029","W","cultivatedCrops",40.468566,-103.011985,"WGS84",1.1,0.0,0.3,"2014-06-24","2014-07-08",3,"BET.STER_029.2014.03","STER_029.W.20140708",14,"ok","ok","ok","Y","NEON.DOC.014050","XXW8BqPXtz8Ncjf8bOi7gc6Hj7+NVXsl",,0,0,0
"A9D37806528A466992CBA7E0B4F5F791","D10","STER","STER_029","E","cultivatedCrops",40.468557,-103.011513,"WGS84",1.1,0.0,0.3,"2014-06-24","2014-07-08",3,"BET.STER_029.2014.03","STER_029.E.20140708",14,"ok","ok","ok","Y","NEON.DOC.014050","XXW8BqPXtz8Ncjf8bOi7gc6Hj7+NVXsl",,0,0,0
"4CABBC39734240F48437505D96B8E5F5","D10","STER","STER_029","S","cultivatedCrops",40.468381,-103.011754,"WGS84",1.1,0.0,0.3,"2014-06-24","2014-07-08",3,"BET.STER_029.2014.03","STER_029.S.20140708",14,"ok","ok","ok","Y","NEON.DOC.014050","XXW8BqPXtz8Ncjf8bOi7gc6Hj7+NVXsl",,0,0,0
"B6E8E9FA324246F39FCAC7AA964E5970","D10","STER","STER_028","S","cultivatedCrops",40.473093,-103.018338,"WGS84",1.2,0.0,0.3,"2014-06-24","2014-07-08",3,"BET.STER_028.2014.03","STER_028.S.20140708",14,"ok","ok","low","Y","NEON.DOC.014050","XXW8BqPXtz8Ncjf8bOi7gc6Hj7+NVXsl",,0,0,0
"F70A6556337049F9B7A858FCF660BD4D","D10","STER","STER_028","E","cultivatedCrops",40.473269,-103.018097,"WGS84",1.2,0.0,0.3,"2014-06-24","2014-07-08",3,"BET.STER_028.2014.03","STER_028.E.20140708",14,"ok","ok","low","Y","NEON.DOC.014050","XXW8BqPXtz8Ncjf8bOi7gc6Hj7+NVXsl","Soil eroded away from cup leaving rim exposed",0,0,0
"3470F3B72FD446A385FD6B5B798A13DC","D10","STER","STER_028","W","cultivatedCrops",40.473277,-103.018568,"WGS84",1.2,0.0,0.3,"2014-06-24","2014-07-08",3,"BET.STER_028.2014.03","STER_028.W.20140708",14,"disturbed","disturbed","ok","Y","NEON.DOC.014050","XXW8BqPXtz8Ncjf8bOi7gc6Hj7+NVXsl","Whole apparatus appeared to have been run over by farming equipment.  Lid was completely flush to the ground.",0,0,0
"C850890E079148F5A3F8B9F354520992","D10","STER","STER_028","N","cultivatedCrops",40.473453,-103.018327,"WGS84",1.2,0.0,0.3,"2014-06-24","2014-07-08",3,"BET.STER_028.2014.03","STER_028.N.20140708",14,"ok","ok","low","Y","NEON.DOC.014050","XXW8BqPXtz8Ncjf8bOi7gc6Hj7+NVXsl","Soil eroded away from cup leaving rim exposed",0,0,0
"AB72EB45B7DD4CC8BF703F0AB93BF3B5","D10","STER","STER_027","N","cultivatedCrops",40.481007,-103.018815,"WGS84",1.1,0.0,0.3,"2014-06-24","2014-07-08",3,"BET.STER_027.2014.03","STER_027.N.20140708",14,"ok","ok","low","Y","NEON.DOC.014050","XXW8BqPXtz8Ncjf8bOi7gc6Hj7+NVXsl",,0,0,0
"2B14BD539E0447B59A56611753FD5132","D10","STER","STER_027","S","cultivatedCrops",40.480647,-103.018826,"WGS84",1.1,0.0,0.3,"2014-06-24","2014-07-08",3,"BET.STER_027.2014.03","STER_027.S.20140708",14,"ok","disturbed","low","Y","NEON.DOC.014050","XXW8BqPXtz8Ncjf8bOi7gc6Hj7+NVXsl","Whole apparatus appeared to have been run over by farming equipment.  Lid was completely flush to the ground.",0,0,0
"8D42A1A1A0CC46B5AC8268DB09A793F6","D10","STER","STER_027","E","cultivatedCrops",40.480823,-103.018585,"WGS84",1.1,0.0,0.3,"2014-06-24","2014-07-08",3,"BET.STER_027.2014.03","STER_027.E.20140708",14,"ok","ok","low","Y","NEON.DOC.014050","XXW8BqPXtz8Ncjf8bOi7gc6Hj7+NVXsl",,0,0,0
"58C4246B9D194B7698D0CA0A4D075E27","D10","STER","STER_027","W","cultivatedCrops",40.480831,-103.019056,"WGS84",1.1,0.0,0.3,"2014-06-24","2014-07-08",3,"BET.STER_027.2014.03","STER_027.W.20140708",14,"ok","ok","low","Y","NEON.DOC.014050","XXW8BqPXtz8Ncjf8bOi7gc6Hj7+NVXsl","Soil around cup dried to the extent of cracking leaving gaps",0,0,0
"D053AC4349BE4D0A80A637D079182654","D10","STER","STER_026","E","cultivatedCrops",40.474709,-103.024064,"WGS84",1.2,0.0,0.3,"2014-06-24","2014-07-08",3,"BET.STER_026.2014.03","STER_026.E.20140708",14,"ok","ok","ok","Y","NEON.DOC.014050","XXW8BqPXtz8Ncjf8bOi7gc6Hj7+NVXsl",,0,0,0
"B2BAF9CE0EA849B6BD8738395723BAE6","D10","STER","STER_026","S","cultivatedCrops",40.474533,-103.024305,"WGS84",1.2,0.0,0.3,"2014-06-24","2014-07-08",3,"BET.STER_026.2014.03","STER_026.S.20140708",14,"ok","ok","ok","Y","NEON.DOC.014050","XXW8BqPXtz8Ncjf8bOi7gc6Hj7+NVXsl",,0,0,0
"7C45F73D1E0046F0959FBAFCE63323AA","D10","STER","STER_026","W","cultivatedCrops",40.474717,-103.024536,"WGS84",1.2,0.0,0.3,"2014-06-24","2014-07-08",3,"BET.STER_026.2014.03","STER_026.W.20140708",14,"ok","ok","ok","Y","NEON.DOC.014050","XXW8BqPXtz8Ncjf8bOi7gc6Hj7+NVXsl",,0,0,0
"A0708EB9437141E78F0933FCE96A4DD9","D10","STER","STER_026","N","cultivatedCrops",40.474893,-103.024295,"WGS84",1.2,0.0,0.3,"2014-06-24","2014-07-08",3,"BET.STER_026.2014.03","STER_026.N.20140708",14,"ok","ok","ok","Y","NEON.DOC.014050","XXW8BqPXtz8Ncjf8bOi7gc6Hj7+NVXsl","Soil washed away from cup-lip leaving rim exposed",0,0,0
"EA74B074FCD24D1783A5E9F813CD115C","D10","STER","STER_006","N","cultivatedCrops",40.464115,-103.035327,"WGS84",1.1,0.0,0.1,"2014-06-24","2014-07-08",3,"BET.STER_006.2014.03","STER_006.N.20140708",14,"ok","ok","ok","Y","NEON.DOC.014050","XXW8BqPXtz8Ncjf8bOi7gc6Hj7+NVXsl",,0,0,0
"14BCC96CA9904BBBB7CD4692671F03E1","D10","STER","STER_006","S","cultivatedCrops",40.463755,-103.035337,"WGS84",1.1,0.0,0.1,"2014-06-24","2014-07-08",3,"BET.STER_006.2014.03","STER_006.S.20140708",14,"ok","ok","low","Y","NEON.DOC.014050","XXW8BqPXtz8Ncjf8bOi7gc6Hj7+NVXsl",,0,0,0
"C8DE1ADD64A04B7E8F3313691B57719A","D10","STER","STER_006","W","cultivatedCrops",40.463939,-103.035568,"WGS84",1.1,0.0,0.1,"2014-06-24","2014-07-08",3,"BET.STER_006.2014.03","STER_006.W.20140708",14,"ok","ok","low","Y","NEON.DOC.014050","XXW8BqPXtz8Ncjf8bOi7gc6Hj7+NVXsl",,0,0,0
"5A8C8F1862134561B3347BD5888E3BB5","D10","STER","STER_006","N","cultivatedCrops",40.464115,-103.035327,"WGS84",1.1,0.0,0.1,"2014-07-08","2014-07-22",4,"BET.STER_006.2014.04","STER_006.N.20140722",14,"ok","ok","ok","Y","NEON.DOC.014050","ogjyrGrm3ZwJtEIV6g3OdQaEOdluA3eH",,0,0,0
"C98DD7A5E86A4E468A615EDF90983F40","D10","STER","STER_035","W","cultivatedCrops",40.469723,-103.016898,"WGS84",1.1,0.0,0.1,"2014-07-08","2014-07-22",4,"BET.STER_035.2014.04","STER_035.W.20140722",14,"ok","ok","ok","Y","NEON.DOC.014050","ogjyrGrm3ZwJtEIV6g3OdQaEOdluA3eH",,0,0,0
"F2367B96385D491EA9E9690E050ABFBA","D10","STER","STER_035","E","cultivatedCrops",40.469715,-103.016427,"WGS84",1.1,0.0,0.1,"2014-07-08","2014-07-22",4,"BET.STER_035.2014.04","STER_035.E.20140722",14,"ok","ok","ok","Y","NEON.DOC.014050","ogjyrGrm3ZwJtEIV6g3OdQaEOdluA3eH",,0,0,0
"F2D8FAFF794E4C95910235CC00A7F512","D10","STER","STER_035","N","cultivatedCrops",40.469899,-103.016657,"WGS84",1.1,0.0,0.1,"2014-07-08","2014-07-22",4,"BET.STER_035.2014.04","STER_035.N.20140722",14,"ok","ok","ok","Y","NEON.DOC.014050","ogjyrGrm3ZwJtEIV6g3OdQaEOdluA3eH",,0,0,0
"E89AF1BAAC0D446AA83C76ED723A2635","D10","STER","STER_035","S","cultivatedCrops",40.469539,-103.016668,"WGS84",1.1,0.0,0.1,"2014-07-08","2014-07-22",4,"BET.STER_035.2014.04","STER_035.S.20140722",14,"ok","ok","ok","Y","NEON.DOC.014050","ogjyrGrm3ZwJtEIV6g3OdQaEOdluA3eH",,0,0,0
"3E28AFD3E1B24622A8303BAE158892FC","D10","STER","STER_034","S","cultivatedCrops",40.478486,-103.019243,"WGS84",1.1,0.0,0.2,"2014-07-08","2014-07-22",4,"BET.STER_034.2014.04","STER_034.S.20140722",14,"ok","ok","ok","Y","NEON.DOC.014050","ogjyrGrm3ZwJtEIV6g3OdQaEOdluA3eH",,0,0,0
"23F66B43EFC14EAFAFB7E24E6748C504","D10","STER","STER_034","E","cultivatedCrops",40.478662,-103.019002,"WGS84",1.1,0.0,0.2,"2014-07-08","2014-07-22",4,"BET.STER_034.2014.04","STER_034.E.20140722",14,"ok","ok","ok","Y","NEON.DOC.014050","ogjyrGrm3ZwJtEIV6g3OdQaEOdluA3eH",,0,0,0
"F6D5047364B24881948B0BFF6AC61E2C","D10","STER","STER_034","W","cultivatedCrops",40.478670,-103.019474,"WGS84",1.1,0.0,0.2,"2014-07-08","2014-07-22",4,"BET.STER_034.2014.04","STER_034.W.20140722",14,"ok","ok","high","Y","NEON.DOC.014050","ogjyrGrm3ZwJtEIV6g3OdQaEOdluA3eH",,0,0,0
"4E523792FC554E32AE0BC01AE03F041D","D10","STER","STER_034","N","cultivatedCrops",40.478846,-103.019233,"WGS84",1.1,0.0,0.2,"2014-07-08","2014-07-22",4,"BET.STER_034.2014.04","STER_034.N.20140722",14,"ok","ok","ok","Y","NEON.DOC.014050","ogjyrGrm3ZwJtEIV6g3OdQaEOdluA3eH",,0,0,0
"65368CD924164635BD521417D1DD0CCE","D10","STER","STER_033","N","cultivatedCrops",40.476570,-103.011861,"WGS84",1.1,0.0,0.2,"2014-07-08","2014-07-22",4,"BET.STER_033.2014.04","STER_033.N.20140722",14,"ok","ok","ok","Y","NEON.DOC.014050","ogjyrGrm3ZwJtEIV6g3OdQaEOdluA3eH",,0,0,0
"FC02415CA7834C95BB2149F8D32CD616","D10","STER","STER_033","W","cultivatedCrops",40.476394,-103.012102,"WGS84",1.1,0.0,0.2,"2014-07-08","2014-07-22",4,"BET.STER_033.2014.04","STER_033.W.20140722",14,"ok","ok","ok","Y","NEON.DOC.014050","ogjyrGrm3ZwJtEIV6g3OdQaEOdluA3eH",,0,0,0
"A473F2459F3F41F3B901D85F55ED5985","D10","STER","STER_033","S","cultivatedCrops",40.476210,-103.011872,"WGS84",1.1,0.0,0.2,"2014-07-08","2014-07-22",4,"BET.STER_033.2014.04","STER_033.S.20140722",14,"ok","ok","ok","Y","NEON.DOC.014050","ogjyrGrm3ZwJtEIV6g3OdQaEOdluA3eH",,0,0,0
"B16F8374B3794172947899FE5CEF0080","D10","STER","STER_033","E","cultivatedCrops",40.476386,-103.011631,"WGS84",1.1,0.0,0.2,"2014-07-08","2014-07-22",4,"BET.STER_033.2014.04","STER_033.E.20140722",14,"ok","ok","ok","Y","NEON.DOC.014050","ogjyrGrm3ZwJtEIV6g3OdQaEOdluA3eH",,0,0,0
"910DC290A9734FB0833B33F039BAACA5","D10","STER","STER_031","N","cultivatedCrops",40.470905,-103.011680,"WGS84",1.1,0.0,0.1,"2014-07-08","2014-07-22",4,"BET.STER_031.2014.04","STER_031.N.20140722",14,"ok","ok","ok","Y","NEON.DOC.014050","ogjyrGrm3ZwJtEIV6g3OdQaEOdluA3eH",,0,0,0
"8DA590C374154AD4A4EC2B5E13C1C027","D10","STER","STER_031","E","cultivatedCrops",40.470721,-103.011449,"WGS84",1.1,0.0,0.1,"2014-07-08","2014-07-22",4,"BET.STER_031.2014.04","STER_031.E.20140722",14,"ok","ok","ok","Y","NEON.DOC.014050","ogjyrGrm3ZwJtEIV6g3OdQaEOdluA3eH",,0,0,0
"6ED40357FF0B40498A2B17C0AC4B2048","D10","STER","STER_031","W","cultivatedCrops",40.470729,-103.011921,"WGS84",1.1,0.0,0.1,"2014-07-08","2014-07-22",4,"BET.STER_031.2014.04","STER_031.W.20140722",14,"ok","ok","ok","Y","NEON.DOC.014050","ogjyrGrm3ZwJtEIV6g3OdQaEOdluA3eH",,0,0,0
"64C2EE196F074DCBA0F3374B894386A3","D10","STER","STER_031","S","cultivatedCrops",40.470545,-103.011690,"WGS84",1.1,0.0,0.1,"2014-07-08","2014-07-22",4,"BET.STER_031.2014.04","STER_031.S.20140722",14,"ok","ok","ok","Y","NEON.DOC.014050","ogjyrGrm3ZwJtEIV6g3OdQaEOdluA3eH",,0,0,0
"4471091B56714A738010F0064B8103A8","D10","STER","STER_032","S","cultivatedCrops",40.471849,-103.025107,"WGS84",1.1,0.0,0.1,"2014-07-08","2014-07-22",4,"BET.STER_032.2014.04","STER_032.S.20140722",14,"ok","ok","ok","Y","NEON.DOC.014050","ogjyrGrm3ZwJtEIV6g3OdQaEOdluA3eH",,0,0,0
"015D3EBA0C5941FD878B7CE047A32E9E","D10","STER","STER_032","W","cultivatedCrops",40.472033,-103.025338,"WGS84",1.1,0.0,0.1,"2014-07-08","2014-07-22",4,"BET.STER_032.2014.04","STER_032.W.20140722",14,"ok","ok","ok","Y","NEON.DOC.014050","ogjyrGrm3ZwJtEIV6g3OdQaEOdluA3eH",,0,0,0
"0693D0394B5348D9ABE4B624AA89AADE","D10","STER","STER_032","E","cultivatedCrops",40.472025,-103.024866,"WGS84",1.1,0.0,0.1,"2014-07-08","2014-07-22",4,"BET.STER_032.2014.04","STER_032.E.20140722",14,"ok","ok","ok","Y","NEON.DOC.014050","ogjyrGrm3ZwJtEIV6g3OdQaEOdluA3eH",,0,0,0
"EC821326D61345AEA1D7BC0C884636A6","D10","STER","STER_032","N","cultivatedCrops",40.472209,-103.025097,"WGS84",1.1,0.0,0.1,"2014-07-08","2014-07-22",4,"BET.STER_032.2014.04","STER_032.N.20140722",14,"ok","ok","ok","Y","NEON.DOC.014050","ogjyrGrm3ZwJtEIV6g3OdQaEOdluA3eH",,0,0,0
"60BBA7295D6344D98FB957FEA3E1B56F","D10","STER","STER_029","N","cultivatedCrops",40.468742,-103.011744,"WGS84",1.1,0.0,0.3,"2014-07-08","2014-07-22",4,"BET.STER_029.2014.04","STER_029.N.20140722",14,"ok","ok","ok","Y","NEON.DOC.014050","ogjyrGrm3ZwJtEIV6g3OdQaEOdluA3eH",,0,0,0
"794BEA26FBAE4996BE93774482CD1A4F","D10","STER","STER_029","E","cultivatedCrops",40.468557,-103.011513,"WGS84",1.1,0.0,0.3,"2014-07-08","2014-07-22",4,"BET.STER_029.2014.04","STER_029.E.20140722",14,"ok","ok","high","Y","NEON.DOC.014050","ogjyrGrm3ZwJtEIV6g3OdQaEOdluA3eH",,0,0,0
"C1DCE88DD7224E3BA4D739BBF371FC5C","D10","STER","STER_029","S","cultivatedCrops",40.468381,-103.011754,"WGS84",1.1,0.0,0.3,"2014-07-08","2014-07-22",4,"BET.STER_029.2014.04","STER_029.S.20140722",14,"ok","ok","ok","Y","NEON.DOC.014050","ogjyrGrm3ZwJtEIV6g3OdQaEOdluA3eH",,0,0,0
"DF51742F134B4B408E08B3AAA7C5BF3B","D10","STER","STER_029","W","cultivatedCrops",40.468566,-103.011985,"WGS84",1.1,0.0,0.3,"2014-07-08","2014-07-22",4,"BET.STER_029.2014.04","STER_029.W.20140722",14,"ok","ok","ok","Y","NEON.DOC.014050","ogjyrGrm3ZwJtEIV6g3OdQaEOdluA3eH",,0,0,0
"F75393C1A4B44EF9B51B106741FD8B9B","D10","STER","STER_028","S","cultivatedCrops",40.473093,-103.018338,"WGS84",1.2,0.0,0.3,"2014-07-08","2014-07-22",4,"BET.STER_028.2014.04","STER_028.S.20140722",14,"ok","ok","ok","Y","NEON.DOC.014050","ogjyrGrm3ZwJtEIV6g3OdQaEOdluA3eH",,0,0,0
"4CDB3D7DCE394B88A46530176C15CA40","D10","STER","STER_028","N","cultivatedCrops",40.473453,-103.018327,"WGS84",1.2,0.0,0.3,"2014-07-08","2014-07-22",4,"BET.STER_028.2014.04","STER_028.N.20140722",14,"ok","ok","ok","Y","NEON.DOC.014050","ogjyrGrm3ZwJtEIV6g3OdQaEOdluA3eH",,0,0,0
"1D5CEC87C6774B75B47D4EE2AD133849","D10","STER","STER_028","W","cultivatedCrops",40.473277,-103.018568,"WGS84",1.2,0.0,0.3,"2014-07-08","2014-07-22",4,"BET.STER_028.2014.04","STER_028.W.20140722",14,"ok","ok","ok","Y","NEON.DOC.014050","ogjyrGrm3ZwJtEIV6g3OdQaEOdluA3eH",,0,0,0
"763F55F0278E4A5CBF82F28C3F0E10ED","D10","STER","STER_028","E","cultivatedCrops",40.473269,-103.018097,"WGS84",1.2,0.0,0.3,"2014-07-08","2014-07-22",4,"BET.STER_028.2014.04","STER_028.E.20140722",14,"ok","ok","ok","Y","NEON.DOC.014050","ogjyrGrm3ZwJtEIV6g3OdQaEOdluA3eH",,0,0,0
"101C638799924742B16DEC910A2B1448","D10","STER","STER_027","N","cultivatedCrops",40.481007,-103.018815,"WGS84",1.1,0.0,0.3,"2014-07-08","2014-07-22",4,"BET.STER_027.2014.04","STER_027.N.20140722",14,"ok","ok","ok","Y","NEON.DOC.014050","ogjyrGrm3ZwJtEIV6g3OdQaEOdluA3eH",,0,0,0
"E86B4311D466475A87339C525AF7567F","D10","STER","STER_027","S","cultivatedCrops",40.480647,-103.018826,"WGS84",1.1,0.0,0.3,"2014-07-08","2014-07-22",4,"BET.STER_027.2014.04","STER_027.S.20140722",14,"ok","ok","ok","Y","NEON.DOC.014050","ogjyrGrm3ZwJtEIV6g3OdQaEOdluA3eH",,0,0,0
"E739391E71914B9083112202E29EAE15","D10","STER","STER_027","E","cultivatedCrops",40.480823,-103.018585,"WGS84",1.1,0.0,0.3,"2014-07-08","2014-07-22",4,"BET.STER_027.2014.04","STER_027.E.20140722",14,"ok","ok","ok","Y","NEON.DOC.014050","ogjyrGrm3ZwJtEIV6g3OdQaEOdluA3eH",,0,0,0
"E04B7615EB1C4DF4AE37B97FF28AD3D6","D10","STER","STER_027","W","cultivatedCrops",40.480831,-103.019056,"WGS84",1.1,0.0,0.3,"2014-07-08","2014-07-22",4,"BET.STER_027.2014.04","STER_027.W.20140722",14,"ok","ok","ok","Y","NEON.DOC.014050","ogjyrGrm3ZwJtEIV6g3OdQaEOdluA3eH",,0,0,0
"ACD80B28FE874024854D7154348CC4CA","D10","STER","STER_026","E","cultivatedCrops",40.474709,-103.024064,"WGS84",1.2,0.0,0.3,"2014-07-08","2014-07-22",4,"BET.STER_026.2014.04","STER_026.E.20140722",14,"ok","ok","low","Y","NEON.DOC.014050","ogjyrGrm3ZwJtEIV6g3OdQaEOdluA3eH",,0,0,0
"D918CD6B0220479398F99C40A0FBCD8D","D10","STER","STER_026","N","cultivatedCrops",40.474893,-103.024295,"WGS84",1.2,0.0,0.3,"2014-07-08","2014-07-22",4,"BET.STER_026.2014.04","STER_026.N.20140722",14,"ok","ok","low","Y","NEON.DOC.014050","ogjyrGrm3ZwJtEIV6g3OdQaEOdluA3eH",,0,0,0
"90D4048C1854450788A702294D653063","D10","STER","STER_026","S","cultivatedCrops",40.474533,-103.024305,"WGS84",1.2,0.0,0.3,"2014-07-08","2014-07-22",4,"BET.STER_026.2014.04","STER_026.S.20140722",14,"ok","ok","ok","Y","NEON.DOC.014050","ogjyrGrm3ZwJtEIV6g3OdQaEOdluA3eH",,0,0,0
"5D9945CC4B8B4A7D842B94789B929572","D10","STER","STER_026","W","cultivatedCrops",40.474717,-103.024536,"WGS84",1.2,0.0,0.3,"2014-07-08","2014-07-22",4,"BET.STER_026.2014.04","STER_026.W.20140722",14,"ok","ok","ok","Y","NEON.DOC.014050","ogjyrGrm3ZwJtEIV6g3OdQaEOdluA3eH",,0,0,0
"F559D6B8582842BC9E85F2DCA8ACD0CC","D10","STER","STER_006","W","cultivatedCrops",40.463939,-103.035568,"WGS84",1.1,0.0,0.1,"2014-07-08","2014-07-22",4,"BET.STER_006.2014.04","STER_006.W.20140722",14,"ok","ok","high","Y","NEON.DOC.014050","ogjyrGrm3ZwJtEIV6g3OdQaEOdluA3eH",,0,0,0
"0444BF0392A54FEB843B124B24608736","D10","STER","STER_006","E","cultivatedCrops",40.463931,-103.035096,"WGS84",1.1,0.0,0.1,"2014-07-08","2014-07-22",4,"BET.STER_006.2014.04","STER_006.E.20140722",14,"ok","ok","low","Y","NEON.DOC.014050","ogjyrGrm3ZwJtEIV6g3OdQaEOdluA3eH",,0,0,0
"137A10AF746448C7AE20781DDA484018","D10","STER","STER_006","S","cultivatedCrops",40.463755,-103.035337,"WGS84",1.1,0.0,0.1,"2014-07-08","2014-07-22",4,"BET.STER_006.2014.04","STER_006.S.20140722",14,"ok","ok","ok","Y","NEON.DOC.014050","ogjyrGrm3ZwJtEIV6g3OdQaEOdluA3eH",,0,0,0
"14626237D8474782AEB4764ED766893C","D10","STER","STER_006","N","cultivatedCrops",40.464115,-103.035327,"WGS84",1.1,0.0,0.1,"2014-07-22","2014-08-05",5,"BET.STER_006.2014.05","STER_006.N.20140805",14,"ok","ok","ok","Y","NEON.DOC.014050","4/2oYNd2GLqmFoeDQbAE6mxP9j23qVFn",,0,0,0
"4031EF9C5DF94328979937ED0610A87D","D10","STER","STER_035","S","cultivatedCrops",40.469539,-103.016668,"WGS84",1.1,0.0,0.1,"2014-07-22","2014-08-05",5,"BET.STER_035.2014.05","STER_035.S.20140805",14,"ok","ok","ok","Y","NEON.DOC.014050","4/2oYNd2GLqmFoeDQbAE6mxP9j23qVFn",,0,0,0
"F35CB2A8AA304A62A844E46EDEF7DE15","D10","STER","STER_035","E","cultivatedCrops",40.469715,-103.016427,"WGS84",1.1,0.0,0.1,"2014-07-22","2014-08-05",5,"BET.STER_035.2014.05","STER_035.E.20140805",14,"ok","ok","ok","Y","NEON.DOC.014050","4/2oYNd2GLqmFoeDQbAE6mxP9j23qVFn",,0,0,0
"8CE939DAC1134D49871A25BC4098EBB2","D10","STER","STER_035","N","cultivatedCrops",40.469899,-103.016657,"WGS84",1.1,0.0,0.1,"2014-07-22","2014-08-05",5,"BET.STER_035.2014.05","STER_035.N.20140805",14,"ok","ok","ok","Y","NEON.DOC.014050","4/2oYNd2GLqmFoeDQbAE6mxP9j23qVFn",,0,0,0
"F18601D9160C4F53960F9C97A19B56D1","D10","STER","STER_035","W","cultivatedCrops",40.469723,-103.016898,"WGS84",1.1,0.0,0.1,"2014-07-22","2014-08-05",5,"BET.STER_035.2014.05","STER_035.W.20140805",14,"ok","ok","low","Y","NEON.DOC.014050","4/2oYNd2GLqmFoeDQbAE6mxP9j23qVFn",,0,0,0
"E73CD27E4DD64D4CA111C5A10812D5AF","D10","STER","STER_034","E","cultivatedCrops",40.478662,-103.019002,"WGS84",1.1,0.0,0.2,"2014-07-22","2014-08-05",5,"BET.STER_034.2014.05","STER_034.E.20140805",14,"ok","ok","high","Y","NEON.DOC.014050","4/2oYNd2GLqmFoeDQbAE6mxP9j23qVFn","Possible water run-off into trap",0,0,0
"6B839A4DC4F64152B7D73A5382B405B3","D10","STER","STER_034","W","cultivatedCrops",40.478670,-103.019474,"WGS84",1.1,0.0,0.2,"2014-07-22","2014-08-05",5,"BET.STER_034.2014.05","STER_034.W.20140805",14,"ok","ok","ok","Y","NEON.DOC.014050","4/2oYNd2GLqmFoeDQbAE6mxP9j23qVFn","Beetles filled trap up to 250 mL line",0,0,0
"F891DCF278EE49E7995594AC645D82F2","D10","STER","STER_034","N","cultivatedCrops",40.478846,-103.019233,"WGS84",1.1,0.0,0.2,"2014-07-22","2014-08-05",5,"BET.STER_034.2014.05","STER_034.N.20140805",14,"ok","ok","high","Y","NEON.DOC.014050","4/2oYNd2GLqmFoeDQbAE6mxP9j23qVFn","Possible water run-off into trap",0,0,0
"69BD793E747246B89AC5B20A30C42686","D10","STER","STER_034","S","cultivatedCrops",40.478486,-103.019243,"WGS84",1.1,0.0,0.2,"2014-07-22","2014-08-05",5,"BET.STER_034.2014.05","STER_034.S.20140805",14,"ok","ok","ok","Y","NEON.DOC.014050","4/2oYNd2GLqmFoeDQbAE6mxP9j23qVFn",,0,0,0
"142C681CC64A4234ACCEE4579C7F08FF","D10","STER","STER_033","N","cultivatedCrops",40.476570,-103.011861,"WGS84",1.1,0.0,0.2,"2014-07-22","2014-08-05",5,"BET.STER_033.2014.05","STER_033.N.20140805",14,"ok","ok","ok","Y","NEON.DOC.014050","4/2oYNd2GLqmFoeDQbAE6mxP9j23qVFn","Beetles filled trap to ~250mL line",0,0,0
"2F7319BB878C468E86A5F966E62DFEC7","D10","STER","STER_033","W","cultivatedCrops",40.476394,-103.012102,"WGS84",1.1,0.0,0.2,"2014-07-22","2014-08-05",5,"BET.STER_033.2014.05","STER_033.W.20140805",14,"ok","ok","ok","Y","NEON.DOC.014050","4/2oYNd2GLqmFoeDQbAE6mxP9j23qVFn",,0,0,0
"5AB94272EE534C0A8DA19EFA0EB458C8","D10","STER","STER_033","S","cultivatedCrops",40.476210,-103.011872,"WGS84",1.1,0.0,0.2,"2014-07-22","2014-08-05",5,"BET.STER_033.2014.05","STER_033.S.20140805",14,"ok","ok","ok","Y","NEON.DOC.014050","4/2oYNd2GLqmFoeDQbAE6mxP9j23qVFn",,0,0,0
"64188A9320FB48D5A11943C1CD2C6292","D10","STER","STER_033","E","cultivatedCrops",40.476386,-103.011631,"WGS84",1.1,0.0,0.2,"2014-07-22","2014-08-05",5,"BET.STER_033.2014.05","STER_033.E.20140805",14,"ok","ok","ok","Y","NEON.DOC.014050","4/2oYNd2GLqmFoeDQbAE6mxP9j23qVFn","Vertebrate bycatch in trap",0,0,0
"0472627B9B7B46C68E6EF48757514CA1","D10","STER","STER_031","E","cultivatedCrops",40.470721,-103.011449,"WGS84",1.1,0.0,0.1,"2014-07-22","2014-08-05",5,"BET.STER_031.2014.05","STER_031.E.20140805",14,"ok","ok","ok","Y","NEON.DOC.014050","4/2oYNd2GLqmFoeDQbAE6mxP9j23qVFn",,0,0,0
"A201D4D4B367423BB360EBC571281AAC","D10","STER","STER_031","S","cultivatedCrops",40.470545,-103.011690,"WGS84",1.1,0.0,0.1,"2014-07-22","2014-08-05",5,"BET.STER_031.2014.05","STER_031.S.20140805",14,"ok","ok","ok","Y","NEON.DOC.014050","4/2oYNd2GLqmFoeDQbAE6mxP9j23qVFn",,0,0,0
"BE10DA8355B94D9A8B555B9668D31F7C","D10","STER","STER_031","W","cultivatedCrops",40.470729,-103.011921,"WGS84",1.1,0.0,0.1,"2014-07-22","2014-08-05",5,"BET.STER_031.2014.05","STER_031.W.20140805",14,"ok","ok","ok","Y","NEON.DOC.014050","4/2oYNd2GLqmFoeDQbAE6mxP9j23qVFn",,0,0,0
"CBACC54742D0441C9D94D2A27EC21085","D10","STER","STER_031","N","cultivatedCrops",40.470905,-103.011680,"WGS84",1.1,0.0,0.1,"2014-07-22","2014-08-05",5,"BET.STER_031.2014.05","STER_031.N.20140805",14,"ok","ok","ok","Y","NEON.DOC.014050","4/2oYNd2GLqmFoeDQbAE6mxP9j23qVFn",,0,0,0
"27932B5731EE4015B0276B7C0B75AA56","D10","STER","STER_032","S","cultivatedCrops",40.471849,-103.025107,"WGS84",1.1,0.0,0.1,"2014-07-22","2014-08-05",5,"BET.STER_032.2014.05","STER_032.S.20140805",14,"ok","ok","ok","Y","NEON.DOC.014050","4/2oYNd2GLqmFoeDQbAE6mxP9j23qVFn",,0,0,0
"DB57118312A6411ABEE44A07ACB76400","D10","STER","STER_032","W","cultivatedCrops",40.472033,-103.025338,"WGS84",1.1,0.0,0.1,"2014-07-22","2014-08-05",5,"BET.STER_032.2014.05","STER_032.W.20140805",14,"ok","ok","ok","Y","NEON.DOC.014050","4/2oYNd2GLqmFoeDQbAE6mxP9j23qVFn",,0,0,0
"F3756D5D36FA4B77B37F708A0C61E323","D10","STER","STER_032","E","cultivatedCrops",40.472025,-103.024866,"WGS84",1.1,0.0,0.1,"2014-07-22","2014-08-05",5,"BET.STER_032.2014.05","STER_032.E.20140805",14,"ok","ok","ok","Y","NEON.DOC.014050","4/2oYNd2GLqmFoeDQbAE6mxP9j23qVFn","Vertebrate bycatch in trap",0,0,0
"DEAD8D7991CD4FBF82C2278E7C566530","D10","STER","STER_032","N","cultivatedCrops",40.472209,-103.025097,"WGS84",1.1,0.0,0.1,"2014-07-22","2014-08-05",5,"BET.STER_032.2014.05","STER_032.N.20140805",14,"ok","ok","ok","Y","NEON.DOC.014050","4/2oYNd2GLqmFoeDQbAE6mxP9j23qVFn",,0,0,0
"F7508050412945B68579C54DD47C844D","D10","STER","STER_029","W","cultivatedCrops",40.468566,-103.011985,"WGS84",1.1,0.0,0.3,"2014-07-22","2014-08-05",5,"BET.STER_029.2014.05","STER_029.W.20140805",14,"ok","ok","ok","Y","NEON.DOC.014050","4/2oYNd2GLqmFoeDQbAE6mxP9j23qVFn",,0,0,0
"6D21B3EA0E3540718B54E0744FF42AD5","D10","STER","STER_029","E","cultivatedCrops",40.468557,-103.011513,"WGS84",1.1,0.0,0.3,"2014-07-22","2014-08-05",5,"BET.STER_029.2014.05","STER_029.E.20140805",14,"ok","ok","low","Y","NEON.DOC.014050","4/2oYNd2GLqmFoeDQbAE6mxP9j23qVFn",,0,0,0
"3E6B1E567F3F491D97535D7D5E397CC6","D10","STER","STER_029","S","cultivatedCrops",40.468381,-103.011754,"WGS84",1.1,0.0,0.3,"2014-07-22","2014-08-05",5,"BET.STER_029.2014.05","STER_029.S.20140805",14,"ok","ok","ok","Y","NEON.DOC.014050","4/2oYNd2GLqmFoeDQbAE6mxP9j23qVFn",,0,0,0
"D2240345D2C944D3913D9908280CB668","D10","STER","STER_029","N","cultivatedCrops",40.468742,-103.011744,"WGS84",1.1,0.0,0.3,"2014-07-22","2014-08-05",5,"BET.STER_029.2014.05","STER_029.N.20140805",14,"ok","ok","ok","Y","NEON.DOC.014050","4/2oYNd2GLqmFoeDQbAE6mxP9j23qVFn","Vertebrate bycatch in trap",0,0,0
"D392124BFB58461C961F3D5BB64920E2","D10","STER","STER_028","S","cultivatedCrops",40.473093,-103.018338,"WGS84",1.2,0.0,0.3,"2014-07-22","2014-08-05",5,"BET.STER_028.2014.05","STER_028.S.20140805",14,"ok","ok","low","Y","NEON.DOC.014050","4/2oYNd2GLqmFoeDQbAE6mxP9j23qVFn",,0,0,0
"FB2EB70ACA8044C3824875FDD47A874A","D10","STER","STER_028","W","cultivatedCrops",40.473277,-103.018568,"WGS84",1.2,0.0,0.3,"2014-07-22","2014-08-05",5,"BET.STER_028.2014.05","STER_028.W.20140805",14,"ok","ok","high","Y","NEON.DOC.014050","4/2oYNd2GLqmFoeDQbAE6mxP9j23qVFn",,0,0,0
"D99240A2FAD9446388C3B24FC21F0054","D10","STER","STER_028","E","cultivatedCrops",40.473269,-103.018097,"WGS84",1.2,0.0,0.3,"2014-07-22","2014-08-05",5,"BET.STER_028.2014.05","STER_028.E.20140805",14,"ok","ok","ok","Y","NEON.DOC.014050","4/2oYNd2GLqmFoeDQbAE6mxP9j23qVFn",,0,0,0
"CA828E7429194D24B8739B78A5E8EC7D","D10","STER","STER_028","N","cultivatedCrops",40.473453,-103.018327,"WGS84",1.2,0.0,0.3,"2014-07-22","2014-08-05",5,"BET.STER_028.2014.05","STER_028.N.20140805",14,"ok","ok","ok","Y","NEON.DOC.014050","4/2oYNd2GLqmFoeDQbAE6mxP9j23qVFn",,0,0,0
"C01E116147544A0EBB1D49B684808625","D10","STER","STER_027","S","cultivatedCrops",40.480647,-103.018826,"WGS84",1.1,0.0,0.3,"2014-07-22","2014-08-05",5,"BET.STER_027.2014.05","STER_027.S.20140805",14,"ok","ok","ok","Y","NEON.DOC.014050","4/2oYNd2GLqmFoeDQbAE6mxP9j23qVFn",,0,0,0
"16B95120BACD44A29148393106A544F5","D10","STER","STER_027","E","cultivatedCrops",40.480823,-103.018585,"WGS84",1.1,0.0,0.3,"2014-07-22","2014-08-05",5,"BET.STER_027.2014.05","STER_027.E.20140805",14,"ok","ok","ok","Y","NEON.DOC.014050","4/2oYNd2GLqmFoeDQbAE6mxP9j23qVFn",,0,0,0
"744FF3FAD17C445A9774ABE1295DAA77","D10","STER","STER_027","W","cultivatedCrops",40.480831,-103.019056,"WGS84",1.1,0.0,0.3,"2014-07-22","2014-08-05",5,"BET.STER_027.2014.05","STER_027.W.20140805",14,"ok","ok","ok","Y","NEON.DOC.014050","4/2oYNd2GLqmFoeDQbAE6mxP9j23qVFn","Beetles filled trap to ~250mL line",0,0,0
"1FC694D5A45D436C84478C4551099CD4","D10","STER","STER_027","N","cultivatedCrops",40.481007,-103.018815,"WGS84",1.1,0.0,0.3,"2014-07-22","2014-08-05",5,"BET.STER_027.2014.05","STER_027.N.20140805",14,"ok","ok","ok","Y","NEON.DOC.014050","4/2oYNd2GLqmFoeDQbAE6mxP9j23qVFn","Beetles filled trap to ~250mL line",0,0,0
"1EFA467AD45348E3B1295612CD9D8872","D10","STER","STER_026","N","cultivatedCrops",40.474893,-103.024295,"WGS84",1.2,0.0,0.3,"2014-07-22","2014-08-05",5,"BET.STER_026.2014.05","STER_026.N.20140805",14,"ok","ok","ok","Y","NEON.DOC.014050","4/2oYNd2GLqmFoeDQbAE6mxP9j23qVFn",,0,0,0
"B5504FF6265A405CA2BCEEEA75CBFC8A","D10","STER","STER_026","W","cultivatedCrops",40.474717,-103.024536,"WGS84",1.2,0.0,0.3,"2014-07-22","2014-08-05",5,"BET.STER_026.2014.05","STER_026.W.20140805",14,"ok","ok","ok","Y","NEON.DOC.014050","4/2oYNd2GLqmFoeDQbAE6mxP9j23qVFn",,0,0,0
"635E67304908480AB20CF87F13101F0C","D10","STER","STER_026","S","cultivatedCrops",40.474533,-103.024305,"WGS84",1.2,0.0,0.3,"2014-07-22","2014-08-05",5,"BET.STER_026.2014.05","STER_026.S.20140805",14,"ok","ok","ok","Y","NEON.DOC.014050","4/2oYNd2GLqmFoeDQbAE6mxP9j23qVFn",,0,0,0
"AC610FC5707A49F0A4ACB3DBF64992E4","D10","STER","STER_026","E","cultivatedCrops",40.474709,-103.024064,"WGS84",1.2,0.0,0.3,"2014-07-22","2014-08-05",5,"BET.STER_026.2014.05","STER_026.E.20140805",14,"ok","ok","ok","Y","NEON.DOC.014050","4/2oYNd2GLqmFoeDQbAE6mxP9j23qVFn",,0,0,0
"1544AE369A2F42299ADECEDC3955E0B9","D10","STER","STER_006","S","cultivatedCrops",40.463755,-103.035337,"WGS84",1.1,0.0,0.1,"2014-07-22","2014-08-05",5,"BET.STER_006.2014.05","STER_006.S.20140805",14,"ok","ok","ok","Y","NEON.DOC.014050","4/2oYNd2GLqmFoeDQbAE6mxP9j23qVFn",,0,0,0
"D50C68C9601449D68F9E39A28B9333E6","D10","STER","STER_006","W","cultivatedCrops",40.463939,-103.035568,"WGS84",1.1,0.0,0.1,"2014-07-22","2014-08-05",5,"BET.STER_006.2014.05","STER_006.W.20140805",14,"ok","ok","ok","Y","NEON.DOC.014050","4/2oYNd2GLqmFoeDQbAE6mxP9j23qVFn","Sample was placed in two whirl-pack bags at time of collection",0,0,0
"EE3B207B97104EDCB5C7A8323397EE31","D10","STER","STER_006","E","cultivatedCrops",40.463931,-103.035096,"WGS84",1.1,0.0,0.1,"2014-07-22","2014-08-05",5,"BET.STER_006.2014.05","STER_006.E.20140805",14,"ok","ok","ok","Y","NEON.DOC.014050","4/2oYNd2GLqmFoeDQbAE6mxP9j23qVFn",,0,0,0
"110E052E1643400D88ACE893C311FA2C","D10","STER","STER_006","S","cultivatedCrops",40.463755,-103.035337,"WGS84",1.1,0.0,0.1,"2014-08-05","2014-08-19",6,"BET.STER_006.2014.06","STER_006.S.20140819",14,"ok","ok","ok","Y","NEON.DOC.014050","XXW8BqPXtz8Ncjf8bOi7gc6Hj7+NVXsl",,0,0,0
"398624E517F94A9C8538B503F1F6DD7A","D10","STER","STER_035","N","cultivatedCrops",40.469899,-103.016657,"WGS84",1.1,0.0,0.1,"2014-08-05","2014-08-19",6,"BET.STER_035.2014.06","STER_035.N.20140819",14,"ok","ok","low","Y","NEON.DOC.014050","XXW8BqPXtz8Ncjf8bOi7gc6Hj7+NVXsl","No remaining fluid, trap was filled with invertebrates passed original fluid levels",0,0,0
"2E5040285E204BA79033DC5FB8A9D970","D10","STER","STER_035","S","cultivatedCrops",40.469539,-103.016668,"WGS84",1.1,0.0,0.1,"2014-08-05","2014-08-19",6,"BET.STER_035.2014.06","STER_035.S.20140819",14,"ok","ok","ok","Y","NEON.DOC.014050","XXW8BqPXtz8Ncjf8bOi7gc6Hj7+NVXsl",,0,0,0
"C363CAE1C1E143898689A05F413B1290","D10","STER","STER_035","W","cultivatedCrops",40.469723,-103.016898,"WGS84",1.1,0.0,0.1,"2014-08-05","2014-08-19",6,"BET.STER_035.2014.06","STER_035.W.20140819",14,"ok","ok","ok","Y","NEON.DOC.014050","XXW8BqPXtz8Ncjf8bOi7gc6Hj7+NVXsl",,0,0,0
"F4B4606C5152424F937E3C2FB90B992F","D10","STER","STER_035","E","cultivatedCrops",40.469715,-103.016427,"WGS84",1.1,0.0,0.1,"2014-08-05","2014-08-19",6,"BET.STER_035.2014.06","STER_035.E.20140819",14,"ok","ok","low","Y","NEON.DOC.014050","XXW8BqPXtz8Ncjf8bOi7gc6Hj7+NVXsl",,0,0,0
"1C377D0341FB424C9497170EE2A09278","D10","STER","STER_034","W","cultivatedCrops",40.478670,-103.019474,"WGS84",1.1,0.0,0.2,"2014-08-05","2014-08-19",6,"BET.STER_034.2014.06","STER_034.W.20140819",14,"ok","ok","ok","Y","NEON.DOC.014050","XXW8BqPXtz8Ncjf8bOi7gc6Hj7+NVXsl",,0,0,0
"00DEB3A068554B0B9C6944C306898143","D10","STER","STER_034","N","cultivatedCrops",40.478846,-103.019233,"WGS84",1.1,0.0,0.2,"2014-08-05","2014-08-19",6,"BET.STER_034.2014.06","STER_034.N.20140819",14,"ok","ok","low","Y","NEON.DOC.014050","XXW8BqPXtz8Ncjf8bOi7gc6Hj7+NVXsl","Possible evidence of predation (Invertebrate heads missing on many specimens)",0,0,0
"BA51586AEF9F49B1862AFBF3D90FBC73","D10","STER","STER_034","E","cultivatedCrops",40.478662,-103.019002,"WGS84",1.1,0.0,0.2,"2014-08-05","2014-08-19",6,"BET.STER_034.2014.06","STER_034.E.20140819",14,,,,"Y","NEON.DOC.014050","XXW8BqPXtz8Ncjf8bOi7gc6Hj7+NVXsl",,0,0,0
"2375B6D15DA84BE7BC2183E722FF6BAD","D10","STER","STER_034","S","cultivatedCrops",40.478486,-103.019243,"WGS84",1.1,0.0,0.2,"2014-08-05","2014-08-19",6,"BET.STER_034.2014.06","STER_034.S.20140819",14,"ok","ok","ok","Y","NEON.DOC.014050","XXW8BqPXtz8Ncjf8bOi7gc6Hj7+NVXsl",,0,0,0
"317C0D39ED20498F81CD81FB8103A27F","D10","STER","STER_033","W","cultivatedCrops",40.476394,-103.012102,"WGS84",1.1,0.0,0.2,"2014-08-05","2014-08-19",6,"BET.STER_033.2014.06","STER_033.W.20140819",14,"ok","ok","ok","Y","NEON.DOC.014050","XXW8BqPXtz8Ncjf8bOi7gc6Hj7+NVXsl",,0,0,0
"C9B111769E9E435492F1E3CE81C5117B","D10","STER","STER_033","S","cultivatedCrops",40.476210,-103.011872,"WGS84",1.1,0.0,0.2,"2014-08-05","2014-08-19",6,"BET.STER_033.2014.06","STER_033.S.20140819",14,"ok","ok","low","Y","NEON.DOC.014050","XXW8BqPXtz8Ncjf8bOi7gc6Hj7+NVXsl",,0,0,0
"A6391B8FC53141D6A28EFE2C885A95BA","D10","STER","STER_033","N","cultivatedCrops",40.476570,-103.011861,"WGS84",1.1,0.0,0.2,"2014-08-05","2014-08-19",6,"BET.STER_033.2014.06","STER_033.N.20140819",14,"ok","ok","low","Y","NEON.DOC.014050","XXW8BqPXtz8Ncjf8bOi7gc6Hj7+NVXsl","Once lid was removed technicians witnessed one beetle crawl out of trap and another fly out.  Trap was completely full of invertebrates.",0,0,0
"0FDC5AB4FC2246AC9481597E7A7B5E5F","D10","STER","STER_033","E","cultivatedCrops",40.476386,-103.011631,"WGS84",1.1,0.0,0.2,"2014-08-05","2014-08-19",6,"BET.STER_033.2014.06","STER_033.E.20140819",14,"ok","ok","ok","Y","NEON.DOC.014050","XXW8BqPXtz8Ncjf8bOi7gc6Hj7+NVXsl","Evidence of burrowing activity next to trap",0,0,0
"967506E7E4264421A639B0C0EF73E27F","D10","STER","STER_031","N","cultivatedCrops",40.470905,-103.011680,"WGS84",1.1,0.0,0.1,"2014-08-05","2014-08-19",6,"BET.STER_031.2014.06","STER_031.N.20140819",14,"ok","ok","ok","Y","NEON.DOC.014050","XXW8BqPXtz8Ncjf8bOi7gc6Hj7+NVXsl",,0,0,0
"CBE64361F1F64714BC792D3A4CA2CF00","D10","STER","STER_031","S","cultivatedCrops",40.470545,-103.011690,"WGS84",1.1,0.0,0.1,"2014-08-05","2014-08-19",6,"BET.STER_031.2014.06","STER_031.S.20140819",14,"ok","ok","ok","Y","NEON.DOC.014050","XXW8BqPXtz8Ncjf8bOi7gc6Hj7+NVXsl",,0,0,0
"206D832AB99846D6AF29F4B3712379C1","D10","STER","STER_031","E","cultivatedCrops",40.470721,-103.011449,"WGS84",1.1,0.0,0.1,"2014-08-05","2014-08-19",6,"BET.STER_031.2014.06","STER_031.E.20140819",14,"ok","ok","low","Y","NEON.DOC.014050","XXW8BqPXtz8Ncjf8bOi7gc6Hj7+NVXsl",,0,0,0
"26F3061724FF4C4688D4EE309DE5F10B","D10","STER","STER_031","W","cultivatedCrops",40.470729,-103.011921,"WGS84",1.1,0.0,0.1,"2014-08-05","2014-08-19",6,"BET.STER_031.2014.06","STER_031.W.20140819",14,"ok","ok","ok","Y","NEON.DOC.014050","XXW8BqPXtz8Ncjf8bOi7gc6Hj7+NVXsl",,0,0,0
"92BF1431080F4C14B414FB6484B2EB4A","D10","STER","STER_032","S","cultivatedCrops",40.471849,-103.025107,"WGS84",1.1,0.0,0.1,"2014-08-05","2014-08-19",6,"BET.STER_032.2014.06","STER_032.S.20140819",14,"ok","ok","low","Y","NEON.DOC.014050","XXW8BqPXtz8Ncjf8bOi7gc6Hj7+NVXsl",,0,0,0
"63031E5EA7854678B03CF5B26F17353E","D10","STER","STER_032","W","cultivatedCrops",40.472033,-103.025338,"WGS84",1.1,0.0,0.1,"2014-08-05","2014-08-19",6,"BET.STER_032.2014.06","STER_032.W.20140819",14,"ok","ok","low","Y","NEON.DOC.014050","XXW8BqPXtz8Ncjf8bOi7gc6Hj7+NVXsl",,0,0,0
"42B67101B05F42E3822EF240E26CA0D1","D10","STER","STER_032","N","cultivatedCrops",40.472209,-103.025097,"WGS84",1.1,0.0,0.1,"2014-08-05","2014-08-19",6,"BET.STER_032.2014.06","STER_032.N.20140819",14,"ok","ok","ok","Y","NEON.DOC.014050","XXW8BqPXtz8Ncjf8bOi7gc6Hj7+NVXsl",,0,0,0
"E966EFB87AAB460BA6776D9A56A7AF04","D10","STER","STER_032","E","cultivatedCrops",40.472025,-103.024866,"WGS84",1.1,0.0,0.1,"2014-08-05","2014-08-19",6,"BET.STER_032.2014.06","STER_032.E.20140819",14,"ok","ok","ok","Y","NEON.DOC.014050","XXW8BqPXtz8Ncjf8bOi7gc6Hj7+NVXsl",,0,0,0
"673B4F0F6AFB4898965F2519FB04DE99","D10","STER","STER_029","E","cultivatedCrops",40.468557,-103.011513,"WGS84",1.1,0.0,0.3,"2014-08-05","2014-08-19",6,"BET.STER_029.2014.06","STER_029.E.20140819",14,"ok","ok","low","Y","NEON.DOC.014050","XXW8BqPXtz8Ncjf8bOi7gc6Hj7+NVXsl",,0,0,0
"BED9C44266DF483FAA67A3010088F371","D10","STER","STER_029","N","cultivatedCrops",40.468742,-103.011744,"WGS84",1.1,0.0,0.3,"2014-08-05","2014-08-19",6,"BET.STER_029.2014.06","STER_029.N.20140819",14,"ok","ok","low","Y","NEON.DOC.014050","XXW8BqPXtz8Ncjf8bOi7gc6Hj7+NVXsl",,0,0,0
"8AE5A67B03FD4884AEB6629E94D58C39","D10","STER","STER_029","W","cultivatedCrops",40.468566,-103.011985,"WGS84",1.1,0.0,0.3,"2014-08-05","2014-08-19",6,"BET.STER_029.2014.06","STER_029.W.20140819",14,"ok","ok","ok","Y","NEON.DOC.014050","XXW8BqPXtz8Ncjf8bOi7gc6Hj7+NVXsl",,0,0,0
"A09DD0E5FDE94BCA9F23EB9CC30C0015","D10","STER","STER_029","S","cultivatedCrops",40.468381,-103.011754,"WGS84",1.1,0.0,0.3,"2014-08-05","2014-08-19",6,"BET.STER_029.2014.06","STER_029.S.20140819",14,"ok","ok","ok","Y","NEON.DOC.014050","XXW8BqPXtz8Ncjf8bOi7gc6Hj7+NVXsl",,0,0,0
"4FF6F890895E47E7B4049D641E509497","D10","STER","STER_028","E","cultivatedCrops",40.473269,-103.018097,"WGS84",1.2,0.0,0.3,"2014-08-05","2014-08-19",6,"BET.STER_028.2014.06","STER_028.E.20140819",14,"ok","ok","low","Y","NEON.DOC.014050","XXW8BqPXtz8Ncjf8bOi7gc6Hj7+NVXsl",,0,0,0
"868432C00B8744F8B6CD7E04485A6EB4","D10","STER","STER_028","N","cultivatedCrops",40.473453,-103.018327,"WGS84",1.2,0.0,0.3,"2014-08-05","2014-08-19",6,"BET.STER_028.2014.06","STER_028.N.20140819",14,"ok","ok","ok","Y","NEON.DOC.014050","XXW8BqPXtz8Ncjf8bOi7gc6Hj7+NVXsl",,0,0,0
"5F4179DB0ECE414C8CA787BEC4684B26","D10","STER","STER_028","W","cultivatedCrops",40.473277,-103.018568,"WGS84",1.2,0.0,0.3,"2014-08-05","2014-08-19",6,"BET.STER_028.2014.06","STER_028.W.20140819",14,"ok","ok","low","Y","NEON.DOC.014050","XXW8BqPXtz8Ncjf8bOi7gc6Hj7+NVXsl","Trap was completely full of invertebrates.  Additional invertebrates found dead outside of trap.",0,0,0
"5F1AF28F38474994AA3AE0A00CB433CD","D10","STER","STER_028","S","cultivatedCrops",40.473093,-103.018338,"WGS84",1.2,0.0,0.3,"2014-08-05","2014-08-19",6,"BET.STER_028.2014.06","STER_028.S.20140819",14,"ok","ok","ok","Y","NEON.DOC.014050","XXW8BqPXtz8Ncjf8bOi7gc6Hj7+NVXsl",,0,0,0
"1A0403689FBE4E4CABE037EE636A66AF","D10","STER","STER_027","W","cultivatedCrops",40.480831,-103.019056,"WGS84",1.1,0.0,0.3,"2014-08-05","2014-08-19",6,"BET.STER_027.2014.06","STER_027.W.20140819",14,"ok","ok","low","Y","NEON.DOC.014050","XXW8BqPXtz8Ncjf8bOi7gc6Hj7+NVXsl",,0,0,0
"8209F6472525462EAFA979BB954D9434","D10","STER","STER_027","N","cultivatedCrops",40.481007,-103.018815,"WGS84",1.1,0.0,0.3,"2014-08-05","2014-08-19",6,"BET.STER_027.2014.06","STER_027.N.20140819",14,"ok","ok","low","Y","NEON.DOC.014050","XXW8BqPXtz8Ncjf8bOi7gc6Hj7+NVXsl","Definite evidence of predation around trap.  Many invertebrate body parts spread out on soil next to lid.",0,0,0
"7B5061B98EBC4341B60FE1024E73334F","D10","STER","STER_027","S","cultivatedCrops",40.480647,-103.018826,"WGS84",1.1,0.0,0.3,"2014-08-05","2014-08-19",6,"BET.STER_027.2014.06","STER_027.S.20140819",14,"ok","ok","ok","Y","NEON.DOC.014050","XXW8BqPXtz8Ncjf8bOi7gc6Hj7+NVXsl",,0,0,0
"C35E0137F1B1469E999EAB105455384E","D10","STER","STER_027","E","cultivatedCrops",40.480823,-103.018585,"WGS84",1.1,0.0,0.3,"2014-08-05","2014-08-19",6,"BET.STER_027.2014.06","STER_027.E.20140819",14,"ok","ok","ok","Y","NEON.DOC.014050","XXW8BqPXtz8Ncjf8bOi7gc6Hj7+NVXsl",,0,0,0
"570DE1ADBD5A4C4E9DAFE5D1F60C074D","D10","STER","STER_026","N","cultivatedCrops",40.474893,-103.024295,"WGS84",1.2,0.0,0.3,"2014-08-05","2014-08-19",6,"BET.STER_026.2014.06","STER_026.N.20140819",14,"ok","ok","ok","Y","NEON.DOC.014050","XXW8BqPXtz8Ncjf8bOi7gc6Hj7+NVXsl",,0,0,0
"EDEFDA20CDB94D87BBF9F66F878B06F4","D10","STER","STER_026","S","cultivatedCrops",40.474533,-103.024305,"WGS84",1.2,0.0,0.3,"2014-08-05","2014-08-19",6,"BET.STER_026.2014.06","STER_026.S.20140819",14,"ok","ok","low","Y","NEON.DOC.014050","XXW8BqPXtz8Ncjf8bOi7gc6Hj7+NVXsl",,0,0,0
"FC3C1387F9574514A5D3F1A52E30DD2E","D10","STER","STER_026","W","cultivatedCrops",40.474717,-103.024536,"WGS84",1.2,0.0,0.3,"2014-08-05","2014-08-19",6,"BET.STER_026.2014.06","STER_026.W.20140819",14,"ok","ok","ok","Y","NEON.DOC.014050","XXW8BqPXtz8Ncjf8bOi7gc6Hj7+NVXsl",,0,0,0
"11C2D592349348318170118CBFCF2639","D10","STER","STER_026","E","cultivatedCrops",40.474709,-103.024064,"WGS84",1.2,0.0,0.3,"2014-08-05","2014-08-19",6,"BET.STER_026.2014.06","STER_026.E.20140819",14,"ok","ok","ok","Y","NEON.DOC.014050","XXW8BqPXtz8Ncjf8bOi7gc6Hj7+NVXsl",,0,0,0
"9B68865A58E64BA1BF1D7F53A46AB2C2","D10","STER","STER_006","W","cultivatedCrops",40.463939,-103.035568,"WGS84",1.1,0.0,0.1,"2014-08-05","2014-08-19",6,"BET.STER_006.2014.06","STER_006.W.20140819",14,"ok","ok","ok","Y","NEON.DOC.014050","XXW8BqPXtz8Ncjf8bOi7gc6Hj7+NVXsl",,0,0,0
"5389DD3A413742818DD155727E6EAE63","D10","STER","STER_006","N","cultivatedCrops",40.464115,-103.035327,"WGS84",1.1,0.0,0.1,"2014-08-05","2014-08-19",6,"BET.STER_006.2014.06","STER_006.N.20140819",14,"ok","disturbed","ok","Y","NEON.DOC.014050","XXW8BqPXtz8Ncjf8bOi7gc6Hj7+NVXsl","Lid appears to have been run over by farming equipment and pressed flush to the ground.",0,0,0
"670A14B42F9A4B99B443B424A90FAE10","D10","STER","STER_006","E","cultivatedCrops",40.463931,-103.035096,"WGS84",1.1,0.0,0.1,"2014-08-05","2014-08-19",6,"BET.STER_006.2014.06","STER_006.E.20140819",14,"ok","ok","low","Y","NEON.DOC.014050","XXW8BqPXtz8Ncjf8bOi7gc6Hj7+NVXsl",,0,0,0
"5482D527A54F4610A89F2C30B6424120","D10","STER","STER_006","E","cultivatedCrops",40.463931,-103.035096,"WGS84",1.1,0.0,0.1,"2014-08-19","2014-09-02",7,"BET.STER_006.2014.07","STER_006.E.20140902",14,"ok","ok","ok","Y","NEON.DOC.014050","XXW8BqPXtz8Ncjf8bOi7gc6Hj7+NVXsl",,0,0,0
"C7AAF935DD1F44B89831E1808D37CD22","D10","STER","STER_035","S","cultivatedCrops",40.469539,-103.016668,"WGS84",1.1,0.0,0.1,"2014-08-19","2014-09-02",7,"BET.STER_035.2014.07","STER_035.S.20140902",14,"ok","ok","ok","Y","NEON.DOC.014050","XXW8BqPXtz8Ncjf8bOi7gc6Hj7+NVXsl",,0,0,0
"B024FA4B0D304997BF56C51725A65A34","D10","STER","STER_035","W","cultivatedCrops",40.469723,-103.016898,"WGS84",1.1,0.0,0.1,"2014-08-19","2014-09-02",7,"BET.STER_035.2014.07","STER_035.W.20140902",14,"ok","ok","high","Y","NEON.DOC.014050","XXW8BqPXtz8Ncjf8bOi7gc6Hj7+NVXsl",,0,0,0
"27A1A95781CD4D3FB31887BBA5D04025","D10","STER","STER_035","N","cultivatedCrops",40.469899,-103.016657,"WGS84",1.1,0.0,0.1,"2014-08-19","2014-09-02",7,"BET.STER_035.2014.07","STER_035.N.20140902",14,"ok","ok","ok","Y","NEON.DOC.014050","XXW8BqPXtz8Ncjf8bOi7gc6Hj7+NVXsl",,0,0,0
"65137D2F8A6A45248D07E89162DDEFFA","D10","STER","STER_035","E","cultivatedCrops",40.469715,-103.016427,"WGS84",1.1,0.0,0.1,"2014-08-19","2014-09-02",7,"BET.STER_035.2014.07","STER_035.E.20140902",14,"ok","ok","ok","Y","NEON.DOC.014050","XXW8BqPXtz8Ncjf8bOi7gc6Hj7+NVXsl",,0,0,0
"A05763A39684487DB4F3895AE929410A","D10","STER","STER_034","W","cultivatedCrops",40.478670,-103.019474,"WGS84",1.1,0.0,0.2,"2014-08-19","2014-09-02",7,"BET.STER_034.2014.07","STER_034.W.20140902",14,"ok","ok","high","Y","NEON.DOC.014050","XXW8BqPXtz8Ncjf8bOi7gc6Hj7+NVXsl",,0,0,0
"8C53C8CE37F341239305396637953540","D10","STER","STER_034","N","cultivatedCrops",40.478846,-103.019233,"WGS84",1.1,0.0,0.2,"2014-08-19","2014-09-02",7,"BET.STER_034.2014.07","STER_034.N.20140902",14,"ok","ok","ok","Y","NEON.DOC.014050","XXW8BqPXtz8Ncjf8bOi7gc6Hj7+NVXsl",,0,0,0
"2365108B55124AEC9D4F1D78F05C9E17","D10","STER","STER_034","S","cultivatedCrops",40.478486,-103.019243,"WGS84",1.1,0.0,0.2,"2014-08-19","2014-09-02",7,"BET.STER_034.2014.07","STER_034.S.20140902",14,"ok","ok","ok","Y","NEON.DOC.014050","XXW8BqPXtz8Ncjf8bOi7gc6Hj7+NVXsl",,0,0,0
"85D8ABA513FB4BC0B80E50380A615C48","D10","STER","STER_034","E","cultivatedCrops",40.478662,-103.019002,"WGS84",1.1,0.0,0.2,"2014-08-19","2014-09-02",7,"BET.STER_034.2014.07","STER_034.E.20140902",14,"ok","ok","ok","Y","NEON.DOC.014050","XXW8BqPXtz8Ncjf8bOi7gc6Hj7+NVXsl",,0,0,0
"AC15FF57F50B47259221F3B182EFC3B4","D10","STER","STER_033","S","cultivatedCrops",40.476210,-103.011872,"WGS84",1.1,0.0,0.2,"2014-08-19","2014-09-02",7,"BET.STER_033.2014.07","STER_033.S.20140902",14,"ok","ok","ok","Y","NEON.DOC.014050","XXW8BqPXtz8Ncjf8bOi7gc6Hj7+NVXsl",,0,0,0
"240DD7F993AA4BB7B129540C4C970404","D10","STER","STER_033","N","cultivatedCrops",40.476570,-103.011861,"WGS84",1.1,0.0,0.2,"2014-08-19","2014-09-02",7,"BET.STER_033.2014.07","STER_033.N.20140902",14,"ok","ok","ok","Y","NEON.DOC.014050","XXW8BqPXtz8Ncjf8bOi7gc6Hj7+NVXsl","Trap replaced",0,0,0
"5E2FDAB70C35469C98098EDBCE229860","D10","STER","STER_033","E","cultivatedCrops",40.476386,-103.011631,"WGS84",1.1,0.0,0.2,"2014-08-19","2014-09-02",7,"BET.STER_033.2014.07","STER_033.E.20140902",14,"ok","ok","high","Y","NEON.DOC.014050","XXW8BqPXtz8Ncjf8bOi7gc6Hj7+NVXsl",,0,0,0
"8D2C1C3FBD614EE384BACD763092B7FF","D10","STER","STER_033","W","cultivatedCrops",40.476394,-103.012102,"WGS84",1.1,0.0,0.2,"2014-08-19","2014-09-02",7,"BET.STER_033.2014.07","STER_033.W.20140902",14,"ok","ok","high","Y","NEON.DOC.014050","XXW8BqPXtz8Ncjf8bOi7gc6Hj7+NVXsl",,0,0,0
"471AFB78DF464583BBA623EBE3B0347D","D10","STER","STER_031","N","cultivatedCrops",40.470905,-103.011680,"WGS84",1.1,0.0,0.1,"2014-08-19","2014-09-02",7,"BET.STER_031.2014.07","STER_031.N.20140902",14,"ok","disturbed","high","Y","NEON.DOC.014050","XXW8BqPXtz8Ncjf8bOi7gc6Hj7+NVXsl","One corner of lid pressed down to soil",0,0,0
"FD74FEF4600C46CCB8A8641F69025ABA","D10","STER","STER_031","S","cultivatedCrops",40.470545,-103.011690,"WGS84",1.1,0.0,0.1,"2014-08-19","2014-09-02",7,"BET.STER_031.2014.07","STER_031.S.20140902",14,"ok","ok","high","Y","NEON.DOC.014050","XXW8BqPXtz8Ncjf8bOi7gc6Hj7+NVXsl",,0,0,0
"E93E6230B8FA4740B47AF35CE63B39B6","D10","STER","STER_031","E","cultivatedCrops",40.470721,-103.011449,"WGS84",1.1,0.0,0.1,"2014-08-19","2014-09-02",7,"BET.STER_031.2014.07","STER_031.E.20140902",14,"ok","ok","high","Y","NEON.DOC.014050","XXW8BqPXtz8Ncjf8bOi7gc6Hj7+NVXsl",,0,0,0
"933807E083BE445CBCD268F48903FBA6","D10","STER","STER_031","W","cultivatedCrops",40.470729,-103.011921,"WGS84",1.1,0.0,0.1,"2014-08-19","2014-09-02",7,"BET.STER_031.2014.07","STER_031.W.20140902",14,"ok","ok","high","Y","NEON.DOC.014050","XXW8BqPXtz8Ncjf8bOi7gc6Hj7+NVXsl",,0,0,0
"0278C1FC24FB4820B0B0FD53D24026B4","D10","STER","STER_032","E","cultivatedCrops",40.472025,-103.024866,"WGS84",1.1,0.0,0.1,"2014-08-19","2014-09-02",7,"BET.STER_032.2014.07","STER_032.E.20140902",14,"ok","ok","high","Y","NEON.DOC.014050","XXW8BqPXtz8Ncjf8bOi7gc6Hj7+NVXsl",,0,0,0
"7EE66ED68EBF4723857470350E61540E","D10","STER","STER_032","W","cultivatedCrops",40.472033,-103.025338,"WGS84",1.1,0.0,0.1,"2014-08-19","2014-09-02",7,"BET.STER_032.2014.07","STER_032.W.20140902",14,"ok","ok","high","Y","NEON.DOC.014050","XXW8BqPXtz8Ncjf8bOi7gc6Hj7+NVXsl",,0,0,0
"C9CD75B804E24EADB238A5754E087C26","D10","STER","STER_032","S","cultivatedCrops",40.471849,-103.025107,"WGS84",1.1,0.0,0.1,"2014-08-19","2014-09-02",7,"BET.STER_032.2014.07","STER_032.S.20140902",14,"ok","ok","high","Y","NEON.DOC.014050","XXW8BqPXtz8Ncjf8bOi7gc6Hj7+NVXsl",,0,0,0
"B9C3BECD3B824C29925DB9C96DC8DB53","D10","STER","STER_032","N","cultivatedCrops",40.472209,-103.025097,"WGS84",1.1,0.0,0.1,"2014-08-19","2014-09-02",7,"BET.STER_032.2014.07","STER_032.N.20140902",14,"ok","ok","high","Y","NEON.DOC.014050","XXW8BqPXtz8Ncjf8bOi7gc6Hj7+NVXsl",,0,0,0
"E1A5245C35564901A9D526115C7106DA","D10","STER","STER_029","W","cultivatedCrops",40.468566,-103.011985,"WGS84",1.1,0.0,0.3,"2014-08-19","2014-09-02",7,"BET.STER_029.2014.07","STER_029.W.20140902",14,"ok","ok","high","Y","NEON.DOC.014050","XXW8BqPXtz8Ncjf8bOi7gc6Hj7+NVXsl",,0,0,0
"191DA0ABDE5E4C30B70AC87F84BBB94B","D10","STER","STER_029","N","cultivatedCrops",40.468742,-103.011744,"WGS84",1.1,0.0,0.3,"2014-08-19","2014-09-02",7,"BET.STER_029.2014.07","STER_029.N.20140902",14,"ok","ok","ok","Y","NEON.DOC.014050","XXW8BqPXtz8Ncjf8bOi7gc6Hj7+NVXsl",,0,0,0
"0A13E3F9DDFA422F9DC3E222DCC5C8C8","D10","STER","STER_029","S","cultivatedCrops",40.468381,-103.011754,"WGS84",1.1,0.0,0.3,"2014-08-19","2014-09-02",7,"BET.STER_029.2014.07","STER_029.S.20140902",14,"ok","ok","high","Y","NEON.DOC.014050","XXW8BqPXtz8Ncjf8bOi7gc6Hj7+NVXsl",,0,0,0
"13187F29D7B746F98D975BC5B83A9A0B","D10","STER","STER_029","E","cultivatedCrops",40.468557,-103.011513,"WGS84",1.1,0.0,0.3,"2014-08-19","2014-09-02",7,"BET.STER_029.2014.07","STER_029.E.20140902",14,"ok","ok","ok","Y","NEON.DOC.014050","XXW8BqPXtz8Ncjf8bOi7gc6Hj7+NVXsl",,0,0,0
"4F058EA1BBF6497980F2139CF0015922","D10","STER","STER_028","W","cultivatedCrops",40.473277,-103.018568,"WGS84",1.2,0.0,0.3,"2014-08-19","2014-09-02",7,"BET.STER_028.2014.07","STER_028.W.20140902",14,"ok","ok","high","Y","NEON.DOC.014050","XXW8BqPXtz8Ncjf8bOi7gc6Hj7+NVXsl","Soil erosion around trap left rim of cup exposed above surface level",0,0,0
"68CD3CEB200848558FDFAAC23EE65ABD","D10","STER","STER_028","N","cultivatedCrops",40.473453,-103.018327,"WGS84",1.2,0.0,0.3,"2014-08-19","2014-09-02",7,"BET.STER_028.2014.07","STER_028.N.20140902",14,"ok","ok","high","Y","NEON.DOC.014050","XXW8BqPXtz8Ncjf8bOi7gc6Hj7+NVXsl","Soil erosion around trap left rim of cup exposed above surface level",0,0,0
"B4572DF93C2740359FCA65CBC7FBFCA1","D10","STER","STER_028","S","cultivatedCrops",40.473093,-103.018338,"WGS84",1.2,0.0,0.3,"2014-08-19","2014-09-02",7,"BET.STER_028.2014.07","STER_028.S.20140902",14,"ok","ok","ok","Y","NEON.DOC.014050","XXW8BqPXtz8Ncjf8bOi7gc6Hj7+NVXsl","Soil erosion around trap left rim of cup exposed above surface level",0,0,0
"CB9A3028B1674428911737BD6FDA3BEC","D10","STER","STER_028","E","cultivatedCrops",40.473269,-103.018097,"WGS84",1.2,0.0,0.3,"2014-08-19","2014-09-02",7,"BET.STER_028.2014.07","STER_028.E.20140902",14,"ok","ok","ok","Y","NEON.DOC.014050","XXW8BqPXtz8Ncjf8bOi7gc6Hj7+NVXsl",,0,0,0
"CA904E74F1C4472586BB91BFA94CF1F2","D10","STER","STER_027","S","cultivatedCrops",40.480647,-103.018826,"WGS84",1.1,0.0,0.3,"2014-08-19","2014-09-02",7,"BET.STER_027.2014.07","STER_027.S.20140902",14,"ok","ok","high","Y","NEON.DOC.014050","XXW8BqPXtz8Ncjf8bOi7gc6Hj7+NVXsl",,0,0,0
"32C60D6766FC4340AB886B3ED862D966","D10","STER","STER_027","W","cultivatedCrops",40.480831,-103.019056,"WGS84",1.1,0.0,0.3,"2014-08-19","2014-09-02",7,"BET.STER_027.2014.07","STER_027.W.20140902",14,"ok","ok","high","Y","NEON.DOC.014050","XXW8BqPXtz8Ncjf8bOi7gc6Hj7+NVXsl",,0,0,0
"AAB8DE593C48451FBEDDEC5E3C5E831F","D10","STER","STER_027","N","cultivatedCrops",40.481007,-103.018815,"WGS84",1.1,0.0,0.3,"2014-08-19","2014-09-02",7,"BET.STER_027.2014.07","STER_027.N.20140902",14,"ok","ok","low","Y","NEON.DOC.014050","XXW8BqPXtz8Ncjf8bOi7gc6Hj7+NVXsl",,0,0,0
"C6AEB10F363C42FB9B1518419DA7DF6D","D10","STER","STER_027","E","cultivatedCrops",40.480823,-103.018585,"WGS84",1.1,0.0,0.3,"2014-08-19","2014-09-02",7,"BET.STER_027.2014.07","STER_027.E.20140902",14,"ok","ok","high","Y","NEON.DOC.014050","XXW8BqPXtz8Ncjf8bOi7gc6Hj7+NVXsl",,0,0,0
"030C405D4D2F4BCDA02B59DAF7D6FCA2","D10","STER","STER_026","N","cultivatedCrops",40.474893,-103.024295,"WGS84",1.2,0.0,0.3,"2014-08-19","2014-09-02",7,"BET.STER_026.2014.07","STER_026.N.20140902",14,"ok","ok","high","Y","NEON.DOC.014050","XXW8BqPXtz8Ncjf8bOi7gc6Hj7+NVXsl",,0,0,0
"CBC3BC9A40F24DABBB9D67DA5E102EE4","D10","STER","STER_026","E","cultivatedCrops",40.474709,-103.024064,"WGS84",1.2,0.0,0.3,"2014-08-19","2014-09-02",7,"BET.STER_026.2014.07","STER_026.E.20140902",14,"ok","ok","high","Y","NEON.DOC.014050","XXW8BqPXtz8Ncjf8bOi7gc6Hj7+NVXsl",,0,0,0
"04FA07FBBD2B4E059BDE87F8BFA96A99","D10","STER","STER_026","S","cultivatedCrops",40.474533,-103.024305,"WGS84",1.2,0.0,0.3,"2014-08-19","2014-09-02",7,"BET.STER_026.2014.07","STER_026.S.20140902",14,"ok","ok","ok","Y","NEON.DOC.014050","XXW8BqPXtz8Ncjf8bOi7gc6Hj7+NVXsl",,0,0,0
"12AB614D59A345A288E7F2743353AA1E","D10","STER","STER_026","W","cultivatedCrops",40.474717,-103.024536,"WGS84",1.2,0.0,0.3,"2014-08-19","2014-09-02",7,"BET.STER_026.2014.07","STER_026.W.20140902",14,"ok","ok","ok","Y","NEON.DOC.014050","XXW8BqPXtz8Ncjf8bOi7gc6Hj7+NVXsl",,0,0,0
"F6013709533040BFA2BA94BA5D656F18","D10","STER","STER_006","N","cultivatedCrops",40.464115,-103.035327,"WGS84",1.1,0.0,0.1,"2014-08-19","2014-09-02",7,"BET.STER_006.2014.07","STER_006.N.20140902",14,"ok","ok","high","Y","NEON.DOC.014050","XXW8BqPXtz8Ncjf8bOi7gc6Hj7+NVXsl",,0,0,0
"CB2F9BC2690D48858051B286AF06CE51","D10","STER","STER_006","W","cultivatedCrops",40.463939,-103.035568,"WGS84",1.1,0.0,0.1,"2014-08-19","2014-09-02",7,"BET.STER_006.2014.07","STER_006.W.20140902",14,"ok","ok","high","Y","NEON.DOC.014050","XXW8BqPXtz8Ncjf8bOi7gc6Hj7+NVXsl",,0,0,0
"5548EC15559E4F6D9D31289CA6B63405","D10","STER","STER_006","S","cultivatedCrops",40.463755,-103.035337,"WGS84",1.1,0.0,0.1,"2014-08-19","2014-09-02",7,"BET.STER_006.2014.07","STER_006.S.20140902",14,"ok","ok","ok","Y","NEON.DOC.014050","XXW8BqPXtz8Ncjf8bOi7gc6Hj7+NVXsl",,0,0,0
"B58979E937D648EB974C8E53C4D45576","D10","STER","STER_006","N","cultivatedCrops",40.464115,-103.035327,"WGS84",1.1,0.0,0.1,"2014-09-02","2014-09-16",8,"BET.STER_006.2014.08","STER_006.N.20140916",14,"ok","ok","ok","N","NEON.DOC.014050","XXW8BqPXtz8Ncjf8bOi7gc6Hj7+NVXsl",,0,0,0
"4A20E1A126D94571915FFD353E13C3EF","D10","STER","STER_006","E","cultivatedCrops",40.463931,-103.035096,"WGS84",1.1,0.0,0.1,"2014-09-02","2014-09-16",8,"BET.STER_006.2014.08","STER_006.E.20140916",14,"ok","ok","ok","N","NEON.DOC.014050","XXW8BqPXtz8Ncjf8bOi7gc6Hj7+NVXsl",,0,0,0
"6C6CE7139754488E8FE716A0096756AD","D10","STER","STER_006","S","cultivatedCrops",40.463755,-103.035337,"WGS84",1.1,0.0,0.1,"2014-09-02","2014-09-16",8,"BET.STER_006.2014.08","STER_006.S.20140916",14,"ok","ok","ok","N","NEON.DOC.014050","XXW8BqPXtz8Ncjf8bOi7gc6Hj7+NVXsl",,0,0,0
"AE85FF7102A34B43AB431574A2EA517B","D10","STER","STER_006","W","cultivatedCrops",40.463939,-103.035568,"WGS84",1.1,0.0,0.1,"2014-09-02","2014-09-16",8,"BET.STER_006.2014.08","STER_006.W.20140916",14,"ok","disturbed","ok","N","NEON.DOC.014050","XXW8BqPXtz8Ncjf8bOi7gc6Hj7+NVXsl","Lid pushed flush with soil surface",0,0,0
"F19C10CC97CB4AFD831A465981A05694","D10","STER","STER_026","W","cultivatedCrops",40.474717,-103.024536,"WGS84",1.2,0.0,0.3,"2014-09-02","2014-09-16",8,"BET.STER_026.2014.08","STER_026.W.20140916",14,"ok","ok","ok","N","NEON.DOC.014050","XXW8BqPXtz8Ncjf8bOi7gc6Hj7+NVXsl",,0,0,0
"EF64479069D94B49A46CB2FEE3096A4E","D10","STER","STER_026","S","cultivatedCrops",40.474533,-103.024305,"WGS84",1.2,0.0,0.3,"2014-09-02","2014-09-16",8,"BET.STER_026.2014.08","STER_026.S.20140916",14,"ok","ok","ok","N","NEON.DOC.014050","XXW8BqPXtz8Ncjf8bOi7gc6Hj7+NVXsl",,0,0,0
"F01BE86668F14079A40D40429BEEFD22","D10","STER","STER_026","N","cultivatedCrops",40.474893,-103.024295,"WGS84",1.2,0.0,0.3,"2014-09-02","2014-09-16",8,"BET.STER_026.2014.08","STER_026.N.20140916",14,"ok","ok","ok","N","NEON.DOC.014050","XXW8BqPXtz8Ncjf8bOi7gc6Hj7+NVXsl",,0,0,0
"870C5CE6E30C42E9B554CD04331BE740","D10","STER","STER_026","E","cultivatedCrops",40.474709,-103.024064,"WGS84",1.2,0.0,0.3,"2014-09-02","2014-09-16",8,"BET.STER_026.2014.08","STER_026.E.20140916",14,"ok","ok","ok","N","NEON.DOC.014050","XXW8BqPXtz8Ncjf8bOi7gc6Hj7+NVXsl",,0,0,0
"5D28E640293D4C3CB654BFB4F325A86F","D10","STER","STER_027","W","cultivatedCrops",40.480831,-103.019056,"WGS84",1.1,0.0,0.3,"2014-09-02","2014-09-16",8,"BET.STER_027.2014.08","STER_027.W.20140916",14,"ok","ok","ok","N","NEON.DOC.014050","XXW8BqPXtz8Ncjf8bOi7gc6Hj7+NVXsl",,0,0,0
"B2D8C36BF71E41FABEF40158E86E65F2","D10","STER","STER_027","N","cultivatedCrops",40.481007,-103.018815,"WGS84",1.1,0.0,0.3,"2014-09-02","2014-09-16",8,"BET.STER_027.2014.08","STER_027.N.20140916",14,"ok","ok","ok","N","NEON.DOC.014050","XXW8BqPXtz8Ncjf8bOi7gc6Hj7+NVXsl",,0,0,0
"4148AD8D230046288A72FE88C140F385","D10","STER","STER_027","E","cultivatedCrops",40.480823,-103.018585,"WGS84",1.1,0.0,0.3,"2014-09-02","2014-09-16",8,"BET.STER_027.2014.08","STER_027.E.20140916",14,"ok","disturbed","ok","N","NEON.DOC.014050","XXW8BqPXtz8Ncjf8bOi7gc6Hj7+NVXsl","One side of lid pressed down",0,0,0
"8D24EAE3AF5A48A28BA0E9D3CD0B46FA","D10","STER","STER_027","S","cultivatedCrops",40.480647,-103.018826,"WGS84",1.1,0.0,0.3,"2014-09-02","2014-09-16",8,"BET.STER_027.2014.08","STER_027.S.20140916",14,"ok","ok","ok","N","NEON.DOC.014050","XXW8BqPXtz8Ncjf8bOi7gc6Hj7+NVXsl",,0,0,0
"C85A7767132A4430941CAD875AFE4A9D","D10","STER","STER_028","S","cultivatedCrops",40.473093,-103.018338,"WGS84",1.2,0.0,0.3,"2014-09-02","2014-09-16",8,"BET.STER_028.2014.08","STER_028.S.20140916",14,"ok","ok","ok","N","NEON.DOC.014050","XXW8BqPXtz8Ncjf8bOi7gc6Hj7+NVXsl",,0,0,0
"0DE525C5399840BCA23AC5BBFD4B9E66","D10","STER","STER_028","W","cultivatedCrops",40.473277,-103.018568,"WGS84",1.2,0.0,0.3,"2014-09-02","2014-09-16",8,"BET.STER_028.2014.08","STER_028.W.20140916",14,"ok","ok","ok","N","NEON.DOC.014050","XXW8BqPXtz8Ncjf8bOi7gc6Hj7+NVXsl",,0,0,0
"CB7D79C10C7F4CBBABDD38EF70B8E98B","D10","STER","STER_028","E","cultivatedCrops",40.473269,-103.018097,"WGS84",1.2,0.0,0.3,"2014-09-02","2014-09-16",8,"BET.STER_028.2014.08","STER_028.E.20140916",14,"ok","ok","ok","N","NEON.DOC.014050","XXW8BqPXtz8Ncjf8bOi7gc6Hj7+NVXsl",,0,0,0
"2727B35828CB4EA7AB996CEB49DD7CC7","D10","STER","STER_028","N","cultivatedCrops",40.473453,-103.018327,"WGS84",1.2,0.0,0.3,"2014-09-02","2014-09-16",8,"BET.STER_028.2014.08","STER_028.N.20140916",14,"ok","ok","ok","N","NEON.DOC.014050","XXW8BqPXtz8Ncjf8bOi7gc6Hj7+NVXsl",,0,0,0
"7E36D43091B143C9834087DEFD8ACEAC","D10","STER","STER_029","N","cultivatedCrops",40.468742,-103.011744,"WGS84",1.1,0.0,0.3,"2014-09-02","2014-09-16",8,"BET.STER_029.2014.08","STER_029.N.20140916",14,"ok","ok","ok","N","NEON.DOC.014050","XXW8BqPXtz8Ncjf8bOi7gc6Hj7+NVXsl",,0,0,0
"E53C30C3F75F4E1ABC79D095C929EE21","D10","STER","STER_029","W","cultivatedCrops",40.468566,-103.011985,"WGS84",1.1,0.0,0.3,"2014-09-02","2014-09-16",8,"BET.STER_029.2014.08","STER_029.W.20140916",14,"ok","ok","ok","N","NEON.DOC.014050","XXW8BqPXtz8Ncjf8bOi7gc6Hj7+NVXsl",,0,0,0
"0A9D231717C443E1833CB8E9C2A0F7D1","D10","STER","STER_029","S","cultivatedCrops",40.468381,-103.011754,"WGS84",1.1,0.0,0.3,"2014-09-02","2014-09-16",8,"BET.STER_029.2014.08","STER_029.S.20140916",14,"ok","ok","ok","N","NEON.DOC.014050","XXW8BqPXtz8Ncjf8bOi7gc6Hj7+NVXsl",,0,0,0
"FB2E378733524FFD81F0E070F49C927A","D10","STER","STER_029","E","cultivatedCrops",40.468557,-103.011513,"WGS84",1.1,0.0,0.3,"2014-09-02","2014-09-16",8,"BET.STER_029.2014.08","STER_029.E.20140916",14,"ok","ok","ok","N","NEON.DOC.014050","XXW8BqPXtz8Ncjf8bOi7gc6Hj7+NVXsl",,0,0,0
"AA0702BC44FE4FBB92FB210D3304BFC7","D10","STER","STER_032","S","cultivatedCrops",40.471849,-103.025107,"WGS84",1.1,0.0,0.1,"2014-09-02","2014-09-16",8,"BET.STER_032.2014.08","STER_032.S.20140916",14,"ok","disturbed","ok","N","NEON.DOC.014050","XXW8BqPXtz8Ncjf8bOi7gc6Hj7+NVXsl","Lid pressed completely flush with soil surface",0,0,0
"B7082A117D68494DB2A4C5966F0429F5","D10","STER","STER_032","W","cultivatedCrops",40.472033,-103.025338,"WGS84",1.1,0.0,0.1,"2014-09-02","2014-09-16",8,"BET.STER_032.2014.08","STER_032.W.20140916",14,"ok","ok","ok","N","NEON.DOC.014050","XXW8BqPXtz8Ncjf8bOi7gc6Hj7+NVXsl",,0,0,0
"F7FD6A738338485E899D9929B74CE20A","D10","STER","STER_032","E","cultivatedCrops",40.472025,-103.024866,"WGS84",1.1,0.0,0.1,"2014-09-02","2014-09-16",8,"BET.STER_032.2014.08","STER_032.E.20140916",14,"ok","ok","ok","N","NEON.DOC.014050","XXW8BqPXtz8Ncjf8bOi7gc6Hj7+NVXsl",,0,0,0
"BE58FF46C977438396BDECF892B3D240","D10","STER","STER_032","N","cultivatedCrops",40.472209,-103.025097,"WGS84",1.1,0.0,0.1,"2014-09-02","2014-09-16",8,"BET.STER_032.2014.08","STER_032.N.20140916",14,"ok","ok","ok","N","NEON.DOC.014050","XXW8BqPXtz8Ncjf8bOi7gc6Hj7+NVXsl",,0,0,0
"A3D0978B03E54FA98E211F088EA18937","D10","STER","STER_031","N","cultivatedCrops",40.470905,-103.011680,"WGS84",1.1,0.0,0.1,"2014-09-02","2014-09-16",8,"BET.STER_031.2014.08","STER_031.N.20140916",14,"ok","ok","ok","N","NEON.DOC.014050","XXW8BqPXtz8Ncjf8bOi7gc6Hj7+NVXsl",,0,0,0
"243FC042BC9143199613E3D561D4AD32","D10","STER","STER_031","S","cultivatedCrops",40.470545,-103.011690,"WGS84",1.1,0.0,0.1,"2014-09-02","2014-09-16",8,"BET.STER_031.2014.08","STER_031.S.20140916",14,"ok","ok","ok","N","NEON.DOC.014050","XXW8BqPXtz8Ncjf8bOi7gc6Hj7+NVXsl",,0,0,0
"043307E59C89400EBB08695CAEC60FC3","D10","STER","STER_031","E","cultivatedCrops",40.470721,-103.011449,"WGS84",1.1,0.0,0.1,"2014-09-02","2014-09-16",8,"BET.STER_031.2014.08","STER_031.E.20140916",14,"ok","ok","ok","N","NEON.DOC.014050","XXW8BqPXtz8Ncjf8bOi7gc6Hj7+NVXsl","Soil erosion around trap left rim of cup ~1cm exposed above surface level",0,0,0
"37E7CA19B8374C4C9C39433E59B36A0A","D10","STER","STER_031","W","cultivatedCrops",40.470729,-103.011921,"WGS84",1.1,0.0,0.1,"2014-09-02","2014-09-16",8,"BET.STER_031.2014.08","STER_031.W.20140916",14,"ok","ok","ok","N","NEON.DOC.014050","XXW8BqPXtz8Ncjf8bOi7gc6Hj7+NVXsl",,0,0,0
"E12FAA669CB7451D9E7DD1B35773FC74","D10","STER","STER_033","N","cultivatedCrops",40.476570,-103.011861,"WGS84",1.1,0.0,0.2,"2014-09-02","2014-09-16",8,"BET.STER_033.2014.08","STER_033.N.20140916",14,"ok","ok","ok","N","NEON.DOC.014050","XXW8BqPXtz8Ncjf8bOi7gc6Hj7+NVXsl",,0,0,0
"CB0819A545F249239A3E4318314B5E1E","D10","STER","STER_033","E","cultivatedCrops",40.476386,-103.011631,"WGS84",1.1,0.0,0.2,"2014-09-02","2014-09-16",8,"BET.STER_033.2014.08","STER_033.E.20140916",14,"ok","ok","ok","N","NEON.DOC.014050","XXW8BqPXtz8Ncjf8bOi7gc6Hj7+NVXsl",,0,0,0
"329E151598C94CAB9A4BA1082F66C918","D10","STER","STER_033","W","cultivatedCrops",40.476394,-103.012102,"WGS84",1.1,0.0,0.2,"2014-09-02","2014-09-16",8,"BET.STER_033.2014.08","STER_033.W.20140916",14,"ok","ok","ok","N","NEON.DOC.014050","XXW8BqPXtz8Ncjf8bOi7gc6Hj7+NVXsl",,0,0,0
"FC3DF960946A4B1DB05450993F1F98F0","D10","STER","STER_033","S","cultivatedCrops",40.476210,-103.011872,"WGS84",1.1,0.0,0.2,"2014-09-02","2014-09-16",8,"BET.STER_033.2014.08","STER_033.S.20140916",14,"ok","ok","ok","N","NEON.DOC.014050","XXW8BqPXtz8Ncjf8bOi7gc6Hj7+NVXsl",,0,0,0
"D081DF796CC1470487AE5CABFBC67AB4","D10","STER","STER_034","E","cultivatedCrops",40.478662,-103.019002,"WGS84",1.1,0.0,0.2,"2014-09-02","2014-09-16",8,"BET.STER_034.2014.08","STER_034.E.20140916",14,"ok","disturbed","ok","N","NEON.DOC.014050","XXW8BqPXtz8Ncjf8bOi7gc6Hj7+NVXsl","One side of lid pressed down",0,0,0
"D2B1874DCE7A4A6BA318325C9A9D1341","D10","STER","STER_034","S","cultivatedCrops",40.478486,-103.019243,"WGS84",1.1,0.0,0.2,"2014-09-02","2014-09-16",8,"BET.STER_034.2014.08","STER_034.S.20140916",14,"ok","ok","ok","N","NEON.DOC.014050","XXW8BqPXtz8Ncjf8bOi7gc6Hj7+NVXsl",,0,0,0
"A3461F260F904B8AB78D236F5CA42ED9","D10","STER","STER_034","N","cultivatedCrops",40.478846,-103.019233,"WGS84",1.1,0.0,0.2,"2014-09-02","2014-09-16",8,"BET.STER_034.2014.08","STER_034.N.20140916",14,"ok","ok","ok","N","NEON.DOC.014050","XXW8BqPXtz8Ncjf8bOi7gc6Hj7+NVXsl",,0,0,0
"464FFB2F8EB24A1DAD3D2C76684F27C2","D10","STER","STER_034","W","cultivatedCrops",40.478670,-103.019474,"WGS84",1.1,0.0,0.2,"2014-09-02","2014-09-16",8,"BET.STER_034.2014.08","STER_034.W.20140916",14,"ok","disturbed","ok","N","NEON.DOC.014050","XXW8BqPXtz8Ncjf8bOi7gc6Hj7+NVXsl","Lid pressed completely flush with soil surface",0,0,0
"B32127C936C446B7B6CC6F6DC82F30A1","D10","STER","STER_035","W","cultivatedCrops",40.469723,-103.016898,"WGS84",1.1,0.0,0.1,"2014-09-02","2014-09-16",8,"BET.STER_035.2014.08","STER_035.W.20140916",14,"ok","ok","ok","N","NEON.DOC.014050","XXW8BqPXtz8Ncjf8bOi7gc6Hj7+NVXsl",,0,0,0
"97981C6CECE94272B6AE15E4D183023B","D10","STER","STER_035","E","cultivatedCrops",40.469715,-103.016427,"WGS84",1.1,0.0,0.1,"2014-09-02","2014-09-16",8,"BET.STER_035.2014.08","STER_035.E.20140916",14,"ok","ok","ok","N","NEON.DOC.014050","XXW8BqPXtz8Ncjf8bOi7gc6Hj7+NVXsl",,0,0,0
"37FC6AC266214FCF9D0A546E1D1C13FE","D10","STER","STER_035","N","cultivatedCrops",40.469899,-103.016657,"WGS84",1.1,0.0,0.1,"2014-09-02","2014-09-16",8,"BET.STER_035.2014.08","STER_035.N.20140916",14,"ok","ok","ok","N","NEON.DOC.014050","XXW8BqPXtz8Ncjf8bOi7gc6Hj7+NVXsl",,0,0,0
"D8ED21B04E6747BAB4DBA8CEE915B822","D10","STER","STER_035","S","cultivatedCrops",40.469539,-103.016668,"WGS84",1.1,0.0,0.1,"2014-09-02","2014-09-16",8,"BET.STER_035.2014.08","STER_035.S.20140916",14,"ok","ok","ok","N","NEON.DOC.014050","XXW8BqPXtz8Ncjf8bOi7gc6Hj7+NVXsl",,0,0,0
