"uid","domainID","siteID","plotID","trapID","collectDate","processingDate","identifiedDate","sampleID","individualID","specimenSource","taxonID","scientificName","taxonRank","identificationQualifier","scientificNameAuthorship","morphospeciesID","identificationReferences","identifiedBy","recordedBy","remarks","duplicateIndividualIDQF"
"CB3E972A87CD4C3A84FFE7016C518640","D03","OSBS","OSBS_003","N","2014-04-14","2014-06-24","2014-06-24","OSBS_003.N.20140414.oc.1","NEON.BET.D03.000413","vial of pooled individuals","DICELO","Dicaelus elongatus","species",,"Bonelli",,"Bonelli 1813","iiDgbhaUgfPlmO3sDuElTmkNgYTXyxbk","w9gx7zrN+zBUJ2iV6az0FngRBSIRDJ4m",,0
"870D398E8BC0498E98A6168BECD4D692","D03","OSBS","OSBS_022","N","2014-04-14","2014-06-29","2014-09-29","OSBS_022.N.20140414.oc.1","NEON.BET.D03.000310","vial of pooled individuals","PASMAR","Pasimachus marginatus","species",,"Fabricius",,,"w/KL6MXJXvQ9p4XzhV28GG2D83wW5unkeKKvBIBIGMI=","w/KL6MXJXvQ9p4XzhV28GG2D83wW5unkeKKvBIBIGMI=",,0
"B465E14A42C5436F9FEBF620BF83C8A7","D03","OSBS","OSBS_022","N","2014-04-14","2014-06-29","2014-09-29","OSBS_022.N.20140414.oc.1","NEON.BET.D03.000311","vial of pooled individuals","PASMAR","Pasimachus marginatus","species",,"Fabricius",,,"w/KL6MXJXvQ9p4XzhV28GG2D83wW5unkeKKvBIBIGMI=","w/KL6MXJXvQ9p4XzhV28GG2D83wW5unkeKKvBIBIGMI=",,0
"B96CD4981A2648BBB87E34F09991A6F5","D03","OSBS","OSBS_022","S","2014-04-14","2014-06-24","2014-09-26","OSBS_022.S.20140414.oc.1","NEON.BET.D03.000263","vial of pooled individuals","PASMAR","Pasimachus marginatus","species",,"Fabricius",,"Fabricius 1787","w/KL6MXJXvT5mBbNarUz4BxK3oq5m54maJp47ELp6v0=","w9gx7zrN+zBUJ2iV6az0FngRBSIRDJ4m",,0
"EAEDC0975F1644EBB49E8AAF4CE25CB8","D03","OSBS","OSBS_022","S","2014-04-14","2014-06-24","2014-09-26","OSBS_022.S.20140414.oc.1","NEON.BET.D03.000265","vial of pooled individuals","PASMAR","Pasimachus marginatus","species",,"Fabricius",,,"w/KL6MXJXvQ9p4XzhV28GG2D83wW5unkeKKvBIBIGMI=","w/KL6MXJXvQ9p4XzhV28GG2D83wW5unkeKKvBIBIGMI=",,0
"57CD02F365ED495B8C9C54AE76C21CBE","D03","OSBS","OSBS_022","S","2014-04-14","2014-06-24","2014-09-26","OSBS_022.S.20140414.oc.1","NEON.BET.D03.000264","vial of pooled individuals","PASMAR","Pasimachus marginatus","species",,"Fabricius",,"Fabricius 1787","w/KL6MXJXvQ9p4XzhV28GG2D83wW5unkeKKvBIBIGMI=","w/KL6MXJXvQ9p4XzhV28GG2D83wW5unkeKKvBIBIGMI=",,0
"223192BC2A234B35B2E2D02C0BD8198F","D03","OSBS","OSBS_005","E","2014-04-14","2014-06-25","2014-06-25","OSBS_005.E.20140414.APESP.01","NEON.BET.D03.000479","vial of pooled individuals","APESP","Apenes sp.","genus",,"LeConte",,"LeConte 1851","7ZsG8s1cQijU1p7CX6b9FNrZuRO+/rX6","7ZsG8s1cQijU1p7CX6b9FNrZuRO+/rX6",,0
"6029EDA842C94F3788A8778603D5C23A","D03","OSBS","OSBS_004","N","2014-04-14","2014-09-29","2014-09-29","OSBS_004.N.20140414.PASSUB2.01","NEON.BET.D03.000305","vial of pooled individuals","PASSUB2","Pasimachus subsulcatus","species",,"Say",,"Say 1823","PbNu4t/t/O1BAZriMiaA3VbsZD9KatgX","PbNu4t/t/O1BAZriMiaA3VbsZD9KatgX","trap unknown",0
"39B0DEDDD84E48DAB638299CC528505D","D03","OSBS","OSBS_004","N","2014-04-14","2014-09-29","2014-09-29","OSBS_004.N.20140414.PASSUB2.01","NEON.BET.D03.000304","vial of pooled individuals","PASSUB2","Pasimachus subsulcatus","species",,"Say",,"Say 1823","PbNu4t/t/O1BAZriMiaA3VbsZD9KatgX","PbNu4t/t/O1BAZriMiaA3VbsZD9KatgX","trap unknown",0
"DA821D1803E34AD29ECC3C2B0746528F","D03","OSBS","OSBS_001","E","2014-04-14","2014-06-25","2014-06-25","OSBS_001.E.20140414.CHLTRI.01","NEON.BET.D03.000423","vial of pooled individuals","CHLTRI","Chlaenius tricolor","species",,"Dejean",,"Dejean 1826","7ZsG8s1cQijU1p7CX6b9FNrZuRO+/rX6","7ZsG8s1cQijU1p7CX6b9FNrZuRO+/rX6",,0
"5C72C0B30AD046998E68570FE9DDA15B","D03","OSBS","OSBS_002","S","2014-04-14","2014-06-25","2014-06-25","OSBS_002.S.20140414.HELCLA.1","NEON.BET.D03.000439","vial of pooled individuals","HELCLA","Helluomorphoides clairvillei","species",,"Dejean",,"Dejean 1831","bPko/k8RNU/icSbrBCzMLbJxWeUwZufu","gXbKJU6r+idz/WpgwqxUOi3U2+YI3Hz/",,0
"289AF1FF03604167939AF306167FD8D3","D03","OSBS","OSBS_003","N","2014-04-14","2014-09-29","2014-09-29","OSBS_003.N.20140414.oc.1","NEON.BET.D03.000369","vial of pooled individuals","CYCFAB","Cyclotrachelus faber","species",,"Germar",,,"iiDgbhaUgfPlmO3sDuElTmkNgYTXyxbk","w9gx7zrN+zBUJ2iV6az0FngRBSIRDJ4m",,0
"8A03E3E060374F4A84A96B6AE214CD90","D03","OSBS","OSBS_003","N","2014-04-14","2014-09-29","2014-09-29","OSBS_003.N.20140414.oc.1","NEON.BET.D03.000367","vial of pooled individuals","CYCFAB","Cyclotrachelus faber","species",,"Germar",,"Germar 1824","iiDgbhaUgfPlmO3sDuElTmkNgYTXyxbk","w9gx7zrN+zBUJ2iV6az0FngRBSIRDJ4m",,0
"7ECBD7D72C304A7F813B4098B0C65B08","D03","OSBS","OSBS_002","S","2014-04-28","2014-06-25","2014-06-25","OSBS_002.S.20140428.helcla.1","NEON.BET.D03.000440","vial of pooled individuals","HELCLA","Helluomorphoides clairvillei","species",,"Dejean",,"Dejean 1831","bPko/k8RNU/icSbrBCzMLbJxWeUwZufu","iiDgbhaUgfPlmO3sDuElTmkNgYTXyxbk",,0
"EB9BA74C048B4BFCA01997707BC63AE7","D03","OSBS","OSBS_008","W","2014-04-28","2014-09-19","2014-09-19","OSBS_008.W.20140428.helcla.1","NEON.BET.D03.000035","vial of pooled individuals","HELCLA","Helluomorphoides clairvillei","species",,"Dejean",,"Dejean 1831","w/KL6MXJXvQ9p4XzhV28GG2D83wW5unkeKKvBIBIGMI=","w/KL6MXJXvQ9p4XzhV28GG2D83wW5unkeKKvBIBIGMI=",,0
"041CFEF263A94EACA02C9FF1F028ECE1","D03","OSBS","OSBS_006","E","2014-04-28","2014-09-19","2014-09-19","OSBS_006.E.20140428.passub2.1","NEON.BET.D03.000041","vial of pooled individuals","PASSUB2","Pasimachus subsulcatus","species",,"Say",,"Say 1823","w/KL6MXJXvQ9p4XzhV28GG2D83wW5unkeKKvBIBIGMI=","w/KL6MXJXvQ9p4XzhV28GG2D83wW5unkeKKvBIBIGMI=",,0
"AF20E8F1FE6B4086B46FD7CC2C13290A","D03","OSBS","OSBS_001","S","2014-04-28","2014-06-25","2014-06-25","OSBS_001.S.20140428.dicelo.1","NEON.BET.D03.000412","vial of pooled individuals","DICELO","Dicaelus elongatus","species",,"Bonelli",,"Bonelli 1813","bPko/k8RNU/icSbrBCzMLbJxWeUwZufu","iiDgbhaUgfPlmO3sDuElTmkNgYTXyxbk",,0
"2DFDABA2C2644DF48E42AC33A2C654C2","D03","OSBS","OSBS_002","N","2014-04-28","2014-06-25","2014-06-25","OSBS_002.N.20140428.helcla.1","NEON.BET.D03.000438","vial of pooled individuals","HELCLA","Helluomorphoides clairvillei","species",,"Dejean",,"Dejean 1831","7ZsG8s1cQijU1p7CX6b9FNrZuRO+/rX6","iiDgbhaUgfPlmO3sDuElTmkNgYTXyxbk",,0
"4F8EE66105FB4A0D94B6E66986F019CE","D03","OSBS","OSBS_003","W","2014-05-12","2014-09-29","2014-09-29","OSBS_003.W.20140512.cycfab.1","NEON.BET.D03.000046","vial of pooled individuals","CYCFAB","Cyclotrachelus faber","species",,"Germar",,"germar 1824","w/KL6MXJXvQ9p4XzhV28GG2D83wW5unkeKKvBIBIGMI=","scdXeiOYH+xCXiXscoerBg8nVMTM/1lP",,0
"FFBCFA46785C467A8F0076AA805C7C20","D03","OSBS","OSBS_004","W","2014-05-12","2014-09-30","2014-09-30","OSBS_004.W.20140512.dicalt.1","NEON.BET.D03.000050","vial of pooled individuals","DICALT","Dicaelus alternans","species",,"Dejean",,"Dejean 1831","scdXeiOYH+xCXiXscoerBg8nVMTM/1lP","scdXeiOYH+xCXiXscoerBg8nVMTM/1lP",,0
"4D0957EFF634474FB56D25A74FD96500","D03","OSBS","OSBS_004","N","2014-05-12","2014-09-19","2014-09-19","OSBS_004.N.20140512.passub2.1","NEON.BET.D03.000042","vial of pooled individuals","PASSUB2","Pasimachus subsulcatus","species",,"Say",,"say1823","w/KL6MXJXvQ9p4XzhV28GG2D83wW5unkeKKvBIBIGMI=","w/KL6MXJXvQ9p4XzhV28GG2D83wW5unkeKKvBIBIGMI=",,0
"6D2E4C8EF47A497CAE19A777BAFEFD8A","D03","OSBS","OSBS_004","W","2014-05-12","2014-09-19","2014-09-19","OSBS_004.W.20140512.passub2.1","NEON.BET.D03.000051","vial of pooled individuals","PASSUB2","Pasimachus subsulcatus","species",,"Say",,"Say 1823","YK5ulgcjQA5M6hxjAkVbmv4a8AjznrKv","YK5ulgcjQA5M6hxjAkVbmv4a8AjznrKv",,0
"8AE1B3DFD82146FEB840F12A307FA574","D03","OSBS","OSBS_001","W","2014-05-12","2014-09-29","2014-09-29","OSBS_001.W.20140512.dicelo.1","NEON.BET.D03.000038","vial of pooled individuals","DICELO","Dicaelus elongatus","species",,"Bonelli",,"Bonelli 1813","w/KL6MXJXvQ9p4XzhV28GG2D83wW5unkeKKvBIBIGMI=","scdXeiOYH+xCXiXscoerBg8nVMTM/1lP",,0
"C6F6DB776A224B3490A7B846582903E4","D03","OSBS","OSBS_003","W","2014-05-12","2014-09-29","2014-09-29","OSBS_003.W.20140512.cycfab.1","NEON.BET.D03.000047","vial of pooled individuals","CYCFAB","Cyclotrachelus faber","species",,"Germar",,"germar 1824","scdXeiOYH+xCXiXscoerBg8nVMTM/1lP","scdXeiOYH+xCXiXscoerBg8nVMTM/1lP",,0
"D8C36AD9944E41B881E0E1C284CADAA3","D03","OSBS","OSBS_003","W","2014-05-12","2014-09-30","2014-09-30","OSBS_003.W.20140512.cyclae.1","NEON.BET.D03.000048","vial of pooled individuals","CYCLAE","Cyclotrachelus laevipennis","species",,"LeConte",,"LeConte	1874","7ZsG8s1cQijU1p7CX6b9FNrZuRO+/rX6","7ZsG8s1cQijU1p7CX6b9FNrZuRO+/rX6",,0
"84ECCC8973274D81AF0C2419D5262684","D03","OSBS","OSBS_003","W","2014-05-12","2014-09-19","2014-09-19","OSBS_003.W.20140512.passub2.1","NEON.BET.D03.000049","vial of pooled individuals","PASSUB2","Pasimachus subsulcatus","species",,"Say",,"Say 1823","w/KL6MXJXvQ9p4XzhV28GG2D83wW5unkeKKvBIBIGMI=","w/KL6MXJXvQ9p4XzhV28GG2D83wW5unkeKKvBIBIGMI=",,0
"964EFDB3AAED43259BFCF8FA7EE18990","D03","OSBS","OSBS_003","S","2014-05-12","2014-09-29","2014-09-29","OSBS_003.S.20140512.cycfab.1","NEON.BET.D03.000040","vial of pooled individuals","CYCFAB","Cyclotrachelus faber","species",,"Germar",,"germar 1824","w/KL6MXJXvQ9p4XzhV28GG2D83wW5unkeKKvBIBIGMI=","scdXeiOYH+xCXiXscoerBg8nVMTM/1lP",,0
"54462B9D1CC149ADA17EFE2B6290A684","D03","OSBS","OSBS_003","N","2014-05-27","2014-07-28","2014-07-28","OSBS_003.N.20140527.cycfab.1","NEON.BET.D03.000366","vial of pooled individuals","CYCFAB","Cyclotrachelus faber","species",,"Germar",,"germar 1824","iiDgbhaUgfPlmO3sDuElTmkNgYTXyxbk","iiDgbhaUgfPlmO3sDuElTmkNgYTXyxbk",,0
"18B72253085041E08B5B3BE20FA23FD9","D03","OSBS","OSBS_022","S","2014-05-27","2014-09-19","2014-09-19","OSBS_022.S.20140527.pasmar.01","NEON.BET.D03.000054","vial of pooled individuals","PASMAR","Pasimachus marginatus","species",,"Fabricius",,"fabricius 1787","scdXeiOYH+xCXiXscoerBg8nVMTM/1lP","scdXeiOYH+xCXiXscoerBg8nVMTM/1lP",,0
"CC3E4C95CB58484F950FFEFB7954B390","D03","OSBS","OSBS_022","S","2014-05-27","2014-09-19","2014-09-19","OSBS_022.S.20140527.pasmar.01","NEON.BET.D03.000057","vial of pooled individuals","PASMAR","Pasimachus marginatus","species",,"Fabricius",,"fabricius 1787","scdXeiOYH+xCXiXscoerBg8nVMTM/1lP","scdXeiOYH+xCXiXscoerBg8nVMTM/1lP",,0
"47AEB1149207484CAA339879D0D9F5DC","D03","OSBS","OSBS_022","S","2014-05-27","2014-09-19","2014-09-19","OSBS_022.S.20140527.pasmar.01","NEON.BET.D03.000058","vial of pooled individuals","PASMAR","Pasimachus marginatus","species",,"Fabricius",,"fabricius 1787","scdXeiOYH+xCXiXscoerBg8nVMTM/1lP","scdXeiOYH+xCXiXscoerBg8nVMTM/1lP",,0
"507CDE3FA21D4FDEB21E4D5725CDB79B","D03","OSBS","OSBS_008","S","2014-05-27","2014-06-24","2014-06-24","OSBS_008.S.20140527.dicalt.01","NEON.BET.D03.000320","vial of pooled individuals","DICALT","Dicaelus alternans","species",,"Dejean",,"dejean 1826","7ZsG8s1cQijU1p7CX6b9FNrZuRO+/rX6","7ZsG8s1cQijU1p7CX6b9FNrZuRO+/rX6",,0
"E853545EFAA74941B8470417AE676586","D03","OSBS","OSBS_005","W","2014-05-27","2014-07-28","2014-07-28","OSBS_005.W.20140527.passub1.01","NEON.BET.D03.000327","vial of pooled individuals","PASSUB1","Pasimachus sublaevis","species",,"Palisot de Beauvois",,"palisot de beauvois 1811","7ZsG8s1cQijU1p7CX6b9FNrZuRO+/rX6","7ZsG8s1cQijU1p7CX6b9FNrZuRO+/rX6",,0
"8A0E619AA7134809A9779477CB841B04","D03","OSBS","OSBS_004","E","2014-05-27","2014-07-28","2014-07-28","OSBS_004.E.20140527.passtr.1","NEON.BET.D03.000323","vial of pooled individuals","PASSTR","Pasimachus strenuus","species",,"LeConte",,"LeConte	1874","7ZsG8s1cQijU1p7CX6b9FNrZuRO+/rX6","7ZsG8s1cQijU1p7CX6b9FNrZuRO+/rX6",,0
"7D55EDBC23D84F9986A6726BD94879B2","D03","OSBS","OSBS_004","W","2014-05-27","2014-07-28","2014-07-28","OSBS_004.W.20140527.passtr.1","NEON.BET.D03.000324","vial of pooled individuals","PASSTR","Pasimachus strenuus","species",,"LeConte",,"LeConte	1874","7ZsG8s1cQijU1p7CX6b9FNrZuRO+/rX6","7ZsG8s1cQijU1p7CX6b9FNrZuRO+/rX6",,0
"E3CBAFCE080F4071B6268CA00CDEE50A","D03","OSBS","OSBS_003","N","2014-05-27","2014-07-28","2014-07-28","OSBS_003.N.20140527.passub2.1","NEON.BET.D03.000343","vial of pooled individuals","PASSUB2","Pasimachus subsulcatus","species",,"Say",,"Say 1823","7ZsG8s1cQijU1p7CX6b9FNrZuRO+/rX6","7ZsG8s1cQijU1p7CX6b9FNrZuRO+/rX6",,0
"E8EA9DEB283C4A6C97A32B2C892CA54C","D03","OSBS","OSBS_003","W","2014-05-27","2014-09-26","2014-09-26","OSBS_003.W.20140527.harery.1","NEON.BET.D03.000360","vial of pooled individuals","HARERY","Harpalus erythropus","species",,"Dejean",,"Dejean 1831","7ZsG8s1cQijU1p7CX6b9FNrZuRO+/rX6","7ZsG8s1cQijU1p7CX6b9FNrZuRO+/rX6",,0
"1E172F9A6C034675A8B4AF5B9C80DF0A","D03","OSBS","OSBS_003","W","2014-05-27","2014-07-28","2014-07-28","OSBS_003.W.20140527.passtr.1","NEON.BET.D03.000325","vial of pooled individuals","PASSTR","Pasimachus strenuus","species",,"LeConte",,"LeConte	1874","7ZsG8s1cQijU1p7CX6b9FNrZuRO+/rX6","7ZsG8s1cQijU1p7CX6b9FNrZuRO+/rX6",,0
"8F88E7901BCB40E8AA962FACE68A95C4","D03","OSBS","OSBS_022","S","2014-06-07","2014-08-11","2014-08-11","OSBS_022.S.20140607.pasmar.01","NEON.BET.D03.000095","vial of pooled individuals","PASMAR","Pasimachus marginatus","species",,"Fabricius",,"fabricius 1787","7ZsG8s1cQijU1p7CX6b9FNrZuRO+/rX6","7ZsG8s1cQijU1p7CX6b9FNrZuRO+/rX6",,0
"D32E0DC43F304A65BB2F17904B635919","D03","OSBS","OSBS_003","N","2014-06-09","2014-09-29","2014-09-29","OSBS_003.N.20140609.cycfab.01","NEON.BET.D03.000391","vial of pooled individuals","CYCFAB","Cyclotrachelus faber","species",,"Germar",,"germar 1824","iiDgbhaUgfPlmO3sDuElTmkNgYTXyxbk","iiDgbhaUgfPlmO3sDuElTmkNgYTXyxbk",,2
"E3C43C6380E443AF84CD511084D5A144","D03","OSBS","OSBS_006","W","2014-06-09","2014-09-19","2014-09-19","OSBS_006.W.20140609.hartex.01","NEON.BET.D03.000082","vial of pooled individuals","HARTEX","Harpalus texanus","species",,"Casey",,"casey 1914","7ZsG8s1cQijU1p7CX6b9FNrZuRO+/rX6","7ZsG8s1cQijU1p7CX6b9FNrZuRO+/rX6",,0
"CE2AAAB21180458AA9120FE5EE7309F6","D03","OSBS","OSBS_007","W","2014-06-09","2014-07-31","2014-07-31","OSBS_007.W.20140609.passtr.01","NEON.BET.D03.000322","vial of pooled individuals","PASSTR","Pasimachus strenuus","species",,"LeConte",,"leconte 1874","7ZsG8s1cQijU1p7CX6b9FNrZuRO+/rX6","7ZsG8s1cQijU1p7CX6b9FNrZuRO+/rX6",,0
"4D03D448E3634596863C15B9FAE433EB","D03","OSBS","OSBS_001","W","2014-06-09","2014-09-30","2014-09-30","OSBS_001.W.20140609.loxsp.01","NEON.BET.D03.000477","vial of pooled individuals","LOXSP","Loxandrus sp.","genus","cf. genus","LeConte",,"bonelli 1810","scdXeiOYH+xCXiXscoerBg8nVMTM/1lP","7ZsG8s1cQijU1p7CX6b9FNrZuRO+/rX6",,0
"CCF529804CD94F3FAB925E18C163DA5D","D03","OSBS","OSBS_003","S","2014-06-09","2014-09-29","2014-09-29","OSBS_003.S.20140609.cycfab.01","NEON.BET.D03.000368","vial of pooled individuals","CYCFAB","Cyclotrachelus faber","species",,"Germar",,"germar 1824","iiDgbhaUgfPlmO3sDuElTmkNgYTXyxbk","iiDgbhaUgfPlmO3sDuElTmkNgYTXyxbk",,0
"A9B11E293EE44E979874E5ECFD204C23","D03","OSBS","OSBS_003","E","2014-06-09","2014-06-24","2014-06-24","OSBS_003.E.20140609.passtr.01","NEON.BET.D03.000391","vial of pooled individuals","PASSTR","Pasimachus strenuus","species",,"LeConte",,"leconte 1874","7ZsG8s1cQijU1p7CX6b9FNrZuRO+/rX6","7ZsG8s1cQijU1p7CX6b9FNrZuRO+/rX6",,2
"FED7B8502CEA45EAB45C398E10C73090","D03","OSBS","OSBS_003","N","2014-06-09","2014-09-29","2014-09-29","OSBS_003.N.20140609.cycfab.01","NEON.BET.D03.000393","vial of pooled individuals","CYCFAB","Cyclotrachelus faber","species",,"Germar",,"germar 1824","iiDgbhaUgfPlmO3sDuElTmkNgYTXyxbk","iiDgbhaUgfPlmO3sDuElTmkNgYTXyxbk",,0
"332DF0FC64F4444EB897B3C13A93E99B","D03","OSBS","OSBS_003","W","2014-06-09","2014-09-29","2014-09-29","OSBS_003.W.20140609.cycfab.01","NEON.BET.D03.000365","vial of pooled individuals","CYCFAB","Cyclotrachelus faber","species",,"Germar",,"germar 1824","iiDgbhaUgfPlmO3sDuElTmkNgYTXyxbk","iiDgbhaUgfPlmO3sDuElTmkNgYTXyxbk",,0
"B070F7E48D1D4A2FBBCA3A96347E7B3E","D03","OSBS","OSBS_003","S","2014-06-09","2014-06-24","2014-06-24","OSBS_003.S.20140609.passub2.01","NEON.BET.D03.000346","vial of pooled individuals","PASSUB2","Pasimachus subsulcatus","species",,"Say",,"say 1823","iiDgbhaUgfPlmO3sDuElTmkNgYTXyxbk","iiDgbhaUgfPlmO3sDuElTmkNgYTXyxbk",,0
"C10EDE8397F54DBD99FF4DE35EA8D69D","D03","OSBS","OSBS_003","N","2014-06-27","2014-09-29","2014-09-29","OSBS_003.N.20140627.cycfab.01","NEON.BET.D03.000269","vial of pooled individuals","CYCFAB","Cyclotrachelus faber","species",,"Germar",,"germar 1824","scdXeiOYH+xCXiXscoerBg8nVMTM/1lP","scdXeiOYH+xCXiXscoerBg8nVMTM/1lP",,0
"D475BDA72EE543A0B902C2F1A51F28D2","D03","OSBS","OSBS_022","N","2014-06-27","2014-08-11","2014-08-11","OSBS_022.N.20140627.loxsp.01","NEON.BET.D03.000481","vial of pooled individuals","LOXSP","Loxandrus sp.","genus",,"LeConte",,"leconte 1874","7ZsG8s1cQijU1p7CX6b9FNrZuRO+/rX6","7ZsG8s1cQijU1p7CX6b9FNrZuRO+/rX6",,0
"6CBF2B68A9D3468295A0E31E7603EE2F","D03","OSBS","OSBS_022","S","2014-06-27","2014-08-11","2014-08-11","OSBS_022.S.20140627.pasmar.01","NEON.BET.D03.000084","vial of pooled individuals","PASMAR","Pasimachus marginatus","species",,"Fabricius",,"fabricius 1787","7ZsG8s1cQijU1p7CX6b9FNrZuRO+/rX6","7ZsG8s1cQijU1p7CX6b9FNrZuRO+/rX6",,0
"FBAFE6B3CFB44013AA58AD79A805E138","D03","OSBS","OSBS_022","S","2014-06-27","2014-08-11","2014-08-11","OSBS_022.S.20140627.helcla.01","NEON.BET.D03.000221","vial of pooled individuals","HELCLA","Helluomorphoides clairvillei","species",,"Dejean",,"dejean 1826","7ZsG8s1cQijU1p7CX6b9FNrZuRO+/rX6","7ZsG8s1cQijU1p7CX6b9FNrZuRO+/rX6",,0
"5E6A9A3F061F432EB9EB236C467AC441","D03","OSBS","OSBS_022","S","2014-06-27","2014-08-11","2014-08-11","OSBS_022.S.20140627.pasmar.01","NEON.BET.D03.000120","vial of pooled individuals","PASMAR","Pasimachus marginatus","species",,"Fabricius",,"fabricius 1787","7ZsG8s1cQijU1p7CX6b9FNrZuRO+/rX6","7ZsG8s1cQijU1p7CX6b9FNrZuRO+/rX6",,0
"20BA890CE1C44868956B60B43D25E6F6","D03","OSBS","OSBS_008","W","2014-06-27","2014-08-06","2014-08-06","OSBS_008.W.20140627.apesp.01","NEON.BET.D03.000480","vial of pooled individuals","APESP","Apenes sp.","genus",,"LeConte",,"leconte 1874","bPko/k8RNU/icSbrBCzMLbJxWeUwZufu","bPko/k8RNU/icSbrBCzMLbJxWeUwZufu",,0
"4DE6CD90144B4586BE6A8C18C09F79C3","D03","OSBS","OSBS_004","W","2014-06-27","2014-08-11","2014-08-11","OSBS_004.W.20140627.passtr.01","NEON.BET.D03.000121","vial of pooled individuals","PASSTR","Pasimachus strenuus","species",,"LeConte",,"leconte 1874","7ZsG8s1cQijU1p7CX6b9FNrZuRO+/rX6","7ZsG8s1cQijU1p7CX6b9FNrZuRO+/rX6",,0
"541E56901078476395FAD753F4FA4AE1","D03","OSBS","OSBS_004","E","2014-06-27","2014-08-11","2014-08-11","OSBS_004.E.20140627.passtr.01","NEON.BET.D03.000122","vial of pooled individuals","PASSTR","Pasimachus strenuus","species",,"LeConte",,"leconte 1874","7ZsG8s1cQijU1p7CX6b9FNrZuRO+/rX6","7ZsG8s1cQijU1p7CX6b9FNrZuRO+/rX6",,0
"6F1AEFC9903C425F99596C19A95A4DAD","D03","OSBS","OSBS_001","S","2014-06-27","2014-07-31","2014-07-31","OSBS_001.S.20140627.dicelo.01","NEON.BET.D03.000411","vial of pooled individuals","DICELO","Dicaelus elongatus","species",,"Bonelli",,"bonelli 1810","7ZsG8s1cQijU1p7CX6b9FNrZuRO+/rX6","7ZsG8s1cQijU1p7CX6b9FNrZuRO+/rX6",,0
"657D2713DE7A49BFB9DBC005E41297F7","D03","OSBS","OSBS_003","N","2014-06-27","2014-09-29","2014-09-29","OSBS_003.N.20140627.cycfab.01","NEON.BET.D03.000267","vial of pooled individuals","CYCFAB","Cyclotrachelus faber","species",,"Germar",,"germar 1824","scdXeiOYH+xCXiXscoerBg8nVMTM/1lP","scdXeiOYH+xCXiXscoerBg8nVMTM/1lP",,0
"BC506750A1FE4944BA84A5108297F047","D03","OSBS","OSBS_003","N","2014-06-27","2014-09-29","2014-09-29","OSBS_003.N.20140627.cycfab.01","NEON.BET.D03.000268","vial of pooled individuals","CYCFAB","Cyclotrachelus faber","species",,"Germar",,"germar 1824","scdXeiOYH+xCXiXscoerBg8nVMTM/1lP","scdXeiOYH+xCXiXscoerBg8nVMTM/1lP",,0
"626F0DD33F514C8DB17297F4495DCCC2","D03","OSBS","OSBS_003","E","2014-06-27","2014-09-29","2014-09-29","OSBS_003.E.20140627.passub2.01","NEON.BET.D03.000254","vial of pooled individuals","PASSUB2","Pasimachus subsulcatus","species",,"Say",,"say 1823","w/KL6MXJXvQ9p4XzhV28GG2D83wW5unkeKKvBIBIGMI=","w/KL6MXJXvQ9p4XzhV28GG2D83wW5unkeKKvBIBIGMI=",,0
"76C0D375533742C9A2509F5C4603AD67","D03","OSBS","OSBS_003","N","2014-06-27","2014-09-29","2014-09-29","OSBS_003.N.20140627.cycfab.01","NEON.BET.D03.000251","vial of pooled individuals","CYCFAB","Cyclotrachelus faber","species",,"Germar",,"germar 1824","scdXeiOYH+xCXiXscoerBg8nVMTM/1lP","scdXeiOYH+xCXiXscoerBg8nVMTM/1lP",,0
"5997CDC0D5584BD3B6C6A7C446FCAACF","D03","OSBS","OSBS_003","N","2014-06-27","2014-09-29","2014-09-29","OSBS_003.N.20140627.cycfab.01","NEON.BET.D03.000250","vial of pooled individuals","CYCFAB","Cyclotrachelus faber","species",,"Germar",,"germar 1824","scdXeiOYH+xCXiXscoerBg8nVMTM/1lP","scdXeiOYH+xCXiXscoerBg8nVMTM/1lP",,0
"49EC0F5144DB4FC18AE45506C4637FE8","D03","OSBS","OSBS_003","N","2014-06-27","2014-09-29","2014-09-29","OSBS_003.N.20140627.cycfab.01","NEON.BET.D03.000242","vial of pooled individuals","CYCFAB","Cyclotrachelus faber","species",,"Germar",,"germar 1824","scdXeiOYH+xCXiXscoerBg8nVMTM/1lP","scdXeiOYH+xCXiXscoerBg8nVMTM/1lP",,0
"86F41A82CA8F4780B13DB629E155FF63","D03","OSBS","OSBS_003","N","2014-06-27","2014-09-29","2014-09-29","OSBS_003.N.20140627.cycfab.01","NEON.BET.D03.000249","vial of pooled individuals","CYCFAB","Cyclotrachelus faber","species",,"Germar",,"germar 1824","scdXeiOYH+xCXiXscoerBg8nVMTM/1lP","scdXeiOYH+xCXiXscoerBg8nVMTM/1lP",,0
"08636EC1C44541F9ABCC6F992932359B","D03","OSBS","OSBS_003","N","2014-06-27","2014-09-29","2014-09-29","OSBS_003.N.20140627.cycfab.01","NEON.BET.D03.000247","vial of pooled individuals","CYCFAB","Cyclotrachelus faber","species",,"Germar",,"germar 1824","scdXeiOYH+xCXiXscoerBg8nVMTM/1lP","scdXeiOYH+xCXiXscoerBg8nVMTM/1lP",,0
"ABBE9C76A0F446B9A58E9FFAC9AC5F97","D03","OSBS","OSBS_003","N","2014-06-27","2014-09-29","2014-09-29","OSBS_003.N.20140627.cycfab.01","NEON.BET.D03.000243","vial of pooled individuals","CYCFAB","Cyclotrachelus faber","species",,"Germar",,"germar 1824","scdXeiOYH+xCXiXscoerBg8nVMTM/1lP","scdXeiOYH+xCXiXscoerBg8nVMTM/1lP",,0
"7316317DB5E9484992AAE810C3AB435C","D03","OSBS","OSBS_003","N","2014-06-27","2014-09-29","2014-09-29","OSBS_003.N.20140627.cycfab.01","NEON.BET.D03.000241","vial of pooled individuals","CYCFAB","Cyclotrachelus faber","species",,"Germar",,"germar 1824","scdXeiOYH+xCXiXscoerBg8nVMTM/1lP","scdXeiOYH+xCXiXscoerBg8nVMTM/1lP",,0
"F5AA0E37B7AF4F91A96612DC859CBFE5","D03","OSBS","OSBS_003","N","2014-06-27","2014-09-29","2014-09-29","OSBS_003.N.20140627.cycfab.01","NEON.BET.D03.000248","vial of pooled individuals","CYCFAB","Cyclotrachelus faber","species",,"Germar",,"germar 1824","scdXeiOYH+xCXiXscoerBg8nVMTM/1lP","scdXeiOYH+xCXiXscoerBg8nVMTM/1lP",,0
"868A72451C2D40A0AC2F6EEA3574F888","D03","OSBS","OSBS_003","W","2014-07-07","2014-09-29","2014-09-29","OSBS_003.W.20140707.cycfab.01","NEON.BET.D03.000392","vial of pooled individuals","CYCFAB","Cyclotrachelus faber","species",,"Germar",,"germar 1824","iiDgbhaUgfPlmO3sDuElTmkNgYTXyxbk","iiDgbhaUgfPlmO3sDuElTmkNgYTXyxbk",,0
"BD81EEB5B9694E14B059800EF23BC826","D03","OSBS","OSBS_022","W","2014-07-07","2014-09-29","2014-09-29","OSBS_022.W.20140707.pasmar.01","NEON.BET.D03.000302","vial of pooled individuals","PASMAR","Pasimachus marginatus","species",,"Fabricius",,"fabricius 1787","Y2v6GhTwVkDJUeaxDC3aaKPn58rqYyJG","Y2v6GhTwVkDJUeaxDC3aaKPn58rqYyJG",,0
"57413BE7C8C242B79FC7570E57E32609","D03","OSBS","OSBS_022","W","2014-07-07","2014-09-29","2014-09-29","OSBS_022.W.20140707.pasmar.01","NEON.BET.D03.000301","vial of pooled individuals","PASMAR","Pasimachus marginatus","species",,"Fabricius",,"fabricius 1787","Y2v6GhTwVkDJUeaxDC3aaKPn58rqYyJG","Y2v6GhTwVkDJUeaxDC3aaKPn58rqYyJG",,0
"CBA82B5E25AC4D428FE7708CE1C91C6A","D03","OSBS","OSBS_022","S","2014-07-07","2014-09-29","2014-09-29","OSBS_022.S.20140707.pasmar.01","NEON.BET.D03.000308","vial of pooled individuals","PASMAR","Pasimachus marginatus","species",,"Fabricius",,"fabricius 1787","Y2v6GhTwVkDJUeaxDC3aaKPn58rqYyJG","Y2v6GhTwVkDJUeaxDC3aaKPn58rqYyJG",,0
"EBAF4F2CBAA84391BC386122DFB5589A","D03","OSBS","OSBS_022","S","2014-07-07","2014-09-29","2014-09-29","OSBS_022.S.20140707.pasmar.01","NEON.BET.D03.000306","vial of pooled individuals","PASMAR","Pasimachus marginatus","species",,"Fabricius",,"fabricius 1787","Y2v6GhTwVkDJUeaxDC3aaKPn58rqYyJG","Y2v6GhTwVkDJUeaxDC3aaKPn58rqYyJG",,0
"27E6F555F7A644BBB3026DC59373B6CE","D03","OSBS","OSBS_022","S","2014-07-07","2014-09-29","2014-09-29","OSBS_022.S.20140707.pasmar.01","NEON.BET.D03.000307","vial of pooled individuals","PASMAR","Pasimachus marginatus","species",,"Fabricius",,"fabricius 1787","Y2v6GhTwVkDJUeaxDC3aaKPn58rqYyJG","Y2v6GhTwVkDJUeaxDC3aaKPn58rqYyJG",,0
"5B9DFFE1DF2944D3B10F74F440774A51","D03","OSBS","OSBS_003","N","2014-07-07","2014-08-06","2014-08-06","OSBS_003.N.20140707.passub2.01","NEON.BET.D03.000078","vial of pooled individuals","PASSUB2","Pasimachus subsulcatus","species",,"Say",,"say 1823","bPko/k8RNU/icSbrBCzMLbJxWeUwZufu","bPko/k8RNU/icSbrBCzMLbJxWeUwZufu",,0
"5AF15D83DC974926BAB192ABFEED23B4","D03","OSBS","OSBS_003","S","2014-07-07","2014-09-29","2014-09-29","OSBS_003.S.20140707.cycfab.01","NEON.BET.D03.000397","vial of pooled individuals","CYCFAB","Cyclotrachelus faber","species",,"Germar",,"germar 1824","iiDgbhaUgfPlmO3sDuElTmkNgYTXyxbk","iiDgbhaUgfPlmO3sDuElTmkNgYTXyxbk",,0
"8B4A0BB666EC4AC0A6D3873039287684","D03","OSBS","OSBS_003","W","2014-07-07","2014-07-31","2014-07-31","OSBS_003.W.20140707.passub2.01","NEON.BET.D03.000345","vial of pooled individuals","PASSUB2","Pasimachus subsulcatus","species",,"Say",,"say 1823","7ZsG8s1cQijU1p7CX6b9FNrZuRO+/rX6","7ZsG8s1cQijU1p7CX6b9FNrZuRO+/rX6",,0
"4F25CE1A5FCE4671A7DD2C3AA56BAD6B","D03","OSBS","OSBS_003","W","2014-07-21","2014-09-29","2014-09-29","OSBS_003.W.20140721.cycfab.01","NEON.BET.D03.000395","vial of pooled individuals","CYCFAB","Cyclotrachelus faber","species",,"Germar",,"germar 1824","iiDgbhaUgfPlmO3sDuElTmkNgYTXyxbk","iiDgbhaUgfPlmO3sDuElTmkNgYTXyxbk",,0
"F8E4E7550AD04088AA3E557E5AF7F040","D03","OSBS","OSBS_022","S","2014-07-21","2014-09-25","2014-09-25","OSBS_022.S.20140721.pasmar.01","NEON.BET.D03.000200","vial of pooled individuals","PASMAR","Pasimachus marginatus","species",,"Fabricius",,"fabricius 1787","scdXeiOYH+xCXiXscoerBg8nVMTM/1lP","scdXeiOYH+xCXiXscoerBg8nVMTM/1lP",,0
"4D2079672EE24B44897AF0C4F05B6049","D03","OSBS","OSBS_022","S","2014-07-21","2014-09-25","2014-09-25","OSBS_022.S.20140721.pasmar.01","NEON.BET.D03.000201","vial of pooled individuals","PASMAR","Pasimachus marginatus","species",,"Fabricius",,"fabricius 1787","scdXeiOYH+xCXiXscoerBg8nVMTM/1lP","scdXeiOYH+xCXiXscoerBg8nVMTM/1lP",,0
"7987A9BB7D9D467CBF10BE28FAF43EA9","D03","OSBS","OSBS_022","S","2014-07-21","2014-09-25","2014-09-25","OSBS_022.S.20140721.pasmar.01","NEON.BET.D03.000206","vial of pooled individuals","PASMAR","Pasimachus marginatus","species",,"Fabricius",,"fabricius 1787","scdXeiOYH+xCXiXscoerBg8nVMTM/1lP","scdXeiOYH+xCXiXscoerBg8nVMTM/1lP",,0
"9B474204DCAA411E9687B2FD9E0C53D6","D03","OSBS","OSBS_022","S","2014-07-21","2014-09-25","2014-09-25","OSBS_022.S.20140721.pasmar.01","NEON.BET.D03.000203","vial of pooled individuals","PASMAR","Pasimachus marginatus","species",,"Fabricius",,"fabricius 1787","scdXeiOYH+xCXiXscoerBg8nVMTM/1lP","scdXeiOYH+xCXiXscoerBg8nVMTM/1lP",,0
"0B6D44D477C849F2B72F8B55E946E019","D03","OSBS","OSBS_022","S","2014-07-21","2014-09-25","2014-09-25","OSBS_022.S.20140721.pasmar.01","NEON.BET.D03.000205","vial of pooled individuals","PASMAR","Pasimachus marginatus","species",,"Fabricius",,"fabricius 1787","scdXeiOYH+xCXiXscoerBg8nVMTM/1lP","scdXeiOYH+xCXiXscoerBg8nVMTM/1lP",,0
"D93FD7DF32A149F68D11569078A6519C","D03","OSBS","OSBS_022","S","2014-07-21","2014-09-25","2014-09-25","OSBS_022.S.20140721.pasmar.01","NEON.BET.D03.000202","vial of pooled individuals","PASMAR","Pasimachus marginatus","species",,"Fabricius",,"fabricius 1787","scdXeiOYH+xCXiXscoerBg8nVMTM/1lP","scdXeiOYH+xCXiXscoerBg8nVMTM/1lP",,0
"5572A8F95E93491B899B14300F0F236B","D03","OSBS","OSBS_022","N","2014-07-21","2014-09-29","2014-09-29","OSBS_022.N.20140721.cycfab.01","NEON.BET.D03.000390","vial of pooled individuals","CYCFAB","Cyclotrachelus faber","species",,"Germar",,"germar 1824","iiDgbhaUgfPlmO3sDuElTmkNgYTXyxbk","iiDgbhaUgfPlmO3sDuElTmkNgYTXyxbk",,0
"F939E9097AB140FF80046426874C2A3B","D03","OSBS","OSBS_022","S","2014-07-21","2014-09-25","2014-09-25","OSBS_022.S.20140721.pasmar.01","NEON.BET.D03.000204","vial of pooled individuals","PASMAR","Pasimachus marginatus","species",,"Fabricius",,"fabricius 1787","scdXeiOYH+xCXiXscoerBg8nVMTM/1lP","scdXeiOYH+xCXiXscoerBg8nVMTM/1lP",,0
"F1616EA889BF450E9B8E241EE829E977","D03","OSBS","OSBS_022","S","2014-07-21","2014-09-29","2014-09-29","OSBS_022.S.20140721.cycfab.01","NEON.BET.D03.000199","vial of pooled individuals","CYCFAB","Cyclotrachelus faber","species",,"Germar",,"germar 1824","scdXeiOYH+xCXiXscoerBg8nVMTM/1lP","scdXeiOYH+xCXiXscoerBg8nVMTM/1lP",,0
"1066D29BF40F485F8A679720C0688C21","D03","OSBS","OSBS_001","W","2014-07-21","2014-09-30","2014-09-30","OSBS_001.W.20140721.dicelo.01","NEON.BET.D03.000359","vial of pooled individuals","DICELO","Dicaelus elongatus","species",,"Bonelli",,"bonelli 1810","7ZsG8s1cQijU1p7CX6b9FNrZuRO+/rX6","7ZsG8s1cQijU1p7CX6b9FNrZuRO+/rX6",,0
"5CDBA14F6B3F43F6B66CD1960733C28F","D03","OSBS","OSBS_003","S","2014-07-21","2014-08-06","2014-08-06","OSBS_003.S.20140721.dicelo.01","NEON.BET.D03.000076","vial of pooled individuals","DICELO","Dicaelus elongatus","species",,"Bonelli",,"bonelli 1810","bPko/k8RNU/icSbrBCzMLbJxWeUwZufu","bPko/k8RNU/icSbrBCzMLbJxWeUwZufu",,0
"5C68D931D32D4BC4B08840F9794B86B4","D03","OSBS","OSBS_003","S","2014-07-21","2014-08-06","2014-08-06","OSBS_003.S.20140721.passub2.01","NEON.BET.D03.000077","vial of pooled individuals","PASSUB2","Pasimachus subsulcatus","species",,"Say",,"say 1823","bPko/k8RNU/icSbrBCzMLbJxWeUwZufu","bPko/k8RNU/icSbrBCzMLbJxWeUwZufu",,0
"264926111D4E4317A56FEC74E509F364","D03","OSBS","OSBS_003","N","2014-07-21","2014-08-06","2014-08-06","OSBS_003.N.20140721.cycfab.01","NEON.BET.D03.000155","vial of pooled individuals","CYCFAB","Cyclotrachelus faber","species",,"Germar",,"germar 1824","bPko/k8RNU/icSbrBCzMLbJxWeUwZufu","bPko/k8RNU/icSbrBCzMLbJxWeUwZufu",,0
"9F731E9A85A8473087C0EBDD284D8346","D03","OSBS","OSBS_003","W","2014-07-21","2014-08-06","2014-08-06","OSBS_003.W.20140721.cycfab.01","NEON.BET.D03.000150","vial of pooled individuals","CYCFAB","Cyclotrachelus faber","species",,"Germar",,"germar 1824","bPko/k8RNU/icSbrBCzMLbJxWeUwZufu","bPko/k8RNU/icSbrBCzMLbJxWeUwZufu",,0
"BBC2680801174411A2212C7D55A49F1B","D03","OSBS","OSBS_003","N","2014-07-21","2014-08-06","2014-08-06","OSBS_003.N.20140721.cycfab.01","NEON.BET.D03.000153","vial of pooled individuals","CYCFAB","Cyclotrachelus faber","species",,"Germar",,"germar 1824","bPko/k8RNU/icSbrBCzMLbJxWeUwZufu","bPko/k8RNU/icSbrBCzMLbJxWeUwZufu",,0
"6F85DE7006DD48BAA7A41820B0BA452A","D03","OSBS","OSBS_003","E","2014-07-21","2014-08-06","2014-08-06","OSBS_003.E.20140721.passub2.01","NEON.BET.D03.000348","vial of pooled individuals","PASSUB2","Pasimachus subsulcatus","species",,"Say",,"say 1823","bPko/k8RNU/icSbrBCzMLbJxWeUwZufu","bPko/k8RNU/icSbrBCzMLbJxWeUwZufu",,0
"C46B53A191C8415F84492021D0B79EA8","D03","OSBS","OSBS_003","W","2014-07-21","2014-09-29","2014-09-29","OSBS_003.W.20140721.cycfab.01","NEON.BET.D03.000384","vial of pooled individuals","CYCFAB","Cyclotrachelus faber","species",,"Germar",,"germar 1824","iiDgbhaUgfPlmO3sDuElTmkNgYTXyxbk","iiDgbhaUgfPlmO3sDuElTmkNgYTXyxbk",,0
"B4BB78C0F15B4BC69267CD47180E5C18","D03","OSBS","OSBS_003","W","2014-07-21","2014-09-29","2014-09-29","OSBS_003.W.20140721.cycfab.01","NEON.BET.D03.000387","vial of pooled individuals","CYCFAB","Cyclotrachelus faber","species",,"Germar",,"germar 1824","iiDgbhaUgfPlmO3sDuElTmkNgYTXyxbk","iiDgbhaUgfPlmO3sDuElTmkNgYTXyxbk",,0
"83EE352840EC4D08B6F2283BC71189A8","D03","OSBS","OSBS_003","N","2014-07-21","2014-08-06","2014-08-06","OSBS_003.N.20140721.cycfab.01","NEON.BET.D03.000172","vial of pooled individuals","CYCFAB","Cyclotrachelus faber","species",,"Germar",,"germar 1824","bPko/k8RNU/icSbrBCzMLbJxWeUwZufu","bPko/k8RNU/icSbrBCzMLbJxWeUwZufu",,0
"EA65E58683C747FF9A6E2198389E5F43","D03","OSBS","OSBS_003","E","2014-07-21","2014-09-29","2014-09-30","OSBS_003.E.20140721.passtr.01","NEON.BET.D03.000003","vial of pooled individuals","PASSTR","Pasimachus strenuus","species",,"LeConte",,"leconte 1874","Y2v6GhTwVkDJUeaxDC3aaKPn58rqYyJG","Y2v6GhTwVkDJUeaxDC3aaKPn58rqYyJG",,0
"26F9A26F7F5F4634B1157E48572CEB57","D03","OSBS","OSBS_003","N","2014-07-21","2014-08-06","2014-08-06","OSBS_003.N.20140721.dicelo.01","NEON.BET.D03.000081","vial of pooled individuals","DICELO","Dicaelus elongatus","species",,"Bonelli",,"bonelli 1810","bPko/k8RNU/icSbrBCzMLbJxWeUwZufu","bPko/k8RNU/icSbrBCzMLbJxWeUwZufu",,0
"BDCD7D7F9C2F47F8B2BD2F5A27EAF01B","D03","OSBS","OSBS_003","N","2014-07-21","2014-09-26","2014-09-26","OSBS_003.N.20140721.passtr.01","NEON.BET.D03.000089","vial of pooled individuals","PASSTR","Pasimachus strenuus","species",,"LeConte",,"leconte 1874","7ZsG8s1cQijU1p7CX6b9FNrZuRO+/rX6","7ZsG8s1cQijU1p7CX6b9FNrZuRO+/rX6",,0
"8B7BA8F2538141A3A805D846CAD8673C","D03","OSBS","OSBS_003","S","2014-07-21","2014-08-06","2014-08-06","OSBS_003.S.20140721.cycfab.01","NEON.BET.D03.000149","vial of pooled individuals","CYCFAB","Cyclotrachelus faber","species",,"Germar",,"germar 1824","bPko/k8RNU/icSbrBCzMLbJxWeUwZufu","bPko/k8RNU/icSbrBCzMLbJxWeUwZufu",,0
"64479ABBEF9A4FCE82DF6FC5FB58CC72","D03","OSBS","OSBS_003","N","2014-07-21","2014-08-06","2014-08-06","OSBS_003.N.20140721.passub2.01","NEON.BET.D03.000080","vial of pooled individuals","PASSUB2","Pasimachus subsulcatus","species",,"Say",,"say 1823","bPko/k8RNU/icSbrBCzMLbJxWeUwZufu","bPko/k8RNU/icSbrBCzMLbJxWeUwZufu",,0
"E7FC23F1D96E4ABC8096F78AD9752347","D03","OSBS","OSBS_003","N","2014-07-21","2014-08-06","2014-08-06","OSBS_003.N.20140721.cycfab.01","NEON.BET.D03.000157","vial of pooled individuals","CYCFAB","Cyclotrachelus faber","species",,"Germar",,"germar 1824","bPko/k8RNU/icSbrBCzMLbJxWeUwZufu","bPko/k8RNU/icSbrBCzMLbJxWeUwZufu",,0
"367A69F45BE24A2BA59F6F254FEF4A32","D03","OSBS","OSBS_003","N","2014-07-21","2014-08-06","2014-08-06","OSBS_003.N.20140721.cycfab.01","NEON.BET.D03.000151","vial of pooled individuals","CYCFAB","Cyclotrachelus faber","species",,"Germar",,"germar 1824","bPko/k8RNU/icSbrBCzMLbJxWeUwZufu","bPko/k8RNU/icSbrBCzMLbJxWeUwZufu",,0
"8A42320A773041CBA228BA831A4B531C","D03","OSBS","OSBS_003","N","2014-07-21","2014-08-06","2014-08-06","OSBS_003.N.20140721.cycfab.01","NEON.BET.D03.000156","vial of pooled individuals","CYCFAB","Cyclotrachelus faber","species",,"Germar",,"germar 1824","bPko/k8RNU/icSbrBCzMLbJxWeUwZufu","bPko/k8RNU/icSbrBCzMLbJxWeUwZufu",,0
"3808858EC3F242449865DB9AB3CED8FC","D03","OSBS","OSBS_003","N","2014-07-21","2014-08-06","2014-08-06","OSBS_003.N.20140721.cycfab.01","NEON.BET.D03.000154","vial of pooled individuals","CYCFAB","Cyclotrachelus faber","species",,"Germar",,"germar 1824","bPko/k8RNU/icSbrBCzMLbJxWeUwZufu","bPko/k8RNU/icSbrBCzMLbJxWeUwZufu",,0
"21B07225D18347ABBCEED9BCE81BEB33","D03","OSBS","OSBS_003","E","2014-07-21","2014-09-29","2014-09-29","OSBS_003.E.20140721.cycfab.01","NEON.BET.D03.000378","vial of pooled individuals","CYCFAB","Cyclotrachelus faber","species",,"Germar",,"germar 1824","iiDgbhaUgfPlmO3sDuElTmkNgYTXyxbk","iiDgbhaUgfPlmO3sDuElTmkNgYTXyxbk",,0
"28BC5BF84A594530A47BB0060192672A","D03","OSBS","OSBS_003","W","2014-07-21","2014-09-29","2014-09-29","OSBS_003.W.20140721.cycfab.01","NEON.BET.D03.000385","vial of pooled individuals","CYCFAB","Cyclotrachelus faber","species",,"Germar",,"germar 1824","iiDgbhaUgfPlmO3sDuElTmkNgYTXyxbk","iiDgbhaUgfPlmO3sDuElTmkNgYTXyxbk",,0
"657E0CA948D545C4BCAA14DD714C0947","D03","OSBS","OSBS_003","W","2014-07-21","2014-09-29","2014-09-29","OSBS_003.W.20140721.cycfab.01","NEON.BET.D03.000388","vial of pooled individuals","CYCFAB","Cyclotrachelus faber","species",,"Germar",,"germar 1824","iiDgbhaUgfPlmO3sDuElTmkNgYTXyxbk","iiDgbhaUgfPlmO3sDuElTmkNgYTXyxbk",,0
"4EEB60147CD84B31A560521D8CEEEF35","D03","OSBS","OSBS_003","N","2014-07-21","2014-08-06","2014-08-06","OSBS_003.N.20140721.cycfab.01","NEON.BET.D03.000174","vial of pooled individuals","CYCFAB","Cyclotrachelus faber","species",,"Germar",,"germar 1824","bPko/k8RNU/icSbrBCzMLbJxWeUwZufu","bPko/k8RNU/icSbrBCzMLbJxWeUwZufu",,0
"5AC38AED21E64613823F4C17E2CBF92F","D03","OSBS","OSBS_003","W","2014-07-21","2014-09-29","2014-09-29","OSBS_003.W.20140721.cycfab.01","NEON.BET.D03.000386","vial of pooled individuals","CYCFAB","Cyclotrachelus faber","species",,"Germar",,"germar 1824","iiDgbhaUgfPlmO3sDuElTmkNgYTXyxbk","iiDgbhaUgfPlmO3sDuElTmkNgYTXyxbk",,0
"C0A692A09CF641FA81EDE29C879418E7","D03","OSBS","OSBS_003","E","2014-08-04","2014-09-29","2014-09-29","OSBS_003.E.20140804.CYCFAB.02","NEON.BET.D03.000219","vial of pooled individuals","CYCFAB","Cyclotrachelus faber","species",,"Germar",,"Germar 1824","scdXeiOYH+xCXiXscoerBg8nVMTM/1lP","scdXeiOYH+xCXiXscoerBg8nVMTM/1lP",,2
"3BF3BE33E4614E38B18620611F40391A","D03","OSBS","OSBS_022","N","2014-08-04","2014-09-29","2014-09-29","OSBS_022.N.20140804.ELASP7.01","NEON.BET.D03.000211","vial of pooled individuals","ELASP7","Elaphropus sp.","genus",,"Motschulsky",,"Motschulsky 1839","scdXeiOYH+xCXiXscoerBg8nVMTM/1lP","scdXeiOYH+xCXiXscoerBg8nVMTM/1lP",,2
"BFAF2344B9D54A7EB994278CB857BCDE","D03","OSBS","OSBS_006","E","2014-08-04","2014-09-29","2014-09-29","OSBS_006.E.20140804.HELCLA.01","NEON.BET.D03.000313","vial of pooled individuals","HELCLA","Helluomorphoides clairvillei","species",,"Dejean",,"Dejean 1831","scdXeiOYH+xCXiXscoerBg8nVMTM/1lP","scdXeiOYH+xCXiXscoerBg8nVMTM/1lP",,0
"26C6014B67FE45BC93DD852575573178","D03","OSBS","OSBS_005","N","2014-08-04","2014-09-29","2014-09-30","OSBS_005.N.20140804.SELOPA.01","NEON.BET.D03.000215","vial of pooled individuals","SELOPA","Selenophorus opalinus","species",,"LeConte",,"LeConte 1863","7ZsG8s1cQijU1p7CX6b9FNrZuRO+/rX6","scdXeiOYH+xCXiXscoerBg8nVMTM/1lP",,0
"CC1B968E6B7D459A9C6ABD884CC17994","D03","OSBS","OSBS_005","N","2014-08-04","2014-09-29","2014-09-29","OSBS_005.N.20140804.ELASP7.01","NEON.BET.D03.000214","vial of pooled individuals","ELASP7","Elaphropus sp.","genus","cf. genus","Motschulsky",,"Motschulsky 1839","scdXeiOYH+xCXiXscoerBg8nVMTM/1lP","scdXeiOYH+xCXiXscoerBg8nVMTM/1lP",,0
"DD73B079458C482FBA2AE69BC0E066EE","D03","OSBS","OSBS_007","N","2014-08-04","2014-09-29","2014-09-30","OSBS_007.N.20140804.AMBIRI.01","NEON.BET.D03.000218","vial of pooled individuals","AMBIRI","Amblygnathus iripennis","species",,"Say",,"Say 1823","scdXeiOYH+xCXiXscoerBg8nVMTM/1lP","scdXeiOYH+xCXiXscoerBg8nVMTM/1lP",,0
"954DB5FA5CBB4C448605C9E07C0A5AD5","D03","OSBS","OSBS_001","S","2014-08-04","2014-09-29","2014-09-29","OSBS_001.S.20140804.LOXCRE.02","NEON.BET.D03.000223","vial of pooled individuals","LOXCRE","Loxandrus crenatus","species","cf. species","LeConte",,"LeConte 1852","scdXeiOYH+xCXiXscoerBg8nVMTM/1lP","scdXeiOYH+xCXiXscoerBg8nVMTM/1lP",,2
"EFB60669FC474ED796CB8E182C3DC06D","D03","OSBS","OSBS_001","W","2014-08-04","2014-09-29","2014-09-29","OSBS_001.W.20140804.LOXCRE.01","NEON.BET.D03.000198","vial of pooled individuals","LOXCRE","Loxandrus crenatus","species","cf. species","LeConte",,"LeConte 1852","scdXeiOYH+xCXiXscoerBg8nVMTM/1lP","scdXeiOYH+xCXiXscoerBg8nVMTM/1lP",,2
"63EE831AFADC48519443B1EA1E004DC3","D03","OSBS","OSBS_003","W","2014-08-04","2014-09-29","2014-09-29","OSBS_003.W.20140804.CYCFAB.03","NEON.BET.D03.000236","vial of pooled individuals","CYCFAB","Cyclotrachelus faber","species",,"Germar",,"Germar 1824","scdXeiOYH+xCXiXscoerBg8nVMTM/1lP","scdXeiOYH+xCXiXscoerBg8nVMTM/1lP",,2
"EA055F194A504B078F029A4AC4BE932B","D03","OSBS","OSBS_003","W","2014-08-04","2014-09-29","2014-09-29","OSBS_003.W.20140804.CYCFAB.03","NEON.BET.D03.000237","vial of pooled individuals","CYCFAB","Cyclotrachelus faber","species",,"Germar",,,"scdXeiOYH+xCXiXscoerBg8nVMTM/1lP","scdXeiOYH+xCXiXscoerBg8nVMTM/1lP",,2
"3F1EF45C4CBE4A02BB7792228D70AE19","D03","OSBS","OSBS_003","N","2014-08-04","2014-09-29","2014-09-29","OSBS_003.N.20140804.CYCFAB.01","NEON.BET.D03.000270","vial of pooled individuals","CYCFAB","Cyclotrachelus faber","species",,"Germar",,"Germar 1824","scdXeiOYH+xCXiXscoerBg8nVMTM/1lP","scdXeiOYH+xCXiXscoerBg8nVMTM/1lP",,2
"2908F5B4016E4367BCE5182CDD0C351D","D03","OSBS","OSBS_003","N","2014-08-04","2014-09-29","2014-09-29","OSBS_003.N.20140804.CYCFAB.01","NEON.BET.D03.000273","vial of pooled individuals","CYCFAB","Cyclotrachelus faber","species",,"Germar",,"Germar 1824","scdXeiOYH+xCXiXscoerBg8nVMTM/1lP","scdXeiOYH+xCXiXscoerBg8nVMTM/1lP",,2
"8BF321C2CFF84BD5880A804512EE1EB7","D03","OSBS","OSBS_003","N","2014-08-04","2014-09-29","2014-09-29","OSBS_003.N.20140804.CYCFAB.01","NEON.BET.D03.000274","vial of pooled individuals","CYCFAB","Cyclotrachelus faber","species",,"Germar",,"Germar 1824","scdXeiOYH+xCXiXscoerBg8nVMTM/1lP","scdXeiOYH+xCXiXscoerBg8nVMTM/1lP",,2
"459E84612FF54E54B935A686AA89CC2C","D03","OSBS","OSBS_003","N","2014-08-04","2014-09-29","2014-09-29","OSBS_003.N.20140804.CYCFAB.01","NEON.BET.D03.000271","vial of pooled individuals","CYCFAB","Cyclotrachelus faber","species",,"Germar",,"Germar 1824","scdXeiOYH+xCXiXscoerBg8nVMTM/1lP","scdXeiOYH+xCXiXscoerBg8nVMTM/1lP",,2
"D2C73998B70E462CB3F9162B3879C386","D03","OSBS","OSBS_003","N","2014-08-04","2014-09-29","2014-09-29","OSBS_003.N.20140804.CYCFAB.01","NEON.BET.D03.000275","vial of pooled individuals","CYCFAB","Cyclotrachelus faber","species",,"Germar",,"Germar 1824","scdXeiOYH+xCXiXscoerBg8nVMTM/1lP","scdXeiOYH+xCXiXscoerBg8nVMTM/1lP",,2
"3381D182CD1740EC9E7C927D5D358D21","D03","OSBS","OSBS_003","N","2014-08-04","2014-09-29","2014-09-29","OSBS_003.N.20140804.CYCFAB.01","NEON.BET.D03.000272","vial of pooled individuals","CYCFAB","Cyclotrachelus faber","species",,"Germar",,"Germar 1824","scdXeiOYH+xCXiXscoerBg8nVMTM/1lP","scdXeiOYH+xCXiXscoerBg8nVMTM/1lP",,2
"79A1D187F041494E9975006F7A766A98","D03","OSBS","OSBS_003","E","2014-08-04","2014-09-29","2014-09-29","OSBS_003.E.20140804.CYCFAB.02","NEON.BET.D03.000220","vial of pooled individuals","CYCFAB","Cyclotrachelus faber","species",,"Germar",,"Germar 1824","scdXeiOYH+xCXiXscoerBg8nVMTM/1lP","scdXeiOYH+xCXiXscoerBg8nVMTM/1lP",,2
"C53826E1CECB41F89AAC2A3D6AEF6E37","D03","OSBS","OSBS_003","N","2014-08-04","2014-09-29","2014-09-29","OSBS_003.N.20140804.CYCFAB.01","NEON.BET.D03.000279","vial of pooled individuals","CYCFAB","Cyclotrachelus faber","species",,"Germar",,,"scdXeiOYH+xCXiXscoerBg8nVMTM/1lP","scdXeiOYH+xCXiXscoerBg8nVMTM/1lP",,2
"7F51D4C0368845608536E7C6C36397B5","D03","OSBS","OSBS_003","N","2014-08-04","2014-09-29","2014-09-29","OSBS_003.N.20140804.CYCFAB.01","NEON.BET.D03.000276","vial of pooled individuals","CYCFAB","Cyclotrachelus faber","species",,"Germar",,"Germar 1824","scdXeiOYH+xCXiXscoerBg8nVMTM/1lP","scdXeiOYH+xCXiXscoerBg8nVMTM/1lP",,2
"8286B9BADC1C49E48B1921E6D9846788","D03","OSBS","OSBS_003","N","2014-08-04","2014-09-29","2014-09-29","OSBS_003.N.20140804.CYCFAB.01","NEON.BET.D03.000278","vial of pooled individuals","CYCFAB","Cyclotrachelus faber","species",,"Germar",,"Germar 1824","scdXeiOYH+xCXiXscoerBg8nVMTM/1lP","scdXeiOYH+xCXiXscoerBg8nVMTM/1lP",,2
"984008820E104F4C9F3469D43A452BDA","D03","OSBS","OSBS_003","N","2014-08-04","2014-09-29","2014-09-29","OSBS_003.N.20140804.CYCFAB.01","NEON.BET.D03.000277","vial of pooled individuals","CYCFAB","Cyclotrachelus faber","species",,"Germar",,"Germar 1824","scdXeiOYH+xCXiXscoerBg8nVMTM/1lP","scdXeiOYH+xCXiXscoerBg8nVMTM/1lP",,2
"B2260D8E7FF545CD996EAE023E3C2255","D03","OSBS","OSBS_003","N","2014-08-18","2014-09-29","2014-09-29","OSBS_003.N.20140818.elasp7.01","NEON.BET.D03.000211","vial of pooled individuals","ELASP7","Elaphropus sp.","genus",,"Motschulsky",,"motschulsky 1839","scdXeiOYH+xCXiXscoerBg8nVMTM/1lP","scdXeiOYH+xCXiXscoerBg8nVMTM/1lP",,2
"4690E1EA00D34BE699431FE421F11C85","D03","OSBS","OSBS_001","S","2014-08-18","2014-09-29","2014-09-29","OSBS_001.S.20140818.loxcre.01","NEON.BET.D03.000223","vial of pooled individuals","LOXCRE","Loxandrus crenatus","species",,"LeConte",,"leconte 1874","scdXeiOYH+xCXiXscoerBg8nVMTM/1lP","scdXeiOYH+xCXiXscoerBg8nVMTM/1lP",,2
"0B0EBA808D004A4FB60060776C5F4148","D03","OSBS","OSBS_001","W","2014-08-18","2014-09-29","2014-09-29","OSBS_001.W.20140818.loxcre.01","NEON.BET.D03.000198","vial of pooled individuals","LOXCRE","Loxandrus crenatus","species",,"LeConte",,"leconte 1874","scdXeiOYH+xCXiXscoerBg8nVMTM/1lP","scdXeiOYH+xCXiXscoerBg8nVMTM/1lP",,2
"F2406B5183C84B01BB8029E7A50B62E8","D03","OSBS","OSBS_003","E","2014-08-18","2014-09-29","2014-09-29","OSBS_003.E.20140818.cycfab.01","NEON.BET.D03.000219","vial of pooled individuals","CYCFAB","Cyclotrachelus faber","species",,"Germar",,"germar 1824","scdXeiOYH+xCXiXscoerBg8nVMTM/1lP","scdXeiOYH+xCXiXscoerBg8nVMTM/1lP",,2
"E9C2661017A24CB694D76AD86A99781A","D03","OSBS","OSBS_003","N","2014-08-18","2014-09-29","2014-09-29","OSBS_003.N.20140818.cycfab.01","NEON.BET.D03.000278","vial of pooled individuals","CYCFAB","Cyclotrachelus faber","species",,"Germar",,"germar 1824","scdXeiOYH+xCXiXscoerBg8nVMTM/1lP","scdXeiOYH+xCXiXscoerBg8nVMTM/1lP",,2
"640509F0AE2749C4A7ABE40A7CC7C4C7","D03","OSBS","OSBS_003","E","2014-08-18","2014-09-29","2014-09-29","OSBS_003.E.20140818.cycfab.01","NEON.BET.D03.000220","vial of pooled individuals","CYCFAB","Cyclotrachelus faber","species",,"Germar",,"germar 1824","scdXeiOYH+xCXiXscoerBg8nVMTM/1lP","scdXeiOYH+xCXiXscoerBg8nVMTM/1lP",,2
"4A1BD92161FC49D5BCEC516ED42B1BBB","D03","OSBS","OSBS_003","N","2014-08-18","2014-09-29","2014-09-29","OSBS_003.N.20140818.cycfab.01","NEON.BET.D03.000275","vial of pooled individuals","CYCFAB","Cyclotrachelus faber","species",,"Germar",,"germar 1824","scdXeiOYH+xCXiXscoerBg8nVMTM/1lP","scdXeiOYH+xCXiXscoerBg8nVMTM/1lP",,2
"8A4DAA32FE894DEBBD3F03DB79DC9C2B","D03","OSBS","OSBS_003","N","2014-08-18","2014-09-29","2014-09-29","OSBS_003.N.20140818.cycfab.01","NEON.BET.D03.000277","vial of pooled individuals","CYCFAB","Cyclotrachelus faber","species",,"Germar",,"germar 1824","scdXeiOYH+xCXiXscoerBg8nVMTM/1lP","scdXeiOYH+xCXiXscoerBg8nVMTM/1lP",,2
"B8316F7EC3224A10A554DA902CBBE921","D03","OSBS","OSBS_003","N","2014-08-18","2014-09-29","2014-09-29","OSBS_003.N.20140818.cycfab.01","NEON.BET.D03.000276","vial of pooled individuals","CYCFAB","Cyclotrachelus faber","species",,"Germar",,"germar 1824","scdXeiOYH+xCXiXscoerBg8nVMTM/1lP","scdXeiOYH+xCXiXscoerBg8nVMTM/1lP",,2
"7693D729AA794B9BA9023C67EC858C29","D03","OSBS","OSBS_003","N","2014-08-18","2014-09-29","2014-09-29","OSBS_003.N.20140818.cycfab.01","NEON.BET.D03.000271","vial of pooled individuals","CYCFAB","Cyclotrachelus faber","species",,"Germar",,"germar 1824","scdXeiOYH+xCXiXscoerBg8nVMTM/1lP","scdXeiOYH+xCXiXscoerBg8nVMTM/1lP",,2
"94432BBC7F6B4FE293434A5B40CB4D60","D03","OSBS","OSBS_003","W","2014-08-18","2014-09-29","2014-09-29","OSBS_003.W.20140818.cycfab.01","NEON.BET.D03.000236","vial of pooled individuals","CYCFAB","Cyclotrachelus faber","species",,"Germar",,"germar 1824","scdXeiOYH+xCXiXscoerBg8nVMTM/1lP","scdXeiOYH+xCXiXscoerBg8nVMTM/1lP",,2
"9977803F874F45C6A0287C25AEBEC45E","D03","OSBS","OSBS_003","N","2014-08-18","2014-09-29","2014-09-29","OSBS_003.N.20140818.cycfab.01","NEON.BET.D03.000279","vial of pooled individuals","CYCFAB","Cyclotrachelus faber","species",,"Germar",,"germar 1824","scdXeiOYH+xCXiXscoerBg8nVMTM/1lP","scdXeiOYH+xCXiXscoerBg8nVMTM/1lP",,2
"B4738EFE5718419F93B19759C2801E53","D03","OSBS","OSBS_003","N","2014-08-18","2014-09-29","2014-09-29","OSBS_003.N.20140818.cycfab.01","NEON.BET.D03.000274","vial of pooled individuals","CYCFAB","Cyclotrachelus faber","species",,"Germar",,"germar 1824","scdXeiOYH+xCXiXscoerBg8nVMTM/1lP","scdXeiOYH+xCXiXscoerBg8nVMTM/1lP",,2
"1B664216E77D46E0A1A3D609128DB7EE","D03","OSBS","OSBS_003","N","2014-08-18","2014-09-29","2014-09-29","OSBS_003.N.20140818.cycfab.01","NEON.BET.D03.000273","vial of pooled individuals","CYCFAB","Cyclotrachelus faber","species",,"Germar",,"germar 1824","scdXeiOYH+xCXiXscoerBg8nVMTM/1lP","scdXeiOYH+xCXiXscoerBg8nVMTM/1lP",,2
"7AA0AF947A8C4EC2824B3D94ADA222A2","D03","OSBS","OSBS_003","N","2014-08-18","2014-09-29","2014-09-29","OSBS_003.N.20140818.cycfab.01","NEON.BET.D03.000272","vial of pooled individuals","CYCFAB","Cyclotrachelus faber","species",,"Germar",,"germar 1824","scdXeiOYH+xCXiXscoerBg8nVMTM/1lP","scdXeiOYH+xCXiXscoerBg8nVMTM/1lP",,2
"1D466638BDF84EE281D891439A52DA2B","D03","OSBS","OSBS_003","N","2014-08-18","2014-09-29","2014-09-29","OSBS_003.N.20140818.cycfab.01","NEON.BET.D03.000270","vial of pooled individuals","CYCFAB","Cyclotrachelus faber","species",,"Germar",,"germar 1824","scdXeiOYH+xCXiXscoerBg8nVMTM/1lP","scdXeiOYH+xCXiXscoerBg8nVMTM/1lP",,2
"E3787AC144F34A18B6A1C0D9DA732303","D03","OSBS","OSBS_003","W","2014-08-18","2014-09-29","2014-09-29","OSBS_003.W.20140818.cycfab.01","NEON.BET.D03.000237","vial of pooled individuals","CYCFAB","Cyclotrachelus faber","species",,"Germar",,"germar 1824","scdXeiOYH+xCXiXscoerBg8nVMTM/1lP","scdXeiOYH+xCXiXscoerBg8nVMTM/1lP",,2
"A939B373A92C49798422B5A1550F45D6","D03","OSBS","OSBS_003","W","2014-09-02","2014-09-29","2014-09-29","OSBS_003.W.20140902.cycfab.01","NEON.BET.D03.000004","vial of pooled individuals","CYCFAB","Cyclotrachelus faber","species",,"Germar",,"germar 1824","scdXeiOYH+xCXiXscoerBg8nVMTM/1lP","scdXeiOYH+xCXiXscoerBg8nVMTM/1lP",,0
"DB5748FF1011457B92FC5B239688F0FC","D03","OSBS","OSBS_003","N","2014-09-02","2014-09-29","2014-09-30","OSBS_003.N.20140902.passub2.01","NEON.BET.D03.000005","vial of pooled individuals","PASSUB2","Pasimachus subsulcatus","species",,"Say",,"say 1823","scdXeiOYH+xCXiXscoerBg8nVMTM/1lP","scdXeiOYH+xCXiXscoerBg8nVMTM/1lP",,0
"A8065B2FDF174674A96D2EA8F6FA9E05","D03","OSBS","OSBS_003","W","2014-09-02","2014-09-29","2014-09-29","OSBS_003.W.20140902.cycfab.01","NEON.BET.D03.000007","vial of pooled individuals","CYCFAB","Cyclotrachelus faber","species",,"Germar",,"germar 1824","scdXeiOYH+xCXiXscoerBg8nVMTM/1lP","scdXeiOYH+xCXiXscoerBg8nVMTM/1lP",,0
"478010EE3CFD4C7C8D79890E3C07D9F9","D03","OSBS","OSBS_003","N","2014-09-02","2014-09-29","2014-09-29","OSBS_003.N.20140902.cycfab.01","NEON.BET.D03.000006","vial of pooled individuals","CYCFAB","Cyclotrachelus faber","species",,"Germar",,"germar 1824","scdXeiOYH+xCXiXscoerBg8nVMTM/1lP","scdXeiOYH+xCXiXscoerBg8nVMTM/1lP",,0
"6BFB5676610E44CDBF059C63AC778BF1","D03","OSBS","OSBS_003","W","2014-09-02","2014-09-29","2014-09-29","OSBS_003.W.20140902.cycfab.01","NEON.BET.D03.000009","vial of pooled individuals","CYCFAB","Cyclotrachelus faber","species",,"Germar",,"germar 1824","scdXeiOYH+xCXiXscoerBg8nVMTM/1lP","scdXeiOYH+xCXiXscoerBg8nVMTM/1lP",,0
"779D1636BCDF427580D9F9C56DEC0BB5","D03","OSBS","OSBS_003","N","2014-09-02","2014-09-29","2014-09-29","OSBS_003.N.20140902.cycfab.01","NEON.BET.D03.000008","vial of pooled individuals","CYCFAB","Cyclotrachelus faber","species",,"Germar",,"germar 1824","scdXeiOYH+xCXiXscoerBg8nVMTM/1lP","scdXeiOYH+xCXiXscoerBg8nVMTM/1lP",,0
"BEDE4CBC4E324979B5B10F5EF8BEF150","D03","OSBS","OSBS_003","N","2014-09-02","2014-09-29","2014-09-29","OSBS_003.N.20140902.cycfab.01","NEON.BET.D03.000010","vial of pooled individuals","CYCFAB","Cyclotrachelus faber","species",,"Germar",,"germar 1824","scdXeiOYH+xCXiXscoerBg8nVMTM/1lP","scdXeiOYH+xCXiXscoerBg8nVMTM/1lP",,0
"C716E1976FCD4489879BB69855B4F053","D03","OSBS","OSBS_003","W","2014-09-02","2014-09-29","2014-09-29","OSBS_003.W.20140902.cycfab.01","NEON.BET.D03.000012","vial of pooled individuals","CYCFAB","Cyclotrachelus faber","species",,"Germar",,"germar 1824","scdXeiOYH+xCXiXscoerBg8nVMTM/1lP","scdXeiOYH+xCXiXscoerBg8nVMTM/1lP",,0
"ECA05952AE3A4683BC3AE1B5D5EA8236","D03","OSBS","OSBS_003","N","2014-09-02","2014-09-29","2014-09-29","OSBS_003.N.20140902.cycfab.01","NEON.BET.D03.000011","vial of pooled individuals","CYCFAB","Cyclotrachelus faber","species",,"Germar",,"germar 1824","scdXeiOYH+xCXiXscoerBg8nVMTM/1lP","scdXeiOYH+xCXiXscoerBg8nVMTM/1lP",,0
"F7317D67D8E14BE7A82A1D8BFD4AC664","D03","OSBS","OSBS_001","E","2014-09-02","2014-09-02","2014-09-29","OSBS_001.E.20140902.loxcre.01","NEON.BET.D03.000013","vial of pooled individuals","LOXCRE","Loxandrus crenatus","species",,"LeConte",,"leconte 1874","scdXeiOYH+xCXiXscoerBg8nVMTM/1lP","scdXeiOYH+xCXiXscoerBg8nVMTM/1lP",,0
"3DE38DE5650645BD8D166205C05382C6","D03","OSBS","OSBS_001","W","2014-09-02","2014-09-29","2014-09-29","OSBS_001.W.20140902.loxcre.01","NEON.BET.D03.000045","vial of pooled individuals","LOXCRE","Loxandrus crenatus","species",,"LeConte",,"leconte 1874","scdXeiOYH+xCXiXscoerBg8nVMTM/1lP","scdXeiOYH+xCXiXscoerBg8nVMTM/1lP",,0
"2FD23F50BCAC4E41B03E07F4F885E070","D03","OSBS","OSBS_001","W","2014-09-02","2014-09-29","2014-09-29","OSBS_001.W.20140902.loxcre.01","NEON.BET.D03.000043","vial of pooled individuals","LOXCRE","Loxandrus crenatus","species",,"LeConte",,"leconte 1874","scdXeiOYH+xCXiXscoerBg8nVMTM/1lP","scdXeiOYH+xCXiXscoerBg8nVMTM/1lP",,0
"0EDB9934503E4D16B58E0F87C7744052","D03","OSBS","OSBS_004","E","2014-09-02","2014-09-30","2014-09-30","OSBS_004.E.20140902.passtr.01","NEON.BET.D03.000002","vial of pooled individuals","PASSTR","Pasimachus strenuus","species",,"LeConte",,"leconte 1874","scdXeiOYH+xCXiXscoerBg8nVMTM/1lP","Y2v6GhTwVkDJUeaxDC3aaKPn58rqYyJG",,0
"93637E47F7454B35963EA0C7816D4B85","D03","OSBS","OSBS_004","N","2014-09-02","2014-09-30","2014-09-30","OSBS_004.N.20140902.passtr.01","NEON.BET.D03.000001","vial of pooled individuals","PASSTR","Pasimachus strenuus","species",,"LeConte",,"leconte 1874","Y2v6GhTwVkDJUeaxDC3aaKPn58rqYyJG","Y2v6GhTwVkDJUeaxDC3aaKPn58rqYyJG",,0
"3F2BF4A88A7249D1B74E522C16A0F4AF","D03","OSBS","OSBS_008","N","2014-09-02","2014-09-18","2014-09-18","OSBS_008.N.20140902.passtr.01","NEON.BET.D03.000114","vial of pooled individuals","PASSTR","Pasimachus strenuus","species",,"LeConte",,"leconte 1874","7ZsG8s1cQijU1p7CX6b9FNrZuRO+/rX6","7ZsG8s1cQijU1p7CX6b9FNrZuRO+/rX6",,0
"515DDF8E10DC4DC1A934F0F4C92FC067","D03","OSBS","OSBS_008","E","2014-09-02","2014-09-18","2014-09-18","OSBS_008.E.20140902.passtr.01","NEON.BET.D03.000240","vial of pooled individuals","PASSTR","Pasimachus strenuus","species",,"LeConte",,"leconte 1874","7ZsG8s1cQijU1p7CX6b9FNrZuRO+/rX6","7ZsG8s1cQijU1p7CX6b9FNrZuRO+/rX6",,0
"4F802B7E17B34FB0AB96D98A5120E34A","D03","OSBS","OSBS_022","N","2014-09-02","2014-09-18","2014-09-18","OSBS_022.N.20140902.passtr.01","NEON.BET.D03.000170","vial of pooled individuals","PASSTR","Pasimachus strenuus","species",,"LeConte",,"leconte 1874","7ZsG8s1cQijU1p7CX6b9FNrZuRO+/rX6","7ZsG8s1cQijU1p7CX6b9FNrZuRO+/rX6",,0
