"uid","domainID","siteID","plotID","trapID","nlcdClass","decimalLatitude","decimalLongitude","geodeticDatum","coordinateUncertainty","elevation","elevationUncertainty","setDate","collectDate","boutNumber","eventID","sampleID","daysOfTrapping","cupStatus","lidStatus","fluidLevel","trapReset","samplingProtocol","recordedBy","remarks","missingRecordsPerBoutQF","duplicateCollectionEventQF","compareSetCollectDateQF"
"93857CBC7DA54B5EBF62D5945DD08ACA","D10","CPER","CPER_003","E","grasslandHerbaceous",40.818451,-104.706932,"WGS84",5.1,1623.8,0.1,"2014-05-22","2014-06-05",1,"BET.CPER_003.2014.01","CPER_003.E.20140605",14,"ok","ok","high","Y","NEON.DOC.014050","XXW8BqPXtz8Ncjf8bOi7gc6Hj7+NVXsl",,0,0,0
"EAF392054FFE4AE48F93E767F41DA55C","D10","CPER","CPER_006","W","grasslandHerbaceous",40.814765,-104.748318,"WGS84",5.1,1649.9,0.1,"2014-05-22","2014-06-05",1,"BET.CPER_006.2014.01","CPER_006.W.20140605",14,"ok","ok","ok","Y","NEON.DOC.014050","XXW8BqPXtz8Ncjf8bOi7gc6Hj7+NVXsl",,0,0,0
"69F0E1D2F5E344D19B0672E32EDD582F","D10","CPER","CPER_006","N","grasslandHerbaceous",40.814944,-104.748080,"WGS84",5.1,1649.9,0.1,"2014-05-22","2014-06-05",1,"BET.CPER_006.2014.01","CPER_006.N.20140605",14,"ok","ok","low","Y","NEON.DOC.014050","XXW8BqPXtz8Ncjf8bOi7gc6Hj7+NVXsl",,0,0,0
"7A7CB39E14F64D958DA3D669E2576D0A","D10","CPER","CPER_006","E","grasslandHerbaceous",40.814764,-104.747844,"WGS84",5.1,1649.9,0.1,"2014-05-22","2014-06-05",1,"BET.CPER_006.2014.01","CPER_006.E.20140605",14,"ok","ok","high","Y","NEON.DOC.014050","XXW8BqPXtz8Ncjf8bOi7gc6Hj7+NVXsl",,0,0,0
"90A1439735E6403EB980C5BD1A55AC5C","D10","CPER","CPER_006","S","grasslandHerbaceous",40.814584,-104.748082,"WGS84",5.1,1649.9,0.1,"2014-05-22","2014-06-05",1,"BET.CPER_006.2014.01","CPER_006.S.20140605",14,"ok","ok","ok","Y","NEON.DOC.014050","XXW8BqPXtz8Ncjf8bOi7gc6Hj7+NVXsl",,0,0,0
"BB98070D651C4B4EAC24878D3D12BDD1","D10","CPER","CPER_005","S","grasslandHerbaceous",40.852915,-104.728005,"WGS84",5.1,1664.4,0.1,"2014-05-22","2014-06-05",1,"BET.CPER_005.2014.01","CPER_005.S.20140605",14,"ok","ok","low","Y","NEON.DOC.014050","XXW8BqPXtz8Ncjf8bOi7gc6Hj7+NVXsl",,0,0,0
"5AEF4A846CFA4AE69B71977E3953A16C","D10","CPER","CPER_005","N","grasslandHerbaceous",40.853275,-104.728003,"WGS84",5.1,1664.4,0.1,"2014-05-22","2014-06-05",1,"BET.CPER_005.2014.01","CPER_005.N.20140605",14,"ok","ok","low","Y","NEON.DOC.014050","XXW8BqPXtz8Ncjf8bOi7gc6Hj7+NVXsl",,0,0,0
"F7808B9AC2044B7BABAAC312CE59D9CE","D10","CPER","CPER_005","E","grasslandHerbaceous",40.853094,-104.727767,"WGS84",5.1,1664.4,0.1,"2014-05-22","2014-06-05",1,"BET.CPER_005.2014.01","CPER_005.E.20140605",14,"ok","ok","ok","Y","NEON.DOC.014050","XXW8BqPXtz8Ncjf8bOi7gc6Hj7+NVXsl",,0,0,0
"3503B3B856034491A68038BFAD7BE096","D10","CPER","CPER_005","W","grasslandHerbaceous",40.853095,-104.728241,"WGS84",5.1,1664.4,0.1,"2014-05-22","2014-06-05",1,"BET.CPER_005.2014.01","CPER_005.W.20140605",14,"ok","ok","low","Y","NEON.DOC.014050","XXW8BqPXtz8Ncjf8bOi7gc6Hj7+NVXsl",,0,0,0
"AC196CD5F099430C8AD3CFDC89821C0D","D10","CPER","CPER_010","S","grasslandHerbaceous",40.849832,-104.681394,"WGS84",5.1,1646.2,0.1,"2014-05-22","2014-06-05",1,"BET.CPER_010.2014.01","CPER_010.S.20140605",14,"ok","ok","low","Y","NEON.DOC.014050","XXW8BqPXtz8Ncjf8bOi7gc6Hj7+NVXsl",,0,0,0
"474B549B48B6425F96A23BD8A2FF13FF","D10","CPER","CPER_010","E","grasslandHerbaceous",40.850011,-104.681156,"WGS84",5.1,1646.2,0.1,"2014-05-22","2014-06-05",1,"BET.CPER_010.2014.01","CPER_010.E.20140605",14,"ok","ok","low","Y","NEON.DOC.014050","XXW8BqPXtz8Ncjf8bOi7gc6Hj7+NVXsl",,0,0,0
"C58BF13A3A2F48B9864C5A8FF2BF3F1A","D10","CPER","CPER_010","W","grasslandHerbaceous",40.850012,-104.681630,"WGS84",5.1,1646.2,0.1,"2014-05-22","2014-06-05",1,"BET.CPER_010.2014.01","CPER_010.W.20140605",14,"ok","ok","high","Y","NEON.DOC.014050","XXW8BqPXtz8Ncjf8bOi7gc6Hj7+NVXsl",,0,0,0
"2C4BD9D27521412494669FB9D373AA4C","D10","CPER","CPER_010","N","grasslandHerbaceous",40.850192,-104.681392,"WGS84",5.1,1646.2,0.1,"2014-05-22","2014-06-05",1,"BET.CPER_010.2014.01","CPER_010.N.20140605",14,"ok","ok","high","Y","NEON.DOC.014050","XXW8BqPXtz8Ncjf8bOi7gc6Hj7+NVXsl",,0,0,0
"4963952B4D86439C959BCA7C1A05454E","D10","CPER","CPER_009","S","grasslandHerbaceous",40.825939,-104.745904,"WGS84",5.1,1656.6,0.1,"2014-05-22","2014-06-05",1,"BET.CPER_009.2014.01","CPER_009.S.20140605",14,"ok","ok","low","Y","NEON.DOC.014050","XXW8BqPXtz8Ncjf8bOi7gc6Hj7+NVXsl",,0,0,0
"3C8876932E224D8DBBA50025D04F3CCF","D10","CPER","CPER_009","E","grasslandHerbaceous",40.826119,-104.745666,"WGS84",5.1,1656.6,0.1,"2014-05-22","2014-06-05",1,"BET.CPER_009.2014.01","CPER_009.E.20140605",14,"ok","ok","high","Y","NEON.DOC.014050","XXW8BqPXtz8Ncjf8bOi7gc6Hj7+NVXsl",,0,0,0
"984A4A01821E46B9B0BE1C9A7E15C123","D10","CPER","CPER_009","N","grasslandHerbaceous",40.826299,-104.745903,"WGS84",5.1,1656.6,0.1,"2014-05-22","2014-06-05",1,"BET.CPER_009.2014.01","CPER_009.N.20140605",14,"ok","ok","low","Y","NEON.DOC.014050","XXW8BqPXtz8Ncjf8bOi7gc6Hj7+NVXsl",,0,0,0
"E4C6D4C7C71F4A5D83640AF4162A4A47","D10","CPER","CPER_009","W","grasslandHerbaceous",40.826120,-104.746140,"WGS84",5.1,1656.6,0.1,"2014-05-22","2014-06-05",1,"BET.CPER_009.2014.01","CPER_009.W.20140605",14,"ok","ok","low","Y","NEON.DOC.014050","XXW8BqPXtz8Ncjf8bOi7gc6Hj7+NVXsl",,0,0,0
"0C596C3F7212491DBCD4B1725B1F2315","D10","CPER","CPER_007","S","grasslandHerbaceous",40.861738,-104.683829,"WGS84",5.1,1646.7,0.1,"2014-05-22","2014-06-05",1,"BET.CPER_007.2014.01","CPER_007.S.20140605",14,"ok","ok","ok","Y","NEON.DOC.014050","XXW8BqPXtz8Ncjf8bOi7gc6Hj7+NVXsl",,0,0,0
"CA32E6EA8E21403F830DDFD7A84034FF","D10","CPER","CPER_007","E","grasslandHerbaceous",40.861918,-104.683591,"WGS84",5.1,1646.7,0.1,"2014-05-22","2014-06-05",1,"BET.CPER_007.2014.01","CPER_007.E.20140605",14,"ok","ok","ok","Y","NEON.DOC.014050","XXW8BqPXtz8Ncjf8bOi7gc6Hj7+NVXsl",,0,0,0
"DB01148E13BA428A831F4983BCAB25F3","D10","CPER","CPER_007","N","grasslandHerbaceous",40.862099,-104.683827,"WGS84",5.1,1646.7,0.1,"2014-05-22","2014-06-05",1,"BET.CPER_007.2014.01","CPER_007.N.20140605",14,"ok","ok","ok","Y","NEON.DOC.014050","XXW8BqPXtz8Ncjf8bOi7gc6Hj7+NVXsl",,0,0,0
"25A907D0E6164DC3A76F57F442E6D9C3","D10","CPER","CPER_007","W","grasslandHerbaceous",40.861919,-104.684065,"WGS84",5.1,1646.7,0.1,"2014-05-22","2014-06-05",1,"BET.CPER_007.2014.01","CPER_007.W.20140605",14,"ok","ok","ok","Y","NEON.DOC.014050","XXW8BqPXtz8Ncjf8bOi7gc6Hj7+NVXsl",,0,0,0
"8020A1DC22244CC89F9F825DED7E596A","D10","CPER","CPER_008","N","grasslandHerbaceous",40.799002,-104.749207,"WGS84",5.1,1644.8,0.1,"2014-05-22","2014-06-05",1,"BET.CPER_008.2014.01","CPER_008.N.20140605",14,"ok","ok","low","Y","NEON.DOC.014050","XXW8BqPXtz8Ncjf8bOi7gc6Hj7+NVXsl",,0,0,0
"A6B177D521A8456B83394765A3F18A28","D10","CPER","CPER_008","W","grasslandHerbaceous",40.798822,-104.749445,"WGS84",5.1,1644.8,0.1,"2014-05-22","2014-06-05",1,"BET.CPER_008.2014.01","CPER_008.W.20140605",14,"ok","ok","ok","Y","NEON.DOC.014050","XXW8BqPXtz8Ncjf8bOi7gc6Hj7+NVXsl",,0,0,0
"79E62AA1F2404C7A8F77BE15256092B4","D10","CPER","CPER_008","S","grasslandHerbaceous",40.798641,-104.749209,"WGS84",5.1,1644.8,0.1,"2014-05-22","2014-06-05",1,"BET.CPER_008.2014.01","CPER_008.S.20140605",14,"ok","ok","ok","Y","NEON.DOC.014050","XXW8BqPXtz8Ncjf8bOi7gc6Hj7+NVXsl",,0,0,0
"C21325EE627648CAA57D17FFA7039D83","D10","CPER","CPER_008","E","grasslandHerbaceous",40.798821,-104.748971,"WGS84",5.1,1644.8,0.1,"2014-05-22","2014-06-05",1,"BET.CPER_008.2014.01","CPER_008.E.20140605",14,"ok","ok","ok","Y","NEON.DOC.014050","XXW8BqPXtz8Ncjf8bOi7gc6Hj7+NVXsl",,0,0,0
"0EB94940F86A4C5BA8BACFC4348E80AD","D10","CPER","CPER_004","N","grasslandHerbaceous",40.812930,-104.696878,"WGS84",5.1,1622.7,0.1,"2014-05-22","2014-06-05",1,"BET.CPER_004.2014.01","CPER_004.N.20140605",14,"ok","ok","low","Y","NEON.DOC.014050","XXW8BqPXtz8Ncjf8bOi7gc6Hj7+NVXsl",,0,0,0
"6801E692A6E84EE18FC68621706D90F3","D10","CPER","CPER_004","E","grasslandHerbaceous",40.812749,-104.696642,"WGS84",5.1,1622.7,0.1,"2014-05-22","2014-06-05",1,"BET.CPER_004.2014.01","CPER_004.E.20140605",14,"ok","ok","ok","Y","NEON.DOC.014050","XXW8BqPXtz8Ncjf8bOi7gc6Hj7+NVXsl",,0,0,0
"B22C755ABC22479BA1BBA61F45F4E7BD","D10","CPER","CPER_004","W","grasslandHerbaceous",40.812750,-104.697116,"WGS84",5.1,1622.7,0.1,"2014-05-22","2014-06-05",1,"BET.CPER_004.2014.01","CPER_004.W.20140605",14,"ok","ok","ok","Y","NEON.DOC.014050","XXW8BqPXtz8Ncjf8bOi7gc6Hj7+NVXsl",,0,0,0
"7DE18390676247D39C981A1153D33F82","D10","CPER","CPER_004","S","grasslandHerbaceous",40.812569,-104.696879,"WGS84",5.1,1622.7,0.1,"2014-05-22","2014-06-05",1,"BET.CPER_004.2014.01","CPER_004.S.20140605",14,"ok","ok","ok","Y","NEON.DOC.014050","XXW8BqPXtz8Ncjf8bOi7gc6Hj7+NVXsl",,0,0,0
"C8A0827A48644660A739E052B401C5FA","D10","CPER","CPER_002","S","grasslandHerbaceous",40.810758,-104.729244,"WGS84",5.1,1651.1,0.1,"2014-05-22","2014-06-05",1,"BET.CPER_002.2014.01","CPER_002.S.20140605",14,"ok","ok","ok","Y","NEON.DOC.014050","XXW8BqPXtz8Ncjf8bOi7gc6Hj7+NVXsl",,0,0,0
"28CDC24F82964DA0A2238D122DEACCEF","D10","CPER","CPER_002","E","grasslandHerbaceous",40.810937,-104.729006,"WGS84",5.1,1651.1,0.1,"2014-05-22","2014-06-05",1,"BET.CPER_002.2014.01","CPER_002.E.20140605",14,"ok","ok","high","Y","NEON.DOC.014050","XXW8BqPXtz8Ncjf8bOi7gc6Hj7+NVXsl",,0,0,0
"52753E76EDA743F2BF0B24F2B0F48ACD","D10","CPER","CPER_002","N","grasslandHerbaceous",40.811118,-104.729243,"WGS84",5.1,1651.1,0.1,"2014-05-22","2014-06-05",1,"BET.CPER_002.2014.01","CPER_002.N.20140605",14,"ok","ok","ok","Y","NEON.DOC.014050","XXW8BqPXtz8Ncjf8bOi7gc6Hj7+NVXsl",,0,0,0
"C3E1C6DEDD8E4DCA8420043DC5735E85","D10","CPER","CPER_002","W","grasslandHerbaceous",40.810939,-104.729481,"WGS84",5.1,1651.1,0.1,"2014-05-22","2014-06-05",1,"BET.CPER_002.2014.01","CPER_002.W.20140605",14,"ok","ok","ok","Y","NEON.DOC.014050","XXW8BqPXtz8Ncjf8bOi7gc6Hj7+NVXsl",,0,0,0
"C4672C3006BC4A89BEBA69BF652345B4","D10","CPER","CPER_001","S","grasslandHerbaceous",40.850682,-104.699541,"WGS84",5.1,1637.9,0.1,"2014-05-22","2014-06-05",1,"BET.CPER_001.2014.01","CPER_001.S.20140605",14,"ok","ok","ok","Y","NEON.DOC.014050","XXW8BqPXtz8Ncjf8bOi7gc6Hj7+NVXsl",,0,0,0
"B17F6EDE1E9C4F30A27378B17540C156","D10","CPER","CPER_001","W","grasslandHerbaceous",40.850863,-104.699778,"WGS84",5.1,1637.9,0.1,"2014-05-22","2014-06-05",1,"BET.CPER_001.2014.01","CPER_001.W.20140605",14,"ok","ok","ok","Y","NEON.DOC.014050","XXW8BqPXtz8Ncjf8bOi7gc6Hj7+NVXsl",,0,0,0
"CBA987176421446F907290AB65BA6E51","D10","CPER","CPER_001","E","grasslandHerbaceous",40.850862,-104.699303,"WGS84",5.1,1637.9,0.1,"2014-05-22","2014-06-05",1,"BET.CPER_001.2014.01","CPER_001.E.20140605",14,"ok","ok","ok","Y","NEON.DOC.014050","XXW8BqPXtz8Ncjf8bOi7gc6Hj7+NVXsl",,0,0,0
"831BFB95E5FF42509893B1289EB9891A","D10","CPER","CPER_001","N","grasslandHerbaceous",40.851042,-104.699540,"WGS84",5.1,1637.9,0.1,"2014-05-22","2014-06-05",1,"BET.CPER_001.2014.01","CPER_001.N.20140605",14,"ok","ok","low","Y","NEON.DOC.014050","XXW8BqPXtz8Ncjf8bOi7gc6Hj7+NVXsl",,0,0,0
"EF8B502297044553BA7BF6DC3CDB11C5","D10","CPER","CPER_003","W","grasslandHerbaceous",40.818452,-104.707406,"WGS84",5.1,1623.8,0.1,"2014-05-22","2014-06-05",1,"BET.CPER_003.2014.01","CPER_003.W.20140605",14,"ok","ok","high","Y","NEON.DOC.014050","XXW8BqPXtz8Ncjf8bOi7gc6Hj7+NVXsl",,0,0,0
"1DE866323215428197CC21E53B165E54","D10","CPER","CPER_003","N","grasslandHerbaceous",40.818631,-104.707168,"WGS84",5.1,1623.8,0.1,"2014-05-22","2014-06-05",1,"BET.CPER_003.2014.01","CPER_003.N.20140605",14,"ok","ok","ok","Y","NEON.DOC.014050","XXW8BqPXtz8Ncjf8bOi7gc6Hj7+NVXsl",,0,0,0
"C6BF2C441E78436ABE35F83F33101849","D10","CPER","CPER_003","S","grasslandHerbaceous",40.818271,-104.707170,"WGS84",5.1,1623.8,0.1,"2014-05-22","2014-06-05",1,"BET.CPER_003.2014.01","CPER_003.S.20140605",14,"ok","ok","high","Y","NEON.DOC.014050","XXW8BqPXtz8Ncjf8bOi7gc6Hj7+NVXsl",,0,0,0
"6D35B96E5AB647D888D84434AEDBD9C0","D10","CPER","CPER_003","W","grasslandHerbaceous",40.818451,-104.707401,"WGS84",1.1,0.0,0.1,"2014-06-05","2014-06-19",2,"BET.CPER_003.2014.02","CPER_003.W.20140619",14,"disturbed","disturbed","low","Y","NEON.DOC.014050","XXW8BqPXtz8Ncjf8bOi7gc6Hj7+NVXsl","Trap was disturbed and no fluid present",0,0,0
"F025362A2ECD4DAC935D8EBE98C08F4A","D10","CPER","CPER_006","E","grasslandHerbaceous",40.814768,-104.747841,"WGS84",1.1,0.0,0.1,"2014-06-05","2014-06-19",2,"BET.CPER_006.2014.02","CPER_006.E.20140619",14,"ok","ok","ok","Y","NEON.DOC.014050","XXW8BqPXtz8Ncjf8bOi7gc6Hj7+NVXsl",,0,0,0
"6E68762D240341929946F69A3719F87B","D10","CPER","CPER_006","N","grasslandHerbaceous",40.814949,-104.748077,"WGS84",1.1,0.0,0.1,"2014-06-05","2014-06-19",2,"BET.CPER_006.2014.02","CPER_006.N.20140619",14,"ok","ok","ok","Y","NEON.DOC.014050","XXW8BqPXtz8Ncjf8bOi7gc6Hj7+NVXsl",,0,0,0
"ACC5FB98FC3F4AF5A7F7CBD27B90B041","D10","CPER","CPER_006","W","grasslandHerbaceous",40.814769,-104.748315,"WGS84",1.1,0.0,0.1,"2014-06-05","2014-06-19",2,"BET.CPER_006.2014.02","CPER_006.W.20140619",14,"ok","ok","ok","Y","NEON.DOC.014050","XXW8BqPXtz8Ncjf8bOi7gc6Hj7+NVXsl",,0,0,0
"197D911944684C6DABCDDCA7CA8AB220","D10","CPER","CPER_006","S","grasslandHerbaceous",40.814588,-104.748079,"WGS84",1.1,0.0,0.1,"2014-06-05","2014-06-19",2,"BET.CPER_006.2014.02","CPER_006.S.20140619",14,"ok","ok","low","Y","NEON.DOC.014050","XXW8BqPXtz8Ncjf8bOi7gc6Hj7+NVXsl",,0,0,0
"C47D1DA2316E432894B0D0A2CC4BAC4A","D10","CPER","CPER_005","E","grasslandHerbaceous",40.853093,-104.727769,"WGS84",1.1,0.0,0.1,"2014-06-05","2014-06-19",2,"BET.CPER_005.2014.02","CPER_005.E.20140619",14,"ok","ok","ok","Y","NEON.DOC.014050","XXW8BqPXtz8Ncjf8bOi7gc6Hj7+NVXsl",,0,0,0
"DDD35742B01E4A98968606B1C158FE9E","D10","CPER","CPER_005","S","grasslandHerbaceous",40.852913,-104.728007,"WGS84",1.1,0.0,0.1,"2014-06-05","2014-06-19",2,"BET.CPER_005.2014.02","CPER_005.S.20140619",14,"ok","ok","ok","Y","NEON.DOC.014050","XXW8BqPXtz8Ncjf8bOi7gc6Hj7+NVXsl",,0,0,0
"68C9348D5ADD422580413B957077625F","D10","CPER","CPER_005","W","grasslandHerbaceous",40.853094,-104.728244,"WGS84",1.1,0.0,0.1,"2014-06-05","2014-06-19",2,"BET.CPER_005.2014.02","CPER_005.W.20140619",14,"ok","ok","ok","Y","NEON.DOC.014050","XXW8BqPXtz8Ncjf8bOi7gc6Hj7+NVXsl",,0,0,0
"973DBB7D3ED44D378784DF6E2CF90D4C","D10","CPER","CPER_005","N","grasslandHerbaceous",40.853273,-104.728006,"WGS84",1.1,0.0,0.1,"2014-06-05","2014-06-19",2,"BET.CPER_005.2014.02","CPER_005.N.20140619",14,"ok","ok","ok","Y","NEON.DOC.014050","XXW8BqPXtz8Ncjf8bOi7gc6Hj7+NVXsl",,0,0,0
"5E2B968F0D0840B2A83DD3B1940E4DC5","D10","CPER","CPER_010","N","grasslandHerbaceous",40.850190,-104.681397,"WGS84",1.1,0.0,0.1,"2014-06-05","2014-06-19",2,"BET.CPER_010.2014.02","CPER_010.N.20140619",14,"ok","ok","ok","Y","NEON.DOC.014050","XXW8BqPXtz8Ncjf8bOi7gc6Hj7+NVXsl",,0,0,0
"B3F8319BD1A64616926D7A45B01105FF","D10","CPER","CPER_010","E","grasslandHerbaceous",40.850009,-104.681161,"WGS84",1.1,0.0,0.1,"2014-06-05","2014-06-19",2,"BET.CPER_010.2014.02","CPER_010.E.20140619",14,"ok","ok","ok","Y","NEON.DOC.014050","XXW8BqPXtz8Ncjf8bOi7gc6Hj7+NVXsl",,0,0,0
"95B0483FE3CC40D7B8474BCF6BA068CA","D10","CPER","CPER_010","S","grasslandHerbaceous",40.849829,-104.681399,"WGS84",1.1,0.0,0.1,"2014-06-05","2014-06-19",2,"BET.CPER_010.2014.02","CPER_010.S.20140619",14,"ok","ok","low","Y","NEON.DOC.014050","XXW8BqPXtz8Ncjf8bOi7gc6Hj7+NVXsl",,0,0,0
"C83F880A62AD4FE7BA2DC95E55E68ED3","D10","CPER","CPER_010","W","grasslandHerbaceous",40.850010,-104.681636,"WGS84",1.1,0.0,0.1,"2014-06-05","2014-06-19",2,"BET.CPER_010.2014.02","CPER_010.W.20140619",14,"ok","ok","low","Y","NEON.DOC.014050","XXW8BqPXtz8Ncjf8bOi7gc6Hj7+NVXsl",,0,0,0
"D1B7DB9AEFDB4593808884F10AB80F33","D10","CPER","CPER_009","W","grasslandHerbaceous",40.826121,-104.746140,"WGS84",1.1,0.0,0.1,"2014-06-05","2014-06-19",2,"BET.CPER_009.2014.02","CPER_009.W.20140619",14,"ok","ok","ok","Y","NEON.DOC.014050","XXW8BqPXtz8Ncjf8bOi7gc6Hj7+NVXsl",,0,0,0
"454637A1105F439397BC121C983EA36C","D10","CPER","CPER_009","S","grasslandHerbaceous",40.825940,-104.745904,"WGS84",1.1,0.0,0.1,"2014-06-05","2014-06-19",2,"BET.CPER_009.2014.02","CPER_009.S.20140619",14,"ok","ok","low","Y","NEON.DOC.014050","XXW8BqPXtz8Ncjf8bOi7gc6Hj7+NVXsl",,0,0,0
"0B329C7EDCC5468AA1687B7AA91F5739","D10","CPER","CPER_009","E","grasslandHerbaceous",40.826120,-104.745666,"WGS84",1.1,0.0,0.1,"2014-06-05","2014-06-19",2,"BET.CPER_009.2014.02","CPER_009.E.20140619",14,"ok","ok","ok","Y","NEON.DOC.014050","XXW8BqPXtz8Ncjf8bOi7gc6Hj7+NVXsl",,0,0,0
"45F1284CA8A141E49CD2F4A08CB4D66F","D10","CPER","CPER_009","N","grasslandHerbaceous",40.826300,-104.745902,"WGS84",1.1,0.0,0.1,"2014-06-05","2014-06-19",2,"BET.CPER_009.2014.02","CPER_009.N.20140619",14,"ok","ok","ok","Y","NEON.DOC.014050","XXW8BqPXtz8Ncjf8bOi7gc6Hj7+NVXsl",,0,0,0
"96B325C6E63C4F48B927A98AA38BB9BA","D10","CPER","CPER_007","S","grasslandHerbaceous",40.861735,-104.683833,"WGS84",1.1,0.0,0.1,"2014-06-05","2014-06-19",2,"BET.CPER_007.2014.02","CPER_007.S.20140619",14,"ok","ok",,"Y","NEON.DOC.014050","XXW8BqPXtz8Ncjf8bOi7gc6Hj7+NVXsl",,0,0,0
"290B61DA77D2406DA4C4CE23456B8DB2","D10","CPER","CPER_007","E","grasslandHerbaceous",40.861914,-104.683595,"WGS84",1.1,0.0,0.1,"2014-06-05","2014-06-19",2,"BET.CPER_007.2014.02","CPER_007.E.20140619",14,"ok","ok","low","Y","NEON.DOC.014050","XXW8BqPXtz8Ncjf8bOi7gc6Hj7+NVXsl",,0,0,0
"EA1E3CBD53E0485AA98BB426D1B04C22","D10","CPER","CPER_007","N","grasslandHerbaceous",40.862095,-104.683831,"WGS84",1.1,0.0,0.1,"2014-06-05","2014-06-19",2,"BET.CPER_007.2014.02","CPER_007.N.20140619",14,"ok","ok","ok","Y","NEON.DOC.014050","XXW8BqPXtz8Ncjf8bOi7gc6Hj7+NVXsl",,0,0,0
"29BD2A46989A4E97994A1D6B4573F4D0","D10","CPER","CPER_007","W","grasslandHerbaceous",40.861916,-104.684070,"WGS84",1.1,0.0,0.1,"2014-06-05","2014-06-19",2,"BET.CPER_007.2014.02","CPER_007.W.20140619",14,"ok","ok",,"Y","NEON.DOC.014050","XXW8BqPXtz8Ncjf8bOi7gc6Hj7+NVXsl",,0,0,0
"DFF6536A0B854CF4B58F0A369E73DC04","D10","CPER","CPER_008","W","grasslandHerbaceous",40.798822,-104.749449,"WGS84",1.1,0.0,0.1,"2014-06-05","2014-06-19",2,"BET.CPER_008.2014.02","CPER_008.W.20140619",14,"ok","ok","ok","Y","NEON.DOC.014050","XXW8BqPXtz8Ncjf8bOi7gc6Hj7+NVXsl",,0,0,0
"90FF93D7B2244C1D8C9C87B9C94B5F08","D10","CPER","CPER_008","E","grasslandHerbaceous",40.798821,-104.748975,"WGS84",1.1,0.0,0.1,"2014-06-05","2014-06-19",2,"BET.CPER_008.2014.02","CPER_008.E.20140619",14,"ok","ok","ok","Y","NEON.DOC.014050","XXW8BqPXtz8Ncjf8bOi7gc6Hj7+NVXsl",,0,0,0
"74058732BB8D49099E74A6CFFC533F3B","D10","CPER","CPER_008","S","grasslandHerbaceous",40.798642,-104.749212,"WGS84",1.1,0.0,0.1,"2014-06-05","2014-06-19",2,"BET.CPER_008.2014.02","CPER_008.S.20140619",14,"ok","ok","ok","Y","NEON.DOC.014050","XXW8BqPXtz8Ncjf8bOi7gc6Hj7+NVXsl",,0,0,0
"26C008C197CC482FB8EDB9CB00F2DF38","D10","CPER","CPER_008","N","grasslandHerbaceous",40.799002,-104.749211,"WGS84",1.1,0.0,0.1,"2014-06-05","2014-06-19",2,"BET.CPER_008.2014.02","CPER_008.N.20140619",14,"ok","ok","ok","Y","NEON.DOC.014050","XXW8BqPXtz8Ncjf8bOi7gc6Hj7+NVXsl",,0,0,0
"2BC87FD7F16D450A8CCAA6D2F93FD2A7","D10","CPER","CPER_004","W","grasslandHerbaceous",40.812750,-104.697110,"WGS84",1.1,0.0,0.1,"2014-06-05","2014-06-19",2,"BET.CPER_004.2014.02","CPER_004.W.20140619",14,"ok","ok","low","Y","NEON.DOC.014050","XXW8BqPXtz8Ncjf8bOi7gc6Hj7+NVXsl",,0,0,0
"F1908A044EE0484782790D5292FD8B20","D10","CPER","CPER_004","E","grasslandHerbaceous",40.812749,-104.696636,"WGS84",1.1,0.0,0.1,"2014-06-05","2014-06-19",2,"BET.CPER_004.2014.02","CPER_004.E.20140619",14,"ok","ok","ok","Y","NEON.DOC.014050","XXW8BqPXtz8Ncjf8bOi7gc6Hj7+NVXsl",,0,0,0
"D160BCD7CB9448A3A4090036B68B01B7","D10","CPER","CPER_004","N","grasslandHerbaceous",40.812930,-104.696872,"WGS84",1.1,0.0,0.1,"2014-06-05","2014-06-19",2,"BET.CPER_004.2014.02","CPER_004.N.20140619",14,"ok","ok","low","Y","NEON.DOC.014050","XXW8BqPXtz8Ncjf8bOi7gc6Hj7+NVXsl",,0,0,0
"41E415117AD443DCBF06B01E53E9A78C","D10","CPER","CPER_004","S","grasslandHerbaceous",40.812569,-104.696874,"WGS84",1.1,0.0,0.1,"2014-06-05","2014-06-19",2,"BET.CPER_004.2014.02","CPER_004.S.20140619",14,"ok","ok","low","Y","NEON.DOC.014050","XXW8BqPXtz8Ncjf8bOi7gc6Hj7+NVXsl",,0,0,0
"7D8F33998F824EA0B832C635B5756D70","D10","CPER","CPER_002","S","grasslandHerbaceous",40.810754,-104.729249,"WGS84",1.1,0.0,0.1,"2014-06-05","2014-06-19",2,"BET.CPER_002.2014.02","CPER_002.S.20140619",14,"ok","ok","ok","Y","NEON.DOC.014050","XXW8BqPXtz8Ncjf8bOi7gc6Hj7+NVXsl",,0,0,0
"AF33B43BD9E24F89933CA5B9B03D7397","D10","CPER","CPER_002","W","grasslandHerbaceous",40.810935,-104.729485,"WGS84",1.1,0.0,0.1,"2014-06-05","2014-06-19",2,"BET.CPER_002.2014.02","CPER_002.W.20140619",14,"ok","ok","ok","Y","NEON.DOC.014050","XXW8BqPXtz8Ncjf8bOi7gc6Hj7+NVXsl",,0,0,0
"CB259757C5564798AFA53834BE61CAAD","D10","CPER","CPER_002","E","grasslandHerbaceous",40.810934,-104.729011,"WGS84",1.1,0.0,0.1,"2014-06-05","2014-06-19",2,"BET.CPER_002.2014.02","CPER_002.E.20140619",14,"ok","ok","ok","Y","NEON.DOC.014050","XXW8BqPXtz8Ncjf8bOi7gc6Hj7+NVXsl",,0,0,0
"9D2F75E9B66D4A12B1E618D9BCBDBA44","D10","CPER","CPER_002","N","grasslandHerbaceous",40.811114,-104.729247,"WGS84",1.1,0.0,0.1,"2014-06-05","2014-06-19",2,"BET.CPER_002.2014.02","CPER_002.N.20140619",14,"ok","ok","ok","Y","NEON.DOC.014050","XXW8BqPXtz8Ncjf8bOi7gc6Hj7+NVXsl",,0,0,0
"C23526A621BA427884FF5C1EDBACE6B0","D10","CPER","CPER_001","W","grasslandHerbaceous",40.850866,-104.699772,"WGS84",1.1,0.0,0.1,"2014-06-05","2014-06-19",2,"BET.CPER_001.2014.02","CPER_001.W.20140619",14,"ok","ok","low","Y","NEON.DOC.014050","XXW8BqPXtz8Ncjf8bOi7gc6Hj7+NVXsl",,0,0,0
"552F931F0CE24F32B3F89BA8C65E4050","D10","CPER","CPER_001","E","grasslandHerbaceous",40.850865,-104.699297,"WGS84",1.1,0.0,0.1,"2014-06-05","2014-06-19",2,"BET.CPER_001.2014.02","CPER_001.E.20140619",14,"ok","ok","ok","Y","NEON.DOC.014050","XXW8BqPXtz8Ncjf8bOi7gc6Hj7+NVXsl",,0,0,0
"DF2DFDC42CA546A6BEC0DF8F269646A9","D10","CPER","CPER_001","N","grasslandHerbaceous",40.851046,-104.699534,"WGS84",1.1,0.0,0.1,"2014-06-05","2014-06-19",2,"BET.CPER_001.2014.02","CPER_001.N.20140619",14,"ok","ok","low","Y","NEON.DOC.014050","XXW8BqPXtz8Ncjf8bOi7gc6Hj7+NVXsl",,0,0,0
"4A34E683068E4DAD98C2C8F3BE9967BC","D10","CPER","CPER_001","S","grasslandHerbaceous",40.850685,-104.699535,"WGS84",1.1,0.0,0.1,"2014-06-05","2014-06-19",2,"BET.CPER_001.2014.02","CPER_001.S.20140619",14,"ok","ok","ok","Y","NEON.DOC.014050","XXW8BqPXtz8Ncjf8bOi7gc6Hj7+NVXsl",,0,0,0
"E653305E47E94FC892E44ACD1E8AAF9A","D10","CPER","CPER_003","N","grasslandHerbaceous",40.818631,-104.707163,"WGS84",1.1,0.0,0.1,"2014-06-05","2014-06-19",2,"BET.CPER_003.2014.02","CPER_003.N.20140619",14,"ok","ok","ok","Y","NEON.DOC.014050","XXW8BqPXtz8Ncjf8bOi7gc6Hj7+NVXsl",,0,0,0
"8775D5FE407A45ACAF7EB72B2C1922AE","D10","CPER","CPER_003","E","grasslandHerbaceous",40.818450,-104.706927,"WGS84",1.1,0.0,0.1,"2014-06-05","2014-06-19",2,"BET.CPER_003.2014.02","CPER_003.E.20140619",14,"ok","ok","ok","Y","NEON.DOC.014050","XXW8BqPXtz8Ncjf8bOi7gc6Hj7+NVXsl",,0,0,0
"A32E4463C69F41BF9404DF8DDE8261AE","D10","CPER","CPER_003","S","grasslandHerbaceous",40.818271,-104.707165,"WGS84",1.1,0.0,0.1,"2014-06-05","2014-06-19",2,"BET.CPER_003.2014.02","CPER_003.S.20140619",14,"ok","ok","ok","Y","NEON.DOC.014050","XXW8BqPXtz8Ncjf8bOi7gc6Hj7+NVXsl",,0,0,0
"DE1CC097FD2A471E8BB023A4BE0EDBB4","D10","CPER","CPER_003","E","grasslandHerbaceous",40.818450,-104.706927,"WGS84",1.1,0.0,0.1,"2014-06-19","2014-07-03",3,"BET.CPER_003.2014.03","CPER_003.E.20140703",14,"ok","ok","ok","Y","NEON.DOC.014050","XXW8BqPXtz8Ncjf8bOi7gc6Hj7+NVXsl",,0,0,0
"554CD998AB164095890EDD1CA254C07E","D10","CPER","CPER_006","N","grasslandHerbaceous",40.814949,-104.748077,"WGS84",1.1,0.0,0.1,"2014-06-19","2014-07-03",3,"BET.CPER_006.2014.03","CPER_006.N.20140703",14,"ok","ok","high","Y","NEON.DOC.014050","XXW8BqPXtz8Ncjf8bOi7gc6Hj7+NVXsl",,0,0,0
"569EDDC1630C45559BA398FF557C192F","D10","CPER","CPER_006","S","grasslandHerbaceous",40.814588,-104.748079,"WGS84",1.1,0.0,0.1,"2014-06-19","2014-07-03",3,"BET.CPER_006.2014.03","CPER_006.S.20140703",14,"ok","ok","high","Y","NEON.DOC.014050","XXW8BqPXtz8Ncjf8bOi7gc6Hj7+NVXsl",,0,0,0
"3C0A2CDA6CD54A2FB32704FBCAD84C73","D10","CPER","CPER_006","W","grasslandHerbaceous",40.814769,-104.748315,"WGS84",1.1,0.0,0.1,"2014-06-19","2014-07-03",3,"BET.CPER_006.2014.03","CPER_006.W.20140703",14,"ok","ok","high","Y","NEON.DOC.014050","XXW8BqPXtz8Ncjf8bOi7gc6Hj7+NVXsl",,0,0,0
"F4E60852B8184A76B182B90341AA951B","D10","CPER","CPER_006","E","grasslandHerbaceous",40.814768,-104.747841,"WGS84",1.1,0.0,0.1,"2014-06-19","2014-07-03",3,"BET.CPER_006.2014.03","CPER_006.E.20140703",14,"ok","ok","high","Y","NEON.DOC.014050","XXW8BqPXtz8Ncjf8bOi7gc6Hj7+NVXsl",,0,0,0
"B3C180029AA54E62821E3D119520D17C","D10","CPER","CPER_005","S","grasslandHerbaceous",40.852913,-104.728007,"WGS84",1.1,0.0,0.1,"2014-06-19","2014-07-03",3,"BET.CPER_005.2014.03","CPER_005.S.20140703",14,"ok","ok","high","Y","NEON.DOC.014050","XXW8BqPXtz8Ncjf8bOi7gc6Hj7+NVXsl",,0,0,0
"643CF1E3FA5C4FC2AC398D078115D6EC","D10","CPER","CPER_005","N","grasslandHerbaceous",40.853273,-104.728006,"WGS84",1.1,0.0,0.1,"2014-06-19","2014-07-03",3,"BET.CPER_005.2014.03","CPER_005.N.20140703",14,"ok","ok","low","Y","NEON.DOC.014050","XXW8BqPXtz8Ncjf8bOi7gc6Hj7+NVXsl",,0,0,0
"EB5265CAEECF43DDB02826D92CDC31F5","D10","CPER","CPER_005","E","grasslandHerbaceous",40.853093,-104.727769,"WGS84",1.1,0.0,0.1,"2014-06-19","2014-07-03",3,"BET.CPER_005.2014.03","CPER_005.E.20140703",14,"ok","ok","low","Y","NEON.DOC.014050","XXW8BqPXtz8Ncjf8bOi7gc6Hj7+NVXsl",,0,0,0
"19895968E8D44AD894466FE79DFB380E","D10","CPER","CPER_005","W","grasslandHerbaceous",40.853094,-104.728244,"WGS84",1.1,0.0,0.1,"2014-06-19","2014-07-03",3,"BET.CPER_005.2014.03","CPER_005.W.20140703",14,"ok","ok","ok","Y","NEON.DOC.014050","XXW8BqPXtz8Ncjf8bOi7gc6Hj7+NVXsl",,0,0,0
"D6F05381F0AC4516A3E273221A1F5D96","D10","CPER","CPER_010","W","grasslandHerbaceous",40.850010,-104.681636,"WGS84",1.1,0.0,0.1,"2014-06-19","2014-07-03",3,"BET.CPER_010.2014.03","CPER_010.W.20140703",14,"ok","ok","high","Y","NEON.DOC.014050","XXW8BqPXtz8Ncjf8bOi7gc6Hj7+NVXsl",,0,0,0
"27B38BBFE46B40B3996583B58F44A247","D10","CPER","CPER_010","S","grasslandHerbaceous",40.849829,-104.681399,"WGS84",1.1,0.0,0.1,"2014-06-19","2014-07-03",3,"BET.CPER_010.2014.03","CPER_010.S.20140703",14,"ok","ok","ok","Y","NEON.DOC.014050","XXW8BqPXtz8Ncjf8bOi7gc6Hj7+NVXsl",,0,0,0
"9684C90A59BD4F328EB156D9846A3604","D10","CPER","CPER_010","N","grasslandHerbaceous",40.850190,-104.681397,"WGS84",1.1,0.0,0.1,"2014-06-19","2014-07-03",3,"BET.CPER_010.2014.03","CPER_010.N.20140703",14,"ok","ok","ok","Y","NEON.DOC.014050","XXW8BqPXtz8Ncjf8bOi7gc6Hj7+NVXsl",,0,0,0
"054AEDEFA97E41B185B9405E488D71AF","D10","CPER","CPER_010","E","grasslandHerbaceous",40.850009,-104.681161,"WGS84",1.1,0.0,0.1,"2014-06-19","2014-07-03",3,"BET.CPER_010.2014.03","CPER_010.E.20140703",14,"ok","ok","ok","Y","NEON.DOC.014050","XXW8BqPXtz8Ncjf8bOi7gc6Hj7+NVXsl",,0,0,0
"71E9FCD695D040DAB7199A74ADC0ECF4","D10","CPER","CPER_009","S","grasslandHerbaceous",40.825940,-104.745904,"WGS84",1.1,0.0,0.1,"2014-06-19","2014-07-03",3,"BET.CPER_009.2014.03","CPER_009.S.20140703",14,"ok","ok","ok","Y","NEON.DOC.014050","XXW8BqPXtz8Ncjf8bOi7gc6Hj7+NVXsl",,0,0,0
"7E71F10A1A1C4424833FE5D6A48E998D","D10","CPER","CPER_009","E","grasslandHerbaceous",40.826120,-104.745666,"WGS84",1.1,0.0,0.1,"2014-06-19","2014-07-03",3,"BET.CPER_009.2014.03","CPER_009.E.20140703",14,"ok","ok","ok","Y","NEON.DOC.014050","XXW8BqPXtz8Ncjf8bOi7gc6Hj7+NVXsl",,0,0,0
"71316FD7594146989A131D70C60F4E68","D10","CPER","CPER_009","W","grasslandHerbaceous",40.826121,-104.746140,"WGS84",1.1,0.0,0.1,"2014-06-19","2014-07-03",3,"BET.CPER_009.2014.03","CPER_009.W.20140703",14,"ok","ok","ok","Y","NEON.DOC.014050","XXW8BqPXtz8Ncjf8bOi7gc6Hj7+NVXsl",,0,0,0
"73DF316118A84F62AD6B50893B0C7921","D10","CPER","CPER_009","N","grasslandHerbaceous",40.826300,-104.745902,"WGS84",1.1,0.0,0.1,"2014-06-19","2014-07-03",3,"BET.CPER_009.2014.03","CPER_009.N.20140703",14,"ok","ok","ok","Y","NEON.DOC.014050","XXW8BqPXtz8Ncjf8bOi7gc6Hj7+NVXsl",,0,0,0
"D91563C134B04E0EB33BA19C0C6361C5","D10","CPER","CPER_007","S","grasslandHerbaceous",40.861735,-104.683833,"WGS84",1.1,0.0,0.1,"2014-06-19","2014-07-03",3,"BET.CPER_007.2014.03","CPER_007.S.20140703",14,"ok","ok","ok","Y","NEON.DOC.014050","XXW8BqPXtz8Ncjf8bOi7gc6Hj7+NVXsl",,0,0,0
"9C2A5240D8AE4C2B9B4DF49F2FA99777","D10","CPER","CPER_007","W","grasslandHerbaceous",40.861916,-104.684070,"WGS84",1.1,0.0,0.1,"2014-06-19","2014-07-03",3,"BET.CPER_007.2014.03","CPER_007.W.20140703",14,"ok","ok","ok","Y","NEON.DOC.014050","XXW8BqPXtz8Ncjf8bOi7gc6Hj7+NVXsl",,0,0,0
"2F6441ADD13748359557D37BC4858E60","D10","CPER","CPER_007","E","grasslandHerbaceous",40.861914,-104.683595,"WGS84",1.1,0.0,0.1,"2014-06-19","2014-07-03",3,"BET.CPER_007.2014.03","CPER_007.E.20140703",14,"ok","ok","ok","Y","NEON.DOC.014050","XXW8BqPXtz8Ncjf8bOi7gc6Hj7+NVXsl",,0,0,0
"7D73BEDE5F144F80A48779FFC0B789D8","D10","CPER","CPER_007","N","grasslandHerbaceous",40.862095,-104.683831,"WGS84",1.1,0.0,0.1,"2014-06-19","2014-07-03",3,"BET.CPER_007.2014.03","CPER_007.N.20140703",14,"ok","ok","low","Y","NEON.DOC.014050","XXW8BqPXtz8Ncjf8bOi7gc6Hj7+NVXsl",,0,0,0
"16B2A004348B43339DFB7D704B326B47","D10","CPER","CPER_008","N","grasslandHerbaceous",40.799002,-104.749211,"WGS84",1.1,0.0,0.1,"2014-06-19","2014-07-03",3,"BET.CPER_008.2014.03","CPER_008.N.20140703",14,"ok","ok","high","Y","NEON.DOC.014050","XXW8BqPXtz8Ncjf8bOi7gc6Hj7+NVXsl",,0,0,0
"2C9ABC8740EB492FB7DFE73CB0C11A86","D10","CPER","CPER_008","W","grasslandHerbaceous",40.798822,-104.749449,"WGS84",1.1,0.0,0.1,"2014-06-19","2014-07-03",3,"BET.CPER_008.2014.03","CPER_008.W.20140703",14,"ok","ok","ok","Y","NEON.DOC.014050","XXW8BqPXtz8Ncjf8bOi7gc6Hj7+NVXsl",,0,0,0
"902EFB22C24C4DFCB15EEBF0D7CBC3D5","D10","CPER","CPER_008","E","grasslandHerbaceous",40.798821,-104.748975,"WGS84",1.1,0.0,0.1,"2014-06-19","2014-07-03",3,"BET.CPER_008.2014.03","CPER_008.E.20140703",14,"ok","ok","ok","Y","NEON.DOC.014050","XXW8BqPXtz8Ncjf8bOi7gc6Hj7+NVXsl",,0,0,0
"D524A64EEDD244D58F0200FEF6BAD91C","D10","CPER","CPER_008","S","grasslandHerbaceous",40.798642,-104.749212,"WGS84",1.1,0.0,0.1,"2014-06-19","2014-07-03",3,"BET.CPER_008.2014.03","CPER_008.S.20140703",14,"ok","ok","ok","Y","NEON.DOC.014050","XXW8BqPXtz8Ncjf8bOi7gc6Hj7+NVXsl",,0,0,0
"FD4953347DB641E79DA6FB30B2622F26","D10","CPER","CPER_004","S","grasslandHerbaceous",40.812569,-104.696874,"WGS84",1.1,0.0,0.1,"2014-06-19","2014-07-03",3,"BET.CPER_004.2014.03","CPER_004.S.20140703",14,"ok","ok","ok","Y","NEON.DOC.014050","XXW8BqPXtz8Ncjf8bOi7gc6Hj7+NVXsl",,0,0,0
"3E0F6C2F1777437590E45302560E0BED","D10","CPER","CPER_004","W","grasslandHerbaceous",40.812750,-104.697110,"WGS84",1.1,0.0,0.1,"2014-06-19","2014-07-03",3,"BET.CPER_004.2014.03","CPER_004.W.20140703",14,"ok","ok","ok","Y","NEON.DOC.014050","XXW8BqPXtz8Ncjf8bOi7gc6Hj7+NVXsl",,0,0,0
"7F66E0C9C89C4B9A96D65C7E426BC304","D10","CPER","CPER_004","N","grasslandHerbaceous",40.812930,-104.696872,"WGS84",1.1,0.0,0.1,"2014-06-19","2014-07-03",3,"BET.CPER_004.2014.03","CPER_004.N.20140703",14,"ok","ok","ok","Y","NEON.DOC.014050","XXW8BqPXtz8Ncjf8bOi7gc6Hj7+NVXsl",,0,0,0
"BDFD6F9116864C8FB2943636DDFF7E4A","D10","CPER","CPER_004","E","grasslandHerbaceous",40.812749,-104.696636,"WGS84",1.1,0.0,0.1,"2014-06-19","2014-07-03",3,"BET.CPER_004.2014.03","CPER_004.E.20140703",14,"ok","ok","ok","Y","NEON.DOC.014050","XXW8BqPXtz8Ncjf8bOi7gc6Hj7+NVXsl",,0,0,0
"AAC07890F3A542C295EECEC1CC9FFE32","D10","CPER","CPER_002","W","grasslandHerbaceous",40.810935,-104.729485,"WGS84",1.1,0.0,0.1,"2014-06-19","2014-07-03",3,"BET.CPER_002.2014.03","CPER_002.W.20140703",14,"ok","ok","ok","Y","NEON.DOC.014050","XXW8BqPXtz8Ncjf8bOi7gc6Hj7+NVXsl",,0,0,0
"6713B17D99AB49E993C7E60F0948DBC2","D10","CPER","CPER_002","N","grasslandHerbaceous",40.811114,-104.729247,"WGS84",1.1,0.0,0.1,"2014-06-19","2014-07-03",3,"BET.CPER_002.2014.03","CPER_002.N.20140703",14,"ok","ok","ok","Y","NEON.DOC.014050","XXW8BqPXtz8Ncjf8bOi7gc6Hj7+NVXsl",,0,0,0
"A4528FBE276E46DA85247E4A92B50963","D10","CPER","CPER_002","S","grasslandHerbaceous",40.810754,-104.729249,"WGS84",1.1,0.0,0.1,"2014-06-19","2014-07-03",3,"BET.CPER_002.2014.03","CPER_002.S.20140703",14,"ok","ok","ok","Y","NEON.DOC.014050","XXW8BqPXtz8Ncjf8bOi7gc6Hj7+NVXsl",,0,0,0
"4A05A05CBCD5471B805EBF10D109DB7D","D10","CPER","CPER_002","E","grasslandHerbaceous",40.810934,-104.729011,"WGS84",1.1,0.0,0.1,"2014-06-19","2014-07-03",3,"BET.CPER_002.2014.03","CPER_002.E.20140703",14,"ok","ok","ok","Y","NEON.DOC.014050","XXW8BqPXtz8Ncjf8bOi7gc6Hj7+NVXsl",,0,0,0
"D31254F434384CDF9FD276A0F6B13DA3","D10","CPER","CPER_001","W","grasslandHerbaceous",40.850866,-104.699772,"WGS84",1.1,0.0,0.1,"2014-06-19","2014-07-03",3,"BET.CPER_001.2014.03","CPER_001.W.20140703",14,"ok","ok","ok","Y","NEON.DOC.014050","XXW8BqPXtz8Ncjf8bOi7gc6Hj7+NVXsl",,0,0,0
"BFC6ACFA4112435FA07795B95752C3C5","D10","CPER","CPER_001","N","grasslandHerbaceous",40.851046,-104.699534,"WGS84",1.1,0.0,0.1,"2014-06-19","2014-07-03",3,"BET.CPER_001.2014.03","CPER_001.N.20140703",14,"ok","disturbed","ok","Y","NEON.DOC.014050","XXW8BqPXtz8Ncjf8bOi7gc6Hj7+NVXsl","Lid pressed flush with soil surface",0,0,0
"7D5888DD9B3A4E43AEFA096DA9CE74EE","D10","CPER","CPER_001","E","grasslandHerbaceous",40.850865,-104.699297,"WGS84",1.1,0.0,0.1,"2014-06-19","2014-07-03",3,"BET.CPER_001.2014.03","CPER_001.E.20140703",14,"ok","ok","ok","Y","NEON.DOC.014050","XXW8BqPXtz8Ncjf8bOi7gc6Hj7+NVXsl",,0,0,0
"7E3584152A3D4D2AAFFD654126EB2B51","D10","CPER","CPER_001","S","grasslandHerbaceous",40.850685,-104.699535,"WGS84",1.1,0.0,0.1,"2014-06-19","2014-07-03",3,"BET.CPER_001.2014.03","CPER_001.S.20140703",14,"ok","ok","ok","Y","NEON.DOC.014050","XXW8BqPXtz8Ncjf8bOi7gc6Hj7+NVXsl",,0,0,0
"B3156C4251584DF6AAC03E89C5B44B83","D10","CPER","CPER_003","W","grasslandHerbaceous",40.818451,-104.707401,"WGS84",1.1,0.0,0.1,"2014-06-19","2014-07-03",3,"BET.CPER_003.2014.03","CPER_003.W.20140703",14,"ok","ok","ok","Y","NEON.DOC.014050","XXW8BqPXtz8Ncjf8bOi7gc6Hj7+NVXsl",,0,0,0
"EFCF3098698B41B4B8E32478B3861632","D10","CPER","CPER_003","S","grasslandHerbaceous",40.818271,-104.707165,"WGS84",1.1,0.0,0.1,"2014-06-19","2014-07-03",3,"BET.CPER_003.2014.03","CPER_003.S.20140703",14,"ok","ok","high","Y","NEON.DOC.014050","XXW8BqPXtz8Ncjf8bOi7gc6Hj7+NVXsl",,0,0,0
"EE768207ADB84C53BC7D4B734C2BEF60","D10","CPER","CPER_003","N","grasslandHerbaceous",40.818631,-104.707163,"WGS84",1.1,0.0,0.1,"2014-06-19","2014-07-03",3,"BET.CPER_003.2014.03","CPER_003.N.20140703",14,"ok","ok","ok","Y","NEON.DOC.014050","XXW8BqPXtz8Ncjf8bOi7gc6Hj7+NVXsl",,0,0,0
"8924F352808F496195810882D42FC3FA","D10","CPER","CPER_003","W","grasslandHerbaceous",40.818451,-104.707401,"WGS84",1.1,0.0,0.1,"2014-07-03","2014-07-17",4,"BET.CPER_003.2014.04","CPER_003.W.20140717",14,"ok","ok","ok","Y","NEON.DOC.014050","P+EeY8owwbjzXaiaPoIJpc6mcpR6iWBh",,0,0,0
"06C5079845F0456D8C1271186F9608F5","D10","CPER","CPER_006","E","grasslandHerbaceous",40.814768,-104.747841,"WGS84",1.1,0.0,0.1,"2014-07-03","2014-07-17",4,"BET.CPER_006.2014.04","CPER_006.E.20140717",14,"ok","ok","ok","Y","NEON.DOC.014050","P+EeY8owwbjzXaiaPoIJpc6mcpR6iWBh",,0,0,0
"9378E217932A46C09900DBE19B6AF9F1","D10","CPER","CPER_006","N","grasslandHerbaceous",40.814949,-104.748077,"WGS84",1.1,0.0,0.1,"2014-07-03","2014-07-17",4,"BET.CPER_006.2014.04","CPER_006.N.20140717",14,"ok","ok","ok","Y","NEON.DOC.014050","P+EeY8owwbjzXaiaPoIJpc6mcpR6iWBh",,0,0,0
"BF9ABD7D10094BB5A69690BF564F926C","D10","CPER","CPER_006","W","grasslandHerbaceous",40.814769,-104.748315,"WGS84",1.1,0.0,0.1,"2014-07-03","2014-07-17",4,"BET.CPER_006.2014.04","CPER_006.W.20140717",14,"ok","ok",,"Y","NEON.DOC.014050","P+EeY8owwbjzXaiaPoIJpc6mcpR6iWBh",,0,0,0
"4DA132778F3C416BACEBEEBCDADBB1D7","D10","CPER","CPER_006","S","grasslandHerbaceous",40.814588,-104.748079,"WGS84",1.1,0.0,0.1,"2014-07-03","2014-07-17",4,"BET.CPER_006.2014.04","CPER_006.S.20140717",14,"ok","ok","ok","Y","NEON.DOC.014050","P+EeY8owwbjzXaiaPoIJpc6mcpR6iWBh",,0,0,0
"B6E4CAA8C598455E9F7FB2C03944DF62","D10","CPER","CPER_005","S","grasslandHerbaceous",40.852913,-104.728007,"WGS84",1.1,0.0,0.1,"2014-07-03","2014-07-17",4,"BET.CPER_005.2014.04","CPER_005.S.20140717",14,"ok","ok","ok","Y","NEON.DOC.014050","P+EeY8owwbjzXaiaPoIJpc6mcpR6iWBh",,0,0,0
"A82CC380DDDB41158A8EF1C06B0D81F4","D10","CPER","CPER_005","W","grasslandHerbaceous",40.853094,-104.728244,"WGS84",1.1,0.0,0.1,"2014-07-03","2014-07-17",4,"BET.CPER_005.2014.04","CPER_005.W.20140717",14,"ok","ok","ok","Y","NEON.DOC.014050","P+EeY8owwbjzXaiaPoIJpc6mcpR6iWBh",,0,0,0
"225C2991CE5C4885A025D5B78B69D1C1","D10","CPER","CPER_005","N","grasslandHerbaceous",40.853273,-104.728006,"WGS84",1.1,0.0,0.1,"2014-07-03","2014-07-17",4,"BET.CPER_005.2014.04","CPER_005.N.20140717",14,"ok","ok","ok","Y","NEON.DOC.014050","P+EeY8owwbjzXaiaPoIJpc6mcpR6iWBh",,0,0,0
"314D335469C54F858056061CC5C6608A","D10","CPER","CPER_005","E","grasslandHerbaceous",40.853093,-104.727769,"WGS84",1.1,0.0,0.1,"2014-07-03","2014-07-17",4,"BET.CPER_005.2014.04","CPER_005.E.20140717",14,"ok","ok","ok","Y","NEON.DOC.014050","P+EeY8owwbjzXaiaPoIJpc6mcpR6iWBh",,0,0,0
"B310383E254740A7B5EA9AC00A5409A6","D10","CPER","CPER_010","W","grasslandHerbaceous",40.850010,-104.681636,"WGS84",1.1,0.0,0.1,"2014-07-03","2014-07-17",4,"BET.CPER_010.2014.04","CPER_010.W.20140717",14,"ok","ok","ok","Y","NEON.DOC.014050","P+EeY8owwbjzXaiaPoIJpc6mcpR6iWBh",,0,0,0
"7EE61FB80704408AA66B3E4060025E7F","D10","CPER","CPER_010","E","grasslandHerbaceous",40.850009,-104.681161,"WGS84",1.1,0.0,0.1,"2014-07-03","2014-07-17",4,"BET.CPER_010.2014.04","CPER_010.E.20140717",14,"ok","ok","ok","Y","NEON.DOC.014050","P+EeY8owwbjzXaiaPoIJpc6mcpR6iWBh",,0,0,0
"2F960B2F05A04C6E870E9B16469C1C71","D10","CPER","CPER_010","S","grasslandHerbaceous",40.849829,-104.681399,"WGS84",1.1,0.0,0.1,"2014-07-03","2014-07-17",4,"BET.CPER_010.2014.04","CPER_010.S.20140717",14,"ok","ok","ok","Y","NEON.DOC.014050","P+EeY8owwbjzXaiaPoIJpc6mcpR6iWBh",,0,0,0
"35992A43483E4EBEBF6435DF15BDBF22","D10","CPER","CPER_010","N","grasslandHerbaceous",40.850190,-104.681397,"WGS84",1.1,0.0,0.1,"2014-07-03","2014-07-17",4,"BET.CPER_010.2014.04","CPER_010.N.20140717",14,"ok","ok","ok","Y","NEON.DOC.014050","P+EeY8owwbjzXaiaPoIJpc6mcpR6iWBh",,0,0,0
"B096D6523C9A437AB7A54B1D7F513D84","D10","CPER","CPER_009","N","grasslandHerbaceous",40.826300,-104.745902,"WGS84",1.1,0.0,0.1,"2014-07-03","2014-07-17",4,"BET.CPER_009.2014.04","CPER_009.N.20140717",14,"ok","ok","ok","Y","NEON.DOC.014050","P+EeY8owwbjzXaiaPoIJpc6mcpR6iWBh",,0,0,0
"E93B65B37E5D4B068B9FA3CE916C9CC2","D10","CPER","CPER_009","E","grasslandHerbaceous",40.826120,-104.745666,"WGS84",1.1,0.0,0.1,"2014-07-03","2014-07-17",4,"BET.CPER_009.2014.04","CPER_009.E.20140717",14,"ok","ok","ok","Y","NEON.DOC.014050","P+EeY8owwbjzXaiaPoIJpc6mcpR6iWBh",,0,0,0
"FCB057A75A714F7EA9E50FE8008A209A","D10","CPER","CPER_009","W","grasslandHerbaceous",40.826121,-104.746140,"WGS84",1.1,0.0,0.1,"2014-07-03","2014-07-17",4,"BET.CPER_009.2014.04","CPER_009.W.20140717",14,"ok","ok","ok","Y","NEON.DOC.014050","P+EeY8owwbjzXaiaPoIJpc6mcpR6iWBh",,0,0,0
"263C8C25C64E44A583818CB64B0F95CE","D10","CPER","CPER_009","S","grasslandHerbaceous",40.825940,-104.745904,"WGS84",1.1,0.0,0.1,"2014-07-03","2014-07-17",4,"BET.CPER_009.2014.04","CPER_009.S.20140717",14,"ok","ok","ok","Y","NEON.DOC.014050","P+EeY8owwbjzXaiaPoIJpc6mcpR6iWBh",,0,0,0
"D8CADDF7B4F8437FA00F6338E4A33054","D10","CPER","CPER_007","S","grasslandHerbaceous",40.861735,-104.683833,"WGS84",1.1,0.0,0.1,"2014-07-03","2014-07-17",4,"BET.CPER_007.2014.04","CPER_007.S.20140717",14,"ok","ok","ok","Y","NEON.DOC.014050","P+EeY8owwbjzXaiaPoIJpc6mcpR6iWBh",,0,0,0
"64A7B3973E4A4C0EBECAAA47144E602D","D10","CPER","CPER_007","E","grasslandHerbaceous",40.861914,-104.683595,"WGS84",1.1,0.0,0.1,"2014-07-03","2014-07-17",4,"BET.CPER_007.2014.04","CPER_007.E.20140717",14,"ok","ok","ok","Y","NEON.DOC.014050","P+EeY8owwbjzXaiaPoIJpc6mcpR6iWBh",,0,0,0
"C4BF639B03CD4E919B444661249BFC1F","D10","CPER","CPER_007","N","grasslandHerbaceous",40.862095,-104.683831,"WGS84",1.1,0.0,0.1,"2014-07-03","2014-07-17",4,"BET.CPER_007.2014.04","CPER_007.N.20140717",14,"ok","ok","ok","Y","NEON.DOC.014050","P+EeY8owwbjzXaiaPoIJpc6mcpR6iWBh",,0,0,0
"21D515E14CA4477094B2F71C3F2E6A33","D10","CPER","CPER_007","W","grasslandHerbaceous",40.861916,-104.684070,"WGS84",1.1,0.0,0.1,"2014-07-03","2014-07-17",4,"BET.CPER_007.2014.04","CPER_007.W.20140717",14,"ok","ok","ok","Y","NEON.DOC.014050","P+EeY8owwbjzXaiaPoIJpc6mcpR6iWBh",,0,0,0
"F5087F8AD741484D90EDBDD4F2EE6AD9","D10","CPER","CPER_008","W","grasslandHerbaceous",40.798822,-104.749449,"WGS84",1.1,0.0,0.1,"2014-07-03","2014-07-17",4,"BET.CPER_008.2014.04","CPER_008.W.20140717",14,"ok","ok","ok","Y","NEON.DOC.014050","P+EeY8owwbjzXaiaPoIJpc6mcpR6iWBh",,0,0,0
"1A00B5F1B272482786A03C65DC10BE82","D10","CPER","CPER_008","E","grasslandHerbaceous",40.798821,-104.748975,"WGS84",1.1,0.0,0.1,"2014-07-03","2014-07-17",4,"BET.CPER_008.2014.04","CPER_008.E.20140717",14,"ok","ok","ok","Y","NEON.DOC.014050","P+EeY8owwbjzXaiaPoIJpc6mcpR6iWBh",,0,0,0
"E3041D30DA5A47EFAD1AFFD30C32E905","D10","CPER","CPER_008","N","grasslandHerbaceous",40.799002,-104.749211,"WGS84",1.1,0.0,0.1,"2014-07-03","2014-07-17",4,"BET.CPER_008.2014.04","CPER_008.N.20140717",14,"ok","ok","ok","Y","NEON.DOC.014050","P+EeY8owwbjzXaiaPoIJpc6mcpR6iWBh",,0,0,0
"F7D942EF6AF84A5AADCCF827520F54D5","D10","CPER","CPER_008","S","grasslandHerbaceous",40.798642,-104.749212,"WGS84",1.1,0.0,0.1,"2014-07-03","2014-07-17",4,"BET.CPER_008.2014.04","CPER_008.S.20140717",14,"ok","ok","ok","Y","NEON.DOC.014050","P+EeY8owwbjzXaiaPoIJpc6mcpR6iWBh",,0,0,0
"CAF6307B6A874D08AB17FA8D5E1CF4EB","D10","CPER","CPER_004","E","grasslandHerbaceous",40.812749,-104.696636,"WGS84",1.1,0.0,0.1,"2014-07-03","2014-07-17",4,"BET.CPER_004.2014.04","CPER_004.E.20140717",14,"ok","ok",,"Y","NEON.DOC.014050","P+EeY8owwbjzXaiaPoIJpc6mcpR6iWBh",,0,0,0
"6C5941F9339447E5AD2D266F9220970E","D10","CPER","CPER_004","S","grasslandHerbaceous",40.812569,-104.696874,"WGS84",1.1,0.0,0.1,"2014-07-03","2014-07-17",4,"BET.CPER_004.2014.04","CPER_004.S.20140717",14,"ok","ok","ok","Y","NEON.DOC.014050","P+EeY8owwbjzXaiaPoIJpc6mcpR6iWBh",,0,0,0
"AD68B9A26B004E21B140800AD1C41A72","D10","CPER","CPER_004","N","grasslandHerbaceous",40.812930,-104.696872,"WGS84",1.1,0.0,0.1,"2014-07-03","2014-07-17",4,"BET.CPER_004.2014.04","CPER_004.N.20140717",14,"ok","ok","ok","Y","NEON.DOC.014050","P+EeY8owwbjzXaiaPoIJpc6mcpR6iWBh",,0,0,0
"C2AA4B106EF84B358144A79A0CFFCAEA","D10","CPER","CPER_004","W","grasslandHerbaceous",40.812750,-104.697110,"WGS84",1.1,0.0,0.1,"2014-07-03","2014-07-17",4,"BET.CPER_004.2014.04","CPER_004.W.20140717",14,"ok","ok","ok","Y","NEON.DOC.014050","P+EeY8owwbjzXaiaPoIJpc6mcpR6iWBh",,0,0,0
"A70D5E77E19B47F2AEA09F630B4FA222","D10","CPER","CPER_002","E","grasslandHerbaceous",40.810934,-104.729011,"WGS84",1.1,0.0,0.1,"2014-07-03","2014-07-17",4,"BET.CPER_002.2014.04","CPER_002.E.20140717",14,"ok","ok","ok","Y","NEON.DOC.014050","P+EeY8owwbjzXaiaPoIJpc6mcpR6iWBh",,0,0,0
"D4870653372649C1BB12C984AE204941","D10","CPER","CPER_002","S","grasslandHerbaceous",40.810754,-104.729249,"WGS84",1.1,0.0,0.1,"2014-07-03","2014-07-17",4,"BET.CPER_002.2014.04","CPER_002.S.20140717",14,"ok","ok","ok","Y","NEON.DOC.014050","P+EeY8owwbjzXaiaPoIJpc6mcpR6iWBh",,0,0,0
"D6FC5C13C1A74B899BEEC6548A1E9C77","D10","CPER","CPER_002","W","grasslandHerbaceous",40.810935,-104.729485,"WGS84",1.1,0.0,0.1,"2014-07-03","2014-07-17",4,"BET.CPER_002.2014.04","CPER_002.W.20140717",14,"ok","ok","ok","Y","NEON.DOC.014050","P+EeY8owwbjzXaiaPoIJpc6mcpR6iWBh",,0,0,0
"8151A07B949347DAAF89ED1C01230395","D10","CPER","CPER_002","N","grasslandHerbaceous",40.811114,-104.729247,"WGS84",1.1,0.0,0.1,"2014-07-03","2014-07-17",4,"BET.CPER_002.2014.04","CPER_002.N.20140717",14,"ok","ok","ok","Y","NEON.DOC.014050","P+EeY8owwbjzXaiaPoIJpc6mcpR6iWBh",,0,0,0
"B7CF5CED230340008162E3C6D0B926E1","D10","CPER","CPER_001","S","grasslandHerbaceous",40.850685,-104.699535,"WGS84",1.1,0.0,0.1,"2014-07-03","2014-07-17",4,"BET.CPER_001.2014.04","CPER_001.S.20140717",14,"ok","ok","ok","Y","NEON.DOC.014050","P+EeY8owwbjzXaiaPoIJpc6mcpR6iWBh",,0,0,0
"C4B37C8C2CB8401388ABFBB68A54B1DC","D10","CPER","CPER_001","N","grasslandHerbaceous",40.851046,-104.699534,"WGS84",1.1,0.0,0.1,"2014-07-03","2014-07-17",4,"BET.CPER_001.2014.04","CPER_001.N.20140717",14,"ok","ok","ok","Y","NEON.DOC.014050","P+EeY8owwbjzXaiaPoIJpc6mcpR6iWBh",,0,0,0
"1B4DB3BFCA98428186E8B05D8A5BD815","D10","CPER","CPER_001","W","grasslandHerbaceous",40.850866,-104.699772,"WGS84",1.1,0.0,0.1,"2014-07-03","2014-07-17",4,"BET.CPER_001.2014.04","CPER_001.W.20140717",14,"ok","ok","ok","Y","NEON.DOC.014050","P+EeY8owwbjzXaiaPoIJpc6mcpR6iWBh",,0,0,0
"2EBA2986B46F4798B1DD631CD4D32B59","D10","CPER","CPER_001","E","grasslandHerbaceous",40.850865,-104.699297,"WGS84",1.1,0.0,0.1,"2014-07-03","2014-07-17",4,"BET.CPER_001.2014.04","CPER_001.E.20140717",14,"ok","ok","ok","Y","NEON.DOC.014050","P+EeY8owwbjzXaiaPoIJpc6mcpR6iWBh",,0,0,0
"707D87DD7DFA4136917BF4CE99F8A8B7","D10","CPER","CPER_003","S","grasslandHerbaceous",40.818271,-104.707165,"WGS84",1.1,0.0,0.1,"2014-07-03","2014-07-17",4,"BET.CPER_003.2014.04","CPER_003.S.20140717",14,"ok","ok","ok","Y","NEON.DOC.014050","P+EeY8owwbjzXaiaPoIJpc6mcpR6iWBh",,0,0,0
"FCDDA96119C44D9A970574379932896A","D10","CPER","CPER_003","N","grasslandHerbaceous",40.818631,-104.707163,"WGS84",1.1,0.0,0.1,"2014-07-03","2014-07-17",4,"BET.CPER_003.2014.04","CPER_003.N.20140717",14,"ok","ok","ok","Y","NEON.DOC.014050","P+EeY8owwbjzXaiaPoIJpc6mcpR6iWBh",,0,0,0
"FE1E491A0E234F6FA3C4B4D67CFAD99F","D10","CPER","CPER_003","E","grasslandHerbaceous",40.818450,-104.706927,"WGS84",1.1,0.0,0.1,"2014-07-03","2014-07-17",4,"BET.CPER_003.2014.04","CPER_003.E.20140717",14,"ok","disturbed","ok","Y","NEON.DOC.014050","P+EeY8owwbjzXaiaPoIJpc6mcpR6iWBh","Plastic spike missing on corner of lid",0,0,0
"9EAA0B1EE1FE4B508ED79F63BED5D86D","D10","CPER","CPER_003","E","grasslandHerbaceous",40.818450,-104.706927,"WGS84",1.1,0.0,0.1,"2014-07-17","2014-07-31",5,"BET.CPER_003.2014.05","CPER_003.E.20140731",14,"ok","ok","ok","Y","NEON.DOC.014050","ogjyrGrm3ZwJtEIV6g3OdQaEOdluA3eH",,0,0,0
"0C447CB9CC074BDAAAFF5F08F5A0871F","D10","CPER","CPER_006","N","grasslandHerbaceous",40.814949,-104.748077,"WGS84",1.1,0.0,0.1,"2014-07-17","2014-07-31",5,"BET.CPER_006.2014.05","CPER_006.N.20140731",14,"ok","ok","ok","Y","NEON.DOC.014050","ogjyrGrm3ZwJtEIV6g3OdQaEOdluA3eH",,0,0,0
"5321B935075D4D22894371A4C8AAEB11","D10","CPER","CPER_006","W","grasslandHerbaceous",40.814769,-104.748315,"WGS84",1.1,0.0,0.1,"2014-07-17","2014-07-31",5,"BET.CPER_006.2014.05","CPER_006.W.20140731",14,"ok","ok","low","Y","NEON.DOC.014050","ogjyrGrm3ZwJtEIV6g3OdQaEOdluA3eH",,0,0,0
"64A2F89E51E6470FA7876F7BF5AEE045","D10","CPER","CPER_006","E","grasslandHerbaceous",40.814768,-104.747841,"WGS84",1.1,0.0,0.1,"2014-07-17","2014-07-31",5,"BET.CPER_006.2014.05","CPER_006.E.20140731",14,"ok","ok","ok","Y","NEON.DOC.014050","ogjyrGrm3ZwJtEIV6g3OdQaEOdluA3eH",,0,0,0
"465B21A122264003AD4242A6622C950F","D10","CPER","CPER_006","S","grasslandHerbaceous",40.814588,-104.748079,"WGS84",1.1,0.0,0.1,"2014-07-17","2014-07-31",5,"BET.CPER_006.2014.05","CPER_006.S.20140731",14,"ok","ok","low","Y","NEON.DOC.014050","ogjyrGrm3ZwJtEIV6g3OdQaEOdluA3eH",,0,0,0
"AA97FCE423B94280B57EF1F2B6309385","D10","CPER","CPER_005","E","grasslandHerbaceous",40.853093,-104.727769,"WGS84",1.1,0.0,0.1,"2014-07-17","2014-07-31",5,"BET.CPER_005.2014.05","CPER_005.E.20140731",14,"ok","ok","ok","Y","NEON.DOC.014050","ogjyrGrm3ZwJtEIV6g3OdQaEOdluA3eH",,0,0,0
"6B25F87166E64AA587F91BCCCD3CC57A","D10","CPER","CPER_005","N","grasslandHerbaceous",40.853273,-104.728006,"WGS84",1.1,0.0,0.1,"2014-07-17","2014-07-31",5,"BET.CPER_005.2014.05","CPER_005.N.20140731",14,"ok","ok","low","Y","NEON.DOC.014050","ogjyrGrm3ZwJtEIV6g3OdQaEOdluA3eH",,0,0,0
"E20E414CC54C424989FC3FECC36B2A0A","D10","CPER","CPER_005","W","grasslandHerbaceous",40.853094,-104.728244,"WGS84",1.1,0.0,0.1,"2014-07-17","2014-07-31",5,"BET.CPER_005.2014.05","CPER_005.W.20140731",14,"ok","ok","low","Y","NEON.DOC.014050","ogjyrGrm3ZwJtEIV6g3OdQaEOdluA3eH",,0,0,0
"2DD60D4612F3424B879955CB7607E575","D10","CPER","CPER_005","S","grasslandHerbaceous",40.852913,-104.728007,"WGS84",1.1,0.0,0.1,"2014-07-17","2014-07-31",5,"BET.CPER_005.2014.05","CPER_005.S.20140731",14,"ok","ok","low","Y","NEON.DOC.014050","ogjyrGrm3ZwJtEIV6g3OdQaEOdluA3eH",,0,0,0
"3D1DA75E466343CEAB68790A3F00A01C","D10","CPER","CPER_010","E","grasslandHerbaceous",40.850009,-104.681161,"WGS84",1.1,0.0,0.1,"2014-07-17","2014-07-31",5,"BET.CPER_010.2014.05","CPER_010.E.20140731",14,"ok","ok","low","Y","NEON.DOC.014050","ogjyrGrm3ZwJtEIV6g3OdQaEOdluA3eH",,0,0,0
"9FDFC5AEE19148AA9D5DC80A8104E1BE","D10","CPER","CPER_010","S","grasslandHerbaceous",40.849829,-104.681399,"WGS84",1.1,0.0,0.1,"2014-07-17","2014-07-31",5,"BET.CPER_010.2014.05","CPER_010.S.20140731",14,"ok","ok","ok","Y","NEON.DOC.014050","ogjyrGrm3ZwJtEIV6g3OdQaEOdluA3eH",,0,0,0
"A4D587D37933451E944AFD3E4E226196","D10","CPER","CPER_010","N","grasslandHerbaceous",40.850190,-104.681397,"WGS84",1.1,0.0,0.1,"2014-07-17","2014-07-31",5,"BET.CPER_010.2014.05","CPER_010.N.20140731",14,"ok","ok","high","Y","NEON.DOC.014050","ogjyrGrm3ZwJtEIV6g3OdQaEOdluA3eH",,0,0,0
"539249A258DB472487FEF54A578CA32A","D10","CPER","CPER_010","W","grasslandHerbaceous",40.850010,-104.681636,"WGS84",1.1,0.0,0.1,"2014-07-17","2014-07-31",5,"BET.CPER_010.2014.05","CPER_010.W.20140731",14,"ok","ok","high","Y","NEON.DOC.014050","ogjyrGrm3ZwJtEIV6g3OdQaEOdluA3eH",,0,0,0
"F8A6093394C948FE8731FA5028D96882","D10","CPER","CPER_009","E","grasslandHerbaceous",40.826120,-104.745666,"WGS84",1.1,0.0,0.1,"2014-07-17","2014-07-31",5,"BET.CPER_009.2014.05","CPER_009.E.20140731",14,"ok","ok","ok","Y","NEON.DOC.014050","ogjyrGrm3ZwJtEIV6g3OdQaEOdluA3eH",,0,0,0
"422F7202AF4D476B9051F3175A5E78ED","D10","CPER","CPER_009","N","grasslandHerbaceous",40.826300,-104.745902,"WGS84",1.1,0.0,0.1,"2014-07-17","2014-07-31",5,"BET.CPER_009.2014.05","CPER_009.N.20140731",14,"ok","ok","ok","Y","NEON.DOC.014050","ogjyrGrm3ZwJtEIV6g3OdQaEOdluA3eH",,0,0,0
"07BE0D89AA834B369D08C27A018BD608","D10","CPER","CPER_009","W","grasslandHerbaceous",40.826121,-104.746140,"WGS84",1.1,0.0,0.1,"2014-07-17","2014-07-31",5,"BET.CPER_009.2014.05","CPER_009.W.20140731",14,"ok","ok","low","Y","NEON.DOC.014050","ogjyrGrm3ZwJtEIV6g3OdQaEOdluA3eH",,0,0,0
"4E2E233ADADD4A09A8A5B7CDA8FFECCB","D10","CPER","CPER_009","S","grasslandHerbaceous",40.825940,-104.745904,"WGS84",1.1,0.0,0.1,"2014-07-17","2014-07-31",5,"BET.CPER_009.2014.05","CPER_009.S.20140731",14,"ok","ok","low","Y","NEON.DOC.014050","ogjyrGrm3ZwJtEIV6g3OdQaEOdluA3eH",,0,0,0
"E0DFA324B3874AF69EA1EC8738519D67","D10","CPER","CPER_007","E","grasslandHerbaceous",40.861914,-104.683595,"WGS84",1.1,0.0,0.1,"2014-07-17","2014-07-31",5,"BET.CPER_007.2014.05","CPER_007.E.20140731",14,"ok","ok","ok","Y","NEON.DOC.014050","ogjyrGrm3ZwJtEIV6g3OdQaEOdluA3eH",,0,0,0
"6B1374000C264D72930B15D28074B298","D10","CPER","CPER_007","W","grasslandHerbaceous",40.861916,-104.684070,"WGS84",1.1,0.0,0.1,"2014-07-17","2014-07-31",5,"BET.CPER_007.2014.05","CPER_007.W.20140731",14,"ok","ok","ok","Y","NEON.DOC.014050","ogjyrGrm3ZwJtEIV6g3OdQaEOdluA3eH",,0,0,0
"AAA4F8B8E6054F14BB99EE973A0F201D","D10","CPER","CPER_007","S","grasslandHerbaceous",40.861735,-104.683833,"WGS84",1.1,0.0,0.1,"2014-07-17","2014-07-31",5,"BET.CPER_007.2014.05","CPER_007.S.20140731",14,"ok","ok","ok","Y","NEON.DOC.014050","ogjyrGrm3ZwJtEIV6g3OdQaEOdluA3eH",,0,0,0
"B3A194B2AB854C52A93E1469B17A5C5D","D10","CPER","CPER_007","N","grasslandHerbaceous",40.862095,-104.683831,"WGS84",1.1,0.0,0.1,"2014-07-17","2014-07-31",5,"BET.CPER_007.2014.05","CPER_007.N.20140731",14,"ok","ok","ok","Y","NEON.DOC.014050","ogjyrGrm3ZwJtEIV6g3OdQaEOdluA3eH",,0,0,0
"BE9D45F8AB6B40CC8648882630EA945C","D10","CPER","CPER_008","W","grasslandHerbaceous",40.798822,-104.749449,"WGS84",1.1,0.0,0.1,"2014-07-17","2014-07-31",5,"BET.CPER_008.2014.05","CPER_008.W.20140731",14,"ok","ok","high","Y","NEON.DOC.014050","ogjyrGrm3ZwJtEIV6g3OdQaEOdluA3eH",,0,0,0
"FB2A39FE475F46F5999D9CC5B7137044","D10","CPER","CPER_008","E","grasslandHerbaceous",40.798821,-104.748975,"WGS84",1.1,0.0,0.1,"2014-07-17","2014-07-31",5,"BET.CPER_008.2014.05","CPER_008.E.20140731",14,"ok","ok","ok","Y","NEON.DOC.014050","ogjyrGrm3ZwJtEIV6g3OdQaEOdluA3eH",,0,0,0
"93E5652061044780BFEC4EE6B13261B2","D10","CPER","CPER_008","S","grasslandHerbaceous",40.798642,-104.749212,"WGS84",1.1,0.0,0.1,"2014-07-17","2014-07-31",5,"BET.CPER_008.2014.05","CPER_008.S.20140731",14,"ok","ok","ok","Y","NEON.DOC.014050","ogjyrGrm3ZwJtEIV6g3OdQaEOdluA3eH",,0,0,0
"A8647B10C00844508C17E82D2F7D7907","D10","CPER","CPER_008","N","grasslandHerbaceous",40.799002,-104.749211,"WGS84",1.1,0.0,0.1,"2014-07-17","2014-07-31",5,"BET.CPER_008.2014.05","CPER_008.N.20140731",14,"ok","ok","ok","Y","NEON.DOC.014050","ogjyrGrm3ZwJtEIV6g3OdQaEOdluA3eH",,0,0,0
"4D7CF5F055574E4E8117DDC6C3440AD6","D10","CPER","CPER_004","W","grasslandHerbaceous",40.812750,-104.697110,"WGS84",1.1,0.0,0.1,"2014-07-17","2014-07-31",5,"BET.CPER_004.2014.05","CPER_004.W.20140731",14,"ok","ok","low","Y","NEON.DOC.014050","ogjyrGrm3ZwJtEIV6g3OdQaEOdluA3eH",,0,0,0
"228A1FCE08234D1CA87F1A323D8C7D5C","D10","CPER","CPER_004","S","grasslandHerbaceous",40.812569,-104.696874,"WGS84",1.1,0.0,0.1,"2014-07-17","2014-07-31",5,"BET.CPER_004.2014.05","CPER_004.S.20140731",14,"ok","ok","ok","Y","NEON.DOC.014050","ogjyrGrm3ZwJtEIV6g3OdQaEOdluA3eH",,0,0,0
"C48410E74B7D47BDB2D0765D4199C185","D10","CPER","CPER_004","E","grasslandHerbaceous",40.812749,-104.696636,"WGS84",1.1,0.0,0.1,"2014-07-17","2014-07-31",5,"BET.CPER_004.2014.05","CPER_004.E.20140731",14,"ok","ok","high","Y","NEON.DOC.014050","ogjyrGrm3ZwJtEIV6g3OdQaEOdluA3eH",,0,0,0
"1EE6A8DCB0964F278435E44EFCA1ACA9","D10","CPER","CPER_004","N","grasslandHerbaceous",40.812930,-104.696872,"WGS84",1.1,0.0,0.1,"2014-07-17","2014-07-31",5,"BET.CPER_004.2014.05","CPER_004.N.20140731",14,"ok","ok","ok","Y","NEON.DOC.014050","ogjyrGrm3ZwJtEIV6g3OdQaEOdluA3eH",,0,0,0
"C02718B8A52447A19A8F32F69D263EB7","D10","CPER","CPER_002","W","grasslandHerbaceous",40.810935,-104.729485,"WGS84",1.1,0.0,0.1,"2014-07-17","2014-07-31",5,"BET.CPER_002.2014.05","CPER_002.W.20140731",14,"ok","ok","low","Y","NEON.DOC.014050","ogjyrGrm3ZwJtEIV6g3OdQaEOdluA3eH",,0,0,0
"EE5078FB90CD4306B5DE2859B822BC1F","D10","CPER","CPER_002","N","grasslandHerbaceous",40.811114,-104.729247,"WGS84",1.1,0.0,0.1,"2014-07-17","2014-07-31",5,"BET.CPER_002.2014.05","CPER_002.N.20140731",14,"ok","ok","ok","Y","NEON.DOC.014050","ogjyrGrm3ZwJtEIV6g3OdQaEOdluA3eH",,0,0,0
"C759D334FD1845D8A4AD70A6B94B1ECB","D10","CPER","CPER_002","S","grasslandHerbaceous",40.810754,-104.729249,"WGS84",1.1,0.0,0.1,"2014-07-17","2014-07-31",5,"BET.CPER_002.2014.05","CPER_002.S.20140731",14,"ok","ok","low","Y","NEON.DOC.014050","ogjyrGrm3ZwJtEIV6g3OdQaEOdluA3eH",,0,0,0
"3902A154A0354ACBB90DE7983F02C520","D10","CPER","CPER_002","E","grasslandHerbaceous",40.810934,-104.729011,"WGS84",1.1,0.0,0.1,"2014-07-17","2014-07-31",5,"BET.CPER_002.2014.05","CPER_002.E.20140731",14,"ok","ok","ok","Y","NEON.DOC.014050","ogjyrGrm3ZwJtEIV6g3OdQaEOdluA3eH",,0,0,0
"739758EAEB154F96900B70AC2F1A556B","D10","CPER","CPER_001","N","grasslandHerbaceous",40.851046,-104.699534,"WGS84",1.1,0.0,0.1,"2014-07-17","2014-07-31",5,"BET.CPER_001.2014.05","CPER_001.N.20140731",14,"ok","ok","ok","Y","NEON.DOC.014050","ogjyrGrm3ZwJtEIV6g3OdQaEOdluA3eH",,0,0,0
"EC8CBE01255442A394FA2F5FAE92ECC5","D10","CPER","CPER_001","W","grasslandHerbaceous",40.850866,-104.699772,"WGS84",1.1,0.0,0.1,"2014-07-17","2014-07-31",5,"BET.CPER_001.2014.05","CPER_001.W.20140731",14,"ok","ok","ok","Y","NEON.DOC.014050","ogjyrGrm3ZwJtEIV6g3OdQaEOdluA3eH",,0,0,0
"3E5222B2C4334D098D28956871CBA8F0","D10","CPER","CPER_001","E","grasslandHerbaceous",40.850865,-104.699297,"WGS84",1.1,0.0,0.1,"2014-07-17","2014-07-31",5,"BET.CPER_001.2014.05","CPER_001.E.20140731",14,"ok","ok","ok","Y","NEON.DOC.014050","ogjyrGrm3ZwJtEIV6g3OdQaEOdluA3eH",,0,0,0
"C2CE6C0E14754EDAB8A4325F3673C0FD","D10","CPER","CPER_001","S","grasslandHerbaceous",40.850685,-104.699535,"WGS84",1.1,0.0,0.1,"2014-07-17","2014-07-31",5,"BET.CPER_001.2014.05","CPER_001.S.20140731",14,"ok","ok","ok","Y","NEON.DOC.014050","ogjyrGrm3ZwJtEIV6g3OdQaEOdluA3eH",,0,0,0
"97B44D94602B4A9CA290B0F3D1C29448","D10","CPER","CPER_003","W","grasslandHerbaceous",40.818451,-104.707401,"WGS84",1.1,0.0,0.1,"2014-07-17","2014-07-31",5,"BET.CPER_003.2014.05","CPER_003.W.20140731",14,"ok","ok","low","Y","NEON.DOC.014050","ogjyrGrm3ZwJtEIV6g3OdQaEOdluA3eH",,0,0,0
"9C1F899C8AF54461A2330A3CE81EF1D9","D10","CPER","CPER_003","N","grasslandHerbaceous",40.818631,-104.707163,"WGS84",1.1,0.0,0.1,"2014-07-17","2014-07-31",5,"BET.CPER_003.2014.05","CPER_003.N.20140731",14,"ok","ok","ok","Y","NEON.DOC.014050","ogjyrGrm3ZwJtEIV6g3OdQaEOdluA3eH",,0,0,0
"DE7080B8A7F4433BA45E6E2A1262AA86","D10","CPER","CPER_003","S","grasslandHerbaceous",40.818271,-104.707165,"WGS84",1.1,0.0,0.1,"2014-07-17","2014-07-31",5,"BET.CPER_003.2014.05","CPER_003.S.20140731",14,"ok","ok","low","Y","NEON.DOC.014050","ogjyrGrm3ZwJtEIV6g3OdQaEOdluA3eH",,0,0,0
"DB024C98E2014648B8E48B1D8546FF75","D10","CPER","CPER_003","N","grasslandHerbaceous",40.818631,-104.707163,"WGS84",1.1,0.0,0.1,"2014-07-31","2014-08-14",6,"BET.CPER_003.2014.06","CPER_003.N.20140814",14,"ok","ok","ok","Y","NEON.DOC.014050","XXW8BqPXtz8Ncjf8bOi7gc6Hj7+NVXsl",,0,0,0
"9D3DE8CBE2844355826A38388C6B698F","D10","CPER","CPER_006","N","grasslandHerbaceous",40.814949,-104.748077,"WGS84",1.1,0.0,0.1,"2014-07-31","2014-08-14",6,"BET.CPER_006.2014.06","CPER_006.N.20140814",14,"ok","ok","ok","Y","NEON.DOC.014050","XXW8BqPXtz8Ncjf8bOi7gc6Hj7+NVXsl",,0,0,0
"8ECCC4038C24469C978C12DFA80C2C27","D10","CPER","CPER_006","E","grasslandHerbaceous",40.814768,-104.747841,"WGS84",1.1,0.0,0.1,"2014-07-31","2014-08-14",6,"BET.CPER_006.2014.06","CPER_006.E.20140814",14,"ok","ok","ok","Y","NEON.DOC.014050","XXW8BqPXtz8Ncjf8bOi7gc6Hj7+NVXsl",,0,0,0
"4FC002A0106C47F6B4409A2B69065EE1","D10","CPER","CPER_006","S","grasslandHerbaceous",40.814588,-104.748079,"WGS84",1.1,0.0,0.1,"2014-07-31","2014-08-14",6,"BET.CPER_006.2014.06","CPER_006.S.20140814",14,"ok","ok","ok","Y","NEON.DOC.014050","XXW8BqPXtz8Ncjf8bOi7gc6Hj7+NVXsl",,0,0,0
"8557F3C31DA74628922698C11BD6A2E4","D10","CPER","CPER_006","W","grasslandHerbaceous",40.814769,-104.748315,"WGS84",1.1,0.0,0.1,"2014-07-31","2014-08-14",6,"BET.CPER_006.2014.06","CPER_006.W.20140814",14,"ok","ok","ok","Y","NEON.DOC.014050","XXW8BqPXtz8Ncjf8bOi7gc6Hj7+NVXsl",,0,0,0
"626196283A084378A92723488092FDCD","D10","CPER","CPER_005","W","grasslandHerbaceous",40.853094,-104.728244,"WGS84",1.1,0.0,0.1,"2014-07-31","2014-08-14",6,"BET.CPER_005.2014.06","CPER_005.W.20140814",14,"ok","ok","ok","Y","NEON.DOC.014050","XXW8BqPXtz8Ncjf8bOi7gc6Hj7+NVXsl",,0,0,0
"F70F2E465A3A4E9F86BFD4699D96832B","D10","CPER","CPER_005","N","grasslandHerbaceous",40.853273,-104.728006,"WGS84",1.1,0.0,0.1,"2014-07-31","2014-08-14",6,"BET.CPER_005.2014.06","CPER_005.N.20140814",14,"ok","ok","ok","Y","NEON.DOC.014050","XXW8BqPXtz8Ncjf8bOi7gc6Hj7+NVXsl",,0,0,0
"4410524733794B6F84DD797249042592","D10","CPER","CPER_005","S","grasslandHerbaceous",40.852913,-104.728007,"WGS84",1.1,0.0,0.1,"2014-07-31","2014-08-14",6,"BET.CPER_005.2014.06","CPER_005.S.20140814",14,"ok","ok","ok","Y","NEON.DOC.014050","XXW8BqPXtz8Ncjf8bOi7gc6Hj7+NVXsl",,0,0,0
"AED2F2A116124E5781FA83E4F35619A1","D10","CPER","CPER_005","E","grasslandHerbaceous",40.853093,-104.727769,"WGS84",1.1,0.0,0.1,"2014-07-31","2014-08-14",6,"BET.CPER_005.2014.06","CPER_005.E.20140814",14,"ok","ok","ok","Y","NEON.DOC.014050","XXW8BqPXtz8Ncjf8bOi7gc6Hj7+NVXsl",,0,0,0
"A1DD36F6C89141FA9F0D60C85BA42371","D10","CPER","CPER_010","E","grasslandHerbaceous",40.850009,-104.681161,"WGS84",1.1,0.0,0.1,"2014-07-31","2014-08-14",6,"BET.CPER_010.2014.06","CPER_010.E.20140814",14,"ok","ok","ok","Y","NEON.DOC.014050","XXW8BqPXtz8Ncjf8bOi7gc6Hj7+NVXsl",,0,0,0
"E21BA6C5106D4907A508B34574285DE6","D10","CPER","CPER_010","W","grasslandHerbaceous",40.850010,-104.681636,"WGS84",1.1,0.0,0.1,"2014-07-31","2014-08-14",6,"BET.CPER_010.2014.06","CPER_010.W.20140814",14,"ok","ok","ok","Y","NEON.DOC.014050","XXW8BqPXtz8Ncjf8bOi7gc6Hj7+NVXsl",,0,0,0
"8535AFCACD8B4F1C806BFAA84AE0ABA2","D10","CPER","CPER_010","N","grasslandHerbaceous",40.850190,-104.681397,"WGS84",1.1,0.0,0.1,"2014-07-31","2014-08-14",6,"BET.CPER_010.2014.06","CPER_010.N.20140814",14,"ok","ok","ok","Y","NEON.DOC.014050","XXW8BqPXtz8Ncjf8bOi7gc6Hj7+NVXsl",,0,0,0
"905F59F3706B4BAFA2352ED56CD3AFEC","D10","CPER","CPER_010","S","grasslandHerbaceous",40.849829,-104.681399,"WGS84",1.1,0.0,0.1,"2014-07-31","2014-08-14",6,"BET.CPER_010.2014.06","CPER_010.S.20140814",14,"ok","ok","ok","Y","NEON.DOC.014050","XXW8BqPXtz8Ncjf8bOi7gc6Hj7+NVXsl",,0,0,0
"9BF708703AD549AAB7D593679E9F0DC1","D10","CPER","CPER_009","S","grasslandHerbaceous",40.825940,-104.745904,"WGS84",1.1,0.0,0.1,"2014-07-31","2014-08-14",6,"BET.CPER_009.2014.06","CPER_009.S.20140814",14,"ok","ok","ok","Y","NEON.DOC.014050","XXW8BqPXtz8Ncjf8bOi7gc6Hj7+NVXsl",,0,0,0
"5C5EEEABED544A03AB872999E71753B0","D10","CPER","CPER_009","W","grasslandHerbaceous",40.826121,-104.746140,"WGS84",1.1,0.0,0.1,"2014-07-31","2014-08-14",6,"BET.CPER_009.2014.06","CPER_009.W.20140814",14,"ok","ok","ok","Y","NEON.DOC.014050","XXW8BqPXtz8Ncjf8bOi7gc6Hj7+NVXsl",,0,0,0
"57100904F9B940A18C8CEB6708627370","D10","CPER","CPER_009","N","grasslandHerbaceous",40.826300,-104.745902,"WGS84",1.1,0.0,0.1,"2014-07-31","2014-08-14",6,"BET.CPER_009.2014.06","CPER_009.N.20140814",14,"ok","ok","low","Y","NEON.DOC.014050","XXW8BqPXtz8Ncjf8bOi7gc6Hj7+NVXsl",,0,0,0
"6310DBFE4FD94807B832DCDB1657556F","D10","CPER","CPER_009","E","grasslandHerbaceous",40.826120,-104.745666,"WGS84",1.1,0.0,0.1,"2014-07-31","2014-08-14",6,"BET.CPER_009.2014.06","CPER_009.E.20140814",14,"ok","ok","ok","Y","NEON.DOC.014050","XXW8BqPXtz8Ncjf8bOi7gc6Hj7+NVXsl",,0,0,0
"159A727D77B34EB5AD6142630F3F4EE9","D10","CPER","CPER_007","E","grasslandHerbaceous",40.861914,-104.683595,"WGS84",1.1,0.0,0.1,"2014-07-31","2014-08-14",6,"BET.CPER_007.2014.06","CPER_007.E.20140814",14,"ok","ok","ok","Y","NEON.DOC.014050","XXW8BqPXtz8Ncjf8bOi7gc6Hj7+NVXsl",,0,0,0
"5DF6D532C3F54A29B7D79C77A833E9EC","D10","CPER","CPER_007","N","grasslandHerbaceous",40.862095,-104.683831,"WGS84",1.1,0.0,0.1,"2014-07-31","2014-08-14",6,"BET.CPER_007.2014.06","CPER_007.N.20140814",14,"ok","ok","ok","Y","NEON.DOC.014050","XXW8BqPXtz8Ncjf8bOi7gc6Hj7+NVXsl",,0,0,0
"FA0BDD4C5864493EA1450558D10A398D","D10","CPER","CPER_007","S","grasslandHerbaceous",40.861735,-104.683833,"WGS84",1.1,0.0,0.1,"2014-07-31","2014-08-14",6,"BET.CPER_007.2014.06","CPER_007.S.20140814",14,"ok","ok","ok","Y","NEON.DOC.014050","XXW8BqPXtz8Ncjf8bOi7gc6Hj7+NVXsl",,0,0,0
"3E8F2C7C42754D748EE6738D551F0C48","D10","CPER","CPER_007","W","grasslandHerbaceous",40.861916,-104.684070,"WGS84",1.1,0.0,0.1,"2014-07-31","2014-08-14",6,"BET.CPER_007.2014.06","CPER_007.W.20140814",14,"ok","ok","ok","Y","NEON.DOC.014050","XXW8BqPXtz8Ncjf8bOi7gc6Hj7+NVXsl",,0,0,0
"D7D25F0E25594AAEBCD8CCC654B0F63F","D10","CPER","CPER_008","S","grasslandHerbaceous",40.798642,-104.749212,"WGS84",1.1,0.0,0.1,"2014-07-31","2014-08-14",6,"BET.CPER_008.2014.06","CPER_008.S.20140814",14,"ok","ok","low","Y","NEON.DOC.014050","XXW8BqPXtz8Ncjf8bOi7gc6Hj7+NVXsl",,0,0,0
"E6D087AAF5CD42B185285C4B8B69D42A","D10","CPER","CPER_008","W","grasslandHerbaceous",40.798822,-104.749449,"WGS84",1.1,0.0,0.1,"2014-07-31","2014-08-14",6,"BET.CPER_008.2014.06","CPER_008.W.20140814",14,"ok","ok","ok","Y","NEON.DOC.014050","XXW8BqPXtz8Ncjf8bOi7gc6Hj7+NVXsl",,0,0,0
"8008DA7B1E1C401588D19E6B510A9933","D10","CPER","CPER_008","N","grasslandHerbaceous",40.799002,-104.749211,"WGS84",1.1,0.0,0.1,"2014-07-31","2014-08-14",6,"BET.CPER_008.2014.06","CPER_008.N.20140814",14,"ok","ok","low","Y","NEON.DOC.014050","XXW8BqPXtz8Ncjf8bOi7gc6Hj7+NVXsl",,0,0,0
"33D1EF8E3C8A42D09EBED7B9488233C7","D10","CPER","CPER_008","E","grasslandHerbaceous",40.798821,-104.748975,"WGS84",1.1,0.0,0.1,"2014-07-31","2014-08-14",6,"BET.CPER_008.2014.06","CPER_008.E.20140814",14,"ok","ok","low","Y","NEON.DOC.014050","XXW8BqPXtz8Ncjf8bOi7gc6Hj7+NVXsl",,0,0,0
"76B2E2F92CB14CD883B738E267FB1F51","D10","CPER","CPER_004","N","grasslandHerbaceous",40.812930,-104.696872,"WGS84",1.1,0.0,0.1,"2014-07-31","2014-08-14",6,"BET.CPER_004.2014.06","CPER_004.N.20140814",14,"ok","ok","ok","Y","NEON.DOC.014050","XXW8BqPXtz8Ncjf8bOi7gc6Hj7+NVXsl",,0,0,0
"DA0D2CE21DEC43A483C0A86B14832DA6","D10","CPER","CPER_004","E","grasslandHerbaceous",40.812749,-104.696636,"WGS84",1.1,0.0,0.1,"2014-07-31","2014-08-14",6,"BET.CPER_004.2014.06","CPER_004.E.20140814",14,"ok","ok","ok","Y","NEON.DOC.014050","XXW8BqPXtz8Ncjf8bOi7gc6Hj7+NVXsl",,0,0,0
"4279B74D252444A3A3BE20828891C145","D10","CPER","CPER_004","S","grasslandHerbaceous",40.812569,-104.696874,"WGS84",1.1,0.0,0.1,"2014-07-31","2014-08-14",6,"BET.CPER_004.2014.06","CPER_004.S.20140814",14,"ok","ok","low","Y","NEON.DOC.014050","XXW8BqPXtz8Ncjf8bOi7gc6Hj7+NVXsl",,0,0,0
"99C268DD20CE4E2BAB0AB4267C3C9F84","D10","CPER","CPER_004","W","grasslandHerbaceous",40.812750,-104.697110,"WGS84",1.1,0.0,0.1,"2014-07-31","2014-08-14",6,"BET.CPER_004.2014.06","CPER_004.W.20140814",14,"ok","ok","low","Y","NEON.DOC.014050","XXW8BqPXtz8Ncjf8bOi7gc6Hj7+NVXsl",,0,0,0
"1E470F4B766349119DCF576DFB8A99BC","D10","CPER","CPER_002","E","grasslandHerbaceous",40.810934,-104.729011,"WGS84",1.1,0.0,0.1,"2014-07-31","2014-08-14",6,"BET.CPER_002.2014.06","CPER_002.E.20140814",14,"ok","ok","ok","Y","NEON.DOC.014050","XXW8BqPXtz8Ncjf8bOi7gc6Hj7+NVXsl",,0,0,0
"55CA5C24DDB54851A2FEA722112FEAF9","D10","CPER","CPER_002","N","grasslandHerbaceous",40.811114,-104.729247,"WGS84",1.1,0.0,0.1,"2014-07-31","2014-08-14",6,"BET.CPER_002.2014.06","CPER_002.N.20140814",14,"ok","ok","ok","Y","NEON.DOC.014050","XXW8BqPXtz8Ncjf8bOi7gc6Hj7+NVXsl",,0,0,0
"E615148979294864A3191E6C1991FEA6","D10","CPER","CPER_002","S","grasslandHerbaceous",40.810754,-104.729249,"WGS84",1.1,0.0,0.1,"2014-07-31","2014-08-14",6,"BET.CPER_002.2014.06","CPER_002.S.20140814",14,"ok","ok","ok","Y","NEON.DOC.014050","XXW8BqPXtz8Ncjf8bOi7gc6Hj7+NVXsl",,0,0,0
"66B620BE77964972A4F99B971C393FA0","D10","CPER","CPER_002","W","grasslandHerbaceous",40.810935,-104.729485,"WGS84",1.1,0.0,0.1,"2014-07-31","2014-08-14",6,"BET.CPER_002.2014.06","CPER_002.W.20140814",14,"ok","ok","high","Y","NEON.DOC.014050","XXW8BqPXtz8Ncjf8bOi7gc6Hj7+NVXsl",,0,0,0
"90BA4DEC459E48659E3A5A80396D68D0","D10","CPER","CPER_001","E","grasslandHerbaceous",40.850865,-104.699297,"WGS84",1.1,0.0,0.1,"2014-07-31","2014-08-14",6,"BET.CPER_001.2014.06","CPER_001.E.20140814",14,"ok","ok","ok","Y","NEON.DOC.014050","XXW8BqPXtz8Ncjf8bOi7gc6Hj7+NVXsl",,0,0,0
"68F5F90D1DB242B08AC74B3C325DD48C","D10","CPER","CPER_001","N","grasslandHerbaceous",40.851046,-104.699534,"WGS84",1.1,0.0,0.1,"2014-07-31","2014-08-14",6,"BET.CPER_001.2014.06","CPER_001.N.20140814",14,"ok","ok","ok","Y","NEON.DOC.014050","XXW8BqPXtz8Ncjf8bOi7gc6Hj7+NVXsl",,0,0,0
"BF74CD1D72684936BC5A1AADB192919A","D10","CPER","CPER_001","W","grasslandHerbaceous",40.850866,-104.699772,"WGS84",1.1,0.0,0.1,"2014-07-31","2014-08-14",6,"BET.CPER_001.2014.06","CPER_001.W.20140814",14,"ok","ok","ok","Y","NEON.DOC.014050","XXW8BqPXtz8Ncjf8bOi7gc6Hj7+NVXsl",,0,0,0
"93F1E5F858BC41AF95A3FCF9D1AF02CC","D10","CPER","CPER_001","S","grasslandHerbaceous",40.850685,-104.699535,"WGS84",1.1,0.0,0.1,"2014-07-31","2014-08-14",6,"BET.CPER_001.2014.06","CPER_001.S.20140814",14,"ok","ok","ok","Y","NEON.DOC.014050","XXW8BqPXtz8Ncjf8bOi7gc6Hj7+NVXsl",,0,0,0
"C2DAA4B3357341CDB51E043849FA9CCC","D10","CPER","CPER_003","S","grasslandHerbaceous",40.818271,-104.707165,"WGS84",1.1,0.0,0.1,"2014-07-31","2014-08-14",6,"BET.CPER_003.2014.06","CPER_003.S.20140814",14,"ok","ok","ok","Y","NEON.DOC.014050","XXW8BqPXtz8Ncjf8bOi7gc6Hj7+NVXsl",,0,0,0
"E73C2F90F0E449CD9D352858A2DECC9C","D10","CPER","CPER_003","E","grasslandHerbaceous",40.818450,-104.706927,"WGS84",1.1,0.0,0.1,"2014-07-31","2014-08-14",6,"BET.CPER_003.2014.06","CPER_003.E.20140814",14,"ok","ok","ok","Y","NEON.DOC.014050","XXW8BqPXtz8Ncjf8bOi7gc6Hj7+NVXsl",,0,0,0
"9B0ED7EE2D554D54A2345C68A5DA1844","D10","CPER","CPER_003","W","grasslandHerbaceous",40.818451,-104.707401,"WGS84",1.1,0.0,0.1,"2014-07-31","2014-08-14",6,"BET.CPER_003.2014.06","CPER_003.W.20140814",14,"ok","ok","high","Y","NEON.DOC.014050","XXW8BqPXtz8Ncjf8bOi7gc6Hj7+NVXsl",,0,0,0
"05ED5CCA97FE464DA3A7AB0CE0EAD1CA","D10","CPER","CPER_003","W","grasslandHerbaceous",40.818451,-104.707401,"WGS84",1.1,0.0,0.1,"2014-08-14","2014-08-28",7,"BET.CPER_003.2014.07","CPER_003.W.20140828",14,"ok","ok","ok","Y","NEON.DOC.014050","XXW8BqPXtz8Ncjf8bOi7gc6Hj7+NVXsl",,0,0,0
"B01CD016AB274FDF97E3AE9B7F7DA1F9","D10","CPER","CPER_006","E","grasslandHerbaceous",40.814768,-104.747841,"WGS84",1.1,0.0,0.1,"2014-08-14","2014-08-28",7,"BET.CPER_006.2014.07","CPER_006.E.20140828",14,"ok","ok","ok","Y","NEON.DOC.014050","XXW8BqPXtz8Ncjf8bOi7gc6Hj7+NVXsl",,0,0,0
"832ABEC7765843978A4341E034AEF747","D10","CPER","CPER_006","N","grasslandHerbaceous",40.814949,-104.748077,"WGS84",1.1,0.0,0.1,"2014-08-14","2014-08-28",7,"BET.CPER_006.2014.07","CPER_006.N.20140828",14,"ok","ok","ok","Y","NEON.DOC.014050","XXW8BqPXtz8Ncjf8bOi7gc6Hj7+NVXsl",,0,0,0
"61341BD8D68842C5B36FAD953BC6C732","D10","CPER","CPER_006","S","grasslandHerbaceous",40.814588,-104.748079,"WGS84",1.1,0.0,0.1,"2014-08-14","2014-08-28",7,"BET.CPER_006.2014.07","CPER_006.S.20140828",14,"ok","ok","ok","Y","NEON.DOC.014050","XXW8BqPXtz8Ncjf8bOi7gc6Hj7+NVXsl",,0,0,0
"ACCFD316BB5440C1903B2DB286DA227D","D10","CPER","CPER_006","W","grasslandHerbaceous",40.814769,-104.748315,"WGS84",1.1,0.0,0.1,"2014-08-14","2014-08-28",7,"BET.CPER_006.2014.07","CPER_006.W.20140828",14,"ok","ok","ok","Y","NEON.DOC.014050","XXW8BqPXtz8Ncjf8bOi7gc6Hj7+NVXsl",,0,0,0
"01C162939AF943C2894D2BC8C93B8DC1","D10","CPER","CPER_005","N","grasslandHerbaceous",40.853273,-104.728006,"WGS84",1.1,0.0,0.1,"2014-08-14","2014-08-28",7,"BET.CPER_005.2014.07","CPER_005.N.20140828",14,"ok","ok","low","Y","NEON.DOC.014050","XXW8BqPXtz8Ncjf8bOi7gc6Hj7+NVXsl",,0,0,0
"8EBCCFC953694D43B8898C01984CC102","D10","CPER","CPER_005","S","grasslandHerbaceous",40.852913,-104.728007,"WGS84",1.1,0.0,0.1,"2014-08-14","2014-08-28",7,"BET.CPER_005.2014.07","CPER_005.S.20140828",14,"ok","ok","ok","Y","NEON.DOC.014050","XXW8BqPXtz8Ncjf8bOi7gc6Hj7+NVXsl",,0,0,0
"37BCDCB5FFEE4BD5BE4E2118521908ED","D10","CPER","CPER_005","W","grasslandHerbaceous",40.853094,-104.728244,"WGS84",1.1,0.0,0.1,"2014-08-14","2014-08-28",7,"BET.CPER_005.2014.07","CPER_005.W.20140828",14,"ok","ok","ok","Y","NEON.DOC.014050","XXW8BqPXtz8Ncjf8bOi7gc6Hj7+NVXsl",,0,0,0
"A870CA90F6EC462C8B574D09BF5B7B93","D10","CPER","CPER_005","E","grasslandHerbaceous",40.853093,-104.727769,"WGS84",1.1,0.0,0.1,"2014-08-14","2014-08-28",7,"BET.CPER_005.2014.07","CPER_005.E.20140828",14,"ok","ok","ok","Y","NEON.DOC.014050","XXW8BqPXtz8Ncjf8bOi7gc6Hj7+NVXsl",,0,0,0
"FBA2FB86B3024564AF15001B5EF38D3D","D10","CPER","CPER_010","S","grasslandHerbaceous",40.849829,-104.681399,"WGS84",1.1,0.0,0.1,"2014-08-14","2014-08-28",7,"BET.CPER_010.2014.07","CPER_010.S.20140828",14,"ok","ok","ok","Y","NEON.DOC.014050","XXW8BqPXtz8Ncjf8bOi7gc6Hj7+NVXsl",,0,0,0
"BC3B8BD79DF3486CA91545978B8EFAF5","D10","CPER","CPER_010","N","grasslandHerbaceous",40.850190,-104.681397,"WGS84",1.1,0.0,0.1,"2014-08-14","2014-08-28",7,"BET.CPER_010.2014.07","CPER_010.N.20140828",14,"ok","ok","ok","Y","NEON.DOC.014050","XXW8BqPXtz8Ncjf8bOi7gc6Hj7+NVXsl",,0,0,0
"E3039353A4FA4E3EBD76D57940B477E0","D10","CPER","CPER_010","E","grasslandHerbaceous",40.850009,-104.681161,"WGS84",1.1,0.0,0.1,"2014-08-14","2014-08-28",7,"BET.CPER_010.2014.07","CPER_010.E.20140828",14,"ok","ok","ok","Y","NEON.DOC.014050","XXW8BqPXtz8Ncjf8bOi7gc6Hj7+NVXsl",,0,0,0
"E0D26A86CD184B829A2B0BA84FD5B262","D10","CPER","CPER_010","W","grasslandHerbaceous",40.850010,-104.681636,"WGS84",1.1,0.0,0.1,"2014-08-14","2014-08-28",7,"BET.CPER_010.2014.07","CPER_010.W.20140828",14,"ok","ok","ok","Y","NEON.DOC.014050","XXW8BqPXtz8Ncjf8bOi7gc6Hj7+NVXsl",,0,0,0
"06D71D2FB93941869D7765A0798E5BF5","D10","CPER","CPER_009","E","grasslandHerbaceous",40.826120,-104.745666,"WGS84",1.1,0.0,0.1,"2014-08-14","2014-08-28",7,"BET.CPER_009.2014.07","CPER_009.E.20140828",14,"ok","ok","ok","Y","NEON.DOC.014050","XXW8BqPXtz8Ncjf8bOi7gc6Hj7+NVXsl",,0,0,0
"01A04867C33A4F75B1F4DABDF5414CC6","D10","CPER","CPER_009","N","grasslandHerbaceous",40.826300,-104.745902,"WGS84",1.1,0.0,0.1,"2014-08-14","2014-08-28",7,"BET.CPER_009.2014.07","CPER_009.N.20140828",14,"ok","ok","ok","Y","NEON.DOC.014050","XXW8BqPXtz8Ncjf8bOi7gc6Hj7+NVXsl",,0,0,0
"852D4998CB9F4F719D515DF8A2BCAA4C","D10","CPER","CPER_009","W","grasslandHerbaceous",40.826121,-104.746140,"WGS84",1.1,0.0,0.1,"2014-08-14","2014-08-28",7,"BET.CPER_009.2014.07","CPER_009.W.20140828",14,"ok","ok","ok","Y","NEON.DOC.014050","XXW8BqPXtz8Ncjf8bOi7gc6Hj7+NVXsl",,0,0,0
"0E02A415AB514333BD85A8D4DCF1C704","D10","CPER","CPER_009","S","grasslandHerbaceous",40.825940,-104.745904,"WGS84",1.1,0.0,0.1,"2014-08-14","2014-08-28",7,"BET.CPER_009.2014.07","CPER_009.S.20140828",14,"ok","ok","ok","Y","NEON.DOC.014050","XXW8BqPXtz8Ncjf8bOi7gc6Hj7+NVXsl",,0,0,0
"E37BDF6556974A1698F624AB9C7AFE86","D10","CPER","CPER_007","E","grasslandHerbaceous",40.861914,-104.683595,"WGS84",1.1,0.0,0.1,"2014-08-14","2014-08-28",7,"BET.CPER_007.2014.07","CPER_007.E.20140828",14,"ok","ok","low","Y","NEON.DOC.014050","XXW8BqPXtz8Ncjf8bOi7gc6Hj7+NVXsl",,0,0,0
"27FB9B7608AE439BA504A4B16D5B9306","D10","CPER","CPER_007","N","grasslandHerbaceous",40.862095,-104.683831,"WGS84",1.1,0.0,0.1,"2014-08-14","2014-08-28",7,"BET.CPER_007.2014.07","CPER_007.N.20140828",14,"ok","ok","high","Y","NEON.DOC.014050","XXW8BqPXtz8Ncjf8bOi7gc6Hj7+NVXsl",,0,0,0
"4571263378D342828C677EBBA67090F7","D10","CPER","CPER_007","S","grasslandHerbaceous",40.861735,-104.683833,"WGS84",1.1,0.0,0.1,"2014-08-14","2014-08-28",7,"BET.CPER_007.2014.07","CPER_007.S.20140828",14,"ok","ok","ok","Y","NEON.DOC.014050","XXW8BqPXtz8Ncjf8bOi7gc6Hj7+NVXsl",,0,0,0
"BA86AF7D550E42CAA71DDEBBFE5205A3","D10","CPER","CPER_007","W","grasslandHerbaceous",40.861916,-104.684070,"WGS84",1.1,0.0,0.1,"2014-08-14","2014-08-28",7,"BET.CPER_007.2014.07","CPER_007.W.20140828",14,"ok","ok","ok","Y","NEON.DOC.014050","XXW8BqPXtz8Ncjf8bOi7gc6Hj7+NVXsl",,0,0,0
"58F18A23B84248438719DDF94C5CF61C","D10","CPER","CPER_008","E","grasslandHerbaceous",40.798821,-104.748975,"WGS84",1.1,0.0,0.1,"2014-08-14","2014-08-28",7,"BET.CPER_008.2014.07","CPER_008.E.20140828",14,"ok","ok","ok","Y","NEON.DOC.014050","XXW8BqPXtz8Ncjf8bOi7gc6Hj7+NVXsl",,0,0,0
"D14612621C88465FAEE17E388798390E","D10","CPER","CPER_008","N","grasslandHerbaceous",40.799002,-104.749211,"WGS84",1.1,0.0,0.1,"2014-08-14","2014-08-28",7,"BET.CPER_008.2014.07","CPER_008.N.20140828",14,"ok","ok","high","Y","NEON.DOC.014050","XXW8BqPXtz8Ncjf8bOi7gc6Hj7+NVXsl",,0,0,0
"8EFCF24FD91441F28F51CE85D64BD47A","D10","CPER","CPER_008","S","grasslandHerbaceous",40.798642,-104.749212,"WGS84",1.1,0.0,0.1,"2014-08-14","2014-08-28",7,"BET.CPER_008.2014.07","CPER_008.S.20140828",14,"ok","ok","ok","Y","NEON.DOC.014050","XXW8BqPXtz8Ncjf8bOi7gc6Hj7+NVXsl",,0,0,0
"0A05033C03F8479BA949BDA7C5A56A5F","D10","CPER","CPER_008","W","grasslandHerbaceous",40.798822,-104.749449,"WGS84",1.1,0.0,0.1,"2014-08-14","2014-08-28",7,"BET.CPER_008.2014.07","CPER_008.W.20140828",14,"ok","ok","ok","Y","NEON.DOC.014050","XXW8BqPXtz8Ncjf8bOi7gc6Hj7+NVXsl",,0,0,0
"21DB8AA218F94817973B48E58D5802E1","D10","CPER","CPER_004","W","grasslandHerbaceous",40.812750,-104.697110,"WGS84",1.1,0.0,0.1,"2014-08-14","2014-08-28",7,"BET.CPER_004.2014.07","CPER_004.W.20140828",14,"ok","ok","ok","Y","NEON.DOC.014050","XXW8BqPXtz8Ncjf8bOi7gc6Hj7+NVXsl",,0,0,0
"FBCC27C995B94FA1A864F5BE851E3173","D10","CPER","CPER_004","E","grasslandHerbaceous",40.812749,-104.696636,"WGS84",1.1,0.0,0.1,"2014-08-14","2014-08-28",7,"BET.CPER_004.2014.07","CPER_004.E.20140828",14,"ok","ok","ok","Y","NEON.DOC.014050","XXW8BqPXtz8Ncjf8bOi7gc6Hj7+NVXsl",,0,0,0
"B2734F9DC9ED4267BBD32D3097C1F047","D10","CPER","CPER_004","N","grasslandHerbaceous",40.812930,-104.696872,"WGS84",1.1,0.0,0.1,"2014-08-14","2014-08-28",7,"BET.CPER_004.2014.07","CPER_004.N.20140828",14,"ok","ok","low","Y","NEON.DOC.014050","XXW8BqPXtz8Ncjf8bOi7gc6Hj7+NVXsl",,0,0,0
"053442A918D24966A951114011D5D2DA","D10","CPER","CPER_004","S","grasslandHerbaceous",40.812569,-104.696874,"WGS84",1.1,0.0,0.1,"2014-08-14","2014-08-28",7,"BET.CPER_004.2014.07","CPER_004.S.20140828",14,"ok","ok","ok","Y","NEON.DOC.014050","XXW8BqPXtz8Ncjf8bOi7gc6Hj7+NVXsl",,0,0,0
"065F52244FA64CD29B5E5B6597F70210","D10","CPER","CPER_002","W","grasslandHerbaceous",40.810935,-104.729485,"WGS84",1.1,0.0,0.1,"2014-08-14","2014-08-28",7,"BET.CPER_002.2014.07","CPER_002.W.20140828",14,"ok","ok","ok","Y","NEON.DOC.014050","XXW8BqPXtz8Ncjf8bOi7gc6Hj7+NVXsl",,0,0,0
"599319958F2140BAA68968CD7EA17085","D10","CPER","CPER_002","N","grasslandHerbaceous",40.811114,-104.729247,"WGS84",1.1,0.0,0.1,"2014-08-14","2014-08-28",7,"BET.CPER_002.2014.07","CPER_002.N.20140828",14,"ok","disturbed","ok","Y","NEON.DOC.014050","XXW8BqPXtz8Ncjf8bOi7gc6Hj7+NVXsl","One plastic spike missing on corner of lid",0,0,0
"E909C2E6959C456AAC2E8C7D7D48778B","D10","CPER","CPER_002","S","grasslandHerbaceous",40.810754,-104.729249,"WGS84",1.1,0.0,0.1,"2014-08-14","2014-08-28",7,"BET.CPER_002.2014.07","CPER_002.S.20140828",14,"ok","ok","high","Y","NEON.DOC.014050","XXW8BqPXtz8Ncjf8bOi7gc6Hj7+NVXsl",,0,0,0
"955056220EBE40D4983C8AD09077F56F","D10","CPER","CPER_002","E","grasslandHerbaceous",40.810934,-104.729011,"WGS84",1.1,0.0,0.1,"2014-08-14","2014-08-28",7,"BET.CPER_002.2014.07","CPER_002.E.20140828",14,"ok","ok","ok","Y","NEON.DOC.014050","XXW8BqPXtz8Ncjf8bOi7gc6Hj7+NVXsl",,0,0,0
"90AAFD66052B431CA29AFB616E502996","D10","CPER","CPER_001","S","grasslandHerbaceous",40.850685,-104.699535,"WGS84",1.1,0.0,0.1,"2014-08-14","2014-08-28",7,"BET.CPER_001.2014.07","CPER_001.S.20140828",14,"ok","ok","ok","Y","NEON.DOC.014050","XXW8BqPXtz8Ncjf8bOi7gc6Hj7+NVXsl",,0,0,0
"5150CF5CA67D459BA2A5AFD817D1B70D","D10","CPER","CPER_001","W","grasslandHerbaceous",40.850866,-104.699772,"WGS84",1.1,0.0,0.1,"2014-08-14","2014-08-28",7,"BET.CPER_001.2014.07","CPER_001.W.20140828",14,"ok","ok","ok","Y","NEON.DOC.014050","XXW8BqPXtz8Ncjf8bOi7gc6Hj7+NVXsl",,0,0,0
"E502C5B5D9FF45F58BE2F7080F2A800A","D10","CPER","CPER_001","E","grasslandHerbaceous",40.850865,-104.699297,"WGS84",1.1,0.0,0.1,"2014-08-14","2014-08-28",7,"BET.CPER_001.2014.07","CPER_001.E.20140828",14,,,,"Y","NEON.DOC.014050","XXW8BqPXtz8Ncjf8bOi7gc6Hj7+NVXsl",,0,0,0
"CF9EFD1178344963AFA1D9AD92D6375D","D10","CPER","CPER_001","N","grasslandHerbaceous",40.851046,-104.699534,"WGS84",1.1,0.0,0.1,"2014-08-14","2014-08-28",7,"BET.CPER_001.2014.07","CPER_001.N.20140828",14,,,,"Y","NEON.DOC.014050","XXW8BqPXtz8Ncjf8bOi7gc6Hj7+NVXsl",,0,0,0
"C5DC8EB9F6354DB48A322CBDF1A8C690","D10","CPER","CPER_003","N","grasslandHerbaceous",40.818631,-104.707163,"WGS84",1.1,0.0,0.1,"2014-08-14","2014-08-28",7,"BET.CPER_003.2014.07","CPER_003.N.20140828",14,"ok","ok","ok","Y","NEON.DOC.014050","XXW8BqPXtz8Ncjf8bOi7gc6Hj7+NVXsl",,0,0,0
"0C3F1D4347E44CDEB139B17296CDC00C","D10","CPER","CPER_003","E","grasslandHerbaceous",40.818450,-104.706927,"WGS84",1.1,0.0,0.1,"2014-08-14","2014-08-28",7,"BET.CPER_003.2014.07","CPER_003.E.20140828",14,"ok","disturbed",,"Y","NEON.DOC.014050","XXW8BqPXtz8Ncjf8bOi7gc6Hj7+NVXsl","Lid completely off and ~1m away from trap",0,0,0
"4060FD36C5B64476A2E754548C4D2283","D10","CPER","CPER_003","S","grasslandHerbaceous",40.818271,-104.707165,"WGS84",1.1,0.0,0.1,"2014-08-14","2014-08-28",7,"BET.CPER_003.2014.07","CPER_003.S.20140828",14,"ok","disturbed","ok","Y","NEON.DOC.014050","XXW8BqPXtz8Ncjf8bOi7gc6Hj7+NVXsl","Plastic spikes missing on three corners of lid, lid still in place",0,0,0
"BCBF3300A3C8417F8F6798DE5E5F07C3","D10","CPER","CPER_003","N","grasslandHerbaceous",40.818631,-104.707163,"WGS84",1.1,0.0,0.1,"2014-08-28","2014-09-11",8,"BET.CPER_003.2014.08","CPER_003.N.20140911",14,"ok","ok","ok","Y","NEON.DOC.014050","XXW8BqPXtz8Ncjf8bOi7gc6Hj7+NVXsl",,0,0,0
"3EB84EB8F27F4919A6DD69CC7486DC80","D10","CPER","CPER_003","S","grasslandHerbaceous",40.818271,-104.707165,"WGS84",1.1,0.0,0.1,"2014-08-28","2014-09-11",8,"BET.CPER_003.2014.08","CPER_003.S.20140911",14,"ok","ok","low","Y","NEON.DOC.014050","XXW8BqPXtz8Ncjf8bOi7gc6Hj7+NVXsl",,0,0,0
"B52D107CE99344ECBE477B88BD3FB555","D10","CPER","CPER_003","E","grasslandHerbaceous",40.818450,-104.706927,"WGS84",1.1,0.0,0.1,"2014-08-28","2014-09-11",8,"BET.CPER_003.2014.08","CPER_003.E.20140911",14,"ok","ok","ok","Y","NEON.DOC.014050","XXW8BqPXtz8Ncjf8bOi7gc6Hj7+NVXsl",,0,0,0
"A1B0A7B640A445BBAD3704F0AA6E30B1","D10","CPER","CPER_003","W","grasslandHerbaceous",40.818451,-104.707401,"WGS84",1.1,0.0,0.1,"2014-08-28","2014-09-11",8,"BET.CPER_003.2014.08","CPER_003.W.20140911",14,"ok","ok","low","Y","NEON.DOC.014050","XXW8BqPXtz8Ncjf8bOi7gc6Hj7+NVXsl",,0,0,0
"840B81EC80944802BB4AE824F6071187","D10","CPER","CPER_001","W","grasslandHerbaceous",40.850866,-104.699772,"WGS84",1.1,0.0,0.1,"2014-08-28","2014-09-11",8,"BET.CPER_001.2014.08","CPER_001.W.20140911",14,"ok","ok","ok","Y","NEON.DOC.014050","XXW8BqPXtz8Ncjf8bOi7gc6Hj7+NVXsl",,0,0,0
"203E4F7970154D81A5CA865271F546F3","D10","CPER","CPER_001","S","grasslandHerbaceous",40.850685,-104.699535,"WGS84",1.1,0.0,0.1,"2014-08-28","2014-09-11",8,"BET.CPER_001.2014.08","CPER_001.S.20140911",14,"ok","ok","ok","Y","NEON.DOC.014050","XXW8BqPXtz8Ncjf8bOi7gc6Hj7+NVXsl",,0,0,0
"2D33AE3054A24C75B781C636DBEAC4DD","D10","CPER","CPER_001","E","grasslandHerbaceous",40.850865,-104.699297,"WGS84",1.1,0.0,0.1,"2014-08-28","2014-09-11",8,"BET.CPER_001.2014.08","CPER_001.E.20140911",14,"ok","ok","ok","Y","NEON.DOC.014050","XXW8BqPXtz8Ncjf8bOi7gc6Hj7+NVXsl",,0,0,0
"E3B9CF0E4937411D905D3E5BAD7D7C5D","D10","CPER","CPER_001","N","grasslandHerbaceous",40.851046,-104.699534,"WGS84",1.1,0.0,0.1,"2014-08-28","2014-09-11",8,"BET.CPER_001.2014.08","CPER_001.N.20140911",14,"ok","ok","ok","Y","NEON.DOC.014050","XXW8BqPXtz8Ncjf8bOi7gc6Hj7+NVXsl",,0,0,0
"135119AA46E34F1885EFF0479DA3B0D4","D10","CPER","CPER_002","N","grasslandHerbaceous",40.811114,-104.729247,"WGS84",1.1,0.0,0.1,"2014-08-28","2014-09-11",8,"BET.CPER_002.2014.08","CPER_002.N.20140911",14,"ok","ok","ok","Y","NEON.DOC.014050","XXW8BqPXtz8Ncjf8bOi7gc6Hj7+NVXsl",,0,0,0
"A75A13F4A9A8411EA956ADADAD6B5CE8","D10","CPER","CPER_002","S","grasslandHerbaceous",40.810754,-104.729249,"WGS84",1.1,0.0,0.1,"2014-08-28","2014-09-11",8,"BET.CPER_002.2014.08","CPER_002.S.20140911",14,"ok","ok","ok","Y","NEON.DOC.014050","XXW8BqPXtz8Ncjf8bOi7gc6Hj7+NVXsl",,0,0,0
"742877CEB6CD4E23858F89AED5A34A8A","D10","CPER","CPER_002","E","grasslandHerbaceous",40.810934,-104.729011,"WGS84",1.1,0.0,0.1,"2014-08-28","2014-09-11",8,"BET.CPER_002.2014.08","CPER_002.E.20140911",14,"ok","ok","ok","Y","NEON.DOC.014050","XXW8BqPXtz8Ncjf8bOi7gc6Hj7+NVXsl",,0,0,0
"038FF41EE7494746BD0702FE12F1E1E6","D10","CPER","CPER_002","W","grasslandHerbaceous",40.810935,-104.729485,"WGS84",1.1,0.0,0.1,"2014-08-28","2014-09-11",8,"BET.CPER_002.2014.08","CPER_002.W.20140911",14,"ok","ok","ok","Y","NEON.DOC.014050","XXW8BqPXtz8Ncjf8bOi7gc6Hj7+NVXsl",,0,0,0
"BB87FCF0442041809C93F5E5DC3B92E0","D10","CPER","CPER_004","E","grasslandHerbaceous",40.812749,-104.696636,"WGS84",1.1,0.0,0.1,"2014-08-28","2014-09-11",8,"BET.CPER_004.2014.08","CPER_004.E.20140911",14,"ok","ok","ok","Y","NEON.DOC.014050","XXW8BqPXtz8Ncjf8bOi7gc6Hj7+NVXsl",,0,0,0
"9788842387EE430B96475278F8117A11","D10","CPER","CPER_004","S","grasslandHerbaceous",40.812569,-104.696874,"WGS84",1.1,0.0,0.1,"2014-08-28","2014-09-11",8,"BET.CPER_004.2014.08","CPER_004.S.20140911",14,"ok","ok","ok","Y","NEON.DOC.014050","XXW8BqPXtz8Ncjf8bOi7gc6Hj7+NVXsl",,0,0,0
"54637420CEEA43AE914B8A40770446D8","D10","CPER","CPER_004","W","grasslandHerbaceous",40.812750,-104.697110,"WGS84",1.1,0.0,0.1,"2014-08-28","2014-09-11",8,"BET.CPER_004.2014.08","CPER_004.W.20140911",14,"ok","ok","ok","Y","NEON.DOC.014050","XXW8BqPXtz8Ncjf8bOi7gc6Hj7+NVXsl",,0,0,0
"BDE822BFFD404F909D8BA4C485AFAFDB","D10","CPER","CPER_004","N","grasslandHerbaceous",40.812930,-104.696872,"WGS84",1.1,0.0,0.1,"2014-08-28","2014-09-11",8,"BET.CPER_004.2014.08","CPER_004.N.20140911",14,"ok","ok","ok","Y","NEON.DOC.014050","XXW8BqPXtz8Ncjf8bOi7gc6Hj7+NVXsl",,0,0,0
"D7667BEB8A254943A2D25C742379EDFD","D10","CPER","CPER_008","E","grasslandHerbaceous",40.798821,-104.748975,"WGS84",1.1,0.0,0.1,"2014-08-28","2014-09-11",8,"BET.CPER_008.2014.08","CPER_008.E.20140911",14,"ok","ok","ok","Y","NEON.DOC.014050","XXW8BqPXtz8Ncjf8bOi7gc6Hj7+NVXsl",,0,0,0
"ADDB8C15871F4B229D1BE81F26D9AEAE","D10","CPER","CPER_008","N","grasslandHerbaceous",40.799002,-104.749211,"WGS84",1.1,0.0,0.1,"2014-08-28","2014-09-11",8,"BET.CPER_008.2014.08","CPER_008.N.20140911",14,"ok","ok","ok","Y","NEON.DOC.014050","XXW8BqPXtz8Ncjf8bOi7gc6Hj7+NVXsl",,0,0,0
"8E7385D6401249AC9F0279568C8A3C60","D10","CPER","CPER_008","W","grasslandHerbaceous",40.798822,-104.749449,"WGS84",1.1,0.0,0.1,"2014-08-28","2014-09-11",8,"BET.CPER_008.2014.08","CPER_008.W.20140911",14,"ok","ok","ok","Y","NEON.DOC.014050","XXW8BqPXtz8Ncjf8bOi7gc6Hj7+NVXsl",,0,0,0
"1122199177BC4449B56470FECE0DDAD2","D10","CPER","CPER_008","S","grasslandHerbaceous",40.798642,-104.749212,"WGS84",1.1,0.0,0.1,"2014-08-28","2014-09-11",8,"BET.CPER_008.2014.08","CPER_008.S.20140911",14,"ok","ok","low","Y","NEON.DOC.014050","XXW8BqPXtz8Ncjf8bOi7gc6Hj7+NVXsl",,0,0,0
"8240DF44C376418D90595D986FCBC800","D10","CPER","CPER_007","E","grasslandHerbaceous",40.861914,-104.683595,"WGS84",1.1,0.0,0.1,"2014-08-28","2014-09-11",8,"BET.CPER_007.2014.08","CPER_007.E.20140911",14,"ok","ok","low","Y","NEON.DOC.014050","XXW8BqPXtz8Ncjf8bOi7gc6Hj7+NVXsl",,0,0,0
"CF5F9B567B804C499D179DCBAE6CE00B","D10","CPER","CPER_007","N","grasslandHerbaceous",40.862095,-104.683831,"WGS84",1.1,0.0,0.1,"2014-08-28","2014-09-11",8,"BET.CPER_007.2014.08","CPER_007.N.20140911",14,"ok","ok","ok","Y","NEON.DOC.014050","XXW8BqPXtz8Ncjf8bOi7gc6Hj7+NVXsl",,0,0,0
"054A472366EC403CA342A505A1076291","D10","CPER","CPER_007","S","grasslandHerbaceous",40.861735,-104.683833,"WGS84",1.1,0.0,0.1,"2014-08-28","2014-09-11",8,"BET.CPER_007.2014.08","CPER_007.S.20140911",14,"ok","ok","low","Y","NEON.DOC.014050","XXW8BqPXtz8Ncjf8bOi7gc6Hj7+NVXsl",,0,0,0
"E7F116F6CE6D45FF987C9F828B83A2B0","D10","CPER","CPER_007","W","grasslandHerbaceous",40.861916,-104.684070,"WGS84",1.1,0.0,0.1,"2014-08-28","2014-09-11",8,"BET.CPER_007.2014.08","CPER_007.W.20140911",14,"ok","ok","ok","Y","NEON.DOC.014050","XXW8BqPXtz8Ncjf8bOi7gc6Hj7+NVXsl",,0,0,0
"A67EB8E66A1649E6868E840ED060C9DA","D10","CPER","CPER_009","E","grasslandHerbaceous",40.826120,-104.745666,"WGS84",1.1,0.0,0.1,"2014-08-28","2014-09-11",8,"BET.CPER_009.2014.08","CPER_009.E.20140911",14,"ok","ok","ok","Y","NEON.DOC.014050","XXW8BqPXtz8Ncjf8bOi7gc6Hj7+NVXsl",,0,0,0
"5991265238F849388E7CDDB28622B2B8","D10","CPER","CPER_009","W","grasslandHerbaceous",40.826121,-104.746140,"WGS84",1.1,0.0,0.1,"2014-08-28","2014-09-11",8,"BET.CPER_009.2014.08","CPER_009.W.20140911",14,"ok","ok","ok","Y","NEON.DOC.014050","XXW8BqPXtz8Ncjf8bOi7gc6Hj7+NVXsl",,0,0,0
"3D12CE48DBF9431BBC23F02B7E46CBC0","D10","CPER","CPER_009","N","grasslandHerbaceous",40.826300,-104.745902,"WGS84",1.1,0.0,0.1,"2014-08-28","2014-09-11",8,"BET.CPER_009.2014.08","CPER_009.N.20140911",14,"ok","ok","ok","Y","NEON.DOC.014050","XXW8BqPXtz8Ncjf8bOi7gc6Hj7+NVXsl",,0,0,0
"AB1A72B24B1647C98D0BBC576D28954B","D10","CPER","CPER_009","S","grasslandHerbaceous",40.825940,-104.745904,"WGS84",1.1,0.0,0.1,"2014-08-28","2014-09-11",8,"BET.CPER_009.2014.08","CPER_009.S.20140911",14,"ok","ok","ok","Y","NEON.DOC.014050","XXW8BqPXtz8Ncjf8bOi7gc6Hj7+NVXsl",,0,0,0
"D637A175363D4FA386FE4C6ED3EA0616","D10","CPER","CPER_010","S","grasslandHerbaceous",40.849829,-104.681399,"WGS84",1.1,0.0,0.1,"2014-08-28","2014-09-11",8,"BET.CPER_010.2014.08","CPER_010.S.20140911",14,"ok","ok","ok","Y","NEON.DOC.014050","XXW8BqPXtz8Ncjf8bOi7gc6Hj7+NVXsl",,0,0,0
"1F2AC96C278C409B990973E57AC40DFD","D10","CPER","CPER_010","E","grasslandHerbaceous",40.850009,-104.681161,"WGS84",1.1,0.0,0.1,"2014-08-28","2014-09-11",8,"BET.CPER_010.2014.08","CPER_010.E.20140911",14,"ok","ok","low","Y","NEON.DOC.014050","XXW8BqPXtz8Ncjf8bOi7gc6Hj7+NVXsl",,0,0,0
"0203078DBDC441A198FC6638C30B913B","D10","CPER","CPER_010","W","grasslandHerbaceous",40.850010,-104.681636,"WGS84",1.1,0.0,0.1,"2014-08-28","2014-09-11",8,"BET.CPER_010.2014.08","CPER_010.W.20140911",14,"ok","ok","low","Y","NEON.DOC.014050","XXW8BqPXtz8Ncjf8bOi7gc6Hj7+NVXsl",,0,0,0
"15B37504CCDA4C07AF7AC79D34227726","D10","CPER","CPER_010","N","grasslandHerbaceous",40.850190,-104.681397,"WGS84",1.1,0.0,0.1,"2014-08-28","2014-09-11",8,"BET.CPER_010.2014.08","CPER_010.N.20140911",14,"ok","ok","ok","Y","NEON.DOC.014050","XXW8BqPXtz8Ncjf8bOi7gc6Hj7+NVXsl",,0,0,0
"136452C15E034C7E9B5D879BB83F6D18","D10","CPER","CPER_005","E","grasslandHerbaceous",40.853093,-104.727769,"WGS84",1.1,0.0,0.1,"2014-08-28","2014-09-11",8,"BET.CPER_005.2014.08","CPER_005.E.20140911",14,"ok","ok","ok","Y","NEON.DOC.014050","XXW8BqPXtz8Ncjf8bOi7gc6Hj7+NVXsl",,0,0,0
"3BF8692DAB4E4FBC9EE7C81CDE634479","D10","CPER","CPER_005","N","grasslandHerbaceous",40.853273,-104.728006,"WGS84",1.1,0.0,0.1,"2014-08-28","2014-09-11",8,"BET.CPER_005.2014.08","CPER_005.N.20140911",14,"ok","ok","ok","Y","NEON.DOC.014050","XXW8BqPXtz8Ncjf8bOi7gc6Hj7+NVXsl",,0,0,0
"59E6861AED6C44DF9A181732B3C7D1A8","D10","CPER","CPER_005","S","grasslandHerbaceous",40.852913,-104.728007,"WGS84",1.1,0.0,0.1,"2014-08-28","2014-09-11",8,"BET.CPER_005.2014.08","CPER_005.S.20140911",14,"ok","ok","low","Y","NEON.DOC.014050","XXW8BqPXtz8Ncjf8bOi7gc6Hj7+NVXsl",,0,0,0
"66BDB4F5D85B4C1785D581F91E8BBF01","D10","CPER","CPER_005","W","grasslandHerbaceous",40.853094,-104.728244,"WGS84",1.1,0.0,0.1,"2014-08-28","2014-09-11",8,"BET.CPER_005.2014.08","CPER_005.W.20140911",14,"ok","ok","low","Y","NEON.DOC.014050","XXW8BqPXtz8Ncjf8bOi7gc6Hj7+NVXsl",,0,0,0
"77BBD606830F4D18BA3BB55EE88B3F8F","D10","CPER","CPER_006","E","grasslandHerbaceous",40.814768,-104.747841,"WGS84",1.1,0.0,0.1,"2014-08-28","2014-09-11",8,"BET.CPER_006.2014.08","CPER_006.E.20140911",14,"ok","ok","ok","Y","NEON.DOC.014050","XXW8BqPXtz8Ncjf8bOi7gc6Hj7+NVXsl",,0,0,0
"D75C5897E71E44DE917937501E78FE70","D10","CPER","CPER_006","W","grasslandHerbaceous",40.814769,-104.748315,"WGS84",1.1,0.0,0.1,"2014-08-28","2014-09-11",8,"BET.CPER_006.2014.08","CPER_006.W.20140911",14,"ok","ok","ok","Y","NEON.DOC.014050","XXW8BqPXtz8Ncjf8bOi7gc6Hj7+NVXsl",,0,0,0
"91E5E3757D4A4043BE2E2813646A770F","D10","CPER","CPER_006","S","grasslandHerbaceous",40.814588,-104.748079,"WGS84",1.1,0.0,0.1,"2014-08-28","2014-09-11",8,"BET.CPER_006.2014.08","CPER_006.S.20140911",14,"ok","ok","ok","Y","NEON.DOC.014050","XXW8BqPXtz8Ncjf8bOi7gc6Hj7+NVXsl",,0,0,0
"1E3E60D9D4AD4CD08B41B3EF51C94493","D10","CPER","CPER_006","N","grasslandHerbaceous",40.814949,-104.748077,"WGS84",1.1,0.0,0.1,"2014-08-28","2014-09-11",8,"BET.CPER_006.2014.08","CPER_006.N.20140911",14,"ok","ok","ok","Y","NEON.DOC.014050","XXW8BqPXtz8Ncjf8bOi7gc6Hj7+NVXsl",,0,0,0
