"uid","domainID","siteID","plotID","trapID","nlcdClass","decimalLatitude","decimalLongitude","geodeticDatum","coordinateUncertainty","elevation","elevationUncertainty","setDate","collectDate","boutNumber","eventID","sampleID","daysOfTrapping","cupStatus","lidStatus","fluidLevel","trapReset","samplingProtocol","recordedBy","remarks","missingRecordsPerBoutQF","duplicateCollectionEventQF","compareSetCollectDateQF"
"9F57399651D44C52946131A92EFE7D3C","D07","ORNL","ORNL_001","S","deciduousForest",35.930069,-84.270116,"WGS84",1.2,244.6,0.3,"2014-05-19","2014-06-03",1,"BET.ORNL_001.2014.01","ORNL_001.S.20140603",15,"ok","ok","ok","Y","NEON.DOC.014050","WmAojBj4q9lPhur9nwi+LcYtlz/DsGor","was originally set in NW corner, so was relocated to S cardinal.",0,0,0
"BD5348CDC2424760AC70BD01662F9F67","D07","ORNL","ORNL_031","S","pastureHay",35.948427,-84.221919,"WGS84",1.1,266.7,0.1,"2014-05-19","2014-06-03",1,"BET.ORNL_031.2014.01","ORNL_031.S.20140603",15,"ok","ok","ok","Y","NEON.DOC.014050","WmAojBj4q9lPhur9nwi+LcYtlz/DsGor",,0,0,0
"D1DD1BA9466C4498A35F25FBF04DE2DC","D07","ORNL","ORNL_031","N","pastureHay",35.948787,-84.221906,"WGS84",1.1,266.7,0.1,"2014-05-19","2014-06-03",1,"BET.ORNL_031.2014.01","ORNL_031.N.20140603",15,"ok","ok","ok","Y","NEON.DOC.014050","WmAojBj4q9lPhur9nwi+LcYtlz/DsGor",,0,0,0
"367B136550484EAD8E89D7901316021C","D07","ORNL","ORNL_031","W","pastureHay",35.948612,-84.222134,"WGS84",1.1,266.7,0.1,"2014-05-19","2014-06-03",1,"BET.ORNL_031.2014.01","ORNL_031.W.20140603",15,"ok","ok","ok","Y","NEON.DOC.014050","WmAojBj4q9lPhur9nwi+LcYtlz/DsGor",,0,0,0
"A6804BCB232D48F8861AD8BBA75A2669","D07","ORNL","ORNL_031","E","pastureHay",35.948602,-84.221691,"WGS84",1.1,266.7,0.1,"2014-05-19","2014-06-03",1,"BET.ORNL_031.2014.01","ORNL_031.E.20140603",15,"ok","ok","ok","Y","NEON.DOC.014050","WmAojBj4q9lPhur9nwi+LcYtlz/DsGor",,0,0,0
"EA052CCE81514AAD85C8DB533C27BD30","D07","ORNL","ORNL_032","N","evergreenForest",35.944697,-84.326486,"WGS84",1.2,263.1,0.2,"2014-05-19","2014-06-03",1,"BET.ORNL_032.2014.01","ORNL_032.N.20140603",15,"ok","ok","ok","Y","NEON.DOC.014050","WmAojBj4q9lPhur9nwi+LcYtlz/DsGor",,0,0,0
"00F6AF006A0043E7B81885369E315154","D07","ORNL","ORNL_032","W","evergreenForest",35.944521,-84.326714,"WGS84",1.2,263.1,0.2,"2014-05-19","2014-06-03",1,"BET.ORNL_032.2014.01","ORNL_032.W.20140603",15,"ok","ok","ok","Y","NEON.DOC.014050","WmAojBj4q9lPhur9nwi+LcYtlz/DsGor",,0,0,0
"ACBA1604889C41E08F3B022F20447776","D07","ORNL","ORNL_032","E","evergreenForest",35.944512,-84.326271,"WGS84",1.2,263.1,0.2,"2014-05-19","2014-06-03",1,"BET.ORNL_032.2014.01","ORNL_032.E.20140603",15,"ok","ok","ok","Y","NEON.DOC.014050","WmAojBj4q9lPhur9nwi+LcYtlz/DsGor",,0,0,0
"BB94F0308BA24B11A66C3AE63D4474EB","D07","ORNL","ORNL_032","S","evergreenForest",35.944336,-84.326498,"WGS84",1.2,263.1,0.2,"2014-05-19","2014-06-03",1,"BET.ORNL_032.2014.01","ORNL_032.S.20140603",15,"ok","ok","ok","Y","NEON.DOC.014050","WmAojBj4q9lPhur9nwi+LcYtlz/DsGor",,0,0,0
"A5E8817617244B688619073321A7227A","D07","ORNL","ORNL_029","S","evergreenForest",35.957466,-84.261844,"WGS84",1.1,272.5,0.2,"2014-05-19","2014-06-03",1,"BET.ORNL_029.2014.01","ORNL_029.S.20140603",15,"ok","ok","ok","Y","NEON.DOC.014050","WmAojBj4q9lPhur9nwi+LcYtlz/DsGor",,0,0,0
"B4313B41CC7B423F9766B577A79426F6","D07","ORNL","ORNL_029","W","evergreenForest",35.957652,-84.262060,"WGS84",1.1,272.5,0.2,"2014-05-19","2014-06-03",1,"BET.ORNL_029.2014.01","ORNL_029.W.20140603",15,"ok","ok","ok","Y","NEON.DOC.014050","WmAojBj4q9lPhur9nwi+LcYtlz/DsGor",,0,0,0
"859262C141354BA68A132791FEA79038","D07","ORNL","ORNL_029","N","evergreenForest",35.957827,-84.261832,"WGS84",1.1,272.5,0.2,"2014-05-19","2014-06-03",1,"BET.ORNL_029.2014.01","ORNL_029.N.20140603",15,"ok","ok","ok","Y","NEON.DOC.014050","WmAojBj4q9lPhur9nwi+LcYtlz/DsGor","trap re-dug; due to pine bark, trap not level to the ground.",0,0,0
"702C6CE030D545FB9F877F6C200C7967","D07","ORNL","ORNL_029","E","evergreenForest",35.957641,-84.261617,"WGS84",1.1,272.5,0.2,"2014-05-19","2014-06-03",1,"BET.ORNL_029.2014.01","ORNL_029.E.20140603",15,"ok","ok","ok","Y","NEON.DOC.014050","WmAojBj4q9lPhur9nwi+LcYtlz/DsGor",,0,0,0
"E11D89E0903144B18820A7783E2DC82A","D07","ORNL","ORNL_027","W","evergreenForest",35.916316,-84.263501,"WGS84",1.3,245.6,0.3,"2014-05-19","2014-06-03",1,"BET.ORNL_027.2014.01","ORNL_027.W.20140603",15,"ok","ok","ok","Y","NEON.DOC.014050","WmAojBj4q9lPhur9nwi+LcYtlz/DsGor",,0,0,0
"3CB0EB5E8D04401FAE016BDC57123968","D07","ORNL","ORNL_027","S","evergreenForest",35.916131,-84.263286,"WGS84",1.3,245.6,0.3,"2014-05-19","2014-06-03",1,"BET.ORNL_027.2014.01","ORNL_027.S.20140603",15,"ok","ok","ok","Y","NEON.DOC.014050","WmAojBj4q9lPhur9nwi+LcYtlz/DsGor",,0,0,0
"F20E450229A64166AA3AF4F07258AB00","D07","ORNL","ORNL_027","N","evergreenForest",35.916491,-84.263274,"WGS84",1.3,245.6,0.3,"2014-05-19","2014-06-03",1,"BET.ORNL_027.2014.01","ORNL_027.N.20140603",15,"ok","ok","ok","Y","NEON.DOC.014050","WmAojBj4q9lPhur9nwi+LcYtlz/DsGor",,0,0,0
"A83E1A6073464E41B1A424A777BBDF1E","D07","ORNL","ORNL_027","E","evergreenForest",35.916306,-84.263059,"WGS84",1.3,245.6,0.3,"2014-05-19","2014-06-03",1,"BET.ORNL_027.2014.01","ORNL_027.E.20140603",15,"ok","ok","ok","Y","NEON.DOC.014050","WmAojBj4q9lPhur9nwi+LcYtlz/DsGor",,0,0,0
"3E3A469150FD4B92A1EC3DD183FA0B07","D07","ORNL","ORNL_021","W","pastureHay",35.955646,-84.221568,"WGS84",1.1,277.6,0.1,"2014-05-19","2014-06-03",1,"BET.ORNL_021.2014.01","ORNL_021.W.20140603",15,"ok","ok","ok","Y","NEON.DOC.014050","WmAojBj4q9lPhur9nwi+LcYtlz/DsGor",,0,0,0
"926A22C4D3DC48A0B412A0352A7547E4","D07","ORNL","ORNL_021","S","pastureHay",35.955461,-84.221353,"WGS84",1.1,277.6,0.1,"2014-05-19","2014-06-03",1,"BET.ORNL_021.2014.01","ORNL_021.S.20140603",15,"ok","ok","ok","Y","NEON.DOC.014050","WmAojBj4q9lPhur9nwi+LcYtlz/DsGor",,0,0,0
"AFB5B8F84C2B473B9C9E85120C948A7B","D07","ORNL","ORNL_021","E","pastureHay",35.955636,-84.221125,"WGS84",1.1,277.6,0.1,"2014-05-19","2014-06-03",1,"BET.ORNL_021.2014.01","ORNL_021.E.20140603",15,"ok","ok","high","Y","NEON.DOC.014050","WmAojBj4q9lPhur9nwi+LcYtlz/DsGor",,0,0,0
"C1BD40A26BA242A38969F55A68EC328A","D07","ORNL","ORNL_021","N","pastureHay",35.955821,-84.221341,"WGS84",1.1,277.6,0.1,"2014-05-19","2014-06-03",1,"BET.ORNL_021.2014.01","ORNL_021.N.20140603",15,"ok","ok","ok","Y","NEON.DOC.014050","WmAojBj4q9lPhur9nwi+LcYtlz/DsGor",,0,0,0
"7DFD06FF74F94DFB9C1AF8446818A2D5","D07","ORNL","ORNL_006","W","deciduousForest",35.938237,-84.323908,"WGS84",1.2,283.6,0.2,"2014-05-19","2014-06-03",1,"BET.ORNL_006.2014.01","ORNL_006.W.20140603",15,"ok","ok","ok","Y","NEON.DOC.014050","WmAojBj4q9lPhur9nwi+LcYtlz/DsGor",,0,0,0
"41E486D489824096B63B3B7799D114EE","D07","ORNL","ORNL_006","S","deciduousForest",35.938052,-84.323692,"WGS84",1.2,283.6,0.2,"2014-05-19","2014-06-03",1,"BET.ORNL_006.2014.01","ORNL_006.S.20140603",15,"ok","ok","ok","Y","NEON.DOC.014050","WmAojBj4q9lPhur9nwi+LcYtlz/DsGor",,0,0,0
"3C45791ADA4C479399D690D4EE3C3D5C","D07","ORNL","ORNL_006","N","deciduousForest",35.938412,-84.323680,"WGS84",1.2,283.6,0.2,"2014-05-19","2014-06-03",1,"BET.ORNL_006.2014.01","ORNL_006.N.20140603",15,"ok","ok","ok","Y","NEON.DOC.014050","WmAojBj4q9lPhur9nwi+LcYtlz/DsGor",,0,0,0
"DDA9D3264F6543A1BE81880A403E70BE","D07","ORNL","ORNL_006","E","deciduousForest",35.938227,-84.323465,"WGS84",1.2,283.6,0.2,"2014-05-19","2014-06-03",1,"BET.ORNL_006.2014.01","ORNL_006.E.20140603",15,"ok","ok","ok","Y","NEON.DOC.014050","WmAojBj4q9lPhur9nwi+LcYtlz/DsGor",,0,0,0
"9742D80213C8490AB15763BC70F306ED","D07","ORNL","ORNL_004","E","deciduousForest",35.907942,-84.274991,"WGS84",1.2,296.1,0.2,"2014-05-19","2014-06-03",1,"BET.ORNL_004.2014.01","ORNL_004.E.20140603",15,"ok","ok","ok","Y","NEON.DOC.014050","WmAojBj4q9lPhur9nwi+LcYtlz/DsGor",,0,0,0
"03FD67CAD1DE4161805D2E4E6B8D408B","D07","ORNL","ORNL_004","W","deciduousForest",35.907952,-84.275434,"WGS84",1.2,296.1,0.2,"2014-05-19","2014-06-03",1,"BET.ORNL_004.2014.01","ORNL_004.W.20140603",15,"ok","ok","ok","Y","NEON.DOC.014050","WmAojBj4q9lPhur9nwi+LcYtlz/DsGor",,0,0,0
"7F5FA31F42154506B1C4220498D3CBA0","D07","ORNL","ORNL_004","N","deciduousForest",35.908127,-84.275206,"WGS84",1.2,296.1,0.2,"2014-05-19","2014-06-03",1,"BET.ORNL_004.2014.01","ORNL_004.N.20140603",15,"ok","ok","ok","Y","NEON.DOC.014050","WmAojBj4q9lPhur9nwi+LcYtlz/DsGor",,0,0,0
"0293EE5545AA4ED8B809F3345DFBE576","D07","ORNL","ORNL_004","S","deciduousForest",35.907767,-84.275219,"WGS84",1.2,296.1,0.2,"2014-05-19","2014-06-03",1,"BET.ORNL_004.2014.01","ORNL_004.S.20140603",15,"ok","ok","ok","Y","NEON.DOC.014050","WmAojBj4q9lPhur9nwi+LcYtlz/DsGor",,0,0,0
"54931AF2E9AC4E09BB2F39598F377A8A","D07","ORNL","ORNL_003","E","deciduousForest",35.965864,-84.230419,"WGS84",1.2,262.0,0.3,"2014-05-19","2014-06-03",1,"BET.ORNL_003.2014.01","ORNL_003.E.20140603",15,"ok","ok","high","Y","NEON.DOC.014050","WmAojBj4q9lPhur9nwi+LcYtlz/DsGor",,0,0,0
"9B1685BC7B364567B02B2ED84BEA617C","D07","ORNL","ORNL_003","N","deciduousForest",35.966049,-84.230634,"WGS84",1.2,262.0,0.3,"2014-05-19","2014-06-03",1,"BET.ORNL_003.2014.01","ORNL_003.N.20140603",15,"ok","ok","ok","Y","NEON.DOC.014050","WmAojBj4q9lPhur9nwi+LcYtlz/DsGor",,0,0,0
"0A2DD04F992A46068EA76194160ADE2E","D07","ORNL","ORNL_003","W","deciduousForest",35.965874,-84.230862,"WGS84",1.2,262.0,0.3,"2014-05-19","2014-06-03",1,"BET.ORNL_003.2014.01","ORNL_003.W.20140603",15,"ok","ok","ok","Y","NEON.DOC.014050","WmAojBj4q9lPhur9nwi+LcYtlz/DsGor",,0,0,0
"58C67FD29D284B6E9B2354267C202C9E","D07","ORNL","ORNL_003","S","deciduousForest",35.965689,-84.230647,"WGS84",1.2,262.0,0.3,"2014-05-19","2014-06-03",1,"BET.ORNL_003.2014.01","ORNL_003.S.20140603",15,"ok","ok","ok","Y","NEON.DOC.014050","WmAojBj4q9lPhur9nwi+LcYtlz/DsGor",,0,0,0
"6BF9770A54A04A0E9B2C2E2A8F8D65EF","D07","ORNL","ORNL_002","S","deciduousForest",35.982025,-84.212760,"WGS84",1.2,306.9,0.4,"2014-05-19","2014-06-03",1,"BET.ORNL_002.2014.01","ORNL_002.S.20140603",15,"ok","ok","ok","Y","NEON.DOC.014050","WmAojBj4q9lPhur9nwi+LcYtlz/DsGor",,0,0,0
"FDBE3E3BCD78435F83C2A9EF2969829E","D07","ORNL","ORNL_002","E","deciduousForest",35.982200,-84.212532,"WGS84",1.2,306.9,0.4,"2014-05-19","2014-06-03",1,"BET.ORNL_002.2014.01","ORNL_002.E.20140603",15,"ok","ok","ok","Y","NEON.DOC.014050","WmAojBj4q9lPhur9nwi+LcYtlz/DsGor",,0,0,0
"62261EEF700F4CF1826F296E6A2450A3","D07","ORNL","ORNL_002","W","deciduousForest",35.982210,-84.212975,"WGS84",1.2,306.9,0.4,"2014-05-19","2014-06-03",1,"BET.ORNL_002.2014.01","ORNL_002.W.20140603",15,"ok","ok","high","Y","NEON.DOC.014050","WmAojBj4q9lPhur9nwi+LcYtlz/DsGor","full from rain run off. lots of mud.",0,0,0
"6C39211900054547A2D5645BA29625C0","D07","ORNL","ORNL_002","N","deciduousForest",35.982385,-84.212747,"WGS84",1.2,306.9,0.4,"2014-05-19","2014-06-03",1,"BET.ORNL_002.2014.01","ORNL_002.N.20140603",15,"ok","ok","low","Y","NEON.DOC.014050","WmAojBj4q9lPhur9nwi+LcYtlz/DsGor","cup was empty of fluid.",0,0,0
"CDC62BBA77184C6CA2D7D64D9B4D1990","D07","ORNL","ORNL_001","E","deciduousForest",35.930245,-84.269888,"WGS84",1.2,244.6,0.3,"2014-05-19","2014-06-03",1,"BET.ORNL_001.2014.01","ORNL_001.E.20140603",15,"ok","ok","ok","Y","NEON.DOC.014050","WmAojBj4q9lPhur9nwi+LcYtlz/DsGor",,0,0,0
"0438CF8997B14D0F8B35EB8B0FED7E4C","D07","ORNL","ORNL_001","N","deciduousForest",35.930430,-84.270103,"WGS84",1.2,244.6,0.3,"2014-05-19","2014-06-03",1,"BET.ORNL_001.2014.01","ORNL_001.N.20140603",15,"ok","ok","ok","Y","NEON.DOC.014050","WmAojBj4q9lPhur9nwi+LcYtlz/DsGor",,0,0,0
"65908CA231B24A8997C16B62A5787F12","D07","ORNL","ORNL_001","W","deciduousForest",35.930255,-84.270331,"WGS84",1.2,244.6,0.3,"2014-05-19","2014-06-03",1,"BET.ORNL_001.2014.01","ORNL_001.W.20140603",15,"ok","ok","high","Y","NEON.DOC.014050","WmAojBj4q9lPhur9nwi+LcYtlz/DsGor","filled with rain water",0,0,0
"D5B2FC47AC8E4A119C8B1A64278F1E6D","D07","ORNL","ORNL_001","E","deciduousForest",35.930245,-84.269888,"WGS84",1.2,244.6,0.3,"2014-06-03","2014-06-16",2,"BET.ORNL_001.2014.02","ORNL_001.E.20140616",13,"ok","ok","ok","Y","NEON.DOC.014050","WmAojBj4q9lPhur9nwi+LcYtlz/DsGor",,0,0,0
"7051BCFBD0A1446E97D8012B72DC96F9","D07","ORNL","ORNL_032","W","evergreenForest",35.944521,-84.326714,"WGS84",1.2,263.1,0.2,"2014-06-03","2014-06-16",2,"BET.ORNL_032.2014.02","ORNL_032.W.20140616",13,"ok","ok","ok","Y","NEON.DOC.014050","WmAojBj4q9lPhur9nwi+LcYtlz/DsGor",,0,0,0
"D58303D0A2C743D9A25DFD0686CE867E","D07","ORNL","ORNL_032","E","evergreenForest",35.944512,-84.326271,"WGS84",1.2,263.1,0.2,"2014-06-03","2014-06-16",2,"BET.ORNL_032.2014.02","ORNL_032.E.20140616",13,"ok","ok","ok","Y","NEON.DOC.014050","WmAojBj4q9lPhur9nwi+LcYtlz/DsGor",,0,0,0
"F6010870AC56446DA6954B06A6C9144B","D07","ORNL","ORNL_032","N","evergreenForest",35.944697,-84.326486,"WGS84",1.2,263.1,0.2,"2014-06-03","2014-06-16",2,"BET.ORNL_032.2014.02","ORNL_032.N.20140616",13,"ok","ok","ok","Y","NEON.DOC.014050","WmAojBj4q9lPhur9nwi+LcYtlz/DsGor",,0,0,0
"AEC540C1341142DCA1090FBFA767F74A","D07","ORNL","ORNL_032","S","evergreenForest",35.944336,-84.326498,"WGS84",1.2,263.1,0.2,"2014-06-03","2014-06-16",2,"BET.ORNL_032.2014.02","ORNL_032.S.20140616",13,"ok","ok","ok","Y","NEON.DOC.014050","WmAojBj4q9lPhur9nwi+LcYtlz/DsGor",,0,0,0
"20CA16FA9F94402C9B2C1FFF1641B085","D07","ORNL","ORNL_027","S","evergreenForest",35.916131,-84.263286,"WGS84",1.3,245.6,0.3,"2014-06-03","2014-06-16",2,"BET.ORNL_027.2014.02","ORNL_027.S.20140616",13,"ok","ok","ok","Y","NEON.DOC.014050","WmAojBj4q9lPhur9nwi+LcYtlz/DsGor",,0,0,0
"F9E59860F40248619158BF3B1B052A10","D07","ORNL","ORNL_027","E","evergreenForest",35.916306,-84.263059,"WGS84",1.3,245.6,0.3,"2014-06-03","2014-06-16",2,"BET.ORNL_027.2014.02","ORNL_027.E.20140616",13,"ok","ok","ok","Y","NEON.DOC.014050","WmAojBj4q9lPhur9nwi+LcYtlz/DsGor",,0,0,0
"829D198E661D458797D4F01024051029","D07","ORNL","ORNL_027","W","evergreenForest",35.916316,-84.263501,"WGS84",1.3,245.6,0.3,"2014-06-03","2014-06-16",2,"BET.ORNL_027.2014.02","ORNL_027.W.20140616",13,"ok","ok","low","Y","NEON.DOC.014050","WmAojBj4q9lPhur9nwi+LcYtlz/DsGor",,0,0,0
"47119E9FF3E64826B7B585C790ABA1F1","D07","ORNL","ORNL_027","N","evergreenForest",35.916491,-84.263274,"WGS84",1.3,245.6,0.3,"2014-06-03","2014-06-16",2,"BET.ORNL_027.2014.02","ORNL_027.N.20140616",13,"ok","ok","ok","Y","NEON.DOC.014050","WmAojBj4q9lPhur9nwi+LcYtlz/DsGor",,0,0,0
"9A0142E079FA4411850651DC65747A8C","D07","ORNL","ORNL_006","N","deciduousForest",35.938412,-84.323680,"WGS84",1.2,283.6,0.2,"2014-06-03","2014-06-16",2,"BET.ORNL_006.2014.02","ORNL_006.N.20140616",13,"ok","ok","high","Y","NEON.DOC.014050","WmAojBj4q9lPhur9nwi+LcYtlz/DsGor",,0,0,0
"83B1CE577497427F81529D5814CB9A02","D07","ORNL","ORNL_006","E","deciduousForest",35.938227,-84.323465,"WGS84",1.2,283.6,0.2,"2014-06-03","2014-06-16",2,"BET.ORNL_006.2014.02","ORNL_006.E.20140616",13,"ok","ok","ok","Y","NEON.DOC.014050","WmAojBj4q9lPhur9nwi+LcYtlz/DsGor",,0,0,0
"EFCA45E353F243C1A08CEF6FB0FA8EEE","D07","ORNL","ORNL_006","S","deciduousForest",35.938052,-84.323692,"WGS84",1.2,283.6,0.2,"2014-06-03","2014-06-16",2,"BET.ORNL_006.2014.02","ORNL_006.S.20140616",13,"ok","ok","ok","Y","NEON.DOC.014050","WmAojBj4q9lPhur9nwi+LcYtlz/DsGor",,0,0,0
"7510119046F247A28F9269C061F0F1D5","D07","ORNL","ORNL_006","W","deciduousForest",35.938237,-84.323908,"WGS84",1.2,283.6,0.2,"2014-06-03","2014-06-16",2,"BET.ORNL_006.2014.02","ORNL_006.W.20140616",13,"ok","ok","ok","Y","NEON.DOC.014050","WmAojBj4q9lPhur9nwi+LcYtlz/DsGor",,0,0,0
"2B07C1F6E6834D118D8887B0AFE70461","D07","ORNL","ORNL_004","N","deciduousForest",35.908127,-84.275206,"WGS84",1.2,296.1,0.2,"2014-06-03","2014-06-16",2,"BET.ORNL_004.2014.02","ORNL_004.N.20140616",13,"ok","ok","ok","Y","NEON.DOC.014050","WmAojBj4q9lPhur9nwi+LcYtlz/DsGor",,0,0,0
"F728736A6EB147C18F5358DBD31E3C36","D07","ORNL","ORNL_004","W","deciduousForest",35.907952,-84.275434,"WGS84",1.2,296.1,0.2,"2014-06-03","2014-06-16",2,"BET.ORNL_004.2014.02","ORNL_004.W.20140616",13,"ok","ok","ok","Y","NEON.DOC.014050","WmAojBj4q9lPhur9nwi+LcYtlz/DsGor",,0,0,0
"558EF3A4D1144D8A8998FA7E06BAFCBA","D07","ORNL","ORNL_004","S","deciduousForest",35.907767,-84.275219,"WGS84",1.2,296.1,0.2,"2014-06-03","2014-06-16",2,"BET.ORNL_004.2014.02","ORNL_004.S.20140616",13,"ok","ok","ok","Y","NEON.DOC.014050","WmAojBj4q9lPhur9nwi+LcYtlz/DsGor",,0,0,0
"D09EE65AA2CB410FB42A621CD4F1C3A5","D07","ORNL","ORNL_004","E","deciduousForest",35.907942,-84.274991,"WGS84",1.2,296.1,0.2,"2014-06-03","2014-06-16",2,"BET.ORNL_004.2014.02","ORNL_004.E.20140616",13,"ok","ok","ok","Y","NEON.DOC.014050","WmAojBj4q9lPhur9nwi+LcYtlz/DsGor",,0,0,0
"14774C0716D6456DA8CC527A547B46DF","D07","ORNL","ORNL_003","N","deciduousForest",35.966049,-84.230634,"WGS84",1.2,262.0,0.3,"2014-06-03","2014-06-16",2,"BET.ORNL_003.2014.02","ORNL_003.N.20140616",13,"ok","ok","ok","Y","NEON.DOC.014050","WmAojBj4q9lPhur9nwi+LcYtlz/DsGor",,0,0,0
"4F9A9C6C5CAB4BA7BFA6919C446DB738","D07","ORNL","ORNL_003","S","deciduousForest",35.965689,-84.230647,"WGS84",1.2,262.0,0.3,"2014-06-03","2014-06-16",2,"BET.ORNL_003.2014.02","ORNL_003.S.20140616",13,"ok","ok","ok","Y","NEON.DOC.014050","WmAojBj4q9lPhur9nwi+LcYtlz/DsGor",,0,0,0
"3602FFBD1FE1468CB7820ACB974A5FAA","D07","ORNL","ORNL_003","E","deciduousForest",35.965864,-84.230419,"WGS84",1.2,262.0,0.3,"2014-06-03","2014-06-16",2,"BET.ORNL_003.2014.02","ORNL_003.E.20140616",13,"ok","ok","ok","Y","NEON.DOC.014050","WmAojBj4q9lPhur9nwi+LcYtlz/DsGor",,0,0,0
"08D45B3166234FB5A9A1E3FF464A954F","D07","ORNL","ORNL_003","W","deciduousForest",35.965874,-84.230862,"WGS84",1.2,262.0,0.3,"2014-06-03","2014-06-16",2,"BET.ORNL_003.2014.02","ORNL_003.W.20140616",13,"ok","ok","ok","Y","NEON.DOC.014050","WmAojBj4q9lPhur9nwi+LcYtlz/DsGor",,0,0,0
"4CA7B9AE81124DD09AF18D989502D8B6","D07","ORNL","ORNL_002","E","deciduousForest",35.982200,-84.212532,"WGS84",1.2,306.9,0.4,"2014-06-03","2014-06-16",2,"BET.ORNL_002.2014.02","ORNL_002.E.20140616",13,"ok","ok","ok","Y","NEON.DOC.014050","WmAojBj4q9lPhur9nwi+LcYtlz/DsGor",,0,0,0
"F0A803FAFF624D468C0312FCBAB2B41A","D07","ORNL","ORNL_002","S","deciduousForest",35.982025,-84.212760,"WGS84",1.2,306.9,0.4,"2014-06-03","2014-06-16",2,"BET.ORNL_002.2014.02","ORNL_002.S.20140616",13,"ok","ok","high","Y","NEON.DOC.014050","WmAojBj4q9lPhur9nwi+LcYtlz/DsGor",,0,0,0
"6FB3DF8B1F34431EAF4E2A914A6F047E","D07","ORNL","ORNL_002","W","deciduousForest",35.982210,-84.212975,"WGS84",1.2,306.9,0.4,"2014-06-03","2014-06-16",2,"BET.ORNL_002.2014.02","ORNL_002.W.20140616",13,"ok","ok","high","Y","NEON.DOC.014050","WmAojBj4q9lPhur9nwi+LcYtlz/DsGor","mud in the cup",0,0,0
"0097F5272A3342AEBF201C6D04E8F3C4","D07","ORNL","ORNL_002","N","deciduousForest",35.982385,-84.212747,"WGS84",1.2,306.9,0.4,"2014-06-03","2014-06-16",2,"BET.ORNL_002.2014.02","ORNL_002.N.20140616",13,"ok","ok","high","Y","NEON.DOC.014050","WmAojBj4q9lPhur9nwi+LcYtlz/DsGor",,0,0,0
"708FA1E449C54DEA8BCE1F2D59105514","D07","ORNL","ORNL_001","W","deciduousForest",35.930255,-84.270331,"WGS84",1.2,244.6,0.3,"2014-06-03","2014-06-16",2,"BET.ORNL_001.2014.02","ORNL_001.W.20140616",13,"ok","ok","ok","Y","NEON.DOC.014050","WmAojBj4q9lPhur9nwi+LcYtlz/DsGor",,0,0,0
"44E28B3FC2124D0B81DFF00B7A412382","D07","ORNL","ORNL_001","S","deciduousForest",35.930069,-84.270116,"WGS84",1.2,244.6,0.3,"2014-06-03","2014-06-16",2,"BET.ORNL_001.2014.02","ORNL_001.S.20140616",13,"ok","ok","ok","Y","NEON.DOC.014050","WmAojBj4q9lPhur9nwi+LcYtlz/DsGor",,0,0,0
"97BA05A2B51342D7BE96551AF2794C03","D07","ORNL","ORNL_001","N","deciduousForest",35.930430,-84.270103,"WGS84",1.2,244.6,0.3,"2014-06-03","2014-06-16",2,"BET.ORNL_001.2014.02","ORNL_001.N.20140616",13,"ok","ok","ok","Y","NEON.DOC.014050","WmAojBj4q9lPhur9nwi+LcYtlz/DsGor",,0,0,0
"A9BBF1A8A6634F3791487D7CC8860121","D07","ORNL","ORNL_021","E","pastureHay",35.955636,-84.221125,"WGS84",1.1,277.6,0.1,"2014-06-03","2014-06-17",2,"BET.ORNL_021.2014.02","ORNL_021.E.20140617",14,"ok","ok","ok","Y","NEON.DOC.014050","WmAojBj4q9lPhur9nwi+LcYtlz/DsGor",,0,0,0
"2660E66F48BD4B2E9FC070EF2F86E7A1","D07","ORNL","ORNL_031","W","pastureHay",35.948612,-84.222134,"WGS84",1.1,266.7,0.1,"2014-06-03","2014-06-17",2,"BET.ORNL_031.2014.02","ORNL_031.W.20140617",14,"ok","ok","ok","Y","NEON.DOC.014050","WmAojBj4q9lPhur9nwi+LcYtlz/DsGor",,0,0,0
"0DDF15C60D0B46E7AE1C98E6901E0205","D07","ORNL","ORNL_031","S","pastureHay",35.948427,-84.221919,"WGS84",1.1,266.7,0.1,"2014-06-03","2014-06-17",2,"BET.ORNL_031.2014.02","ORNL_031.S.20140617",14,"ok","ok","ok","Y","NEON.DOC.014050","WmAojBj4q9lPhur9nwi+LcYtlz/DsGor",,0,0,0
"1DDEC44144D649F8A36887755D09A03C","D07","ORNL","ORNL_031","N","pastureHay",35.948787,-84.221906,"WGS84",1.1,266.7,0.1,"2014-06-03","2014-06-17",2,"BET.ORNL_031.2014.02","ORNL_031.N.20140617",14,"ok","ok","ok","Y","NEON.DOC.014050","WmAojBj4q9lPhur9nwi+LcYtlz/DsGor",,0,0,0
"1D1FEEF6389441C69C09F17321C140C0","D07","ORNL","ORNL_031","E","pastureHay",35.948602,-84.221691,"WGS84",1.1,266.7,0.1,"2014-06-03","2014-06-17",2,"BET.ORNL_031.2014.02","ORNL_031.E.20140617",14,"ok","ok","ok","Y","NEON.DOC.014050","WmAojBj4q9lPhur9nwi+LcYtlz/DsGor",,0,0,0
"DE21913849EE443794EF205A82BD7771","D07","ORNL","ORNL_029","E","evergreenForest",35.957641,-84.261617,"WGS84",1.1,272.5,0.2,"2014-06-03","2014-06-17",2,"BET.ORNL_029.2014.02","ORNL_029.E.20140617",14,"ok","ok","ok","Y","NEON.DOC.014050","WmAojBj4q9lPhur9nwi+LcYtlz/DsGor",,0,0,0
"72979ED1D9CF4032A8B503CC2D2BF631","D07","ORNL","ORNL_029","W","evergreenForest",35.957652,-84.262060,"WGS84",1.1,272.5,0.2,"2014-06-03","2014-06-17",2,"BET.ORNL_029.2014.02","ORNL_029.W.20140617",14,"ok","ok","ok","Y","NEON.DOC.014050","WmAojBj4q9lPhur9nwi+LcYtlz/DsGor",,0,0,0
"9ED91619082945DEB5196122B6336CCF","D07","ORNL","ORNL_029","N","evergreenForest",35.957827,-84.261832,"WGS84",1.1,272.5,0.2,"2014-06-03","2014-06-17",2,"BET.ORNL_029.2014.02","ORNL_029.N.20140617",14,"ok","ok","ok","Y","NEON.DOC.014050","WmAojBj4q9lPhur9nwi+LcYtlz/DsGor",,0,0,0
"4EB59B2D0A6C46CFA1132E38FD8E05AF","D07","ORNL","ORNL_029","S","evergreenForest",35.957466,-84.261844,"WGS84",1.1,272.5,0.2,"2014-06-03","2014-06-17",2,"BET.ORNL_029.2014.02","ORNL_029.S.20140617",14,"ok","ok","ok","Y","NEON.DOC.014050","WmAojBj4q9lPhur9nwi+LcYtlz/DsGor",,0,0,0
"2202363F70314F28B85804173C884293","D07","ORNL","ORNL_021","S","pastureHay",35.955461,-84.221353,"WGS84",1.1,277.6,0.1,"2014-06-03","2014-06-17",2,"BET.ORNL_021.2014.02","ORNL_021.S.20140617",14,"ok","ok","ok","Y","NEON.DOC.014050","WmAojBj4q9lPhur9nwi+LcYtlz/DsGor",,0,0,0
"FB9FB1F1D89F48A0984ABF0749D72C97","D07","ORNL","ORNL_021","W","pastureHay",35.955646,-84.221568,"WGS84",1.1,277.6,0.1,"2014-06-03","2014-06-17",2,"BET.ORNL_021.2014.02","ORNL_021.W.20140617",14,"ok","ok","ok","Y","NEON.DOC.014050","WmAojBj4q9lPhur9nwi+LcYtlz/DsGor",,0,0,0
"A10EC58079EC4E378C23F3D8BCE66199","D07","ORNL","ORNL_021","N","pastureHay",35.955821,-84.221341,"WGS84",1.1,277.6,0.1,"2014-06-03","2014-06-17",2,"BET.ORNL_021.2014.02","ORNL_021.N.20140617",14,"ok","ok","ok","Y","NEON.DOC.014050","WmAojBj4q9lPhur9nwi+LcYtlz/DsGor",,0,0,0
"B4CDA792D4994B67A73072B00530D55C","D07","ORNL","ORNL_001","N","deciduousForest",35.930430,-84.270103,"WGS84",1.2,244.6,0.3,"2014-06-16","2014-06-30",3,"BET.ORNL_001.2014.03","ORNL_001.N.20140630",14,"ok","ok","ok","Y","NEON.DOC.014050","WmAojBj4q9lPhur9nwi+LcYtlz/DsGor",,0,0,0
"AF0B868ED1244624AF95114DEE840488","D07","ORNL","ORNL_031","N","pastureHay",35.948787,-84.221906,"WGS84",1.1,266.7,0.1,"2014-06-17","2014-06-30",3,"BET.ORNL_031.2014.03","ORNL_031.N.20140630",13,"ok","ok","ok","Y","NEON.DOC.014050","WmAojBj4q9lPhur9nwi+LcYtlz/DsGor",,0,0,0
"509149D18232451DADFC1C03230D8DF0","D07","ORNL","ORNL_031","E","pastureHay",35.948602,-84.221691,"WGS84",1.1,266.7,0.1,"2014-06-17","2014-06-30",3,"BET.ORNL_031.2014.03","ORNL_031.E.20140630",13,"ok","ok","ok","Y","NEON.DOC.014050","WmAojBj4q9lPhur9nwi+LcYtlz/DsGor",,0,0,0
"FFC643E848C540BCB1285E4C198404B4","D07","ORNL","ORNL_031","S","pastureHay",35.948427,-84.221919,"WGS84",1.1,266.7,0.1,"2014-06-17","2014-06-30",3,"BET.ORNL_031.2014.03","ORNL_031.S.20140630",13,"ok","ok","ok","Y","NEON.DOC.014050","WmAojBj4q9lPhur9nwi+LcYtlz/DsGor",,0,0,0
"B81E9C60217B4080B389D6D1C30A7E4D","D07","ORNL","ORNL_031","W","pastureHay",35.948612,-84.222134,"WGS84",1.1,266.7,0.1,"2014-06-17","2014-06-30",3,"BET.ORNL_031.2014.03","ORNL_031.W.20140630",13,"ok","ok","ok","Y","NEON.DOC.014050","WmAojBj4q9lPhur9nwi+LcYtlz/DsGor",,0,0,0
"469BD5129F4C4725828681EF5AEF35D0","D07","ORNL","ORNL_032","S","evergreenForest",35.944336,-84.326498,"WGS84",1.2,263.1,0.2,"2014-06-16","2014-06-30",3,"BET.ORNL_032.2014.03","ORNL_032.S.20140630",14,"ok","ok","ok","Y","NEON.DOC.014050","WmAojBj4q9lPhur9nwi+LcYtlz/DsGor",,0,0,0
"D0935FC2615448EAB3F59100764578E5","D07","ORNL","ORNL_032","N","evergreenForest",35.944697,-84.326486,"WGS84",1.2,263.1,0.2,"2014-06-16","2014-06-30",3,"BET.ORNL_032.2014.03","ORNL_032.N.20140630",14,"ok","ok","ok","Y","NEON.DOC.014050","WmAojBj4q9lPhur9nwi+LcYtlz/DsGor",,0,0,0
"0BBEE9B45FDC46B1844BD896C8E11D20","D07","ORNL","ORNL_032","E","evergreenForest",35.944512,-84.326271,"WGS84",1.2,263.1,0.2,"2014-06-16","2014-06-30",3,"BET.ORNL_032.2014.03","ORNL_032.E.20140630",14,"ok","ok","ok","Y","NEON.DOC.014050","WmAojBj4q9lPhur9nwi+LcYtlz/DsGor",,0,0,0
"DAB8A78C3FEF4355984595297F8BF17A","D07","ORNL","ORNL_032","W","evergreenForest",35.944521,-84.326714,"WGS84",1.2,263.1,0.2,"2014-06-16","2014-06-30",3,"BET.ORNL_032.2014.03","ORNL_032.W.20140630",14,"ok","ok","ok","Y","NEON.DOC.014050","WmAojBj4q9lPhur9nwi+LcYtlz/DsGor",,0,0,0
"77E138C9A73B4172AEF9384061224C9B","D07","ORNL","ORNL_029","S","evergreenForest",35.957466,-84.261844,"WGS84",1.1,272.5,0.2,"2014-06-17","2014-06-30",3,"BET.ORNL_029.2014.03","ORNL_029.S.20140630",13,"ok","ok","low","Y","NEON.DOC.014050","WmAojBj4q9lPhur9nwi+LcYtlz/DsGor","cup empty of PG but had catch in it",0,0,0
"DA4B076321C648A3BDBD6B60E09D9A36","D07","ORNL","ORNL_029","N","evergreenForest",35.957827,-84.261832,"WGS84",1.1,272.5,0.2,"2014-06-17","2014-06-30",3,"BET.ORNL_029.2014.03","ORNL_029.N.20140630",13,"ok","ok","ok","Y","NEON.DOC.014050","WmAojBj4q9lPhur9nwi+LcYtlz/DsGor",,0,0,0
"6EFAE7CDE087451B85C3C33C5D7B8C68","D07","ORNL","ORNL_029","E","evergreenForest",35.957641,-84.261617,"WGS84",1.1,272.5,0.2,"2014-06-17","2014-06-30",3,"BET.ORNL_029.2014.03","ORNL_029.E.20140630",13,"ok","ok","ok","Y","NEON.DOC.014050","WmAojBj4q9lPhur9nwi+LcYtlz/DsGor",,0,0,0
"EB34D1A45F8B4F34A97CE560887FD454","D07","ORNL","ORNL_029","W","evergreenForest",35.957652,-84.262060,"WGS84",1.1,272.5,0.2,"2014-06-17","2014-06-30",3,"BET.ORNL_029.2014.03","ORNL_029.W.20140630",13,"ok","ok","ok","Y","NEON.DOC.014050","WmAojBj4q9lPhur9nwi+LcYtlz/DsGor",,0,0,0
"5E9654C9A4764969BDF95570BCB2BC5B","D07","ORNL","ORNL_027","E","evergreenForest",35.916306,-84.263059,"WGS84",1.3,245.6,0.3,"2014-06-16","2014-06-30",3,"BET.ORNL_027.2014.03","ORNL_027.E.20140630",14,"ok","ok","ok","Y","NEON.DOC.014050","WmAojBj4q9lPhur9nwi+LcYtlz/DsGor",,0,0,0
"14D13D51E3F841E2A1AFE336A8737C5F","D07","ORNL","ORNL_027","N","evergreenForest",35.916491,-84.263274,"WGS84",1.3,245.6,0.3,"2014-06-16","2014-06-30",3,"BET.ORNL_027.2014.03","ORNL_027.N.20140630",14,"ok","ok","ok","Y","NEON.DOC.014050","WmAojBj4q9lPhur9nwi+LcYtlz/DsGor",,0,0,0
"1540F95335384CB9842284D6B1847BDA","D07","ORNL","ORNL_027","W","evergreenForest",35.916316,-84.263501,"WGS84",1.3,245.6,0.3,"2014-06-16","2014-06-30",3,"BET.ORNL_027.2014.03","ORNL_027.W.20140630",14,"ok","ok","ok","Y","NEON.DOC.014050","WmAojBj4q9lPhur9nwi+LcYtlz/DsGor",,0,0,0
"1FB67612916041A584C82F2F7E96C364","D07","ORNL","ORNL_027","S","evergreenForest",35.916131,-84.263286,"WGS84",1.3,245.6,0.3,"2014-06-16","2014-06-30",3,"BET.ORNL_027.2014.03","ORNL_027.S.20140630",14,"ok","ok","ok","Y","NEON.DOC.014050","WmAojBj4q9lPhur9nwi+LcYtlz/DsGor",,0,0,0
"09FEFC92974B4842BE85E5FE80D5F5C1","D07","ORNL","ORNL_021","E","pastureHay",35.955636,-84.221125,"WGS84",1.1,277.6,0.1,"2014-06-17","2014-06-30",3,"BET.ORNL_021.2014.03","ORNL_021.E.20140630",13,"ok","ok","ok","Y","NEON.DOC.014050","WmAojBj4q9lPhur9nwi+LcYtlz/DsGor",,0,0,0
"4A894A1C6A7B4CEF9DAAF9D402F30B6C","D07","ORNL","ORNL_021","S","pastureHay",35.955461,-84.221353,"WGS84",1.1,277.6,0.1,"2014-06-17","2014-06-30",3,"BET.ORNL_021.2014.03","ORNL_021.S.20140630",13,"ok","ok","ok","Y","NEON.DOC.014050","WmAojBj4q9lPhur9nwi+LcYtlz/DsGor",,0,0,0
"8CEEB627735A465181510BD1BDCB906A","D07","ORNL","ORNL_021","N","pastureHay",35.955821,-84.221341,"WGS84",1.1,277.6,0.1,"2014-06-17","2014-06-30",3,"BET.ORNL_021.2014.03","ORNL_021.N.20140630",13,"ok","ok","ok","Y","NEON.DOC.014050","WmAojBj4q9lPhur9nwi+LcYtlz/DsGor",,0,0,0
"1227FA1501144C02A9B3C5769C7A58FE","D07","ORNL","ORNL_021","W","pastureHay",35.955646,-84.221568,"WGS84",1.1,277.6,0.1,"2014-06-17","2014-06-30",3,"BET.ORNL_021.2014.03","ORNL_021.W.20140630",13,"ok","ok","ok","Y","NEON.DOC.014050","WmAojBj4q9lPhur9nwi+LcYtlz/DsGor",,0,0,0
"A2F19D4BE99449D385590BA5A9FC42AE","D07","ORNL","ORNL_006","W","deciduousForest",35.938237,-84.323908,"WGS84",1.2,283.6,0.2,"2014-06-16","2014-06-30",3,"BET.ORNL_006.2014.03","ORNL_006.W.20140630",14,"ok","ok","ok","Y","NEON.DOC.014050","WmAojBj4q9lPhur9nwi+LcYtlz/DsGor",,0,0,0
"C5B7AC86D3004F129E06FEB0DADA01D6","D07","ORNL","ORNL_006","S","deciduousForest",35.938052,-84.323692,"WGS84",1.2,283.6,0.2,"2014-06-16","2014-06-30",3,"BET.ORNL_006.2014.03","ORNL_006.S.20140630",14,"ok","ok","ok","Y","NEON.DOC.014050","WmAojBj4q9lPhur9nwi+LcYtlz/DsGor",,0,0,0
"6D8FE41D1FD34C87A0353DAF56B7B851","D07","ORNL","ORNL_006","N","deciduousForest",35.938412,-84.323680,"WGS84",1.2,283.6,0.2,"2014-06-16","2014-06-30",3,"BET.ORNL_006.2014.03","ORNL_006.N.20140630",14,"ok","ok","ok","Y","NEON.DOC.014050","WmAojBj4q9lPhur9nwi+LcYtlz/DsGor",,0,0,0
"B32057BD59F1452FBE607B19645BEDC5","D07","ORNL","ORNL_006","E","deciduousForest",35.938227,-84.323465,"WGS84",1.2,283.6,0.2,"2014-06-16","2014-06-30",3,"BET.ORNL_006.2014.03","ORNL_006.E.20140630",14,"ok","ok","ok","Y","NEON.DOC.014050","WmAojBj4q9lPhur9nwi+LcYtlz/DsGor",,0,0,0
"83FA1CD3F2C341288D5CA6F3D61B83F9","D07","ORNL","ORNL_003","S","deciduousForest",35.965689,-84.230647,"WGS84",1.2,262.0,0.3,"2014-06-16","2014-06-30",3,"BET.ORNL_003.2014.03","ORNL_003.S.20140630",14,"ok","ok","ok","Y","NEON.DOC.014050","WmAojBj4q9lPhur9nwi+LcYtlz/DsGor",,0,0,0
"119612F9436F4754AD14207B80B7479B","D07","ORNL","ORNL_003","N","deciduousForest",35.966049,-84.230634,"WGS84",1.2,262.0,0.3,"2014-06-16","2014-06-30",3,"BET.ORNL_003.2014.03","ORNL_003.N.20140630",14,"ok","ok","ok","Y","NEON.DOC.014050","WmAojBj4q9lPhur9nwi+LcYtlz/DsGor",,0,0,0
"9888AAC7187A40F2BCCEFDD9597C7D35","D07","ORNL","ORNL_003","E","deciduousForest",35.965864,-84.230419,"WGS84",1.2,262.0,0.3,"2014-06-16","2014-06-30",3,"BET.ORNL_003.2014.03","ORNL_003.E.20140630",14,"ok","ok","ok","Y","NEON.DOC.014050","WmAojBj4q9lPhur9nwi+LcYtlz/DsGor",,0,0,0
"7658918773BA45C9B9943D346A8CDBD6","D07","ORNL","ORNL_003","W","deciduousForest",35.965874,-84.230862,"WGS84",1.2,262.0,0.3,"2014-06-16","2014-06-30",3,"BET.ORNL_003.2014.03","ORNL_003.W.20140630",14,"ok","ok","ok","Y","NEON.DOC.014050","WmAojBj4q9lPhur9nwi+LcYtlz/DsGor",,0,0,0
"F7B8EA5015994BE488B045E9C4469CC3","D07","ORNL","ORNL_002","N","deciduousForest",35.982385,-84.212747,"WGS84",1.2,306.9,0.4,"2014-06-16","2014-06-30",3,"BET.ORNL_002.2014.03","ORNL_002.N.20140630",14,"ok","ok","ok","Y","NEON.DOC.014050","WmAojBj4q9lPhur9nwi+LcYtlz/DsGor",,0,0,0
"A02C2FD3FD8D48F5B5843F91D36C2646","D07","ORNL","ORNL_002","W","deciduousForest",35.982210,-84.212975,"WGS84",1.2,306.9,0.4,"2014-06-16","2014-06-30",3,"BET.ORNL_002.2014.03","ORNL_002.W.20140630",14,"ok","ok","high","Y","NEON.DOC.014050","WmAojBj4q9lPhur9nwi+LcYtlz/DsGor",,0,0,0
"5F930C78035744BF83D12145B7FF1E4A","D07","ORNL","ORNL_002","E","deciduousForest",35.982200,-84.212532,"WGS84",1.2,306.9,0.4,"2014-06-16","2014-06-30",3,"BET.ORNL_002.2014.03","ORNL_002.E.20140630",14,"ok","ok","ok","Y","NEON.DOC.014050","WmAojBj4q9lPhur9nwi+LcYtlz/DsGor",,0,0,0
"A2446FD1684C4F6A889D89A5257F5954","D07","ORNL","ORNL_002","S","deciduousForest",35.982025,-84.212760,"WGS84",1.2,306.9,0.4,"2014-06-16","2014-06-30",3,"BET.ORNL_002.2014.03","ORNL_002.S.20140630",14,"ok","ok","high","Y","NEON.DOC.014050","WmAojBj4q9lPhur9nwi+LcYtlz/DsGor",,0,0,0
"C653896464BB423A95D99982C0A1204B","D07","ORNL","ORNL_001","S","deciduousForest",35.930069,-84.270116,"WGS84",1.2,244.6,0.3,"2014-06-16","2014-06-30",3,"BET.ORNL_001.2014.03","ORNL_001.S.20140630",14,"ok","ok","ok","Y","NEON.DOC.014050","WmAojBj4q9lPhur9nwi+LcYtlz/DsGor",,0,0,0
"93303E5398E24203B87D1CB563B3457F","D07","ORNL","ORNL_001","W","deciduousForest",35.930255,-84.270331,"WGS84",1.2,244.6,0.3,"2014-06-16","2014-06-30",3,"BET.ORNL_001.2014.03","ORNL_001.W.20140630",14,"ok","ok","ok","Y","NEON.DOC.014050","WmAojBj4q9lPhur9nwi+LcYtlz/DsGor",,0,0,0
"26A55BEB968843BA8AB8377C468039FE","D07","ORNL","ORNL_001","E","deciduousForest",35.930245,-84.269888,"WGS84",1.2,244.6,0.3,"2014-06-16","2014-06-30",3,"BET.ORNL_001.2014.03","ORNL_001.E.20140630",14,"ok","ok","ok","Y","NEON.DOC.014050","WmAojBj4q9lPhur9nwi+LcYtlz/DsGor",,0,0,0
"90A21C40773945B9A61EAF0EDA8FEB8F","D07","ORNL","ORNL_004","S","deciduousForest",35.907767,-84.275219,"WGS84",1.2,296.1,0.2,"2014-06-16","2014-07-01",3,"BET.ORNL_004.2014.03","ORNL_004.S.20140701",15,"ok","ok","ok","Y","NEON.DOC.014050","WmAojBj4q9lPhur9nwi+LcYtlz/DsGor","late sampling due to downed tree blocking road",0,0,0
"1632832C08B9412D9DF404472BB11AD0","D07","ORNL","ORNL_004","N","deciduousForest",35.908127,-84.275206,"WGS84",1.2,296.1,0.2,"2014-06-16","2014-07-01",3,"BET.ORNL_004.2014.03","ORNL_004.N.20140701",15,"ok","ok","high","Y","NEON.DOC.014050","WmAojBj4q9lPhur9nwi+LcYtlz/DsGor","late sampling due to downed tree blocking road",0,0,0
"1D06BFEC479D4A8BB4A04C4B0649265D","D07","ORNL","ORNL_004","W","deciduousForest",35.907952,-84.275434,"WGS84",1.2,296.1,0.2,"2014-06-16","2014-07-01",3,"BET.ORNL_004.2014.03","ORNL_004.W.20140701",15,"ok","ok","ok","Y","NEON.DOC.014050","WmAojBj4q9lPhur9nwi+LcYtlz/DsGor","late sampling due to downed tree blocking road",0,0,0
"C98679F3A49649559B3CE6BDD1FB2BFE","D07","ORNL","ORNL_004","E","deciduousForest",35.907942,-84.274991,"WGS84",1.2,296.1,0.2,"2014-06-16","2014-07-01",3,"BET.ORNL_004.2014.03","ORNL_004.E.20140701",15,"ok","ok","high","Y","NEON.DOC.014050","WmAojBj4q9lPhur9nwi+LcYtlz/DsGor","late sampling due to downed tree blocking road",0,0,0
"CCA9C812C9084EF5A7D774AFF6CC6F51","D07","ORNL","ORNL_001","S","deciduousForest",35.930069,-84.270116,"WGS84",1.2,244.6,0.3,"2014-06-30","2014-07-14",4,"BET.ORNL_001.2014.04","ORNL_001.S.20140714",14,"ok","ok","ok","Y","NEON.DOC.014050","nAKPQvGWPz3w50pS9SF/Wg/TlEjgxRE8",,0,0,0
"94D1FE60AE1F4D0E94B458BCBE30970A","D07","ORNL","ORNL_031","S","pastureHay",35.948427,-84.221919,"WGS84",1.1,266.7,0.1,"2014-06-30","2014-07-14",4,"BET.ORNL_031.2014.04","ORNL_031.S.20140714",14,"ok","ok","ok","Y","NEON.DOC.014050","nAKPQvGWPz3w50pS9SF/Wg/TlEjgxRE8",,0,0,0
"3519ECFEB9394AC8830490B565911E61","D07","ORNL","ORNL_031","E","pastureHay",35.948602,-84.221691,"WGS84",1.1,266.7,0.1,"2014-06-30","2014-07-14",4,"BET.ORNL_031.2014.04","ORNL_031.E.20140714",14,"ok","ok","ok","Y","NEON.DOC.014050","nAKPQvGWPz3w50pS9SF/Wg/TlEjgxRE8",,0,0,0
"452CCA529CF242D9B4E6E37E6DBA9553","D07","ORNL","ORNL_031","N","pastureHay",35.948787,-84.221906,"WGS84",1.1,266.7,0.1,"2014-06-30","2014-07-14",4,"BET.ORNL_031.2014.04","ORNL_031.N.20140714",14,"ok","ok","ok","Y","NEON.DOC.014050","nAKPQvGWPz3w50pS9SF/Wg/TlEjgxRE8",,0,0,0
"C3C24F13811549629884090E10816E9A","D07","ORNL","ORNL_031","W","pastureHay",35.948612,-84.222134,"WGS84",1.1,266.7,0.1,"2014-06-30","2014-07-14",4,"BET.ORNL_031.2014.04","ORNL_031.W.20140714",14,"ok","ok","ok","Y","NEON.DOC.014050","nAKPQvGWPz3w50pS9SF/Wg/TlEjgxRE8",,0,0,0
"A366842912954E0E9D26E07084CF9C81","D07","ORNL","ORNL_032","N","evergreenForest",35.944697,-84.326486,"WGS84",1.2,263.1,0.2,"2014-06-30","2014-07-14",4,"BET.ORNL_032.2014.04","ORNL_032.N.20140714",14,"ok","ok","ok","Y","NEON.DOC.014050","nAKPQvGWPz3w50pS9SF/Wg/TlEjgxRE8",,0,0,0
"4316DE32CE114C2AA06EDA617B47EE19","D07","ORNL","ORNL_032","E","evergreenForest",35.944512,-84.326271,"WGS84",1.2,263.1,0.2,"2014-06-30","2014-07-14",4,"BET.ORNL_032.2014.04","ORNL_032.E.20140714",14,"ok","ok","ok","Y","NEON.DOC.014050","nAKPQvGWPz3w50pS9SF/Wg/TlEjgxRE8",,0,0,0
"9D9028F09D5644A4BC7713E251536C12","D07","ORNL","ORNL_032","W","evergreenForest",35.944521,-84.326714,"WGS84",1.2,263.1,0.2,"2014-06-30","2014-07-14",4,"BET.ORNL_032.2014.04","ORNL_032.W.20140714",14,"ok","ok","ok","Y","NEON.DOC.014050","nAKPQvGWPz3w50pS9SF/Wg/TlEjgxRE8",,0,0,0
"8A45F0DE1E08417B8B4FB0F333D9F98B","D07","ORNL","ORNL_032","S","evergreenForest",35.944336,-84.326498,"WGS84",1.2,263.1,0.2,"2014-06-30","2014-07-14",4,"BET.ORNL_032.2014.04","ORNL_032.S.20140714",14,"ok","ok","ok","Y","NEON.DOC.014050","nAKPQvGWPz3w50pS9SF/Wg/TlEjgxRE8",,0,0,0
"2BBE07AD2AE349989C51E77B22AA1B59","D07","ORNL","ORNL_029","S","evergreenForest",35.957466,-84.261844,"WGS84",1.1,272.5,0.2,"2014-06-30","2014-07-14",4,"BET.ORNL_029.2014.04","ORNL_029.S.20140714",14,"ok","ok","ok","Y","NEON.DOC.014050","nAKPQvGWPz3w50pS9SF/Wg/TlEjgxRE8",,0,0,0
"CC7A98D4CB104F54A57F2F7B64033847","D07","ORNL","ORNL_029","N","evergreenForest",35.957827,-84.261832,"WGS84",1.1,272.5,0.2,"2014-06-30","2014-07-14",4,"BET.ORNL_029.2014.04","ORNL_029.N.20140714",14,"ok","ok","ok","Y","NEON.DOC.014050","nAKPQvGWPz3w50pS9SF/Wg/TlEjgxRE8","filled to 250ml level",0,0,0
"041E185E79E749BBA9059CBA8BC6CC1D","D07","ORNL","ORNL_029","W","evergreenForest",35.957652,-84.262060,"WGS84",1.1,272.5,0.2,"2014-06-30","2014-07-14",4,"BET.ORNL_029.2014.04","ORNL_029.W.20140714",14,"ok","ok","ok","Y","NEON.DOC.014050","nAKPQvGWPz3w50pS9SF/Wg/TlEjgxRE8",,0,0,0
"9AB3D280B82042DB8FA9F1F7BE82BD5B","D07","ORNL","ORNL_029","E","evergreenForest",35.957641,-84.261617,"WGS84",1.1,272.5,0.2,"2014-06-30","2014-07-14",4,"BET.ORNL_029.2014.04","ORNL_029.E.20140714",14,"ok","ok","ok","Y","NEON.DOC.014050","nAKPQvGWPz3w50pS9SF/Wg/TlEjgxRE8","filled to 250ml level",0,0,0
"5115B3F5B2A443A7AAECE46C2C770250","D07","ORNL","ORNL_027","S","evergreenForest",35.916131,-84.263286,"WGS84",1.3,245.6,0.3,"2014-06-30","2014-07-14",4,"BET.ORNL_027.2014.04","ORNL_027.S.20140714",14,"ok","ok","ok","Y","NEON.DOC.014050","nAKPQvGWPz3w50pS9SF/Wg/TlEjgxRE8",,0,0,0
"CBFCEF06452449E7B0A8D5EC2B268D15","D07","ORNL","ORNL_027","N","evergreenForest",35.916491,-84.263274,"WGS84",1.3,245.6,0.3,"2014-06-30","2014-07-14",4,"BET.ORNL_027.2014.04","ORNL_027.N.20140714",14,"ok","ok","ok","Y","NEON.DOC.014050","nAKPQvGWPz3w50pS9SF/Wg/TlEjgxRE8",,0,0,0
"C7CAFFF1BC034F598E97488A0DC94D6D","D07","ORNL","ORNL_027","E","evergreenForest",35.916306,-84.263059,"WGS84",1.3,245.6,0.3,"2014-06-30","2014-07-14",4,"BET.ORNL_027.2014.04","ORNL_027.E.20140714",14,"ok","ok","high","Y","NEON.DOC.014050","nAKPQvGWPz3w50pS9SF/Wg/TlEjgxRE8",,0,0,0
"7BAC1D89FA024FE88552D494F2AC705E","D07","ORNL","ORNL_027","W","evergreenForest",35.916316,-84.263501,"WGS84",1.3,245.6,0.3,"2014-06-30","2014-07-14",4,"BET.ORNL_027.2014.04","ORNL_027.W.20140714",14,"ok","ok","ok","Y","NEON.DOC.014050","nAKPQvGWPz3w50pS9SF/Wg/TlEjgxRE8",,0,0,0
"EFB50A55A11148218DCD203E7CA826BD","D07","ORNL","ORNL_021","S","pastureHay",35.955461,-84.221353,"WGS84",1.1,277.6,0.1,"2014-06-30","2014-07-14",4,"BET.ORNL_021.2014.04","ORNL_021.S.20140714",14,"ok","ok","ok","Y","NEON.DOC.014050","nAKPQvGWPz3w50pS9SF/Wg/TlEjgxRE8",,0,0,0
"6401F70E5AD448FB8875C91CA22571E9","D07","ORNL","ORNL_021","E","pastureHay",35.955636,-84.221125,"WGS84",1.1,277.6,0.1,"2014-06-30","2014-07-14",4,"BET.ORNL_021.2014.04","ORNL_021.E.20140714",14,"ok","ok","ok","Y","NEON.DOC.014050","nAKPQvGWPz3w50pS9SF/Wg/TlEjgxRE8","full of mud",0,0,0
"8A4B2C4EB7074C868E6A437E8813FA95","D07","ORNL","ORNL_021","W","pastureHay",35.955646,-84.221568,"WGS84",1.1,277.6,0.1,"2014-06-30","2014-07-14",4,"BET.ORNL_021.2014.04","ORNL_021.W.20140714",14,"ok","ok","ok","Y","NEON.DOC.014050","nAKPQvGWPz3w50pS9SF/Wg/TlEjgxRE8",,0,0,0
"511F2298C95A4F7BA161C41BB5F43B8F","D07","ORNL","ORNL_021","N","pastureHay",35.955821,-84.221341,"WGS84",1.1,277.6,0.1,"2014-06-30","2014-07-14",4,"BET.ORNL_021.2014.04","ORNL_021.N.20140714",14,"ok","ok","low","Y","NEON.DOC.014050","nAKPQvGWPz3w50pS9SF/Wg/TlEjgxRE8","almost empty",0,0,0
"D7685F1293734607A61DC65E7D55DEA1","D07","ORNL","ORNL_006","E","deciduousForest",35.938227,-84.323465,"WGS84",1.2,283.6,0.2,"2014-06-30","2014-07-14",4,"BET.ORNL_006.2014.04","ORNL_006.E.20140714",14,"ok","ok","ok","Y","NEON.DOC.014050","nAKPQvGWPz3w50pS9SF/Wg/TlEjgxRE8",,0,0,0
"55EFAF62B77546F5B9B487DB102B1143","D07","ORNL","ORNL_006","N","deciduousForest",35.938412,-84.323680,"WGS84",1.2,283.6,0.2,"2014-06-30","2014-07-14",4,"BET.ORNL_006.2014.04","ORNL_006.N.20140714",14,"ok","ok","ok","N","NEON.DOC.014050","nAKPQvGWPz3w50pS9SF/Wg/TlEjgxRE8",,0,0,0
"9C9CEBF7B6CC4281A71E605371A2C6BD","D07","ORNL","ORNL_006","W","deciduousForest",35.938237,-84.323908,"WGS84",1.2,283.6,0.2,"2014-06-30","2014-07-14",4,"BET.ORNL_006.2014.04","ORNL_006.W.20140714",14,"ok","ok","ok","Y","NEON.DOC.014050","nAKPQvGWPz3w50pS9SF/Wg/TlEjgxRE8",,0,0,0
"F8D4C75D8AE04C8C956DA0D3E7EEF63D","D07","ORNL","ORNL_006","S","deciduousForest",35.938052,-84.323692,"WGS84",1.2,283.6,0.2,"2014-06-30","2014-07-14",4,"BET.ORNL_006.2014.04","ORNL_006.S.20140714",14,"ok","ok","ok","Y","NEON.DOC.014050","nAKPQvGWPz3w50pS9SF/Wg/TlEjgxRE8",,0,0,0
"3883B1B885544F43BF3EAA88D6357439","D07","ORNL","ORNL_004","W","deciduousForest",35.907952,-84.275434,"WGS84",1.2,296.1,0.2,"2014-06-30","2014-07-14",4,"BET.ORNL_004.2014.04","ORNL_004.W.20140714",14,"ok","ok","ok","Y","NEON.DOC.014050","nAKPQvGWPz3w50pS9SF/Wg/TlEjgxRE8",,0,0,0
"EAF2D1D75EE844128C77BB4509D5188E","D07","ORNL","ORNL_004","E","deciduousForest",35.907942,-84.274991,"WGS84",1.2,296.1,0.2,"2014-06-30","2014-07-14",4,"BET.ORNL_004.2014.04","ORNL_004.E.20140714",14,"ok","ok","ok","Y","NEON.DOC.014050","nAKPQvGWPz3w50pS9SF/Wg/TlEjgxRE8","rocks preventing lid nails from being hammered all the way",0,0,0
"15B6A588E293485BAB64329F77E0E6A0","D07","ORNL","ORNL_004","S","deciduousForest",35.907767,-84.275219,"WGS84",1.2,296.1,0.2,"2014-06-30","2014-07-14",4,"BET.ORNL_004.2014.04","ORNL_004.S.20140714",14,"ok","ok","ok","Y","NEON.DOC.014050","nAKPQvGWPz3w50pS9SF/Wg/TlEjgxRE8",,0,0,0
"DCD5D7B5EA0B4A7EB92CAB15598EF335","D07","ORNL","ORNL_004","N","deciduousForest",35.908127,-84.275206,"WGS84",1.2,296.1,0.2,"2014-06-30","2014-07-14",4,"BET.ORNL_004.2014.04","ORNL_004.N.20140714",14,"ok","ok","high","Y","NEON.DOC.014050","nAKPQvGWPz3w50pS9SF/Wg/TlEjgxRE8","rocks preventing lid nails from being hammered all the way",0,0,0
"7E06D2C32153499499AEDC04FF60D63F","D07","ORNL","ORNL_003","W","deciduousForest",35.965874,-84.230862,"WGS84",1.2,262.0,0.3,"2014-06-30","2014-07-14",4,"BET.ORNL_003.2014.04","ORNL_003.W.20140714",14,"ok","ok","ok","Y","NEON.DOC.014050","nAKPQvGWPz3w50pS9SF/Wg/TlEjgxRE8",,0,0,0
"324C4A96244F4E1ABC4DBDB6247705DF","D07","ORNL","ORNL_003","S","deciduousForest",35.965689,-84.230647,"WGS84",1.2,262.0,0.3,"2014-06-30","2014-07-14",4,"BET.ORNL_003.2014.04","ORNL_003.S.20140714",14,"ok","ok","ok","Y","NEON.DOC.014050","nAKPQvGWPz3w50pS9SF/Wg/TlEjgxRE8",,0,0,0
"48636BB23C8044DA97F7336756B84DCA","D07","ORNL","ORNL_003","E","deciduousForest",35.965864,-84.230419,"WGS84",1.2,262.0,0.3,"2014-06-30","2014-07-14",4,"BET.ORNL_003.2014.04","ORNL_003.E.20140714",14,"ok","ok","ok","Y","NEON.DOC.014050","nAKPQvGWPz3w50pS9SF/Wg/TlEjgxRE8",,0,0,0
"342638E63E1C4D43AD21CCDB05C8943F","D07","ORNL","ORNL_003","N","deciduousForest",35.966049,-84.230634,"WGS84",1.2,262.0,0.3,"2014-06-30","2014-07-14",4,"BET.ORNL_003.2014.04","ORNL_003.N.20140714",14,"ok","ok","ok","Y","NEON.DOC.014050","nAKPQvGWPz3w50pS9SF/Wg/TlEjgxRE8",,0,0,0
"44FDC41801334A2AB8CE76F12940713E","D07","ORNL","ORNL_002","S","deciduousForest",35.982025,-84.212760,"WGS84",1.2,306.9,0.4,"2014-06-30","2014-07-14",4,"BET.ORNL_002.2014.04","ORNL_002.S.20140714",14,"ok","ok","ok","Y","NEON.DOC.014050","nAKPQvGWPz3w50pS9SF/Wg/TlEjgxRE8",,0,0,0
"ED0FD790F0DD413387E7CC2ECDF99142","D07","ORNL","ORNL_002","E","deciduousForest",35.982200,-84.212532,"WGS84",1.2,306.9,0.4,"2014-06-30","2014-07-14",4,"BET.ORNL_002.2014.04","ORNL_002.E.20140714",14,"ok","ok","ok","Y","NEON.DOC.014050","nAKPQvGWPz3w50pS9SF/Wg/TlEjgxRE8",,0,0,0
"903193780B9C45BBB02E198C0D63F9BD","D07","ORNL","ORNL_002","W","deciduousForest",35.982210,-84.212975,"WGS84",1.2,306.9,0.4,"2014-06-30","2014-07-14",4,"BET.ORNL_002.2014.04","ORNL_002.W.20140714",14,"ok","ok","ok","Y","NEON.DOC.014050","nAKPQvGWPz3w50pS9SF/Wg/TlEjgxRE8",,0,0,0
"8DD08E9626C240139E587F570A14F65C","D07","ORNL","ORNL_002","N","deciduousForest",35.982385,-84.212747,"WGS84",1.2,306.9,0.4,"2014-06-30","2014-07-14",4,"BET.ORNL_002.2014.04","ORNL_002.N.20140714",14,"ok","ok","ok","Y","NEON.DOC.014050","nAKPQvGWPz3w50pS9SF/Wg/TlEjgxRE8",,0,0,0
"9C5362AA675C4897A7C4F390F1AFCED0","D07","ORNL","ORNL_001","W","deciduousForest",35.930255,-84.270331,"WGS84",1.2,244.6,0.3,"2014-06-30","2014-07-14",4,"BET.ORNL_001.2014.04","ORNL_001.W.20140714",14,"ok","ok","high","Y","NEON.DOC.014050","nAKPQvGWPz3w50pS9SF/Wg/TlEjgxRE8",,0,0,0
"2F9F6C6F105E441DB5B17663DB37ED97","D07","ORNL","ORNL_001","E","deciduousForest",35.930245,-84.269888,"WGS84",1.2,244.6,0.3,"2014-06-30","2014-07-14",4,"BET.ORNL_001.2014.04","ORNL_001.E.20140714",14,"ok","ok","ok","Y","NEON.DOC.014050","nAKPQvGWPz3w50pS9SF/Wg/TlEjgxRE8",,0,0,0
"CAFAC0EFB0954E5188D75FCCB9D32126","D07","ORNL","ORNL_001","N","deciduousForest",35.930430,-84.270103,"WGS84",1.2,244.6,0.3,"2014-06-30","2014-07-14",4,"BET.ORNL_001.2014.04","ORNL_001.N.20140714",14,"ok","ok","ok","Y","NEON.DOC.014050","nAKPQvGWPz3w50pS9SF/Wg/TlEjgxRE8",,0,0,0
"9B7C8D6770F348629CB04A180114F251","D07","ORNL","ORNL_001","S","deciduousForest",35.930069,-84.270116,"WGS84",1.2,244.6,0.3,"2014-07-14","2014-07-28",5,"BET.ORNL_001.2014.05","ORNL_001.S.20140728",14,"ok","ok","ok","Y","NEON.DOC.014050","nAKPQvGWPz3w50pS9SF/Wg/TlEjgxRE8",,0,0,0
"8240E6968DD84E4FB41F3CC523F1B328","D07","ORNL","ORNL_031","S","pastureHay",35.948427,-84.221919,"WGS84",1.1,266.7,0.1,"2014-07-14","2014-07-28",5,"BET.ORNL_031.2014.05","ORNL_031.S.20140728",14,"ok","ok","ok","Y","NEON.DOC.014050","nAKPQvGWPz3w50pS9SF/Wg/TlEjgxRE8",,0,0,0
"6244912C6DFE4B8CAED063FB99058FB3","D07","ORNL","ORNL_031","N","pastureHay",35.948787,-84.221906,"WGS84",1.1,266.7,0.1,"2014-07-14","2014-07-28",5,"BET.ORNL_031.2014.05","ORNL_031.N.20140728",14,"ok","ok","ok","Y","NEON.DOC.014050","nAKPQvGWPz3w50pS9SF/Wg/TlEjgxRE8",,0,0,0
"166805AE53A542638E2A86DEEF08727C","D07","ORNL","ORNL_031","E","pastureHay",35.948602,-84.221691,"WGS84",1.1,266.7,0.1,"2014-07-14","2014-07-28",5,"BET.ORNL_031.2014.05","ORNL_031.E.20140728",14,"ok","ok","ok","Y","NEON.DOC.014050","nAKPQvGWPz3w50pS9SF/Wg/TlEjgxRE8",,0,0,0
"882E8A845F0A4F84ACACE9CB407E6A0E","D07","ORNL","ORNL_031","W","pastureHay",35.948612,-84.222134,"WGS84",1.1,266.7,0.1,"2014-07-14","2014-07-28",5,"BET.ORNL_031.2014.05","ORNL_031.W.20140728",14,"ok","ok","ok","Y","NEON.DOC.014050","nAKPQvGWPz3w50pS9SF/Wg/TlEjgxRE8",,0,0,0
"86EAB352F5194B80808292E0DE181B2B","D07","ORNL","ORNL_032","N","evergreenForest",35.944697,-84.326486,"WGS84",1.2,263.1,0.2,"2014-07-14","2014-07-28",5,"BET.ORNL_032.2014.05","ORNL_032.N.20140728",14,"ok","ok","ok","Y","NEON.DOC.014050","nAKPQvGWPz3w50pS9SF/Wg/TlEjgxRE8",,0,0,0
"F8BD86E3073F48C09991CED15F58A079","D07","ORNL","ORNL_032","S","evergreenForest",35.944336,-84.326498,"WGS84",1.2,263.1,0.2,"2014-07-14","2014-07-28",5,"BET.ORNL_032.2014.05","ORNL_032.S.20140728",14,"ok","ok","ok","Y","NEON.DOC.014050","nAKPQvGWPz3w50pS9SF/Wg/TlEjgxRE8",,0,0,0
"D010658739594555A04E0293E63620CC","D07","ORNL","ORNL_032","W","evergreenForest",35.944521,-84.326714,"WGS84",1.2,263.1,0.2,"2014-07-14","2014-07-28",5,"BET.ORNL_032.2014.05","ORNL_032.W.20140728",14,"ok","ok","ok","Y","NEON.DOC.014050","nAKPQvGWPz3w50pS9SF/Wg/TlEjgxRE8",,0,0,0
"317604A944D94D13A6377F3CFDBE9D38","D07","ORNL","ORNL_032","E","evergreenForest",35.944512,-84.326271,"WGS84",1.2,263.1,0.2,"2014-07-14","2014-07-28",5,"BET.ORNL_032.2014.05","ORNL_032.E.20140728",14,"ok","ok","ok","Y","NEON.DOC.014050","nAKPQvGWPz3w50pS9SF/Wg/TlEjgxRE8",,0,0,0
"97D39528714B45A08C26EA7082346281","D07","ORNL","ORNL_029","W","evergreenForest",35.957652,-84.262060,"WGS84",1.1,272.5,0.2,"2014-07-14","2014-07-28",5,"BET.ORNL_029.2014.05","ORNL_029.W.20140728",14,"ok","ok","high","Y","NEON.DOC.014050","nAKPQvGWPz3w50pS9SF/Wg/TlEjgxRE8",,0,0,0
"5E8B787C35614942AF7769F8BFBF6D3C","D07","ORNL","ORNL_029","E","evergreenForest",35.957641,-84.261617,"WGS84",1.1,272.5,0.2,"2014-07-14","2014-07-28",5,"BET.ORNL_029.2014.05","ORNL_029.E.20140728",14,"ok","ok","high","Y","NEON.DOC.014050","nAKPQvGWPz3w50pS9SF/Wg/TlEjgxRE8",,0,0,0
"1B0276AA56424196A876ACC1001FC72C","D07","ORNL","ORNL_029","S","evergreenForest",35.957466,-84.261844,"WGS84",1.1,272.5,0.2,"2014-07-14","2014-07-28",5,"BET.ORNL_029.2014.05","ORNL_029.S.20140728",14,"ok","ok","high","Y","NEON.DOC.014050","nAKPQvGWPz3w50pS9SF/Wg/TlEjgxRE8",,0,0,0
"F11D453BCD55436290CA4F15F457A179","D07","ORNL","ORNL_029","N","evergreenForest",35.957827,-84.261832,"WGS84",1.1,272.5,0.2,"2014-07-14","2014-07-28",5,"BET.ORNL_029.2014.05","ORNL_029.N.20140728",14,"ok","ok","high","Y","NEON.DOC.014050","nAKPQvGWPz3w50pS9SF/Wg/TlEjgxRE8",,0,0,0
"AD8CC52B4CB34ED59532D859740DA802","D07","ORNL","ORNL_027","S","evergreenForest",35.916131,-84.263286,"WGS84",1.3,245.6,0.3,"2014-07-14","2014-07-28",5,"BET.ORNL_027.2014.05","ORNL_027.S.20140728",14,"ok","ok","ok","Y","NEON.DOC.014050","nAKPQvGWPz3w50pS9SF/Wg/TlEjgxRE8",,0,0,0
"AED69D6F50F04243B1CDD5B2A57D9AB4","D07","ORNL","ORNL_027","W","evergreenForest",35.916316,-84.263501,"WGS84",1.3,245.6,0.3,"2014-07-14","2014-07-28",5,"BET.ORNL_027.2014.05","ORNL_027.W.20140728",14,"ok","ok","ok","Y","NEON.DOC.014050","nAKPQvGWPz3w50pS9SF/Wg/TlEjgxRE8",,0,0,0
"84458648F07E4D918638A7C11434868F","D07","ORNL","ORNL_027","E","evergreenForest",35.916306,-84.263059,"WGS84",1.3,245.6,0.3,"2014-07-14","2014-07-28",5,"BET.ORNL_027.2014.05","ORNL_027.E.20140728",14,"ok","ok","ok","Y","NEON.DOC.014050","nAKPQvGWPz3w50pS9SF/Wg/TlEjgxRE8",,0,0,0
"5BA43C17B7AB46DD856F8CF2BF0689E6","D07","ORNL","ORNL_027","N","evergreenForest",35.916491,-84.263274,"WGS84",1.3,245.6,0.3,"2014-07-14","2014-07-28",5,"BET.ORNL_027.2014.05","ORNL_027.N.20140728",14,"ok","ok","ok","Y","NEON.DOC.014050","nAKPQvGWPz3w50pS9SF/Wg/TlEjgxRE8",,0,0,0
"C71778C32EE141F9AA8DB2266FF6E5E9","D07","ORNL","ORNL_021","S","pastureHay",35.955461,-84.221353,"WGS84",1.1,277.6,0.1,"2014-07-14","2014-07-28",5,"BET.ORNL_021.2014.05","ORNL_021.S.20140728",14,"ok","ok","ok","Y","NEON.DOC.014050","nAKPQvGWPz3w50pS9SF/Wg/TlEjgxRE8",,0,0,0
"9D73B9CE69CB4C0E847C4E079ED5641B","D07","ORNL","ORNL_021","E","pastureHay",35.955636,-84.221125,"WGS84",1.1,277.6,0.1,"2014-07-14","2014-07-28",5,"BET.ORNL_021.2014.05","ORNL_021.E.20140728",14,"ok","ok","ok","Y","NEON.DOC.014050","nAKPQvGWPz3w50pS9SF/Wg/TlEjgxRE8",,0,0,0
"3B3BAB71F75A4B16902489E640B358E7","D07","ORNL","ORNL_021","N","pastureHay",35.955821,-84.221341,"WGS84",1.1,277.6,0.1,"2014-07-14","2014-07-28",5,"BET.ORNL_021.2014.05","ORNL_021.N.20140728",14,"ok","ok","ok","Y","NEON.DOC.014050","nAKPQvGWPz3w50pS9SF/Wg/TlEjgxRE8",,0,0,0
"7F01F1B702364517A4F1385F408D5A3A","D07","ORNL","ORNL_021","W","pastureHay",35.955646,-84.221568,"WGS84",1.1,277.6,0.1,"2014-07-14","2014-07-28",5,"BET.ORNL_021.2014.05","ORNL_021.W.20140728",14,"ok","ok","ok","Y","NEON.DOC.014050","nAKPQvGWPz3w50pS9SF/Wg/TlEjgxRE8",,0,0,0
"FC15B2C4FCB043E9877F7D8F3950ABFF","D07","ORNL","ORNL_006","E","deciduousForest",35.938227,-84.323465,"WGS84",1.2,283.6,0.2,"2014-07-14","2014-07-28",5,"BET.ORNL_006.2014.05","ORNL_006.E.20140728",14,"ok","ok","ok","Y","NEON.DOC.014050","nAKPQvGWPz3w50pS9SF/Wg/TlEjgxRE8",,0,0,0
"F7BE59B9DEB94CF8A53F22F0D26A9696","D07","ORNL","ORNL_006","W","deciduousForest",35.938237,-84.323908,"WGS84",1.2,283.6,0.2,"2014-07-14","2014-07-28",5,"BET.ORNL_006.2014.05","ORNL_006.W.20140728",14,"ok","ok","ok","Y","NEON.DOC.014050","nAKPQvGWPz3w50pS9SF/Wg/TlEjgxRE8",,0,0,0
"4C3D06405B0340E99EC03631AE3568DB","D07","ORNL","ORNL_006","N","deciduousForest",35.938412,-84.323680,"WGS84",1.2,283.6,0.2,"2014-07-14","2014-07-28",5,"BET.ORNL_006.2014.05","ORNL_006.N.20140728",14,"ok","ok","ok","Y","NEON.DOC.014050","nAKPQvGWPz3w50pS9SF/Wg/TlEjgxRE8",,0,0,0
"1E9661B26A0643FCB4EECFA97A2538F3","D07","ORNL","ORNL_006","S","deciduousForest",35.938052,-84.323692,"WGS84",1.2,283.6,0.2,"2014-07-14","2014-07-28",5,"BET.ORNL_006.2014.05","ORNL_006.S.20140728",14,"ok","ok","ok","Y","NEON.DOC.014050","nAKPQvGWPz3w50pS9SF/Wg/TlEjgxRE8",,0,0,0
"1E400A3E04794491B5C6F26FE837D030","D07","ORNL","ORNL_004","S","deciduousForest",35.907767,-84.275219,"WGS84",1.2,296.1,0.2,"2014-07-14","2014-07-28",5,"BET.ORNL_004.2014.05","ORNL_004.S.20140728",14,"ok","ok","ok","Y","NEON.DOC.014050","nAKPQvGWPz3w50pS9SF/Wg/TlEjgxRE8",,0,0,0
"7BBD3A7287DF48D591D703B597AC3E41","D07","ORNL","ORNL_004","N","deciduousForest",35.908127,-84.275206,"WGS84",1.2,296.1,0.2,"2014-07-14","2014-07-28",5,"BET.ORNL_004.2014.05","ORNL_004.N.20140728",14,"ok","ok","high","Y","NEON.DOC.014050","nAKPQvGWPz3w50pS9SF/Wg/TlEjgxRE8",,0,0,0
"26CADBF66AD944A0AC1DCD53C7AE3FEC","D07","ORNL","ORNL_004","W","deciduousForest",35.907952,-84.275434,"WGS84",1.2,296.1,0.2,"2014-07-14","2014-07-28",5,"BET.ORNL_004.2014.05","ORNL_004.W.20140728",14,"ok","ok","ok","Y","NEON.DOC.014050","nAKPQvGWPz3w50pS9SF/Wg/TlEjgxRE8",,0,0,0
"90584C4974A84CDAAA7A23D8D4199DF3","D07","ORNL","ORNL_004","E","deciduousForest",35.907942,-84.274991,"WGS84",1.2,296.1,0.2,"2014-07-14","2014-07-28",5,"BET.ORNL_004.2014.05","ORNL_004.E.20140728",14,"ok","ok","ok","Y","NEON.DOC.014050","nAKPQvGWPz3w50pS9SF/Wg/TlEjgxRE8",,0,0,0
"DECBDDE2440140339591E248E01E289C","D07","ORNL","ORNL_003","E","deciduousForest",35.965864,-84.230419,"WGS84",1.2,262.0,0.3,"2014-07-14","2014-07-28",5,"BET.ORNL_003.2014.05","ORNL_003.E.20140728",14,"ok","ok","ok","Y","NEON.DOC.014050","nAKPQvGWPz3w50pS9SF/Wg/TlEjgxRE8",,0,0,0
"80F48B75AB4B453D9B6295025CCCD678","D07","ORNL","ORNL_003","N","deciduousForest",35.966049,-84.230634,"WGS84",1.2,262.0,0.3,"2014-07-14","2014-07-28",5,"BET.ORNL_003.2014.05","ORNL_003.N.20140728",14,"ok","ok","ok","Y","NEON.DOC.014050","nAKPQvGWPz3w50pS9SF/Wg/TlEjgxRE8",,0,0,0
"A341614A5C2D45B2A8FA0AC9ADBE7A8C","D07","ORNL","ORNL_003","W","deciduousForest",35.965874,-84.230862,"WGS84",1.2,262.0,0.3,"2014-07-14","2014-07-28",5,"BET.ORNL_003.2014.05","ORNL_003.W.20140728",14,"ok","ok","ok","Y","NEON.DOC.014050","nAKPQvGWPz3w50pS9SF/Wg/TlEjgxRE8",,0,0,0
"5777D146E7C24561AB52773FC46E532F","D07","ORNL","ORNL_003","S","deciduousForest",35.965689,-84.230647,"WGS84",1.2,262.0,0.3,"2014-07-14","2014-07-28",5,"BET.ORNL_003.2014.05","ORNL_003.S.20140728",14,"ok","ok","ok","Y","NEON.DOC.014050","nAKPQvGWPz3w50pS9SF/Wg/TlEjgxRE8",,0,0,0
"3066056373F44BF3BB0A277A3BBDCAEF","D07","ORNL","ORNL_002","E","deciduousForest",35.982200,-84.212532,"WGS84",1.2,306.9,0.4,"2014-07-14","2014-07-28",5,"BET.ORNL_002.2014.05","ORNL_002.E.20140728",14,"ok","ok","ok","Y","NEON.DOC.014050","nAKPQvGWPz3w50pS9SF/Wg/TlEjgxRE8",,0,0,0
"82BDCD7FE2964DC1AA44C254C7BFA74A","D07","ORNL","ORNL_002","W","deciduousForest",35.982210,-84.212975,"WGS84",1.2,306.9,0.4,"2014-07-14","2014-07-28",5,"BET.ORNL_002.2014.05","ORNL_002.W.20140728",14,"ok","ok","ok","Y","NEON.DOC.014050","nAKPQvGWPz3w50pS9SF/Wg/TlEjgxRE8",,0,0,0
"114B4C33884944C1B16889AF974DEC6C","D07","ORNL","ORNL_002","S","deciduousForest",35.982025,-84.212760,"WGS84",1.2,306.9,0.4,"2014-07-14","2014-07-28",5,"BET.ORNL_002.2014.05","ORNL_002.S.20140728",14,"ok","ok","high","Y","NEON.DOC.014050","nAKPQvGWPz3w50pS9SF/Wg/TlEjgxRE8",,0,0,0
"9A53BF76CB4F42898E32BD84A40FF281","D07","ORNL","ORNL_002","N","deciduousForest",35.982385,-84.212747,"WGS84",1.2,306.9,0.4,"2014-07-14","2014-07-28",5,"BET.ORNL_002.2014.05","ORNL_002.N.20140728",14,"ok","ok","ok","Y","NEON.DOC.014050","nAKPQvGWPz3w50pS9SF/Wg/TlEjgxRE8",,0,0,0
"01A73D0F85634368A0FDCED5C821BAB5","D07","ORNL","ORNL_001","E","deciduousForest",35.930245,-84.269888,"WGS84",1.2,244.6,0.3,"2014-07-14","2014-07-28",5,"BET.ORNL_001.2014.05","ORNL_001.E.20140728",14,"ok","ok","ok","Y","NEON.DOC.014050","nAKPQvGWPz3w50pS9SF/Wg/TlEjgxRE8",,0,0,0
"F1618D79B6934E4CB84BEFDA281D6125","D07","ORNL","ORNL_001","W","deciduousForest",35.930255,-84.270331,"WGS84",1.2,244.6,0.3,"2014-07-14","2014-07-28",5,"BET.ORNL_001.2014.05","ORNL_001.W.20140728",14,"ok","ok","ok","Y","NEON.DOC.014050","nAKPQvGWPz3w50pS9SF/Wg/TlEjgxRE8",,0,0,0
"D17F7E8051F642C3917FDC5591308D0B","D07","ORNL","ORNL_001","N","deciduousForest",35.930430,-84.270103,"WGS84",1.2,244.6,0.3,"2014-07-14","2014-07-28",5,"BET.ORNL_001.2014.05","ORNL_001.N.20140728",14,"ok","ok","ok","Y","NEON.DOC.014050","nAKPQvGWPz3w50pS9SF/Wg/TlEjgxRE8",,0,0,0
"7E3C1113BACB4ACB8AE0F3D7F5DE64D6","D07","ORNL","ORNL_001","S","deciduousForest",35.930069,-84.270116,"WGS84",1.2,244.6,0.3,"2014-07-28","2014-08-11",6,"BET.ORNL_001.2014.06","ORNL_001.S.20140811",14,"ok","ok","low","Y","NEON.DOC.014050","nAKPQvGWPz3w50pS9SF/Wg/TlEjgxRE8","empty with no catch",0,0,0
"52861B540A524E7F970EC4D8AD94353E","D07","ORNL","ORNL_031","W","pastureHay",35.948612,-84.222134,"WGS84",1.1,266.7,0.1,"2014-07-28","2014-08-11",6,"BET.ORNL_031.2014.06","ORNL_031.W.20140811",14,"ok","ok","ok","Y","NEON.DOC.014050","nAKPQvGWPz3w50pS9SF/Wg/TlEjgxRE8",,0,0,0
"0DEF0B3371F04A498FA86F3BF59F466F","D07","ORNL","ORNL_031","S","pastureHay",35.948427,-84.221919,"WGS84",1.1,266.7,0.1,"2014-07-28","2014-08-11",6,"BET.ORNL_031.2014.06","ORNL_031.S.20140811",14,"ok","ok","ok","Y","NEON.DOC.014050","nAKPQvGWPz3w50pS9SF/Wg/TlEjgxRE8",,0,0,0
"4E9BFCB8925E4093821C0FEC06708C1E","D07","ORNL","ORNL_031","E","pastureHay",35.948602,-84.221691,"WGS84",1.1,266.7,0.1,"2014-07-28","2014-08-11",6,"BET.ORNL_031.2014.06","ORNL_031.E.20140811",14,"ok","ok","ok","Y","NEON.DOC.014050","nAKPQvGWPz3w50pS9SF/Wg/TlEjgxRE8",,0,0,0
"CDB25BE0A8B646269B4AA5CFDA552015","D07","ORNL","ORNL_031","N","pastureHay",35.948787,-84.221906,"WGS84",1.1,266.7,0.1,"2014-07-28","2014-08-11",6,"BET.ORNL_031.2014.06","ORNL_031.N.20140811",14,"ok","ok","ok","Y","NEON.DOC.014050","nAKPQvGWPz3w50pS9SF/Wg/TlEjgxRE8",,0,0,0
"657134CCD8E64CBA8A0B6BBBB288D95B","D07","ORNL","ORNL_032","W","evergreenForest",35.944521,-84.326714,"WGS84",1.2,263.1,0.2,"2014-07-28","2014-08-11",6,"BET.ORNL_032.2014.06","ORNL_032.W.20140811",14,"ok","ok","ok","Y","NEON.DOC.014050","nAKPQvGWPz3w50pS9SF/Wg/TlEjgxRE8",,0,0,0
"EA94EB29B1874AE89FA5F3E9E5A49B5C","D07","ORNL","ORNL_032","S","evergreenForest",35.944336,-84.326498,"WGS84",1.2,263.1,0.2,"2014-07-28","2014-08-11",6,"BET.ORNL_032.2014.06","ORNL_032.S.20140811",14,"ok","ok","ok","Y","NEON.DOC.014050","nAKPQvGWPz3w50pS9SF/Wg/TlEjgxRE8",,0,0,0
"1DC6091126384C6AAED5F68CACE3A375","D07","ORNL","ORNL_032","E","evergreenForest",35.944512,-84.326271,"WGS84",1.2,263.1,0.2,"2014-07-28","2014-08-11",6,"BET.ORNL_032.2014.06","ORNL_032.E.20140811",14,"ok","ok","ok","Y","NEON.DOC.014050","nAKPQvGWPz3w50pS9SF/Wg/TlEjgxRE8",,0,0,0
"4C64DA7600684F269F52348FB3AA92EA","D07","ORNL","ORNL_032","N","evergreenForest",35.944697,-84.326486,"WGS84",1.2,263.1,0.2,"2014-07-28","2014-08-11",6,"BET.ORNL_032.2014.06","ORNL_032.N.20140811",14,"ok","ok","ok","Y","NEON.DOC.014050","nAKPQvGWPz3w50pS9SF/Wg/TlEjgxRE8",,0,0,0
"8CADCA707CBF46C895D7ACF2EF19B18F","D07","ORNL","ORNL_029","W","evergreenForest",35.957652,-84.262060,"WGS84",1.1,272.5,0.2,"2014-07-28","2014-08-11",6,"BET.ORNL_029.2014.06","ORNL_029.W.20140811",14,"ok","ok","ok","Y","NEON.DOC.014050","nAKPQvGWPz3w50pS9SF/Wg/TlEjgxRE8",,0,0,0
"B41D51C13B884287B3853F2C2AFC965C","D07","ORNL","ORNL_029","E","evergreenForest",35.957641,-84.261617,"WGS84",1.1,272.5,0.2,"2014-07-28","2014-08-11",6,"BET.ORNL_029.2014.06","ORNL_029.E.20140811",14,"ok","ok","ok","Y","NEON.DOC.014050","nAKPQvGWPz3w50pS9SF/Wg/TlEjgxRE8",,0,0,0
"8E883EFD723C4123B15F8B9E64698627","D07","ORNL","ORNL_029","N","evergreenForest",35.957827,-84.261832,"WGS84",1.1,272.5,0.2,"2014-07-28","2014-08-11",6,"BET.ORNL_029.2014.06","ORNL_029.N.20140811",14,"ok","ok","ok","Y","NEON.DOC.014050","nAKPQvGWPz3w50pS9SF/Wg/TlEjgxRE8",,0,0,0
"EA04C1CCFD4A4E458049E27997C20AE2","D07","ORNL","ORNL_029","S","evergreenForest",35.957466,-84.261844,"WGS84",1.1,272.5,0.2,"2014-07-28","2014-08-11",6,"BET.ORNL_029.2014.06","ORNL_029.S.20140811",14,"ok","ok","ok","Y","NEON.DOC.014050","nAKPQvGWPz3w50pS9SF/Wg/TlEjgxRE8",,0,0,0
"D3D88907715B44F7A31B71B38D3F55C1","D07","ORNL","ORNL_027","E","evergreenForest",35.916306,-84.263059,"WGS84",1.3,245.6,0.3,"2014-07-28","2014-08-11",6,"BET.ORNL_027.2014.06","ORNL_027.E.20140811",14,"ok","ok","ok","Y","NEON.DOC.014050","nAKPQvGWPz3w50pS9SF/Wg/TlEjgxRE8",,0,0,0
"AC527CA2957F4149AA749F108F67B173","D07","ORNL","ORNL_027","S","evergreenForest",35.916131,-84.263286,"WGS84",1.3,245.6,0.3,"2014-07-28","2014-08-11",6,"BET.ORNL_027.2014.06","ORNL_027.S.20140811",14,"ok","ok","ok","Y","NEON.DOC.014050","nAKPQvGWPz3w50pS9SF/Wg/TlEjgxRE8",,0,0,0
"415285AD21D745DA8FF7CAE789501E8E","D07","ORNL","ORNL_027","W","evergreenForest",35.916316,-84.263501,"WGS84",1.3,245.6,0.3,"2014-07-28","2014-08-11",6,"BET.ORNL_027.2014.06","ORNL_027.W.20140811",14,"ok","ok","ok","Y","NEON.DOC.014050","nAKPQvGWPz3w50pS9SF/Wg/TlEjgxRE8",,0,0,0
"7678CBD868D94BDCB763084107D7274C","D07","ORNL","ORNL_027","N","evergreenForest",35.916491,-84.263274,"WGS84",1.3,245.6,0.3,"2014-07-28","2014-08-11",6,"BET.ORNL_027.2014.06","ORNL_027.N.20140811",14,"ok","ok","low","Y","NEON.DOC.014050","nAKPQvGWPz3w50pS9SF/Wg/TlEjgxRE8","dry with thin layer of sediment on bottom",0,0,0
"9547CD46E5A04F118C8DC56D828D5171","D07","ORNL","ORNL_021","W","pastureHay",35.955646,-84.221568,"WGS84",1.1,277.6,0.1,"2014-07-28","2014-08-11",6,"BET.ORNL_021.2014.06","ORNL_021.W.20140811",14,"ok","ok","ok","Y","NEON.DOC.014050","nAKPQvGWPz3w50pS9SF/Wg/TlEjgxRE8",,0,0,0
"B3BD05E76C964104A8DA215D699EF79D","D07","ORNL","ORNL_021","E","pastureHay",35.955636,-84.221125,"WGS84",1.1,277.6,0.1,"2014-07-28","2014-08-11",6,"BET.ORNL_021.2014.06","ORNL_021.E.20140811",14,"ok","ok","ok","Y","NEON.DOC.014050","nAKPQvGWPz3w50pS9SF/Wg/TlEjgxRE8",,0,0,0
"79E7C343EF4C4730AB91E2C1411CC7F8","D07","ORNL","ORNL_021","N","pastureHay",35.955821,-84.221341,"WGS84",1.1,277.6,0.1,"2014-07-28","2014-08-11",6,"BET.ORNL_021.2014.06","ORNL_021.N.20140811",14,"ok","ok","ok","Y","NEON.DOC.014050","nAKPQvGWPz3w50pS9SF/Wg/TlEjgxRE8",,0,0,0
"AD1E9D7B67E7491C8F7D4B801A1A6353","D07","ORNL","ORNL_021","S","pastureHay",35.955461,-84.221353,"WGS84",1.1,277.6,0.1,"2014-07-28","2014-08-11",6,"BET.ORNL_021.2014.06","ORNL_021.S.20140811",14,"ok","ok","ok","Y","NEON.DOC.014050","nAKPQvGWPz3w50pS9SF/Wg/TlEjgxRE8",,0,0,0
"E25D2BD6E95D459683D9457673A28869","D07","ORNL","ORNL_006","W","deciduousForest",35.938237,-84.323908,"WGS84",1.2,283.6,0.2,"2014-07-28","2014-08-11",6,"BET.ORNL_006.2014.06","ORNL_006.W.20140811",14,"ok","ok","ok","Y","NEON.DOC.014050","nAKPQvGWPz3w50pS9SF/Wg/TlEjgxRE8",,0,0,0
"602D91FA2F804DA585589AF0CB9582A5","D07","ORNL","ORNL_006","E","deciduousForest",35.938227,-84.323465,"WGS84",1.2,283.6,0.2,"2014-07-28","2014-08-11",6,"BET.ORNL_006.2014.06","ORNL_006.E.20140811",14,"ok","ok","ok","Y","NEON.DOC.014050","nAKPQvGWPz3w50pS9SF/Wg/TlEjgxRE8",,0,0,0
"8FECF1D7BE4F41418AE05D02E5F0B99C","D07","ORNL","ORNL_006","S","deciduousForest",35.938052,-84.323692,"WGS84",1.2,283.6,0.2,"2014-07-28","2014-08-11",6,"BET.ORNL_006.2014.06","ORNL_006.S.20140811",14,"ok","ok","ok","Y","NEON.DOC.014050","nAKPQvGWPz3w50pS9SF/Wg/TlEjgxRE8",,0,0,0
"32D7BEEBB5F64ADDB2E99306CC610650","D07","ORNL","ORNL_006","N","deciduousForest",35.938412,-84.323680,"WGS84",1.2,283.6,0.2,"2014-07-28","2014-08-11",6,"BET.ORNL_006.2014.06","ORNL_006.N.20140811",14,"ok","ok","ok","Y","NEON.DOC.014050","nAKPQvGWPz3w50pS9SF/Wg/TlEjgxRE8",,0,0,0
"5FA8EE561D6B4C6FA59F37CCDE8E3A40","D07","ORNL","ORNL_004","E","deciduousForest",35.907942,-84.274991,"WGS84",1.2,296.1,0.2,"2014-07-28","2014-08-11",6,"BET.ORNL_004.2014.06","ORNL_004.E.20140811",14,"ok","ok","ok","Y","NEON.DOC.014050","nAKPQvGWPz3w50pS9SF/Wg/TlEjgxRE8",,0,0,0
"14F9D15A63A34156A391DF1EFE7E1F62","D07","ORNL","ORNL_004","W","deciduousForest",35.907952,-84.275434,"WGS84",1.2,296.1,0.2,"2014-07-28","2014-08-11",6,"BET.ORNL_004.2014.06","ORNL_004.W.20140811",14,"ok","ok","ok","Y","NEON.DOC.014050","nAKPQvGWPz3w50pS9SF/Wg/TlEjgxRE8",,0,0,0
"C52E7A56199544D0A91355AC10A8D265","D07","ORNL","ORNL_004","N","deciduousForest",35.908127,-84.275206,"WGS84",1.2,296.1,0.2,"2014-07-28","2014-08-11",6,"BET.ORNL_004.2014.06","ORNL_004.N.20140811",14,"ok","ok","ok","Y","NEON.DOC.014050","nAKPQvGWPz3w50pS9SF/Wg/TlEjgxRE8",,0,0,0
"22C39AE4F4204EA0B00C602A813BFB6E","D07","ORNL","ORNL_004","S","deciduousForest",35.907767,-84.275219,"WGS84",1.2,296.1,0.2,"2014-07-28","2014-08-11",6,"BET.ORNL_004.2014.06","ORNL_004.S.20140811",14,"ok","ok","ok","Y","NEON.DOC.014050","nAKPQvGWPz3w50pS9SF/Wg/TlEjgxRE8",,0,0,0
"725B7608CE7C41F3A15532B08828B3BA","D07","ORNL","ORNL_003","S","deciduousForest",35.965689,-84.230647,"WGS84",1.2,262.0,0.3,"2014-07-28","2014-08-11",6,"BET.ORNL_003.2014.06","ORNL_003.S.20140811",14,"ok","ok","ok","Y","NEON.DOC.014050","nAKPQvGWPz3w50pS9SF/Wg/TlEjgxRE8",,0,0,0
"5E73709999DC4BFCAFA16D0C4DA1B811","D07","ORNL","ORNL_003","W","deciduousForest",35.965874,-84.230862,"WGS84",1.2,262.0,0.3,"2014-07-28","2014-08-11",6,"BET.ORNL_003.2014.06","ORNL_003.W.20140811",14,"ok","ok","ok","Y","NEON.DOC.014050","nAKPQvGWPz3w50pS9SF/Wg/TlEjgxRE8",,0,0,0
"5B963A827DA74120A4F469EBEA0AE691","D07","ORNL","ORNL_003","N","deciduousForest",35.966049,-84.230634,"WGS84",1.2,262.0,0.3,"2014-07-28","2014-08-11",6,"BET.ORNL_003.2014.06","ORNL_003.N.20140811",14,"ok","ok","ok","Y","NEON.DOC.014050","nAKPQvGWPz3w50pS9SF/Wg/TlEjgxRE8",,0,0,0
"4D6529327C784448B423B43094A955F8","D07","ORNL","ORNL_003","E","deciduousForest",35.965864,-84.230419,"WGS84",1.2,262.0,0.3,"2014-07-28","2014-08-11",6,"BET.ORNL_003.2014.06","ORNL_003.E.20140811",14,"ok","ok","ok","Y","NEON.DOC.014050","nAKPQvGWPz3w50pS9SF/Wg/TlEjgxRE8",,0,0,0
"E7AB56900C1C4AEB98DCF55255EF0030","D07","ORNL","ORNL_002","S","deciduousForest",35.982025,-84.212760,"WGS84",1.2,306.9,0.4,"2014-07-28","2014-08-11",6,"BET.ORNL_002.2014.06","ORNL_002.S.20140811",14,"ok","ok","ok","Y","NEON.DOC.014050","nAKPQvGWPz3w50pS9SF/Wg/TlEjgxRE8",,0,0,0
"C2A4E372994042A6A41CDFF02CCE3C1B","D07","ORNL","ORNL_002","N","deciduousForest",35.982385,-84.212747,"WGS84",1.2,306.9,0.4,"2014-07-28","2014-08-11",6,"BET.ORNL_002.2014.06","ORNL_002.N.20140811",14,"ok","ok","high","Y","NEON.DOC.014050","nAKPQvGWPz3w50pS9SF/Wg/TlEjgxRE8",,0,0,0
"134CA562EA5C4667A142E1042123E86A","D07","ORNL","ORNL_002","W","deciduousForest",35.982210,-84.212975,"WGS84",1.2,306.9,0.4,"2014-07-28","2014-08-11",6,"BET.ORNL_002.2014.06","ORNL_002.W.20140811",14,"ok","ok","ok","Y","NEON.DOC.014050","nAKPQvGWPz3w50pS9SF/Wg/TlEjgxRE8",,0,0,0
"9B125DF95A9A4961A0FEA47F9F5B3306","D07","ORNL","ORNL_002","E","deciduousForest",35.982200,-84.212532,"WGS84",1.2,306.9,0.4,"2014-07-28","2014-08-11",6,"BET.ORNL_002.2014.06","ORNL_002.E.20140811",14,"ok","ok","ok","Y","NEON.DOC.014050","nAKPQvGWPz3w50pS9SF/Wg/TlEjgxRE8",,0,0,0
"E24302A2A18947D694EC81CC3CDB1618","D07","ORNL","ORNL_001","W","deciduousForest",35.930255,-84.270331,"WGS84",1.2,244.6,0.3,"2014-07-28","2014-08-11",6,"BET.ORNL_001.2014.06","ORNL_001.W.20140811",14,"ok","ok","ok","Y","NEON.DOC.014050","nAKPQvGWPz3w50pS9SF/Wg/TlEjgxRE8",,0,0,0
"8431D18102E145D799BC3B2E190C27AF","D07","ORNL","ORNL_001","E","deciduousForest",35.930245,-84.269888,"WGS84",1.2,244.6,0.3,"2014-07-28","2014-08-11",6,"BET.ORNL_001.2014.06","ORNL_001.E.20140811",14,"ok","ok","ok","Y","NEON.DOC.014050","nAKPQvGWPz3w50pS9SF/Wg/TlEjgxRE8",,0,0,0
"6B5E05519FB542C3A5DFA105FBF79A37","D07","ORNL","ORNL_001","N","deciduousForest",35.930430,-84.270103,"WGS84",1.2,244.6,0.3,"2014-07-28","2014-08-11",6,"BET.ORNL_001.2014.06","ORNL_001.N.20140811",14,"ok","ok","ok","Y","NEON.DOC.014050","nAKPQvGWPz3w50pS9SF/Wg/TlEjgxRE8",,0,0,0
"708C4D774B7E4934B32A472F2256FF07","D07","ORNL","ORNL_001","E","deciduousForest",35.930245,-84.269888,"WGS84",1.2,244.6,0.3,"2014-08-11","2014-08-25",7,"BET.ORNL_001.2014.07","ORNL_001.E.20140825",14,"ok","ok","ok","Y","NEON.DOC.014050","nAKPQvGWPz3w50pS9SF/Wg/TlEjgxRE8",,0,0,0
"7AA0A717EE6A44C9AB1F20891A976BB3","D07","ORNL","ORNL_031","S","pastureHay",35.948427,-84.221919,"WGS84",1.1,266.7,0.1,"2014-08-11","2014-08-25",7,"BET.ORNL_031.2014.07","ORNL_031.S.20140825",14,"ok","ok","ok","Y","NEON.DOC.014050","FII5NHkrIeQI4f+soqpivO/xVBSahwuJ",,0,0,0
"AE6DC9109F714E6C861E68C34148D517","D07","ORNL","ORNL_031","E","pastureHay",35.948602,-84.221691,"WGS84",1.1,266.7,0.1,"2014-08-11","2014-08-25",7,"BET.ORNL_031.2014.07","ORNL_031.E.20140825",14,"ok","ok","ok","Y","NEON.DOC.014050","FII5NHkrIeQI4f+soqpivO/xVBSahwuJ",,0,0,0
"DE12458CDDE941B1963EF093F03C339C","D07","ORNL","ORNL_031","N","pastureHay",35.948787,-84.221906,"WGS84",1.1,266.7,0.1,"2014-08-11","2014-08-25",7,"BET.ORNL_031.2014.07","ORNL_031.N.20140825",14,"ok","ok","ok","Y","NEON.DOC.014050","FII5NHkrIeQI4f+soqpivO/xVBSahwuJ",,0,0,0
"DB15413173CC4DA3B696D3BDC16DE155","D07","ORNL","ORNL_031","W","pastureHay",35.948612,-84.222134,"WGS84",1.1,266.7,0.1,"2014-08-11","2014-08-25",7,"BET.ORNL_031.2014.07","ORNL_031.W.20140825",14,"ok","ok","ok","Y","NEON.DOC.014050","FII5NHkrIeQI4f+soqpivO/xVBSahwuJ",,0,0,0
"D21B517BCEE44D3297AA3E0C7D64F276","D07","ORNL","ORNL_032","S","evergreenForest",35.944336,-84.326498,"WGS84",1.2,263.1,0.2,"2014-08-11","2014-08-25",7,"BET.ORNL_032.2014.07","ORNL_032.S.20140825",14,"ok","ok","ok","Y","NEON.DOC.014050","nAKPQvGWPz3w50pS9SF/Wg/TlEjgxRE8",,0,0,0
"DE40FDC37C424B44B347E33109F691F7","D07","ORNL","ORNL_032","N","evergreenForest",35.944697,-84.326486,"WGS84",1.2,263.1,0.2,"2014-08-11","2014-08-25",7,"BET.ORNL_032.2014.07","ORNL_032.N.20140825",14,"ok","ok","ok","Y","NEON.DOC.014050","nAKPQvGWPz3w50pS9SF/Wg/TlEjgxRE8",,0,0,0
"82FF5B80A7D14FCBBE45802299BC6F99","D07","ORNL","ORNL_032","E","evergreenForest",35.944512,-84.326271,"WGS84",1.2,263.1,0.2,"2014-08-11","2014-08-25",7,"BET.ORNL_032.2014.07","ORNL_032.E.20140825",14,"ok","ok","ok","Y","NEON.DOC.014050","nAKPQvGWPz3w50pS9SF/Wg/TlEjgxRE8",,0,0,0
"2CC886AE04534F4381339E48043760EC","D07","ORNL","ORNL_032","W","evergreenForest",35.944521,-84.326714,"WGS84",1.2,263.1,0.2,"2014-08-11","2014-08-25",7,"BET.ORNL_032.2014.07","ORNL_032.W.20140825",14,"ok","ok","ok","Y","NEON.DOC.014050","nAKPQvGWPz3w50pS9SF/Wg/TlEjgxRE8",,0,0,0
"B110F242A51D46FB9DCCB5C4F9B68742","D07","ORNL","ORNL_029","E","evergreenForest",35.957641,-84.261617,"WGS84",1.1,272.5,0.2,"2014-08-11","2014-08-25",7,"BET.ORNL_029.2014.07","ORNL_029.E.20140825",14,"ok","ok","ok","Y","NEON.DOC.014050","FII5NHkrIeQI4f+soqpivO/xVBSahwuJ",,0,0,0
"CBDC9D9F14A54F09A4490FD8D255E891","D07","ORNL","ORNL_029","W","evergreenForest",35.957652,-84.262060,"WGS84",1.1,272.5,0.2,"2014-08-11","2014-08-25",7,"BET.ORNL_029.2014.07","ORNL_029.W.20140825",14,"ok","ok","ok","Y","NEON.DOC.014050","FII5NHkrIeQI4f+soqpivO/xVBSahwuJ",,0,0,0
"E045EE325FE94A39B76591CE6401A48A","D07","ORNL","ORNL_029","S","evergreenForest",35.957466,-84.261844,"WGS84",1.1,272.5,0.2,"2014-08-11","2014-08-25",7,"BET.ORNL_029.2014.07","ORNL_029.S.20140825",14,"ok","ok","ok","Y","NEON.DOC.014050","FII5NHkrIeQI4f+soqpivO/xVBSahwuJ",,0,0,0
"97FA2F529274480886830CC9C74F185E","D07","ORNL","ORNL_029","N","evergreenForest",35.957827,-84.261832,"WGS84",1.1,272.5,0.2,"2014-08-11","2014-08-25",7,"BET.ORNL_029.2014.07","ORNL_029.N.20140825",14,"ok","ok","ok","Y","NEON.DOC.014050","FII5NHkrIeQI4f+soqpivO/xVBSahwuJ",,0,0,0
"987D9C504AA04E0F92C0B095C6FCC6A1","D07","ORNL","ORNL_027","S","evergreenForest",35.916131,-84.263286,"WGS84",1.3,245.6,0.3,"2014-08-11","2014-08-25",7,"BET.ORNL_027.2014.07","ORNL_027.S.20140825",14,"ok","ok","ok","Y","NEON.DOC.014050","nAKPQvGWPz3w50pS9SF/Wg/TlEjgxRE8",,0,0,0
"EE7532295A0F464FB3B4608946FB0087","D07","ORNL","ORNL_027","E","evergreenForest",35.916306,-84.263059,"WGS84",1.3,245.6,0.3,"2014-08-11","2014-08-25",7,"BET.ORNL_027.2014.07","ORNL_027.E.20140825",14,"ok","ok","ok","Y","NEON.DOC.014050","nAKPQvGWPz3w50pS9SF/Wg/TlEjgxRE8",,0,0,0
"E92DD6F03E8A409C8CE7AC6D5D78852B","D07","ORNL","ORNL_027","N","evergreenForest",35.916491,-84.263274,"WGS84",1.3,245.6,0.3,"2014-08-11","2014-08-25",7,"BET.ORNL_027.2014.07","ORNL_027.N.20140825",14,"ok","ok","ok","Y","NEON.DOC.014050","nAKPQvGWPz3w50pS9SF/Wg/TlEjgxRE8",,0,0,0
"426D6A51372B43A78591A9A7E4304AAB","D07","ORNL","ORNL_027","W","evergreenForest",35.916316,-84.263501,"WGS84",1.3,245.6,0.3,"2014-08-11","2014-08-25",7,"BET.ORNL_027.2014.07","ORNL_027.W.20140825",14,"ok","ok","ok","Y","NEON.DOC.014050","nAKPQvGWPz3w50pS9SF/Wg/TlEjgxRE8",,0,0,0
"38E5F36E1A294FDE9259AB24B6406AC1","D07","ORNL","ORNL_021","W","pastureHay",35.955646,-84.221568,"WGS84",1.1,277.6,0.1,"2014-08-11","2014-08-25",7,"BET.ORNL_021.2014.07","ORNL_021.W.20140825",14,"ok","ok","ok","Y","NEON.DOC.014050","FII5NHkrIeQI4f+soqpivO/xVBSahwuJ",,0,0,0
"8F62F6EA46224796B35B260A54F7312F","D07","ORNL","ORNL_021","N","pastureHay",35.955821,-84.221341,"WGS84",1.1,277.6,0.1,"2014-08-11","2014-08-25",7,"BET.ORNL_021.2014.07","ORNL_021.N.20140825",14,"ok","ok","low","Y","NEON.DOC.014050","FII5NHkrIeQI4f+soqpivO/xVBSahwuJ","cup cracked and empty. switched out catch cup",0,0,0
"907A929948B24AE0BE4C7B55587DDC63","D07","ORNL","ORNL_021","S","pastureHay",35.955461,-84.221353,"WGS84",1.1,277.6,0.1,"2014-08-11","2014-08-25",7,"BET.ORNL_021.2014.07","ORNL_021.S.20140825",14,"ok","ok","ok","Y","NEON.DOC.014050","FII5NHkrIeQI4f+soqpivO/xVBSahwuJ",,0,0,0
"24FD08A20F674624A6885B56A8253328","D07","ORNL","ORNL_021","E","pastureHay",35.955636,-84.221125,"WGS84",1.1,277.6,0.1,"2014-08-11","2014-08-25",7,"BET.ORNL_021.2014.07","ORNL_021.E.20140825",14,"ok","ok","ok","Y","NEON.DOC.014050","FII5NHkrIeQI4f+soqpivO/xVBSahwuJ",,0,0,0
"28346FBC3B4B4C06939C916C96535258","D07","ORNL","ORNL_006","E","deciduousForest",35.938227,-84.323465,"WGS84",1.2,283.6,0.2,"2014-08-11","2014-08-25",7,"BET.ORNL_006.2014.07","ORNL_006.E.20140825",14,"ok","ok","ok","Y","NEON.DOC.014050","nAKPQvGWPz3w50pS9SF/Wg/TlEjgxRE8",,0,0,0
"65FE1FB856AB44119537DF4FCDF08B89","D07","ORNL","ORNL_006","S","deciduousForest",35.938052,-84.323692,"WGS84",1.2,283.6,0.2,"2014-08-11","2014-08-25",7,"BET.ORNL_006.2014.07","ORNL_006.S.20140825",14,"ok","ok","ok","Y","NEON.DOC.014050","nAKPQvGWPz3w50pS9SF/Wg/TlEjgxRE8",,0,0,0
"658198C34AFF43238B611CBDE9BE4C75","D07","ORNL","ORNL_006","W","deciduousForest",35.938237,-84.323908,"WGS84",1.2,283.6,0.2,"2014-08-11","2014-08-25",7,"BET.ORNL_006.2014.07","ORNL_006.W.20140825",14,"ok","ok","ok","Y","NEON.DOC.014050","nAKPQvGWPz3w50pS9SF/Wg/TlEjgxRE8",,0,0,0
"80998B181DFC4FE3A58776E492F73165","D07","ORNL","ORNL_006","N","deciduousForest",35.938412,-84.323680,"WGS84",1.2,283.6,0.2,"2014-08-11","2014-08-25",7,"BET.ORNL_006.2014.07","ORNL_006.N.20140825",14,"ok","ok","ok","Y","NEON.DOC.014050","nAKPQvGWPz3w50pS9SF/Wg/TlEjgxRE8",,0,0,0
"E4ECDB64824E48AB8A9FEC69E5989293","D07","ORNL","ORNL_004","E","deciduousForest",35.907942,-84.274991,"WGS84",1.2,296.1,0.2,"2014-08-11","2014-08-25",7,"BET.ORNL_004.2014.07","ORNL_004.E.20140825",14,"ok","ok","ok","Y","NEON.DOC.014050","nAKPQvGWPz3w50pS9SF/Wg/TlEjgxRE8",,0,0,0
"DB6089836CC14A2E9E267D93D040BB8E","D07","ORNL","ORNL_004","W","deciduousForest",35.907952,-84.275434,"WGS84",1.2,296.1,0.2,"2014-08-11","2014-08-25",7,"BET.ORNL_004.2014.07","ORNL_004.W.20140825",14,"ok","ok","ok","Y","NEON.DOC.014050","nAKPQvGWPz3w50pS9SF/Wg/TlEjgxRE8",,0,0,0
"9A7B4559461548868B094698989ED65B","D07","ORNL","ORNL_004","N","deciduousForest",35.908127,-84.275206,"WGS84",1.2,296.1,0.2,"2014-08-11","2014-08-25",7,"BET.ORNL_004.2014.07","ORNL_004.N.20140825",14,"ok","ok","high","Y","NEON.DOC.014050","nAKPQvGWPz3w50pS9SF/Wg/TlEjgxRE8",,0,0,0
"6E1A0B731FE946878DBF1F0514ADFEF8","D07","ORNL","ORNL_004","S","deciduousForest",35.907767,-84.275219,"WGS84",1.2,296.1,0.2,"2014-08-11","2014-08-25",7,"BET.ORNL_004.2014.07","ORNL_004.S.20140825",14,"ok","ok","ok","Y","NEON.DOC.014050","nAKPQvGWPz3w50pS9SF/Wg/TlEjgxRE8",,0,0,0
"B4FCA1B232B244B6AEEBC6F23249E718","D07","ORNL","ORNL_003","N","deciduousForest",35.966049,-84.230634,"WGS84",1.2,262.0,0.3,"2014-08-11","2014-08-25",7,"BET.ORNL_003.2014.07","ORNL_003.N.20140825",14,"ok","ok","ok","Y","NEON.DOC.014050","FII5NHkrIeQI4f+soqpivO/xVBSahwuJ",,0,0,0
"8D0C4E1669ED4FC784A5017186AED32E","D07","ORNL","ORNL_003","E","deciduousForest",35.965864,-84.230419,"WGS84",1.2,262.0,0.3,"2014-08-11","2014-08-25",7,"BET.ORNL_003.2014.07","ORNL_003.E.20140825",14,"ok","ok","ok","Y","NEON.DOC.014050","FII5NHkrIeQI4f+soqpivO/xVBSahwuJ",,0,0,0
"8BA6273B92B041A49E0B545D44160EE9","D07","ORNL","ORNL_003","W","deciduousForest",35.965874,-84.230862,"WGS84",1.2,262.0,0.3,"2014-08-11","2014-08-25",7,"BET.ORNL_003.2014.07","ORNL_003.W.20140825",14,"ok","ok","ok","Y","NEON.DOC.014050","FII5NHkrIeQI4f+soqpivO/xVBSahwuJ",,0,0,0
"32BF3C157A254C7AB969CA645D7FD47F","D07","ORNL","ORNL_003","S","deciduousForest",35.965689,-84.230647,"WGS84",1.2,262.0,0.3,"2014-08-11","2014-08-25",7,"BET.ORNL_003.2014.07","ORNL_003.S.20140825",14,"ok","ok","ok","Y","NEON.DOC.014050","FII5NHkrIeQI4f+soqpivO/xVBSahwuJ",,0,0,0
"7CA1E10291144300BD5D159AF3C4C874","D07","ORNL","ORNL_002","W","deciduousForest",35.982210,-84.212975,"WGS84",1.2,306.9,0.4,"2014-08-11","2014-08-25",7,"BET.ORNL_002.2014.07","ORNL_002.W.20140825",14,"ok","ok","ok","Y","NEON.DOC.014050","FII5NHkrIeQI4f+soqpivO/xVBSahwuJ",,0,0,0
"1C149218EF704EA99AF03581C4F4D815","D07","ORNL","ORNL_002","N","deciduousForest",35.982385,-84.212747,"WGS84",1.2,306.9,0.4,"2014-08-11","2014-08-25",7,"BET.ORNL_002.2014.07","ORNL_002.N.20140825",14,"ok","ok","ok","Y","NEON.DOC.014050","FII5NHkrIeQI4f+soqpivO/xVBSahwuJ",,0,0,0
"A7D44BC1415B481181AE7C775DCC49B0","D07","ORNL","ORNL_002","E","deciduousForest",35.982200,-84.212532,"WGS84",1.2,306.9,0.4,"2014-08-11","2014-08-25",7,"BET.ORNL_002.2014.07","ORNL_002.E.20140825",14,"ok","ok","high","Y","NEON.DOC.014050","FII5NHkrIeQI4f+soqpivO/xVBSahwuJ","overflowing from rain run-off",0,0,0
"ACB76D9F3E244022BFF3085B85ABC5BE","D07","ORNL","ORNL_002","S","deciduousForest",35.982025,-84.212760,"WGS84",1.2,306.9,0.4,"2014-08-11","2014-08-25",7,"BET.ORNL_002.2014.07","ORNL_002.S.20140825",14,"ok","ok","ok","Y","NEON.DOC.014050","FII5NHkrIeQI4f+soqpivO/xVBSahwuJ",,0,0,0
"BE5E766425D9499BA0D9AB336346015C","D07","ORNL","ORNL_001","N","deciduousForest",35.930430,-84.270103,"WGS84",1.2,244.6,0.3,"2014-08-11","2014-08-25",7,"BET.ORNL_001.2014.07","ORNL_001.N.20140825",14,"ok","ok","ok","Y","NEON.DOC.014050","nAKPQvGWPz3w50pS9SF/Wg/TlEjgxRE8",,0,0,0
"EC9A4D56F9EF49A1BE74637EB0AAE471","D07","ORNL","ORNL_001","W","deciduousForest",35.930255,-84.270331,"WGS84",1.2,244.6,0.3,"2014-08-11","2014-08-25",7,"BET.ORNL_001.2014.07","ORNL_001.W.20140825",14,"ok","ok","ok","Y","NEON.DOC.014050","nAKPQvGWPz3w50pS9SF/Wg/TlEjgxRE8",,0,0,0
"ECDE987D3C184840ADFA392DC0748CF1","D07","ORNL","ORNL_001","S","deciduousForest",35.930069,-84.270116,"WGS84",1.2,244.6,0.3,"2014-08-11","2014-08-25",7,"BET.ORNL_001.2014.07","ORNL_001.S.20140825",14,"ok","ok","ok","Y","NEON.DOC.014050","nAKPQvGWPz3w50pS9SF/Wg/TlEjgxRE8",,0,0,0
"F146805D7ECC43A59315B821C00CDBA3","D07","ORNL","ORNL_001","W","deciduousForest",35.930255,-84.270331,"WGS84",1.2,244.6,0.3,"2014-08-25","2014-09-08",8,"BET.ORNL_001.2014.08","ORNL_001.W.20140908",14,"ok","ok","ok","N","NEON.DOC.014050","WmAojBj4q9lPhur9nwi+LcYtlz/DsGor",,0,0,0
"0972A5300FD540EA958779333EB51DC6","D07","ORNL","ORNL_001","E","deciduousForest",35.930245,-84.269888,"WGS84",1.2,244.6,0.3,"2014-08-25","2014-09-08",8,"BET.ORNL_001.2014.08","ORNL_001.E.20140908",14,"ok","ok","ok","N","NEON.DOC.014050","WmAojBj4q9lPhur9nwi+LcYtlz/DsGor",,0,0,0
"30FD95FE43D34FFAAEB70F3ADE6417A7","D07","ORNL","ORNL_001","S","deciduousForest",35.930069,-84.270116,"WGS84",1.2,244.6,0.3,"2014-08-25","2014-09-08",8,"BET.ORNL_001.2014.08","ORNL_001.S.20140908",14,"ok","ok","ok","N","NEON.DOC.014050","WmAojBj4q9lPhur9nwi+LcYtlz/DsGor",,0,0,0
"10C1CB844F554FA4A9DF4D681C1256BE","D07","ORNL","ORNL_001","N","deciduousForest",35.930430,-84.270103,"WGS84",1.2,244.6,0.3,"2014-08-25","2014-09-08",8,"BET.ORNL_001.2014.08","ORNL_001.N.20140908",14,"ok","ok","ok","N","NEON.DOC.014050","WmAojBj4q9lPhur9nwi+LcYtlz/DsGor",,0,0,0
"F611CF1937334672BC51E94CC71D0039","D07","ORNL","ORNL_002","E","deciduousForest",35.982200,-84.212532,"WGS84",1.2,306.9,0.4,"2014-08-25","2014-09-08",8,"BET.ORNL_002.2014.08","ORNL_002.E.20140908",14,"ok","ok","ok","N","NEON.DOC.014050","WmAojBj4q9lPhur9nwi+LcYtlz/DsGor",,0,0,0
"20816CCD0E3E43F5B04FF5E6BE04979E","D07","ORNL","ORNL_002","S","deciduousForest",35.982025,-84.212760,"WGS84",1.2,306.9,0.4,"2014-08-25","2014-09-08",8,"BET.ORNL_002.2014.08","ORNL_002.S.20140908",14,"ok","ok","high","N","NEON.DOC.014050","WmAojBj4q9lPhur9nwi+LcYtlz/DsGor",,0,0,0
"7A7BB90F65D3402DABB4005D7E181A38","D07","ORNL","ORNL_002","N","deciduousForest",35.982385,-84.212747,"WGS84",1.2,306.9,0.4,"2014-08-25","2014-09-08",8,"BET.ORNL_002.2014.08",,14,"disturbed","disturbed","low","N","NEON.DOC.014050","WmAojBj4q9lPhur9nwi+LcYtlz/DsGor","lid and cup ripped out of ground",0,0,0
"05586E4DB46A4CE8885BC1D45A23F8C8","D07","ORNL","ORNL_002","W","deciduousForest",35.982210,-84.212975,"WGS84",1.2,306.9,0.4,"2014-08-25","2014-09-08",8,"BET.ORNL_002.2014.08","ORNL_002.W.20140908",14,"ok","ok","ok","N","NEON.DOC.014050","WmAojBj4q9lPhur9nwi+LcYtlz/DsGor",,0,0,0
"2BAE6E1555434455A575D479BC830958","D07","ORNL","ORNL_003","S","deciduousForest",35.965689,-84.230647,"WGS84",1.2,262.0,0.3,"2014-08-25","2014-09-08",8,"BET.ORNL_003.2014.08","ORNL_003.S.20140908",14,"ok","ok","ok","N","NEON.DOC.014050","WmAojBj4q9lPhur9nwi+LcYtlz/DsGor",,0,0,0
"6E6B1C44861A4A1F8E573352812ACC70","D07","ORNL","ORNL_003","E","deciduousForest",35.965864,-84.230419,"WGS84",1.2,262.0,0.3,"2014-08-25","2014-09-08",8,"BET.ORNL_003.2014.08","ORNL_003.E.20140908",14,"ok","ok","ok","N","NEON.DOC.014050","WmAojBj4q9lPhur9nwi+LcYtlz/DsGor",,0,0,0
"D57149410B684E2E94AA78FD33B4DE6C","D07","ORNL","ORNL_003","N","deciduousForest",35.966049,-84.230634,"WGS84",1.2,262.0,0.3,"2014-08-25","2014-09-08",8,"BET.ORNL_003.2014.08","ORNL_003.N.20140908",14,"ok","ok","ok","Y","NEON.DOC.014050","WmAojBj4q9lPhur9nwi+LcYtlz/DsGor",,0,0,0
"5E0300360DB8447FA8FA526D139F4B2E","D07","ORNL","ORNL_003","W","deciduousForest",35.965874,-84.230862,"WGS84",1.2,262.0,0.3,"2014-08-25","2014-09-08",8,"BET.ORNL_003.2014.08","ORNL_003.W.20140908",14,"ok","ok","ok","N","NEON.DOC.014050","WmAojBj4q9lPhur9nwi+LcYtlz/DsGor",,0,0,0
"72289F5760EE468D904744745E5A60E0","D07","ORNL","ORNL_004","W","deciduousForest",35.907952,-84.275434,"WGS84",1.2,296.1,0.2,"2014-08-25","2014-09-08",8,"BET.ORNL_004.2014.08","ORNL_004.W.20140908",14,"ok","ok","ok","N","NEON.DOC.014050","WmAojBj4q9lPhur9nwi+LcYtlz/DsGor",,0,0,0
"5C532E230E3F469AB7FBD477788B8111","D07","ORNL","ORNL_004","N","deciduousForest",35.908127,-84.275206,"WGS84",1.2,296.1,0.2,"2014-08-25","2014-09-08",8,"BET.ORNL_004.2014.08","ORNL_004.N.20140908",14,"ok","ok","ok","N","NEON.DOC.014050","WmAojBj4q9lPhur9nwi+LcYtlz/DsGor",,0,0,0
"FF2ACE5513F24925951566A2D6D6F8AF","D07","ORNL","ORNL_004","E","deciduousForest",35.907942,-84.274991,"WGS84",1.2,296.1,0.2,"2014-08-25","2014-09-08",8,"BET.ORNL_004.2014.08","ORNL_004.E.20140908",14,"ok","ok","ok","N","NEON.DOC.014050","WmAojBj4q9lPhur9nwi+LcYtlz/DsGor",,0,0,0
"2BC51D9BB7E84779AC7D15B45250E6D0","D07","ORNL","ORNL_004","S","deciduousForest",35.907767,-84.275219,"WGS84",1.2,296.1,0.2,"2014-08-25","2014-09-08",8,"BET.ORNL_004.2014.08","ORNL_004.S.20140908",14,"ok","ok","ok","N","NEON.DOC.014050","WmAojBj4q9lPhur9nwi+LcYtlz/DsGor",,0,0,0
"E58D16ECD40B4B2EA0FCCB47B053C3D1","D07","ORNL","ORNL_006","N","deciduousForest",35.938412,-84.323680,"WGS84",1.2,283.6,0.2,"2014-08-25","2014-09-08",8,"BET.ORNL_006.2014.08","ORNL_006.N.20140908",14,"ok","ok","ok","N","NEON.DOC.014050","WmAojBj4q9lPhur9nwi+LcYtlz/DsGor",,0,0,0
"6215064AD05D4AF7A4E8F0506104A995","D07","ORNL","ORNL_006","E","deciduousForest",35.938227,-84.323465,"WGS84",1.2,283.6,0.2,"2014-08-25","2014-09-08",8,"BET.ORNL_006.2014.08","ORNL_006.E.20140908",14,"ok","ok","ok","N","NEON.DOC.014050","WmAojBj4q9lPhur9nwi+LcYtlz/DsGor",,0,0,0
"10EF1E68E82E47028E14CEBE21AB7D69","D07","ORNL","ORNL_006","S","deciduousForest",35.938052,-84.323692,"WGS84",1.2,283.6,0.2,"2014-08-25","2014-09-08",8,"BET.ORNL_006.2014.08","ORNL_006.S.20140908",14,"ok","ok","ok","N","NEON.DOC.014050","WmAojBj4q9lPhur9nwi+LcYtlz/DsGor",,0,0,0
"748CFE4229E64AB78F9C829FCE29B3C4","D07","ORNL","ORNL_006","W","deciduousForest",35.938237,-84.323908,"WGS84",1.2,283.6,0.2,"2014-08-25","2014-09-08",8,"BET.ORNL_006.2014.08","ORNL_006.W.20140908",14,"ok","ok","ok","N","NEON.DOC.014050","WmAojBj4q9lPhur9nwi+LcYtlz/DsGor",,0,0,0
"0D1E37574E6341839986FABA17C4EC91","D07","ORNL","ORNL_021","N","pastureHay",35.955821,-84.221341,"WGS84",1.1,277.6,0.1,"2014-08-25","2014-09-08",8,"BET.ORNL_021.2014.08","ORNL_021.N.20140908",14,"ok","ok","ok","N","NEON.DOC.014050","WmAojBj4q9lPhur9nwi+LcYtlz/DsGor",,0,0,0
"516A5C14E40848A4BC7B5CAA0E044E22","D07","ORNL","ORNL_021","S","pastureHay",35.955461,-84.221353,"WGS84",1.1,277.6,0.1,"2014-08-25","2014-09-08",8,"BET.ORNL_021.2014.08","ORNL_021.S.20140908",14,"ok","ok","ok","N","NEON.DOC.014050","WmAojBj4q9lPhur9nwi+LcYtlz/DsGor",,0,0,0
"476DD39FBC0F484A829A4DB0BAFB4790","D07","ORNL","ORNL_021","W","pastureHay",35.955646,-84.221568,"WGS84",1.1,277.6,0.1,"2014-08-25","2014-09-08",8,"BET.ORNL_021.2014.08","ORNL_021.W.20140908",14,"ok","ok","ok","N","NEON.DOC.014050","WmAojBj4q9lPhur9nwi+LcYtlz/DsGor",,0,0,0
"6E59D752D7A14FB691406158916E4319","D07","ORNL","ORNL_021","E","pastureHay",35.955636,-84.221125,"WGS84",1.1,277.6,0.1,"2014-08-25","2014-09-08",8,"BET.ORNL_021.2014.08","ORNL_021.E.20140908",14,"ok","ok","ok","N","NEON.DOC.014050","WmAojBj4q9lPhur9nwi+LcYtlz/DsGor",,0,0,0
"972691FEA4084E58BC06B3628CD2AF70","D07","ORNL","ORNL_027","S","evergreenForest",35.916131,-84.263286,"WGS84",1.3,245.6,0.3,"2014-08-25","2014-09-08",8,"BET.ORNL_027.2014.08","ORNL_027.S.20140908",14,"ok","ok","ok","N","NEON.DOC.014050","WmAojBj4q9lPhur9nwi+LcYtlz/DsGor",,0,0,0
"7BB6D56251D24618A065F5901814F601","D07","ORNL","ORNL_027","E","evergreenForest",35.916306,-84.263059,"WGS84",1.3,245.6,0.3,"2014-08-25","2014-09-08",8,"BET.ORNL_027.2014.08","ORNL_027.E.20140908",14,"ok","ok","ok","N","NEON.DOC.014050","WmAojBj4q9lPhur9nwi+LcYtlz/DsGor",,0,0,0
"6482B786C70A4FDF95EC1CC4049FEB21","D07","ORNL","ORNL_027","W","evergreenForest",35.916316,-84.263501,"WGS84",1.3,245.6,0.3,"2014-08-25","2014-09-08",8,"BET.ORNL_027.2014.08","ORNL_027.W.20140908",14,"ok","ok","ok","N","NEON.DOC.014050","WmAojBj4q9lPhur9nwi+LcYtlz/DsGor",,0,0,0
"A6908BEF0E0D4D9A804837A6F48D0CC8","D07","ORNL","ORNL_027","N","evergreenForest",35.916491,-84.263274,"WGS84",1.3,245.6,0.3,"2014-08-25","2014-09-08",8,"BET.ORNL_027.2014.08","ORNL_027.N.20140908",14,"ok","ok","ok","N","NEON.DOC.014050","WmAojBj4q9lPhur9nwi+LcYtlz/DsGor",,0,0,0
"F87006749B4B464A8B2D0A9624049FD0","D07","ORNL","ORNL_029","N","evergreenForest",35.957827,-84.261832,"WGS84",1.1,272.5,0.2,"2014-08-25","2014-09-08",8,"BET.ORNL_029.2014.08","ORNL_029.N.20140908",14,"ok","ok","ok","N","NEON.DOC.014050","WmAojBj4q9lPhur9nwi+LcYtlz/DsGor",,0,0,0
"42CC207F44B64CBF99EA47E5A69CB06F","D07","ORNL","ORNL_029","E","evergreenForest",35.957641,-84.261617,"WGS84",1.1,272.5,0.2,"2014-08-25","2014-09-08",8,"BET.ORNL_029.2014.08","ORNL_029.E.20140908",14,"ok","ok","ok","N","NEON.DOC.014050","WmAojBj4q9lPhur9nwi+LcYtlz/DsGor",,0,0,0
"2908882E7E104627AA5473858E117202","D07","ORNL","ORNL_029","S","evergreenForest",35.957466,-84.261844,"WGS84",1.1,272.5,0.2,"2014-08-25","2014-09-08",8,"BET.ORNL_029.2014.08","ORNL_029.S.20140908",14,"ok","ok","ok","N","NEON.DOC.014050","WmAojBj4q9lPhur9nwi+LcYtlz/DsGor",,0,0,0
"0EF69056B2BD4F0998AD10B3614B4CA1","D07","ORNL","ORNL_029","W","evergreenForest",35.957652,-84.262060,"WGS84",1.1,272.5,0.2,"2014-08-25","2014-09-08",8,"BET.ORNL_029.2014.08","ORNL_029.W.20140908",14,"ok","ok","ok","N","NEON.DOC.014050","WmAojBj4q9lPhur9nwi+LcYtlz/DsGor",,0,0,0
"2DFAE87F0EDF4A83A1D223368933B739","D07","ORNL","ORNL_032","W","evergreenForest",35.944521,-84.326714,"WGS84",1.2,263.1,0.2,"2014-08-25","2014-09-08",8,"BET.ORNL_032.2014.08","ORNL_032.W.20140908",14,"ok","ok","ok","N","NEON.DOC.014050","WmAojBj4q9lPhur9nwi+LcYtlz/DsGor",,0,0,0
"B7EFE31468C24EFE8D84A3B5D264B6F9","D07","ORNL","ORNL_032","E","evergreenForest",35.944512,-84.326271,"WGS84",1.2,263.1,0.2,"2014-08-25","2014-09-08",8,"BET.ORNL_032.2014.08","ORNL_032.E.20140908",14,"ok","ok","ok","N","NEON.DOC.014050","WmAojBj4q9lPhur9nwi+LcYtlz/DsGor",,0,0,0
"92B16E0253FF470CAAB1B984CDB85316","D07","ORNL","ORNL_032","N","evergreenForest",35.944697,-84.326486,"WGS84",1.2,263.1,0.2,"2014-08-25","2014-09-08",8,"BET.ORNL_032.2014.08","ORNL_032.N.20140908",14,"ok","ok","ok","N","NEON.DOC.014050","WmAojBj4q9lPhur9nwi+LcYtlz/DsGor",,0,0,0
"849422E22085440F9D009A6EE2351009","D07","ORNL","ORNL_032","S","evergreenForest",35.944336,-84.326498,"WGS84",1.2,263.1,0.2,"2014-08-25","2014-09-08",8,"BET.ORNL_032.2014.08","ORNL_032.S.20140908",14,"ok","ok","ok","N","NEON.DOC.014050","WmAojBj4q9lPhur9nwi+LcYtlz/DsGor",,0,0,0
"C71906A5461442E880D09B02DA021AA3","D07","ORNL","ORNL_031","E","pastureHay",35.948602,-84.221691,"WGS84",1.1,266.7,0.1,"2014-08-25","2014-09-08",8,"BET.ORNL_031.2014.08","ORNL_031.E.20140908",14,"ok","ok","ok","N","NEON.DOC.014050","WmAojBj4q9lPhur9nwi+LcYtlz/DsGor",,0,0,0
"08119767D7A4472ABFE8264404026F72","D07","ORNL","ORNL_031","S","pastureHay",35.948427,-84.221919,"WGS84",1.1,266.7,0.1,"2014-08-25","2014-09-08",8,"BET.ORNL_031.2014.08","ORNL_031.S.20140908",14,"ok","ok","ok","N","NEON.DOC.014050","WmAojBj4q9lPhur9nwi+LcYtlz/DsGor",,0,0,0
"7ECEB3B23C6C4A059CE598C266BF82D9","D07","ORNL","ORNL_031","N","pastureHay",35.948787,-84.221906,"WGS84",1.1,266.7,0.1,"2014-08-25","2014-09-08",8,"BET.ORNL_031.2014.08","ORNL_031.N.20140908",14,"ok","ok","ok","N","NEON.DOC.014050","WmAojBj4q9lPhur9nwi+LcYtlz/DsGor",,0,0,0
"1C56397CC6004233BF5012AF0EF5F483","D07","ORNL","ORNL_031","W","pastureHay",35.948612,-84.222134,"WGS84",1.1,266.7,0.1,"2014-08-25","2014-09-08",8,"BET.ORNL_031.2014.08","ORNL_031.W.20140908",14,"ok","ok","ok","N","NEON.DOC.014050","WmAojBj4q9lPhur9nwi+LcYtlz/DsGor",,0,0,0
