"uid","domainID","siteID","plotID","trapID","nlcdClass","decimalLatitude","decimalLongitude","geodeticDatum","coordinateUncertainty","elevation","elevationUncertainty","setDate","collectDate","boutNumber","eventID","sampleID","daysOfTrapping","cupStatus","lidStatus","fluidLevel","trapReset","samplingProtocol","recordedBy","remarks","missingRecordsPerBoutQF","duplicateCollectionEventQF","compareSetCollectDateQF"
"DC0E4D07426F4AF4BAE76C9A87234488","D01","BART","BART_002","S","deciduousForest",44.034901,-71.272843,"WGS84",1.2,550.8,0.4,"2014-06-26","2014-07-10",2,"BET.BART_002.2014.02","BART_002.S.20140710",14,"ok","ok","ok","Y","NEON.DOC.014050","IPTKIJlOlynEsXdNtjpcReVD3gBTCRSH",,0,0,0
"8072B15920F44A36AC3CD33B34B2A56B","D01","BART","BART_031","W","evergreenForest",44.055528,-71.305344,"WGS84",1.3,414.0,0.4,"2014-06-26","2014-07-10",2,"BET.BART_031.2014.02","BART_031.W.20140710",14,"ok","ok","ok","Y","NEON.DOC.014050","IPTKIJlOlynEsXdNtjpcReVD3gBTCRSH",,0,0,0
"4B8FA16F979A4CF1A21CDC168A227876","D01","BART","BART_031","S","evergreenForest",44.055353,-71.305088,"WGS84",1.3,414.0,0.4,"2014-06-26","2014-07-10",2,"BET.BART_031.2014.02","BART_031.S.20140710",14,"ok","ok","ok","Y","NEON.DOC.014050","IPTKIJlOlynEsXdNtjpcReVD3gBTCRSH",,0,0,0
"9B545844EC2E4F8E8A823C38797DFBE0","D01","BART","BART_031","E","evergreenForest",44.055538,-71.304845,"WGS84",1.3,414.0,0.4,"2014-06-26","2014-07-10",2,"BET.BART_031.2014.02","BART_031.E.20140710",14,"ok","ok","ok","Y","NEON.DOC.014050","IPTKIJlOlynEsXdNtjpcReVD3gBTCRSH",,0,0,0
"ADE78E5E74994A0A94A197FBC0379102","D01","BART","BART_031","N","evergreenForest",44.055713,-71.305102,"WGS84",1.3,414.0,0.4,"2014-06-26","2014-07-10",2,"BET.BART_031.2014.02","BART_031.N.20140710",14,"ok","ok","ok","Y","NEON.DOC.014050","IPTKIJlOlynEsXdNtjpcReVD3gBTCRSH",,0,0,0
"01279271EB42490F96D9C4B6BD4258E0","D01","BART","BART_068","W","mixedForest",44.052424,-71.309722,"WGS84",1.3,553.4,0.3,"2014-06-26","2014-07-10",2,"BET.BART_068.2014.02","BART_068.W.20140710",14,"ok","ok","ok","Y","NEON.DOC.014050","5nSNnSHYvIu2L30FLkRVEImU5PGdjam1",,0,0,0
"BD26815166114777962171D45996CDD3","D01","BART","BART_068","E","mixedForest",44.052434,-71.309223,"WGS84",1.3,553.4,0.3,"2014-06-26","2014-07-10",2,"BET.BART_068.2014.02","BART_068.E.20140710",14,"ok","ok","ok","Y","NEON.DOC.014050","5nSNnSHYvIu2L30FLkRVEImU5PGdjam1",,0,0,0
"5721C5D60FE54E5E937A719272667368","D01","BART","BART_068","N","mixedForest",44.052609,-71.309479,"WGS84",1.3,553.4,0.3,"2014-06-26","2014-07-10",2,"BET.BART_068.2014.02","BART_068.N.20140710",14,"ok","ok","ok","Y","NEON.DOC.014050","5nSNnSHYvIu2L30FLkRVEImU5PGdjam1",,0,0,0
"BE5981BBD275474BB16003B99DD2EF32","D01","BART","BART_068","S","mixedForest",44.052249,-71.309465,"WGS84",1.3,553.4,0.3,"2014-06-26","2014-07-10",2,"BET.BART_068.2014.02","BART_068.S.20140710",14,"ok","ok","ok","Y","NEON.DOC.014050","5nSNnSHYvIu2L30FLkRVEImU5PGdjam1",,0,0,0
"5FDD9674AEEC429C85D0354AE5B60569","D01","BART","BART_028","N","evergreenForest",44.054255,-71.306539,"WGS84",1.2,485.7,0.2,"2014-06-26","2014-07-10",2,"BET.BART_028.2014.02","BART_028.N.20140710",14,"ok","ok","ok","Y","NEON.DOC.014050","IPTKIJlOlynEsXdNtjpcReVD3gBTCRSH",,0,0,0
"2CFE939B4C34435E913FCFCDC0B70906","D01","BART","BART_028","S","evergreenForest",44.053895,-71.306525,"WGS84",1.2,485.7,0.2,"2014-06-26","2014-07-10",2,"BET.BART_028.2014.02","BART_028.S.20140710",14,"ok","ok","ok","Y","NEON.DOC.014050","IPTKIJlOlynEsXdNtjpcReVD3gBTCRSH",,0,0,0
"84C425ADDCBA436CB5D3EA6E731500BC","D01","BART","BART_028","E","evergreenForest",44.054080,-71.306282,"WGS84",1.2,485.7,0.2,"2014-06-26","2014-07-10",2,"BET.BART_028.2014.02","BART_028.E.20140710",14,"ok","ok","ok","Y","NEON.DOC.014050","IPTKIJlOlynEsXdNtjpcReVD3gBTCRSH",,0,0,0
"69CC2B852C2443C28990D37C3F3BE80A","D01","BART","BART_028","W","evergreenForest",44.054070,-71.306781,"WGS84",1.2,485.7,0.2,"2014-06-26","2014-07-10",2,"BET.BART_028.2014.02","BART_028.W.20140710",14,"ok","ok","ok","Y","NEON.DOC.014050","IPTKIJlOlynEsXdNtjpcReVD3gBTCRSH",,0,0,0
"222CED11697943169C91A288923FFACD","D01","BART","BART_025","N","evergreenForest",44.059566,-71.313149,"WGS84",1.2,542.8,0.3,"2014-06-26","2014-07-10",2,"BET.BART_025.2014.02","BART_025.N.20140710",14,"ok","ok","ok","Y","NEON.DOC.014050","5nSNnSHYvIu2L30FLkRVEImU5PGdjam1",,0,0,0
"D23FFE021D224BDF99A87B79BB6348FD","D01","BART","BART_025","S","evergreenForest",44.059206,-71.313135,"WGS84",1.2,542.8,0.3,"2014-06-26","2014-07-10",2,"BET.BART_025.2014.02","BART_025.S.20140710",14,"ok","ok","ok","Y","NEON.DOC.014050","5nSNnSHYvIu2L30FLkRVEImU5PGdjam1",,0,0,0
"8799E3C5D53A4128904456FB143D2B65","D01","BART","BART_025","E","evergreenForest",44.059391,-71.312893,"WGS84",1.2,542.8,0.3,"2014-06-26","2014-07-10",2,"BET.BART_025.2014.02","BART_025.E.20140710",14,"ok","ok","ok","Y","NEON.DOC.014050","5nSNnSHYvIu2L30FLkRVEImU5PGdjam1",,0,0,0
"D5CBFAABF0124551B60216625D481477","D01","BART","BART_025","W","evergreenForest",44.059381,-71.313392,"WGS84",1.2,542.8,0.3,"2014-06-26","2014-07-10",2,"BET.BART_025.2014.02","BART_025.W.20140710",14,"ok","ok","ok","Y","NEON.DOC.014050","5nSNnSHYvIu2L30FLkRVEImU5PGdjam1",,0,0,0
"3E25F93855744FCF83D91854BE2E9334","D01","BART","BART_002","E","deciduousForest",44.035086,-71.272601,"WGS84",1.2,550.8,0.4,"2014-06-26","2014-07-10",2,"BET.BART_002.2014.02","BART_002.E.20140710",14,"ok","ok","ok","Y","NEON.DOC.014050","IPTKIJlOlynEsXdNtjpcReVD3gBTCRSH",,0,0,0
"C24B0A981A2243758061EA943F1CDA5A","D01","BART","BART_002","N","deciduousForest",44.035261,-71.272857,"WGS84",1.2,550.8,0.4,"2014-06-26","2014-07-10",2,"BET.BART_002.2014.02","BART_002.N.20140710",14,"ok","ok","ok","Y","NEON.DOC.014050","IPTKIJlOlynEsXdNtjpcReVD3gBTCRSH",,0,0,0
"20C92833AA4C45E8B04B68EE27F9F64E","D01","BART","BART_002","W","deciduousForest",44.035076,-71.273100,"WGS84",1.2,550.8,0.4,"2014-06-26","2014-07-10",2,"BET.BART_002.2014.02","BART_002.W.20140710",14,"ok","ok","ok","Y","NEON.DOC.014050","IPTKIJlOlynEsXdNtjpcReVD3gBTCRSH",,0,0,0
"828F0A12D8B74AB2BD5BE7F3CFBA57EC","D01","BART","BART_002","W","deciduousForest",44.035076,-71.273100,"WGS84",1.2,550.8,0.4,"2014-07-10","2014-07-24",3,"BET.BART_002.2014.03","BART_002.W.20140724",14,"ok","ok",,"Y","NEON.DOC.014050","FXeeUI9aIn8X0VAR1BEIFKA+Tv3GsCYT",,0,0,0
"D348980A49E64940981C2EE211EDEDD0","D01","BART","BART_031","W","evergreenForest",44.055528,-71.305344,"WGS84",1.3,414.0,0.4,"2014-07-10","2014-07-24",3,"BET.BART_031.2014.03","BART_031.W.20140724",14,"ok","ok","ok","Y","NEON.DOC.014050","Sikrq0vhwvQkgp88jX4iHJSBncPL0qND",,0,0,0
"8AB24389308A4C5AA3CFA000B61E7A9A","D01","BART","BART_031","S","evergreenForest",44.055353,-71.305088,"WGS84",1.3,414.0,0.4,"2014-07-10","2014-07-24",3,"BET.BART_031.2014.03","BART_031.S.20140724",14,"ok","ok","ok","Y","NEON.DOC.014050","Sikrq0vhwvQkgp88jX4iHJSBncPL0qND",,0,0,0
"9443168046D642BEBF03880CBA3E309C","D01","BART","BART_031","N","evergreenForest",44.055713,-71.305102,"WGS84",1.3,414.0,0.4,"2014-07-10","2014-07-24",3,"BET.BART_031.2014.03","BART_031.N.20140724",14,"ok","disturbed","ok","Y","NEON.DOC.014050","Sikrq0vhwvQkgp88jX4iHJSBncPL0qND",,0,0,0
"AAEA9BAC0E3F49979C9FAC065904BBA6","D01","BART","BART_031","E","evergreenForest",44.055538,-71.304845,"WGS84",1.3,414.0,0.4,"2014-07-10","2014-07-24",3,"BET.BART_031.2014.03","BART_031.E.20140724",14,"ok","ok","ok","Y","NEON.DOC.014050","Sikrq0vhwvQkgp88jX4iHJSBncPL0qND",,0,0,0
"C685B28D19204D9BADEC26BE950316B9","D01","BART","BART_068","S","mixedForest",44.052249,-71.309465,"WGS84",1.3,553.4,0.3,"2014-07-10","2014-07-24",3,"BET.BART_068.2014.03","BART_068.S.20140724",14,"ok","ok","ok","Y","NEON.DOC.014050","FXeeUI9aIn8X0VAR1BEIFKA+Tv3GsCYT",,0,0,0
"34FDDCC6F7C14FA19D2A59E853BFC285","D01","BART","BART_068","N","mixedForest",44.052609,-71.309479,"WGS84",1.3,553.4,0.3,"2014-07-10","2014-07-24",3,"BET.BART_068.2014.03","BART_068.N.20140724",14,"ok","ok","ok","Y","NEON.DOC.014050","FXeeUI9aIn8X0VAR1BEIFKA+Tv3GsCYT",,0,0,0
"98441619FC7C4DADB9588E8C2E93A1F0","D01","BART","BART_068","W","mixedForest",44.052424,-71.309722,"WGS84",1.3,553.4,0.3,"2014-07-10","2014-07-24",3,"BET.BART_068.2014.03","BART_068.W.20140724",14,"ok","ok","ok","Y","NEON.DOC.014050","FXeeUI9aIn8X0VAR1BEIFKA+Tv3GsCYT",,0,0,0
"5383718ABE674D5AB6716E1A5F66539A","D01","BART","BART_068","E","mixedForest",44.052434,-71.309223,"WGS84",1.3,553.4,0.3,"2014-07-10","2014-07-24",3,"BET.BART_068.2014.03","BART_068.E.20140724",14,"ok","ok","ok","Y","NEON.DOC.014050","FXeeUI9aIn8X0VAR1BEIFKA+Tv3GsCYT",,0,0,0
"F4B6E368B60746559ADC822BFFE38359","D01","BART","BART_066","N","mixedForest",44.056944,-71.310409,"WGS84",1.2,502.6,0.2,"2014-07-10","2014-07-24",3,"BET.BART_066.2014.03","BART_066.N.20140724",14,"ok","ok","ok","Y","NEON.DOC.014050","bWvVSKjgptV89BwHA3h10JNaeV+PHmDU",,0,0,0
"DA8B8D2514C042AAB25EA4356EFB5BE2","D01","BART","BART_066","W","mixedForest",44.056759,-71.310651,"WGS84",1.2,502.6,0.2,"2014-07-10","2014-07-24",3,"BET.BART_066.2014.03","BART_066.W.20140724",14,"ok","ok","ok","Y","NEON.DOC.014050","bWvVSKjgptV89BwHA3h10JNaeV+PHmDU",,0,0,0
"3BD8822F46DE47C0BBCF97CD8D1399D3","D01","BART","BART_066","E","mixedForest",44.056769,-71.310152,"WGS84",1.2,502.6,0.2,"2014-07-10","2014-07-24",3,"BET.BART_066.2014.03","BART_066.E.20140724",14,"ok","ok","low","Y","NEON.DOC.014050","bWvVSKjgptV89BwHA3h10JNaeV+PHmDU",,0,0,0
"56F2878DB3674A2CA43C71311784D1CD","D01","BART","BART_066","S","mixedForest",44.056584,-71.310395,"WGS84",1.2,502.6,0.2,"2014-07-10","2014-07-24",3,"BET.BART_066.2014.03","BART_066.S.20140724",14,"ok","ok","ok","Y","NEON.DOC.014050","bWvVSKjgptV89BwHA3h10JNaeV+PHmDU",,0,0,0
"613BF90CF3FC4AD1A5A9784AC235345E","D01","BART","BART_028","N","evergreenForest",44.054255,-71.306539,"WGS84",1.2,485.7,0.2,"2014-07-10","2014-07-24",3,"BET.BART_028.2014.03","BART_028.N.20140724",14,"ok","ok","ok","Y","NEON.DOC.014050","FXeeUI9aIn8X0VAR1BEIFKA+Tv3GsCYT",,0,0,0
"1E340413A4894D60BF3F59E17A8D408C","D01","BART","BART_028","S","evergreenForest",44.053895,-71.306525,"WGS84",1.2,485.7,0.2,"2014-07-10","2014-07-24",3,"BET.BART_028.2014.03","BART_028.S.20140724",14,"ok","ok","ok","Y","NEON.DOC.014050","FXeeUI9aIn8X0VAR1BEIFKA+Tv3GsCYT",,0,0,0
"2562FE943CFC401E98111D1A8A1FF2CE","D01","BART","BART_028","W","evergreenForest",44.054070,-71.306781,"WGS84",1.2,485.7,0.2,"2014-07-10","2014-07-24",3,"BET.BART_028.2014.03","BART_028.W.20140724",14,"ok","ok","ok","Y","NEON.DOC.014050","FXeeUI9aIn8X0VAR1BEIFKA+Tv3GsCYT",,0,0,0
"639D57206D0A4048ABC88A5ABF0ADBC0","D01","BART","BART_028","E","evergreenForest",44.054080,-71.306282,"WGS84",1.2,485.7,0.2,"2014-07-10","2014-07-24",3,"BET.BART_028.2014.03","BART_028.E.20140724",14,"ok","ok","ok","Y","NEON.DOC.014050","FXeeUI9aIn8X0VAR1BEIFKA+Tv3GsCYT",,0,0,0
"543355E8B7464B84945493DEF4A4C184","D01","BART","BART_025","W","evergreenForest",44.059381,-71.313392,"WGS84",1.2,542.8,0.3,"2014-07-10","2014-07-24",3,"BET.BART_025.2014.03","BART_025.W.20140724",14,"ok","ok","ok","Y","NEON.DOC.014050","bWvVSKjgptV89BwHA3h10JNaeV+PHmDU",,0,0,0
"2394619178F54CEEAD7C6C5513940C3E","D01","BART","BART_025","S","evergreenForest",44.059206,-71.313135,"WGS84",1.2,542.8,0.3,"2014-07-10","2014-07-24",3,"BET.BART_025.2014.03","BART_025.S.20140724",14,"ok","ok","ok","Y","NEON.DOC.014050","bWvVSKjgptV89BwHA3h10JNaeV+PHmDU",,0,0,0
"7464AA1447184B80B1493E13B2B9CD50","D01","BART","BART_025","E","evergreenForest",44.059391,-71.312893,"WGS84",1.2,542.8,0.3,"2014-07-10","2014-07-24",3,"BET.BART_025.2014.03","BART_025.E.20140724",14,"ok","ok","ok","Y","NEON.DOC.014050","bWvVSKjgptV89BwHA3h10JNaeV+PHmDU",,0,0,0
"C9B087F0D9524855986142AB1630AB42","D01","BART","BART_025","N","evergreenForest",44.059566,-71.313149,"WGS84",1.2,542.8,0.3,"2014-07-10","2014-07-24",3,"BET.BART_025.2014.03","BART_025.N.20140724",14,"ok","ok","ok","Y","NEON.DOC.014050","bWvVSKjgptV89BwHA3h10JNaeV+PHmDU",,0,0,0
"E600F242DED2408B9B1C3CDD31592309","D01","BART","BART_018","W","mixedForest",44.058469,-71.278107,"WGS84",1.2,315.5,0.4,"2014-07-10","2014-07-24",3,"BET.BART_018.2014.03","BART_018.W.20140724",14,"ok","ok","ok","Y","NEON.DOC.014050","bWvVSKjgptV89BwHA3h10JNaeV+PHmDU",,0,0,0
"EE26690275324EF98B8B67C744E81E1D","D01","BART","BART_018","N","mixedForest",44.058654,-71.277864,"WGS84",1.2,315.5,0.4,"2014-07-10","2014-07-24",3,"BET.BART_018.2014.03","BART_018.N.20140724",14,"ok","ok","ok","Y","NEON.DOC.014050","bWvVSKjgptV89BwHA3h10JNaeV+PHmDU",,0,0,0
"FF7D69BB89DE417E9BF946706B44B655","D01","BART","BART_018","S","mixedForest",44.058294,-71.277850,"WGS84",1.2,315.5,0.4,"2014-07-10","2014-07-24",3,"BET.BART_018.2014.03","BART_018.S.20140724",14,"ok","ok","ok","Y","NEON.DOC.014050","bWvVSKjgptV89BwHA3h10JNaeV+PHmDU",,0,0,0
"F40F407F66AF42DF8904BEA1605965BF","D01","BART","BART_018","E","mixedForest",44.058479,-71.277608,"WGS84",1.2,315.5,0.4,"2014-07-10","2014-07-24",3,"BET.BART_018.2014.03","BART_018.E.20140724",14,"ok","ok","ok","Y","NEON.DOC.014050","bWvVSKjgptV89BwHA3h10JNaeV+PHmDU",,0,0,0
"BAB4BAC418584B84AD1CBF26C62A02F9","D01","BART","BART_002","N","deciduousForest",44.035261,-71.272857,"WGS84",1.2,550.8,0.4,"2014-07-10","2014-07-24",3,"BET.BART_002.2014.03","BART_002.N.20140724",14,"ok","ok",,"Y","NEON.DOC.014050","FXeeUI9aIn8X0VAR1BEIFKA+Tv3GsCYT",,0,0,0
"595067067C5E4A8CBEE19A8211F0FFDB","D01","BART","BART_002","S","deciduousForest",44.034901,-71.272843,"WGS84",1.2,550.8,0.4,"2014-07-10","2014-07-24",3,"BET.BART_002.2014.03","BART_002.S.20140724",14,"disturbed","disturbed","low","Y","NEON.DOC.014050","FXeeUI9aIn8X0VAR1BEIFKA+Tv3GsCYT","Bear disturbed south trap.  Cover pulled off and bowl empty and torn out.",0,0,0
"928CD9E97C7E4B6FB8FF62B6333F65A0","D01","BART","BART_002","E","deciduousForest",44.035086,-71.272601,"WGS84",1.2,550.8,0.4,"2014-07-10","2014-07-24",3,"BET.BART_002.2014.03","BART_002.E.20140724",14,"ok","ok",,"Y","NEON.DOC.014050","FXeeUI9aIn8X0VAR1BEIFKA+Tv3GsCYT",,0,0,0
"9FBCE7FDB9DA498B8C64EAB0558FBD2A","D01","BART","BART_002","W","deciduousForest",44.035076,-71.273100,"WGS84",1.2,550.8,0.4,"2014-07-24","2014-08-07",4,"BET.BART_002.2014.04","BART_002.W.20140807",14,"ok","ok","ok","Y","NEON.DOC.014050","Sikrq0vhwvQkgp88jX4iHJSBncPL0qND",,0,0,0
"58BEF6F4D29C4CCFB4369AC9215AB5BB","D01","BART","BART_031","W","evergreenForest",44.055528,-71.305344,"WGS84",1.3,414.0,0.4,"2014-07-24","2014-08-07",4,"BET.BART_031.2014.04","BART_031.W.20140807",14,"ok","ok","ok","Y","NEON.DOC.014050","5nSNnSHYvIu2L30FLkRVEImU5PGdjam1",,0,0,0
"653666B92E454452A600A99C4FA3BE95","D01","BART","BART_031","E","evergreenForest",44.055538,-71.304845,"WGS84",1.3,414.0,0.4,"2014-07-24","2014-08-07",4,"BET.BART_031.2014.04","BART_031.E.20140807",14,"ok","ok","ok","Y","NEON.DOC.014050","5nSNnSHYvIu2L30FLkRVEImU5PGdjam1",,0,0,0
"261E2F238F0C41C5809C6980F88CE79D","D01","BART","BART_031","N","evergreenForest",44.055713,-71.305102,"WGS84",1.3,414.0,0.4,"2014-07-24","2014-08-07",4,"BET.BART_031.2014.04","BART_031.N.20140807",14,"ok","ok","ok","Y","NEON.DOC.014050","5nSNnSHYvIu2L30FLkRVEImU5PGdjam1",,0,0,0
"8FE0A7AE883846D3A5BFB886CAF3B284","D01","BART","BART_031","S","evergreenForest",44.055353,-71.305088,"WGS84",1.3,414.0,0.4,"2014-07-24","2014-08-07",4,"BET.BART_031.2014.04","BART_031.S.20140807",14,"ok","ok","ok","Y","NEON.DOC.014050","5nSNnSHYvIu2L30FLkRVEImU5PGdjam1",,0,0,0
"0B90D0B915E94B569257F77CEC005B54","D01","BART","BART_068","S","mixedForest",44.052249,-71.309465,"WGS84",1.3,553.4,0.3,"2014-07-24","2014-08-07",4,"BET.BART_068.2014.04","BART_068.S.20140807",14,"ok","ok","ok","Y","NEON.DOC.014050","5nSNnSHYvIu2L30FLkRVEImU5PGdjam1",,0,0,0
"3B4A2B73B5A04CFE858DE6F2B2CB38B8","D01","BART","BART_068","N","mixedForest",44.052609,-71.309479,"WGS84",1.3,553.4,0.3,"2014-07-24","2014-08-07",4,"BET.BART_068.2014.04","BART_068.N.20140807",14,"ok","ok","ok","Y","NEON.DOC.014050","5nSNnSHYvIu2L30FLkRVEImU5PGdjam1","Cup rim slightly above ground.  ",0,0,0
"BE802C67DEBB449C9D577AF5A6B089DB","D01","BART","BART_068","E","mixedForest",44.052434,-71.309223,"WGS84",1.3,553.4,0.3,"2014-07-24","2014-08-07",4,"BET.BART_068.2014.04","BART_068.E.20140807",14,"ok","ok","ok","Y","NEON.DOC.014050","5nSNnSHYvIu2L30FLkRVEImU5PGdjam1",,0,0,0
"885BAC2485154D1F92279E9C20C7B986","D01","BART","BART_068","W","mixedForest",44.052424,-71.309722,"WGS84",1.3,553.4,0.3,"2014-07-24","2014-08-07",4,"BET.BART_068.2014.04","BART_068.W.20140807",14,"ok","ok","ok","Y","NEON.DOC.014050","5nSNnSHYvIu2L30FLkRVEImU5PGdjam1",,0,0,0
"6912DE12BF7E4D98B8D40D6E9C224050","D01","BART","BART_066","N","mixedForest",44.056944,-71.310409,"WGS84",1.2,502.6,0.2,"2014-07-24","2014-08-07",4,"BET.BART_066.2014.04","BART_066.N.20140807",14,"ok","ok","ok","Y","NEON.DOC.014050","5nSNnSHYvIu2L30FLkRVEImU5PGdjam1",,0,0,0
"0C3A0E9F4151408EAFDC2F868F7CBEF3","D01","BART","BART_066","W","mixedForest",44.056759,-71.310651,"WGS84",1.2,502.6,0.2,"2014-07-24","2014-08-07",4,"BET.BART_066.2014.04","BART_066.W.20140807",14,"ok","ok","ok","Y","NEON.DOC.014050","5nSNnSHYvIu2L30FLkRVEImU5PGdjam1",,0,0,0
"FF7D643D0A0A40C585C3AF903F858785","D01","BART","BART_066","E","mixedForest",44.056769,-71.310152,"WGS84",1.2,502.6,0.2,"2014-07-24","2014-08-07",4,"BET.BART_066.2014.04","BART_066.E.20140807",14,"ok","ok","ok","Y","NEON.DOC.014050","5nSNnSHYvIu2L30FLkRVEImU5PGdjam1",,0,0,0
"81E5CE8327EC49F08B770D51A90F8246","D01","BART","BART_066","S","mixedForest",44.056584,-71.310395,"WGS84",1.2,502.6,0.2,"2014-07-24","2014-08-07",4,"BET.BART_066.2014.04","BART_066.S.20140807",14,"ok","ok","ok","Y","NEON.DOC.014050","5nSNnSHYvIu2L30FLkRVEImU5PGdjam1",,0,0,0
"EAF32BA9926C4E9AA8794A2C5C068802","D01","BART","BART_028","E","evergreenForest",44.054080,-71.306282,"WGS84",1.2,485.7,0.2,"2014-07-24","2014-08-07",4,"BET.BART_028.2014.04","BART_028.E.20140807",14,"ok","ok","ok","Y","NEON.DOC.014050","5nSNnSHYvIu2L30FLkRVEImU5PGdjam1",,0,0,0
"889E85FD6A444AC6BA43B478A636EFE6","D01","BART","BART_028","S","evergreenForest",44.053895,-71.306525,"WGS84",1.2,485.7,0.2,"2014-07-24","2014-08-07",4,"BET.BART_028.2014.04","BART_028.S.20140807",14,"ok","ok","ok","Y","NEON.DOC.014050","5nSNnSHYvIu2L30FLkRVEImU5PGdjam1",,0,0,0
"873F40FBACA9480E8CBD394BBEBD1100","D01","BART","BART_028","W","evergreenForest",44.054070,-71.306781,"WGS84",1.2,485.7,0.2,"2014-07-24","2014-08-07",4,"BET.BART_028.2014.04","BART_028.W.20140807",14,"ok","ok","ok","Y","NEON.DOC.014050","5nSNnSHYvIu2L30FLkRVEImU5PGdjam1",,0,0,0
"0CD77E4A017646E28CF9774F278CAF2B","D01","BART","BART_028","N","evergreenForest",44.054255,-71.306539,"WGS84",1.2,485.7,0.2,"2014-07-24","2014-08-07",4,"BET.BART_028.2014.04","BART_028.N.20140807",14,"ok","ok","ok","Y","NEON.DOC.014050","5nSNnSHYvIu2L30FLkRVEImU5PGdjam1","Cup rim slightly above ground.  ",0,0,0
"A71EA80DACE541ADA24787A489533063","D01","BART","BART_025","N","evergreenForest",44.059566,-71.313149,"WGS84",1.2,542.8,0.3,"2014-07-24","2014-08-07",4,"BET.BART_025.2014.04","BART_025.N.20140807",14,"ok","ok","ok","Y","NEON.DOC.014050","5nSNnSHYvIu2L30FLkRVEImU5PGdjam1",,0,0,0
"71A89BAE4B5345B59A35E2A289E4BB20","D01","BART","BART_025","W","evergreenForest",44.059381,-71.313392,"WGS84",1.2,542.8,0.3,"2014-07-24","2014-08-07",4,"BET.BART_025.2014.04","BART_025.W.20140807",14,"ok","ok","ok","Y","NEON.DOC.014050","5nSNnSHYvIu2L30FLkRVEImU5PGdjam1",,0,0,0
"A547E82F80854D0CB92AB10CDB89350F","D01","BART","BART_025","S","evergreenForest",44.059206,-71.313135,"WGS84",1.2,542.8,0.3,"2014-07-24","2014-08-07",4,"BET.BART_025.2014.04","BART_025.S.20140807",14,"ok","ok","ok","Y","NEON.DOC.014050","5nSNnSHYvIu2L30FLkRVEImU5PGdjam1",,0,0,0
"BD4E5190A22245C290CF29867D698F24","D01","BART","BART_025","E","evergreenForest",44.059391,-71.312893,"WGS84",1.2,542.8,0.3,"2014-07-24","2014-08-07",4,"BET.BART_025.2014.04","BART_025.E.20140807",14,"ok","ok","ok","Y","NEON.DOC.014050","5nSNnSHYvIu2L30FLkRVEImU5PGdjam1",,0,0,0
"1E7A59B4AE684C53856F32C0F3188A77","D01","BART","BART_018","S","mixedForest",44.058294,-71.277850,"WGS84",1.2,315.5,0.4,"2014-07-24","2014-08-07",4,"BET.BART_018.2014.04","BART_018.S.20140807",14,"ok","ok","ok","Y","NEON.DOC.014050","Sikrq0vhwvQkgp88jX4iHJSBncPL0qND",,0,0,0
"2B8DB7E7BF584BF3BA857A805BAF59C8","D01","BART","BART_018","N","mixedForest",44.058654,-71.277864,"WGS84",1.2,315.5,0.4,"2014-07-24","2014-08-07",4,"BET.BART_018.2014.04","BART_018.N.20140807",14,"ok","disturbed","ok","Y","NEON.DOC.014050","Sikrq0vhwvQkgp88jX4iHJSBncPL0qND",,0,0,0
"FAE60F1B880542D9A34D51A6491C1C18","D01","BART","BART_018","E","mixedForest",44.058479,-71.277608,"WGS84",1.2,315.5,0.4,"2014-07-24","2014-08-07",4,"BET.BART_018.2014.04","BART_018.E.20140807",14,"ok","disturbed","high","Y","NEON.DOC.014050","Sikrq0vhwvQkgp88jX4iHJSBncPL0qND",,0,0,0
"31E81DB90336469AA70471A7D9D0934D","D01","BART","BART_018","W","mixedForest",44.058469,-71.278107,"WGS84",1.2,315.5,0.4,"2014-07-24","2014-08-07",4,"BET.BART_018.2014.04",,14,"disturbed","disturbed","low","Y","NEON.DOC.014050","Sikrq0vhwvQkgp88jX4iHJSBncPL0qND",,0,0,0
"775374C1CF9144A380701DCDCDA5BFFC","D01","BART","BART_002","N","deciduousForest",44.035261,-71.272857,"WGS84",1.2,550.8,0.4,"2014-07-24","2014-08-07",4,"BET.BART_002.2014.04","BART_002.N.20140807",14,"ok","ok","ok","Y","NEON.DOC.014050","Sikrq0vhwvQkgp88jX4iHJSBncPL0qND",,0,0,0
"EE84B7B175E74F2A9B2ED490183F9190","D01","BART","BART_002","S","deciduousForest",44.034901,-71.272843,"WGS84",1.2,550.8,0.4,"2014-07-24","2014-08-07",4,"BET.BART_002.2014.04","BART_002.S.20140807",14,"ok","ok","ok","Y","NEON.DOC.014050","Sikrq0vhwvQkgp88jX4iHJSBncPL0qND",,0,0,0
"836A7D9A51694D3F9E53265B3765F5CA","D01","BART","BART_002","E","deciduousForest",44.035086,-71.272601,"WGS84",1.2,550.8,0.4,"2014-07-24","2014-08-07",4,"BET.BART_002.2014.04","BART_002.E.20140807",14,"ok","ok","ok","Y","NEON.DOC.014050","Sikrq0vhwvQkgp88jX4iHJSBncPL0qND",,0,0,0
"CF5D398AEF424B2D9682CF9A10E7397B","D01","BART","BART_002","E","deciduousForest",44.035086,-71.272601,"WGS84",1.2,550.8,0.4,"2014-08-07","2014-08-21",5,"BET.BART_002.2014.05","BART_002.E.20140821",14,"ok","ok","ok","Y","NEON.DOC.014050","IPTKIJlOlynEsXdNtjpcReVD3gBTCRSH",,0,0,0
"2785C4B61E394829A05F66AEC2ADAA20","D01","BART","BART_031","N","evergreenForest",44.055713,-71.305102,"WGS84",1.3,414.0,0.4,"2014-08-07","2014-08-21",5,"BET.BART_031.2014.05","BART_031.N.20140821",14,"ok","ok","ok","Y","NEON.DOC.014050","IPTKIJlOlynEsXdNtjpcReVD3gBTCRSH",,0,0,0
"09E5DB2D6F854F9DB4C37AD1A218AF60","D01","BART","BART_031","W","evergreenForest",44.055528,-71.305344,"WGS84",1.3,414.0,0.4,"2014-08-07","2014-08-21",5,"BET.BART_031.2014.05","BART_031.W.20140821",14,"ok","ok","ok","Y","NEON.DOC.014050","IPTKIJlOlynEsXdNtjpcReVD3gBTCRSH",,0,0,0
"DD9FA5C55FE34B038ED7852E03A7A1EE","D01","BART","BART_031","E","evergreenForest",44.055538,-71.304845,"WGS84",1.3,414.0,0.4,"2014-08-07","2014-08-21",5,"BET.BART_031.2014.05","BART_031.E.20140821",14,"ok","ok","ok","Y","NEON.DOC.014050","IPTKIJlOlynEsXdNtjpcReVD3gBTCRSH",,0,0,0
"45B203BCB54941838DD67A8798024FC4","D01","BART","BART_031","S","evergreenForest",44.055353,-71.305088,"WGS84",1.3,414.0,0.4,"2014-08-07","2014-08-21",5,"BET.BART_031.2014.05","BART_031.S.20140821",14,"missing","ok","ok","Y","NEON.DOC.014050","IPTKIJlOlynEsXdNtjpcReVD3gBTCRSH",,0,0,0
"9CB4E3075EC24FC29D9A1840C1F36A47","D01","BART","BART_068","W","mixedForest",44.052424,-71.309722,"WGS84",1.3,553.4,0.3,"2014-08-07","2014-08-21",5,"BET.BART_068.2014.05","BART_068.W.20140821",14,"ok","ok","ok","Y","NEON.DOC.014050","IPTKIJlOlynEsXdNtjpcReVD3gBTCRSH",,0,0,0
"9E37892F295B40849A8EB0FDB24A298E","D01","BART","BART_068","S","mixedForest",44.052249,-71.309465,"WGS84",1.3,553.4,0.3,"2014-08-07","2014-08-21",5,"BET.BART_068.2014.05","BART_068.S.20140821",14,"ok","ok","ok","Y","NEON.DOC.014050","IPTKIJlOlynEsXdNtjpcReVD3gBTCRSH",,0,0,0
"3DE480B882474C498DF5715AEEFC4112","D01","BART","BART_068","E","mixedForest",44.052434,-71.309223,"WGS84",1.3,553.4,0.3,"2014-08-07","2014-08-21",5,"BET.BART_068.2014.05","BART_068.E.20140821",14,"ok","ok","ok","Y","NEON.DOC.014050","IPTKIJlOlynEsXdNtjpcReVD3gBTCRSH",,0,0,0
"EDAA6C23F2114CC29A72C5BAFD5BA4F0","D01","BART","BART_068","N","mixedForest",44.052609,-71.309479,"WGS84",1.3,553.4,0.3,"2014-08-07","2014-08-21",5,"BET.BART_068.2014.05","BART_068.N.20140821",14,"ok","ok","ok","Y","NEON.DOC.014050","IPTKIJlOlynEsXdNtjpcReVD3gBTCRSH",,0,0,0
"2678847AA356404AA510931641D3CCA6","D01","BART","BART_066","E","mixedForest",44.056769,-71.310152,"WGS84",1.2,502.6,0.2,"2014-08-07","2014-08-21",5,"BET.BART_066.2014.05","BART_066.E.20140821",14,"ok","ok","ok","Y","NEON.DOC.014050","IPTKIJlOlynEsXdNtjpcReVD3gBTCRSH",,0,0,0
"A59A16D626ED432CA527A21F1AAC935D","D01","BART","BART_066","N","mixedForest",44.056944,-71.310409,"WGS84",1.2,502.6,0.2,"2014-08-07","2014-08-21",5,"BET.BART_066.2014.05","BART_066.N.20140821",14,"ok","ok","ok","Y","NEON.DOC.014050","IPTKIJlOlynEsXdNtjpcReVD3gBTCRSH",,0,0,0
"764CABCF2BE64362B2B197397BA8CA57","D01","BART","BART_066","W","mixedForest",44.056759,-71.310651,"WGS84",1.2,502.6,0.2,"2014-08-07","2014-08-21",5,"BET.BART_066.2014.05","BART_066.W.20140821",14,"ok","ok","ok","Y","NEON.DOC.014050","IPTKIJlOlynEsXdNtjpcReVD3gBTCRSH",,0,0,0
"8CDDA82295B14E83AEA311C7428A42F7","D01","BART","BART_066","S","mixedForest",44.056584,-71.310395,"WGS84",1.2,502.6,0.2,"2014-08-07","2014-08-21",5,"BET.BART_066.2014.05","BART_066.S.20140821",14,"ok","ok","ok","Y","NEON.DOC.014050","IPTKIJlOlynEsXdNtjpcReVD3gBTCRSH",,0,0,0
"B4913166C53B4FC6899AADD75B839BC9","D01","BART","BART_028","E","evergreenForest",44.054080,-71.306282,"WGS84",1.2,485.7,0.2,"2014-08-07","2014-08-21",5,"BET.BART_028.2014.05","BART_028.E.20140821",14,"ok","ok","ok","Y","NEON.DOC.014050","IPTKIJlOlynEsXdNtjpcReVD3gBTCRSH",,0,0,0
"23ABB3EAA264441FBEF4F0D42629A040","D01","BART","BART_028","S","evergreenForest",44.053895,-71.306525,"WGS84",1.2,485.7,0.2,"2014-08-07","2014-08-21",5,"BET.BART_028.2014.05","BART_028.S.20140821",14,"ok","ok","ok","Y","NEON.DOC.014050","IPTKIJlOlynEsXdNtjpcReVD3gBTCRSH",,0,0,0
"5F24674EC5114F2791BEBE0FEB45C6F2","D01","BART","BART_028","W","evergreenForest",44.054070,-71.306781,"WGS84",1.2,485.7,0.2,"2014-08-07","2014-08-21",5,"BET.BART_028.2014.05","BART_028.W.20140821",14,"ok","ok","ok","Y","NEON.DOC.014050","IPTKIJlOlynEsXdNtjpcReVD3gBTCRSH",,0,0,0
"9D8238BCC382470BA82E956AF9CD0607","D01","BART","BART_028","N","evergreenForest",44.054255,-71.306539,"WGS84",1.2,485.7,0.2,"2014-08-07","2014-08-21",5,"BET.BART_028.2014.05","BART_028.N.20140821",14,"ok","ok","ok","Y","NEON.DOC.014050","IPTKIJlOlynEsXdNtjpcReVD3gBTCRSH",,0,0,0
"060262E655ED415D8A7263855A3305E9","D01","BART","BART_025","N","evergreenForest",44.059566,-71.313149,"WGS84",1.2,542.8,0.3,"2014-08-07","2014-08-21",5,"BET.BART_025.2014.05","BART_025.N.20140821",14,"ok","ok","high","Y","NEON.DOC.014050","IPTKIJlOlynEsXdNtjpcReVD3gBTCRSH",,0,0,0
"BC87EA8909DC4429AC6B75CD6406817E","D01","BART","BART_025","W","evergreenForest",44.059381,-71.313392,"WGS84",1.2,542.8,0.3,"2014-08-07","2014-08-21",5,"BET.BART_025.2014.05","BART_025.W.20140821",14,"ok","ok","ok","Y","NEON.DOC.014050","IPTKIJlOlynEsXdNtjpcReVD3gBTCRSH",,0,0,0
"2647FC1F27634DD4B666B886F49F3845","D01","BART","BART_025","E","evergreenForest",44.059391,-71.312893,"WGS84",1.2,542.8,0.3,"2014-08-07","2014-08-21",5,"BET.BART_025.2014.05","BART_025.E.20140821",14,"ok","ok","high","Y","NEON.DOC.014050","IPTKIJlOlynEsXdNtjpcReVD3gBTCRSH",,0,0,0
"41F075C90BB649058A39DA2EA503B96C","D01","BART","BART_025","S","evergreenForest",44.059206,-71.313135,"WGS84",1.2,542.8,0.3,"2014-08-07","2014-08-21",5,"BET.BART_025.2014.05","BART_025.S.20140821",14,"ok","ok","high","Y","NEON.DOC.014050","IPTKIJlOlynEsXdNtjpcReVD3gBTCRSH",,0,0,0
"717309BEB9D64DA7B1FBC76218632A43","D01","BART","BART_018","N","mixedForest",44.058654,-71.277864,"WGS84",1.2,315.5,0.4,"2014-08-07","2014-08-21",5,"BET.BART_018.2014.05","BART_018.N.20140821",14,"ok","ok","ok","Y","NEON.DOC.014050","IPTKIJlOlynEsXdNtjpcReVD3gBTCRSH",,0,0,0
"B748A42A751D406993C2D3B665AAE3B5","D01","BART","BART_018","S","mixedForest",44.058294,-71.277850,"WGS84",1.2,315.5,0.4,"2014-08-07","2014-08-21",5,"BET.BART_018.2014.05","BART_018.S.20140821",14,"ok","ok","ok","Y","NEON.DOC.014050","IPTKIJlOlynEsXdNtjpcReVD3gBTCRSH",,0,0,0
"354DAC38D0DD4CCE8584F15DDDDEF412","D01","BART","BART_018","W","mixedForest",44.058469,-71.278107,"WGS84",1.2,315.5,0.4,"2014-08-07","2014-08-21",5,"BET.BART_018.2014.05","BART_018.W.20140821",14,"ok","ok","ok","Y","NEON.DOC.014050","IPTKIJlOlynEsXdNtjpcReVD3gBTCRSH",,0,0,0
"2C8E99DEFE0640E4B454AD1930663ABB","D01","BART","BART_018","E","mixedForest",44.058479,-71.277608,"WGS84",1.2,315.5,0.4,"2014-08-07","2014-08-21",5,"BET.BART_018.2014.05","BART_018.E.20140821",14,"ok","ok","ok","Y","NEON.DOC.014050","IPTKIJlOlynEsXdNtjpcReVD3gBTCRSH",,0,0,0
"691C2FD1362844EB9E9E14CC4A23E3D3","D01","BART","BART_002","S","deciduousForest",44.034901,-71.272843,"WGS84",1.2,550.8,0.4,"2014-08-07","2014-08-21",5,"BET.BART_002.2014.05","BART_002.S.20140821",14,"ok","ok","ok","Y","NEON.DOC.014050","IPTKIJlOlynEsXdNtjpcReVD3gBTCRSH",,0,0,0
"0C0F4D06268C4EE399F96346B6673E77","D01","BART","BART_002","W","deciduousForest",44.035076,-71.273100,"WGS84",1.2,550.8,0.4,"2014-08-07","2014-08-21",5,"BET.BART_002.2014.05","BART_002.W.20140821",14,"ok","ok","ok","Y","NEON.DOC.014050","IPTKIJlOlynEsXdNtjpcReVD3gBTCRSH",,0,0,0
"7456AB172DB64112836CAC7B9CFD9D05","D01","BART","BART_002","N","deciduousForest",44.035261,-71.272857,"WGS84",1.2,550.8,0.4,"2014-08-07","2014-08-21",5,"BET.BART_002.2014.05","BART_002.N.20140821",14,"ok","ok","ok","Y","NEON.DOC.014050","IPTKIJlOlynEsXdNtjpcReVD3gBTCRSH",,0,0,0
"063EAAA020FA4B0B802EB26A3B639CA5","D01","BART","BART_002","E","deciduousForest",44.035086,-71.272601,"WGS84",1.2,550.8,0.4,"2014-08-21","2014-09-04",6,"BET.BART_002.2014.06","BART_002.E.20140904",14,"ok","ok","ok","Y","NEON.DOC.014050","IPTKIJlOlynEsXdNtjpcReVD3gBTCRSH",,0,0,0
"ED24A9218F2841B284A7F979800144F8","D01","BART","BART_031","N","evergreenForest",44.055713,-71.305102,"WGS84",1.3,414.0,0.4,"2014-08-21","2014-09-04",6,"BET.BART_031.2014.06","BART_031.N.20140904",14,"ok","ok","ok","Y","NEON.DOC.014050","IPTKIJlOlynEsXdNtjpcReVD3gBTCRSH",,0,0,0
"A8E0E963136F44D19451F4EEB6DF1A39","D01","BART","BART_031","E","evergreenForest",44.055538,-71.304845,"WGS84",1.3,414.0,0.4,"2014-08-21","2014-09-04",6,"BET.BART_031.2014.06","BART_031.E.20140904",14,"ok","ok","ok","Y","NEON.DOC.014050","IPTKIJlOlynEsXdNtjpcReVD3gBTCRSH",,0,0,0
"F0A96D82FD844BA7B9700B411B5CE12A","D01","BART","BART_031","S","evergreenForest",44.055353,-71.305088,"WGS84",1.3,414.0,0.4,"2014-08-21","2014-09-04",6,"BET.BART_031.2014.06","BART_031.S.20140904",14,"ok","ok","ok","Y","NEON.DOC.014050","IPTKIJlOlynEsXdNtjpcReVD3gBTCRSH",,0,0,0
"38B06BE082224742B41CA5492BBE972A","D01","BART","BART_031","W","evergreenForest",44.055528,-71.305344,"WGS84",1.3,414.0,0.4,"2014-08-21","2014-09-04",6,"BET.BART_031.2014.06","BART_031.W.20140904",14,"ok","ok","ok","Y","NEON.DOC.014050","IPTKIJlOlynEsXdNtjpcReVD3gBTCRSH",,0,0,0
"51655101E35F4745AED4085FDAEE11EF","D01","BART","BART_068","S","mixedForest",44.052249,-71.309465,"WGS84",1.3,553.4,0.3,"2014-08-21","2014-09-04",6,"BET.BART_068.2014.06","BART_068.S.20140904",14,"missing","ok","ok","Y","NEON.DOC.014050","IPTKIJlOlynEsXdNtjpcReVD3gBTCRSH",,0,0,0
"54805B3B8A4B477EA4D86CA05F73082B","D01","BART","BART_068","E","mixedForest",44.052434,-71.309223,"WGS84",1.3,553.4,0.3,"2014-08-21","2014-09-04",6,"BET.BART_068.2014.06","BART_068.E.20140904",14,"ok","ok","ok","Y","NEON.DOC.014050","IPTKIJlOlynEsXdNtjpcReVD3gBTCRSH",,0,0,0
"9EBF8CF8C442447D84A09207E792225E","D01","BART","BART_068","N","mixedForest",44.052609,-71.309479,"WGS84",1.3,553.4,0.3,"2014-08-21","2014-09-04",6,"BET.BART_068.2014.06","BART_068.N.20140904",14,"ok","ok","ok","Y","NEON.DOC.014050","IPTKIJlOlynEsXdNtjpcReVD3gBTCRSH",,0,0,0
"7010F1D44B564C64B18D9DC084D6292E","D01","BART","BART_068","W","mixedForest",44.052424,-71.309722,"WGS84",1.3,553.4,0.3,"2014-08-21","2014-09-04",6,"BET.BART_068.2014.06","BART_068.W.20140904",14,"ok","ok","ok","Y","NEON.DOC.014050","IPTKIJlOlynEsXdNtjpcReVD3gBTCRSH",,0,0,0
"033B4376BC7040BC89729369141B2D0C","D01","BART","BART_066","S","mixedForest",44.056584,-71.310395,"WGS84",1.2,502.6,0.2,"2014-08-21","2014-09-04",6,"BET.BART_066.2014.06","BART_066.S.20140904",14,"ok","ok","ok","Y","NEON.DOC.014050","IPTKIJlOlynEsXdNtjpcReVD3gBTCRSH",,0,0,0
"D2CA0AF6BEA247A6A3DC89F066CA0940","D01","BART","BART_066","W","mixedForest",44.056759,-71.310651,"WGS84",1.2,502.6,0.2,"2014-08-21","2014-09-04",6,"BET.BART_066.2014.06","BART_066.W.20140904",14,"ok","ok","ok","Y","NEON.DOC.014050","IPTKIJlOlynEsXdNtjpcReVD3gBTCRSH",,0,0,0
"A08BE16E1A8D4539BBD9CACE6F900449","D01","BART","BART_066","N","mixedForest",44.056944,-71.310409,"WGS84",1.2,502.6,0.2,"2014-08-21","2014-09-04",6,"BET.BART_066.2014.06","BART_066.N.20140904",14,"ok","ok","ok","Y","NEON.DOC.014050","IPTKIJlOlynEsXdNtjpcReVD3gBTCRSH",,0,0,0
"1CFBDDA7560544508B8F8C1A32F09CFF","D01","BART","BART_066","E","mixedForest",44.056769,-71.310152,"WGS84",1.2,502.6,0.2,"2014-08-21","2014-09-04",6,"BET.BART_066.2014.06","BART_066.E.20140904",14,"ok","ok","ok","Y","NEON.DOC.014050","IPTKIJlOlynEsXdNtjpcReVD3gBTCRSH",,0,0,0
"97F0993D1045475C8AE7C7926AE191D1","D01","BART","BART_028","S","evergreenForest",44.053895,-71.306525,"WGS84",1.2,485.7,0.2,"2014-08-21","2014-09-04",6,"BET.BART_028.2014.06","BART_028.S.20140904",14,"ok","ok","ok","Y","NEON.DOC.014050","IPTKIJlOlynEsXdNtjpcReVD3gBTCRSH",,0,0,0
"D23560C98E504422910D7808AED679DD","D01","BART","BART_028","N","evergreenForest",44.054255,-71.306539,"WGS84",1.2,485.7,0.2,"2014-08-21","2014-09-04",6,"BET.BART_028.2014.06","BART_028.N.20140904",14,"ok","ok","ok","Y","NEON.DOC.014050","IPTKIJlOlynEsXdNtjpcReVD3gBTCRSH",,0,0,0
"9052DE43151E406EA8851EF62529D32D","D01","BART","BART_028","E","evergreenForest",44.054080,-71.306282,"WGS84",1.2,485.7,0.2,"2014-08-21","2014-09-04",6,"BET.BART_028.2014.06","BART_028.E.20140904",14,"ok","ok","ok","Y","NEON.DOC.014050","IPTKIJlOlynEsXdNtjpcReVD3gBTCRSH",,0,0,0
"41055D6A7C5A4CBDB33C1F9B71E00946","D01","BART","BART_028","W","evergreenForest",44.054070,-71.306781,"WGS84",1.2,485.7,0.2,"2014-08-21","2014-09-04",6,"BET.BART_028.2014.06","BART_028.W.20140904",14,"ok","ok","low","Y","NEON.DOC.014050","IPTKIJlOlynEsXdNtjpcReVD3gBTCRSH",,0,0,0
"EF20FDB638B64FB085BD61F2BE629AD6","D01","BART","BART_025","S","evergreenForest",44.059206,-71.313135,"WGS84",1.2,542.8,0.3,"2014-08-21","2014-09-04",6,"BET.BART_025.2014.06","BART_025.S.20140904",14,"ok","ok","ok","Y","NEON.DOC.014050","IPTKIJlOlynEsXdNtjpcReVD3gBTCRSH",,0,0,0
"6C52B158E0684FA5B553704DF0CBB321","D01","BART","BART_025","E","evergreenForest",44.059391,-71.312893,"WGS84",1.2,542.8,0.3,"2014-08-21","2014-09-04",6,"BET.BART_025.2014.06","BART_025.E.20140904",14,"ok","ok","ok","Y","NEON.DOC.014050","IPTKIJlOlynEsXdNtjpcReVD3gBTCRSH",,0,0,0
"A9B5BA77FEB74D02AD3ABC1771D925AD","D01","BART","BART_025","W","evergreenForest",44.059381,-71.313392,"WGS84",1.2,542.8,0.3,"2014-08-21","2014-09-04",6,"BET.BART_025.2014.06","BART_025.W.20140904",14,"ok","ok","ok","Y","NEON.DOC.014050","IPTKIJlOlynEsXdNtjpcReVD3gBTCRSH",,0,0,0
"CF431B772CE0442B9F4EB1D7DBB7F4ED","D01","BART","BART_025","N","evergreenForest",44.059566,-71.313149,"WGS84",1.2,542.8,0.3,"2014-08-21","2014-09-04",6,"BET.BART_025.2014.06","BART_025.N.20140904",14,"ok","ok","high","Y","NEON.DOC.014050","IPTKIJlOlynEsXdNtjpcReVD3gBTCRSH","Trap full to brim, it is possible that some catch may have washed out.",0,0,0
"F83274ADD0C14C8CBD806FD2E835A2F4","D01","BART","BART_018","N","mixedForest",44.058654,-71.277864,"WGS84",1.2,315.5,0.4,"2014-08-21","2014-09-04",6,"BET.BART_018.2014.06","BART_018.N.20140904",14,"ok","ok","ok","Y","NEON.DOC.014050","IPTKIJlOlynEsXdNtjpcReVD3gBTCRSH",,0,0,0
"7C2BE8AF2A464DDC890CCADF6FD283BB","D01","BART","BART_018","S","mixedForest",44.058294,-71.277850,"WGS84",1.2,315.5,0.4,"2014-08-21","2014-09-04",6,"BET.BART_018.2014.06","BART_018.S.20140904",14,"ok","ok","ok","Y","NEON.DOC.014050","IPTKIJlOlynEsXdNtjpcReVD3gBTCRSH",,0,0,0
"4C6F828CD4234E859103D00263585BF7","D01","BART","BART_018","W","mixedForest",44.058469,-71.278107,"WGS84",1.2,315.5,0.4,"2014-08-21","2014-09-04",6,"BET.BART_018.2014.06","BART_018.W.20140904",14,"ok","ok","ok","Y","NEON.DOC.014050","IPTKIJlOlynEsXdNtjpcReVD3gBTCRSH",,0,0,0
"73583C0FD0604B148E5945F00D5B76E5","D01","BART","BART_018","E","mixedForest",44.058479,-71.277608,"WGS84",1.2,315.5,0.4,"2014-08-21","2014-09-04",6,"BET.BART_018.2014.06","BART_018.E.20140904",14,"ok","ok","ok","Y","NEON.DOC.014050","IPTKIJlOlynEsXdNtjpcReVD3gBTCRSH",,0,0,0
"94F9CCDD2BD944A3A18E5899E708F1F6","D01","BART","BART_002","N","deciduousForest",44.035261,-71.272857,"WGS84",1.2,550.8,0.4,"2014-08-21","2014-09-04",6,"BET.BART_002.2014.06","BART_002.N.20140904",14,"ok","ok","ok","Y","NEON.DOC.014050","IPTKIJlOlynEsXdNtjpcReVD3gBTCRSH",,0,0,0
"E2542E439E554FEFA0B058C6A16C3345","D01","BART","BART_002","S","deciduousForest",44.034901,-71.272843,"WGS84",1.2,550.8,0.4,"2014-08-21","2014-09-04",6,"BET.BART_002.2014.06","BART_002.S.20140904",14,"ok","ok","ok","Y","NEON.DOC.014050","IPTKIJlOlynEsXdNtjpcReVD3gBTCRSH",,0,0,0
"BCF23C57A246430F92EDCB6C70840836","D01","BART","BART_002","W","deciduousForest",44.035076,-71.273100,"WGS84",1.2,550.8,0.4,"2014-08-21","2014-09-04",6,"BET.BART_002.2014.06","BART_002.W.20140904",14,"ok","ok","ok","Y","NEON.DOC.014050","IPTKIJlOlynEsXdNtjpcReVD3gBTCRSH",,0,0,0
"62500F20D9D84C07A9868B97B830932D","D01","BART","BART_002","W","deciduousForest",44.035076,-71.273100,"WGS84",1.2,550.8,0.4,"2014-09-04","2014-09-18",7,"BET.BART_002.2014.07","BART_002.W.20140918",14,"ok","ok","ok","N","NEON.DOC.014050","bWvVSKjgptV89BwHA3h10JNaeV+PHmDU",,0,0,0
"DCB73B7CA75E4E21A4222ADAF70A2EBB","D01","BART","BART_002","N","deciduousForest",44.035261,-71.272857,"WGS84",1.2,550.8,0.4,"2014-09-04","2014-09-18",7,"BET.BART_002.2014.07","BART_002.N.20140918",14,"ok","ok","ok","N","NEON.DOC.014050","bWvVSKjgptV89BwHA3h10JNaeV+PHmDU",,0,0,0
"BFC42175C37C424BBFD1D1B9FFD6CAD4","D01","BART","BART_002","E","deciduousForest",44.035086,-71.272601,"WGS84",1.2,550.8,0.4,"2014-09-04","2014-09-18",7,"BET.BART_002.2014.07","BART_002.E.20140918",14,"ok","ok","ok","N","NEON.DOC.014050","bWvVSKjgptV89BwHA3h10JNaeV+PHmDU",,0,0,0
"6206426517C74ED18A5F56EA33C17374","D01","BART","BART_002","S","deciduousForest",44.034901,-71.272843,"WGS84",1.2,550.8,0.4,"2014-09-04","2014-09-18",7,"BET.BART_002.2014.07","BART_002.S.20140918",14,"ok","ok","ok","N","NEON.DOC.014050","bWvVSKjgptV89BwHA3h10JNaeV+PHmDU",,0,0,0
"01D790E07798497F9F576F9C442687B8","D01","BART","BART_018","S","mixedForest",44.058294,-71.277850,"WGS84",1.2,315.5,0.4,"2014-09-04","2014-09-18",7,"BET.BART_018.2014.07","BART_018.S.20140918",14,"ok","ok","ok","N","NEON.DOC.014050","bWvVSKjgptV89BwHA3h10JNaeV+PHmDU",,0,0,0
"02FD9AF11E1A4988913ECDE29672CF28","D01","BART","BART_018","E","mixedForest",44.058479,-71.277608,"WGS84",1.2,315.5,0.4,"2014-09-04","2014-09-18",7,"BET.BART_018.2014.07","BART_018.E.20140918",14,"ok","ok","ok","N","NEON.DOC.014050","bWvVSKjgptV89BwHA3h10JNaeV+PHmDU",,0,0,0
"2AFA8D40AA004CD989814C3DE7425222","D01","BART","BART_018","W","mixedForest",44.058469,-71.278107,"WGS84",1.2,315.5,0.4,"2014-09-04","2014-09-18",7,"BET.BART_018.2014.07","BART_018.W.20140918",14,"ok","ok","ok","N","NEON.DOC.014050","bWvVSKjgptV89BwHA3h10JNaeV+PHmDU",,0,0,0
"A6738DF183EC459B8C4FDFDDDD2036CB","D01","BART","BART_018","N","mixedForest",44.058654,-71.277864,"WGS84",1.2,315.5,0.4,"2014-09-04","2014-09-18",7,"BET.BART_018.2014.07","BART_018.N.20140918",14,"ok","ok","ok","N","NEON.DOC.014050","bWvVSKjgptV89BwHA3h10JNaeV+PHmDU","Some confusion on the datasheet.  Note said that there North trap was empty however it was also recorded as having a sample collected.  There may not be a sample available for this trap.  ",0,0,0
"1B48D2C6C3BF4DF2B9B052A19657D7C0","D01","BART","BART_025","W","evergreenForest",44.059381,-71.313392,"WGS84",1.2,542.8,0.3,"2014-09-04","2014-09-18",7,"BET.BART_025.2014.07","BART_025.W.20140918",14,"ok","ok","high","N","NEON.DOC.014050","bWvVSKjgptV89BwHA3h10JNaeV+PHmDU",,0,0,0
"827A5FDB4B2A4ADEB29BF960CC7F6D9B","D01","BART","BART_025","E","evergreenForest",44.059391,-71.312893,"WGS84",1.2,542.8,0.3,"2014-09-04","2014-09-18",7,"BET.BART_025.2014.07","BART_025.E.20140918",14,"ok","ok","ok","N","NEON.DOC.014050","bWvVSKjgptV89BwHA3h10JNaeV+PHmDU",,0,0,0
"F14A0851A8304170B2F4EA302A182C2B","D01","BART","BART_025","N","evergreenForest",44.059566,-71.313149,"WGS84",1.2,542.8,0.3,"2014-09-04","2014-09-18",7,"BET.BART_025.2014.07","BART_025.N.20140918",14,"ok","ok","ok","N","NEON.DOC.014050","bWvVSKjgptV89BwHA3h10JNaeV+PHmDU",,0,0,0
"E0B602CB7DDE460C83AB422C65725484","D01","BART","BART_025","S","evergreenForest",44.059206,-71.313135,"WGS84",1.2,542.8,0.3,"2014-09-04","2014-09-18",7,"BET.BART_025.2014.07","BART_025.S.20140918",14,"ok","ok","ok","N","NEON.DOC.014050","bWvVSKjgptV89BwHA3h10JNaeV+PHmDU",,0,0,0
"14D9628F711E4C36930DD2814B9D7EB1","D01","BART","BART_028","S","evergreenForest",44.053895,-71.306525,"WGS84",1.2,485.7,0.2,"2014-09-04","2014-09-18",7,"BET.BART_028.2014.07","BART_028.S.20140918",14,"ok","ok","ok","N","NEON.DOC.014050","bWvVSKjgptV89BwHA3h10JNaeV+PHmDU",,0,0,0
"F93E7A0EC84349458B1FC4378515B1EB","D01","BART","BART_028","N","evergreenForest",44.054255,-71.306539,"WGS84",1.2,485.7,0.2,"2014-09-04","2014-09-18",7,"BET.BART_028.2014.07","BART_028.N.20140918",14,"ok","ok","ok","N","NEON.DOC.014050","bWvVSKjgptV89BwHA3h10JNaeV+PHmDU",,0,0,0
"5B7AA3F055D3462BA9F10C3ACF271C41","D01","BART","BART_028","W","evergreenForest",44.054070,-71.306781,"WGS84",1.2,485.7,0.2,"2014-09-04","2014-09-18",7,"BET.BART_028.2014.07","BART_028.W.20140918",14,"ok","ok","ok","N","NEON.DOC.014050","bWvVSKjgptV89BwHA3h10JNaeV+PHmDU",,0,0,0
"D380D5402B794A408588A3447328E551","D01","BART","BART_028","E","evergreenForest",44.054080,-71.306282,"WGS84",1.2,485.7,0.2,"2014-09-04","2014-09-18",7,"BET.BART_028.2014.07","BART_028.E.20140918",14,"ok","ok","ok","N","NEON.DOC.014050","bWvVSKjgptV89BwHA3h10JNaeV+PHmDU",,0,0,0
"9740D539C0CE4322AB62A48E8F3A8F97","D01","BART","BART_066","W","mixedForest",44.056759,-71.310651,"WGS84",1.2,502.6,0.2,"2014-09-04","2014-09-18",7,"BET.BART_066.2014.07","BART_066.W.20140918",14,"ok","ok","ok","N","NEON.DOC.014050","bWvVSKjgptV89BwHA3h10JNaeV+PHmDU",,0,0,0
"020CA87AEA2D41CDACD04DB7300940CF","D01","BART","BART_066","E","mixedForest",44.056769,-71.310152,"WGS84",1.2,502.6,0.2,"2014-09-04","2014-09-18",7,"BET.BART_066.2014.07","BART_066.E.20140918",14,"ok","ok","ok","N","NEON.DOC.014050","bWvVSKjgptV89BwHA3h10JNaeV+PHmDU",,0,0,0
"88E2697D9518489D8294D3B1B4B45306","D01","BART","BART_066","S","mixedForest",44.056584,-71.310395,"WGS84",1.2,502.6,0.2,"2014-09-04","2014-09-18",7,"BET.BART_066.2014.07","BART_066.S.20140918",14,"ok","ok","ok","N","NEON.DOC.014050","bWvVSKjgptV89BwHA3h10JNaeV+PHmDU",,0,0,0
"217AF408085D48DFA8669EF51F12117F","D01","BART","BART_066","N","mixedForest",44.056944,-71.310409,"WGS84",1.2,502.6,0.2,"2014-09-04","2014-09-18",7,"BET.BART_066.2014.07","BART_066.N.20140918",14,"ok","ok","ok","N","NEON.DOC.014050","bWvVSKjgptV89BwHA3h10JNaeV+PHmDU",,0,0,0
"7F953E9186814D24A527160C7ACC4772","D01","BART","BART_068","S","mixedForest",44.052249,-71.309465,"WGS84",1.3,553.4,0.3,"2014-09-04","2014-09-18",7,"BET.BART_068.2014.07","BART_068.S.20140918",14,"ok","ok","ok","N","NEON.DOC.014050","bWvVSKjgptV89BwHA3h10JNaeV+PHmDU",,0,0,0
"1C6F6EFCCE094152980300162D6DBF4B","D01","BART","BART_068","E","mixedForest",44.052434,-71.309223,"WGS84",1.3,553.4,0.3,"2014-09-04","2014-09-18",7,"BET.BART_068.2014.07","BART_068.E.20140918",14,"ok","ok","ok","N","NEON.DOC.014050","bWvVSKjgptV89BwHA3h10JNaeV+PHmDU",,0,0,0
"2645DADC52CF4E3AA5DF8E0D8EEFEE4E","D01","BART","BART_068","N","mixedForest",44.052609,-71.309479,"WGS84",1.3,553.4,0.3,"2014-09-04","2014-09-18",7,"BET.BART_068.2014.07","BART_068.N.20140918",14,"ok","ok","ok","N","NEON.DOC.014050","bWvVSKjgptV89BwHA3h10JNaeV+PHmDU",,0,0,0
"C1D97960E20942419524313972D7C1C6","D01","BART","BART_068","W","mixedForest",44.052424,-71.309722,"WGS84",1.3,553.4,0.3,"2014-09-04","2014-09-18",7,"BET.BART_068.2014.07","BART_068.W.20140918",14,"ok","ok","ok","N","NEON.DOC.014050","bWvVSKjgptV89BwHA3h10JNaeV+PHmDU",,0,0,0
"43262F329B6D43ABBF0FC896069E29AC","D01","BART","BART_031","E","evergreenForest",44.055538,-71.304845,"WGS84",1.3,414.0,0.4,"2014-09-04","2014-09-18",7,"BET.BART_031.2014.07","BART_031.E.20140918",14,"ok","ok","ok","N","NEON.DOC.014050","bWvVSKjgptV89BwHA3h10JNaeV+PHmDU",,0,0,0
"5079D3AB16D542AD83E82DD47F3ECB35","D01","BART","BART_031","N","evergreenForest",44.055713,-71.305102,"WGS84",1.3,414.0,0.4,"2014-09-04","2014-09-18",7,"BET.BART_031.2014.07","BART_031.N.20140918",14,"ok","ok","low","N","NEON.DOC.014050","bWvVSKjgptV89BwHA3h10JNaeV+PHmDU",,0,0,0
"6286266C44DD4DD086135C0538CD55E8","D01","BART","BART_031","S","evergreenForest",44.055353,-71.305088,"WGS84",1.3,414.0,0.4,"2014-09-04","2014-09-18",7,"BET.BART_031.2014.07","BART_031.S.20140918",14,"ok","ok","ok","N","NEON.DOC.014050","bWvVSKjgptV89BwHA3h10JNaeV+PHmDU",,0,0,0
"A0B917032D604137BD73E6A34CA79BA5","D01","BART","BART_031","W","evergreenForest",44.055528,-71.305344,"WGS84",1.3,414.0,0.4,"2014-09-04","2014-09-18",7,"BET.BART_031.2014.07","BART_031.W.20140918",14,"ok","ok","ok","N","NEON.DOC.014050","bWvVSKjgptV89BwHA3h10JNaeV+PHmDU",,0,0,0
